asset,month,operation_count,total_value_brl,average_value_brl
AAVE,2020-08-01,1,59638.94,59638.94
AAVE,2021-01-01,32,296891.7700000001,9277.867812500002
AAVE,2021-02-01,129,974326.6900000001,7552.92007751938
AAVE,2021-03-01,103,64072.38999999999,622.0620388349514
AAVE,2021-04-01,2859,2948464.5100000016,1031.2922385449463
AAVE,2021-05-01,59256,61860554.280000135,1043.954270959905
AAVE,2021-06-01,25401,18010101.160000112,709.0311861737771
AAVE,2021-07-01,26930,20536073.530000016,762.5723553657637
AAVE,2021-08-01,28661,22763849.690000176,794.2447817591911
AAVE,2021-09-01,20999,16247672.880000006,773.7355531215775
AAVE,2021-10-01,23243,20454895.560000103,880.0454141031753
AAVE,2021-11-01,20521,13956242.730000073,680.0956449490801
AAVE,2021-12-01,14111,9001406.05000005,637.8999397633087
AAVE,2022-01-01,10788,7027490.850000032,651.417394327033
AAVE,2022-02-01,5828,3025437.629999993,519.1210758407675
AAVE,2022-03-01,10743,7271146.680000009,676.8264618821567
AAVE,2022-04-01,9442,7126368.919999994,754.7520567676333
AAVE,2022-05-01,9636,35073104.589999996,3639.799147986716
AAVE,2022-06-01,9318,5628916.790000031,604.090662159265
AAVE,2022-07-01,10091,5621278.939999994,557.0586601922499
AAVE,2022-08-01,7852,3920630.7999999956,499.31619969434485
AAVE,2022-09-01,5129,2930971.5600000024,571.4508793137069
AAVE,2022-10-01,4653,1962271.2699999998,421.72174296153014
AAVE,2022-11-01,12685,2640025.3899999927,208.12182814347597
AAVE,2022-12-01,28229,1514105.7199999988,53.63653406071766
AAVE,2023-01-01,50329,4705243.1999999955,93.4897017624033
AAVE,2023-02-01,33996,4716632.799999991,138.74081656665464
AAVE,2023-03-01,22591,3122750.2199999974,138.22983577530863
AAVE,2023-04-01,20279,2247310.0000000005,110.81956703979489
AAVE,2023-05-01,14249,1324898.939999972,92.98188925538437
AAVE,2023-06-01,20202,3436567.4800000214,170.11026037026144
AAVE,2023-07-01,27737,5062978.919999978,182.53520279770623
AAVE,2023-08-01,20278,3891275.4499999695,191.89641236808214
AAVE,2023-09-01,32940,3616155.3899999647,109.78006648451624
AAVE,2023-10-01,104105,13080126.430000344,125.64359473608707
AAVE,2023-11-01,109538,20714725.7800004,189.10995070204314
AAVE,2023-12-01,48966,10883209.099999977,222.26052975533997
AAVE,2024-01-01,15160,8072867.549999992,532.5110521108174
AAVE,2024-02-01,57179,25729576.630000927,449.98297679219513
AAVE,2024-03-01,112733,53579101.7400007,475.27433617486184
AAVE,2024-04-01,65550,27686061.530000143,422.36554584287023
AAVE,2024-05-01,49196,21455935.14000002,436.1317005447601
AAVE,2024-06-01,49152,24149328.42000017,491.3193444824253
AAVE,2024-07-01,89317,41086497.88000074,460.0075895966136
AAVE,2024-08-01,144288,78937132.53000115,547.0803707169075
AAVE,2024-09-01,151195,82400200.33000153,544.9928921591423
AAVE,2024-10-01,108545,66790200.80000084,615.3226846008645
AAVE,2024-11-01,283020,241098078.65000135,851.8764703907899
AAVE,2024-12-01,503434,508578345.37999785,1010.2185100330885
AAVE,2025-01-01,299787,329048533.6200022,1097.6077469003067
AAVE,2025-02-01,154325,154961631.7600014,1004.1252665478788
AAVE,2025-03-01,199352,197018995.96000412,988.2970622818137
AAVE,2025-04-01,120123,76058046.05999868,633.1680532454125
AAVE,2025-05-01,185307,198706200.08000183,1072.3081161532043
AAVE,2025-06-01,133616,142118307.5700017,1063.6324060741356
AAVE,2025-07-01,153301,169933685.73000094,1108.4969160670898
AAVE,2025-08-01,126489,139227857.04000047,1100.7111846880002
AAVE,2025-09-01,97033,94960339.77000113,978.6396356909621
AAVE,2025-10-01,100628,98911031.48000064,982.9374675040808
AAVE,2025-11-01,88978,69104894.32000099,776.6514680033378
AAVE,2025-12-01,60270,24891735.570000123,413.0037426580409
AAVE,2026-01-01,74962,39902925.77000037,532.3087133481013
AAVE,2026-02-01,67474,29598932.000000414,438.6716661232536
AAVE,2026-03-01,66743,29810821.050000604,446.6509004689721
AAVE,2026-04-01,67010,42985421.83000047,641.4777172063941
AAVE,2026-05-01,56413,24825813.86000037,440.07256944321995
AAVE,2026-06-01,67531,40077696.78000122,593.4710989027443
ADA,2019-08-01,1089,268153.02,246.23785123966942
ADA,2019-09-01,1005,352891.50999999995,351.13583084577107
ADA,2019-10-01,1231,449362.8499999997,365.0388708367179
ADA,2019-11-01,1583,544227.4899999998,343.79500315855955
ADA,2019-12-01,685,153358.65000000008,223.88124087591254
ADA,2020-01-01,2448,670268.85,273.80263480392153
ADA,2020-02-01,2103,843999.5499999978,401.33121730860574
ADA,2020-03-01,1375,666906.4600000005,485.0228800000004
ADA,2020-04-01,1960,1190848.1400000008,607.5755816326534
ADA,2020-05-01,4501,3383610.199999998,751.7463230393241
ADA,2020-06-01,6100,6373308.800000012,1044.8047213114774
ADA,2020-07-01,10762,9880544.619999971,918.0955788886797
ADA,2020-08-01,8288,7015136.190000011,846.4208723455612
ADA,2020-09-01,3747,3108455.15999999,829.5850440352255
ADA,2020-10-01,3067,1955869.4899999932,637.7142125855863
ADA,2020-11-01,6904,6005406.740000006,869.8445451911944
ADA,2020-12-01,6866,5074100.619999991,739.0184415962701
ADA,2021-01-01,30935,28837820.870000064,932.206913528368
ADA,2021-02-01,107400,159879093.57000265,1488.632156145276
ADA,2021-03-01,80950,112510591.61000198,1389.877598641161
ADA,2021-04-01,107704,94514753.78999966,877.5417235200147
ADA,2021-05-01,231785,256087532.09000427,1104.8494600168444
ADA,2021-06-01,80383,77343500.54000004,962.1872851224766
ADA,2021-07-01,40743,34853018.249999866,855.4357374272848
ADA,2021-08-01,285751,241112445.90000468,843.7851342602639
ADA,2021-09-01,230640,182639770.3000007,791.8824588102701
ADA,2021-10-01,273012,211031510.78999534,772.9752201001983
ADA,2021-11-01,254719,203739251.79999915,799.8588711482031
ADA,2021-12-01,135481,81440273.53000003,601.1195188255182
ADA,2022-01-01,115013,73843205.31999943,642.0422501804094
ADA,2022-02-01,71475,60529968.60000023,846.8690954879361
ADA,2022-03-01,74293,32238440.50000016,433.9364475791819
ADA,2022-04-01,57326,19543403.010000117,340.91691396574186
ADA,2022-05-01,79823,44889210.0699998,562.3593459278629
ADA,2022-06-01,74792,34818328.84000041,465.53546956894337
ADA,2022-07-01,52659,20859299.610000078,396.1203139064562
ADA,2022-08-01,51880,14646770.550000237,282.32017251349725
ADA,2022-09-01,58404,13212047.329999963,226.21819276076917
ADA,2022-10-01,47156,13259336.600000024,281.1802655017394
ADA,2022-11-01,59103,22049303.149999864,373.0657183222487
ADA,2022-12-01,29922,11953908.840000035,399.5023340685795
ADA,2023-01-01,54358,14159664.05000005,260.48905496891075
ADA,2023-02-01,52602,19418334.08000005,369.15581308695585
ADA,2023-03-01,65724,18080991.699999988,275.10485819487536
ADA,2023-04-01,38543,14485984.770000001,375.8395757984589
ADA,2023-05-01,41510,10254778.610000052,247.04357046494945
ADA,2023-06-01,50711,15740427.06000008,310.39472816548835
ADA,2023-07-01,38309,10723409.900000015,279.9188154219639
ADA,2023-08-01,30737,6901191.66,224.52391775384717
ADA,2023-09-01,19472,5234721.969999988,268.8332975554636
ADA,2023-10-01,26392,8933946.349999996,338.5096373901181
ADA,2023-11-01,77792,19896999.780000072,255.7717988996307
ADA,2023-12-01,148315,51811941.71000046,349.3371655597914
ADA,2024-01-01,110770,28946392.43000037,261.31978360567274
ADA,2024-02-01,105254,37210893.41999996,353.53424496931194
ADA,2024-03-01,143034,67188043.6100002,469.7347736202595
ADA,2024-04-01,100583,35943126.70000027,357.3479285764023
ADA,2024-05-01,81801,25502949.570000112,311.76818828620816
ADA,2024-06-01,71504,25467024.77000029,356.16223945513946
ADA,2024-07-01,84335,39805013.6300003,471.98688124740977
ADA,2024-08-01,81748,94115649.45000005,1151.2899330870487
ADA,2024-09-01,69179,20759872.229999937,300.0892211509264
ADA,2024-10-01,76401,24039445.92000005,314.6483150744107
ADA,2024-11-01,301269,226975013.54000056,753.3965112241902
ADA,2024-12-01,274406,169982067.49999884,619.4546310940681
ADA,2025-01-01,192374,102650491.77000092,533.5985724162357
ADA,2025-02-01,101479,63764685.75000087,628.3535091004136
ADA,2025-03-01,203927,103426860.11999758,507.1759017687583
ADA,2025-04-01,190766,60422208.91000141,316.73468495434935
ADA,2025-05-01,142946,63002067.56000059,440.74033243323066
ADA,2025-06-01,75652,36560474.73999986,483.2717540844903
ADA,2025-07-01,131306,89977678.25000162,685.2518411192301
ADA,2025-08-01,132841,119415071.71000172,898.9323455108116
ADA,2025-09-01,99604,55556694.180000424,557.7757337054779
ADA,2025-10-01,97465,68770361.27000068,705.5903275021873
ADA,2025-11-01,83878,44421294.140000336,529.5941026252455
ADA,2025-12-01,64422,50966698.24000052,791.138093197984
ADA,2026-01-01,80181,51230744.43000062,638.9387065514351
ADA,2026-02-01,59717,22982760.99000004,384.8612788653154
ADA,2026-03-01,55409,19193785.580000367,346.4019487808906
ADA,2026-04-01,53439,13425499.68999985,251.23036901887855
ADA,2026-05-01,59183,13649268.450000018,230.6281947518716
ADA,2026-06-01,72805,20081796.230000515,275.82990495159004
BCH,2019-08-01,57610,27731957.14000032,481.3740173581031
BCH,2019-09-01,45577,17916807.190000076,393.110717905963
BCH,2019-10-01,43785,21539850.990000125,491.9458944844153
BCH,2019-11-01,40279,19261112.619999796,478.1924233471485
BCH,2019-12-01,21021,7395494.3000000985,351.8145806574425
BCH,2020-01-01,81230,56837869.829998605,699.7152508925102
BCH,2020-02-01,75931,64964706.69000013,855.5755447709122
BCH,2020-03-01,63706,55936739.60000085,878.0450758170479
BCH,2020-04-01,48649,43473179.839999944,893.6089095356522
BCH,2020-05-01,42236,37548951.31000023,889.0271642674551
BCH,2020-06-01,19054,12904153.339999998,677.2411745565234
BCH,2020-07-01,29284,32856428.649999972,1121.9925095615345
BCH,2020-08-01,44894,37626616.47000009,838.1212738896086
BCH,2020-09-01,27986,15988606.839999977,571.3073265204023
BCH,2020-10-01,23931,15965016.469999978,667.1270097363243
BCH,2020-11-01,60979,55994613.930000275,918.2606131619127
BCH,2020-12-01,67877,55976510.90000023,824.6756765914851
BCH,2021-01-01,157763,145803503.14999545,924.1932718698012
BCH,2021-02-01,177554,201622291.06999496,1135.5547668314707
BCH,2021-03-01,106123,100354632.60999815,945.6445125938595
BCH,2021-04-01,229227,286483685.90999466,1249.781596016153
BCH,2021-05-01,235273,359317427.119981,1527.2361347030087
BCH,2021-06-01,46635,37538809.75999981,804.9492818698362
BCH,2021-07-01,34212,24465903.140000146,715.126363264356
BCH,2021-08-01,58810,42183286.54999973,717.2808459445627
BCH,2021-09-01,48134,33342211.520000055,692.6956313624477
BCH,2021-10-01,56549,37984720.92999979,671.7133977612299
BCH,2021-11-01,46421,32202890.53000006,693.7138478274932
BCH,2021-12-01,23337,13286944.310000146,569.3510009855656
BCH,2022-01-01,16741,9081970.380000072,542.4986786930334
BCH,2022-02-01,15347,7525020.600000067,490.32518407506785
BCH,2022-03-01,18531,8626637.530000055,465.5246629971429
BCH,2022-04-01,15136,7934351.110000035,524.2039581131102
BCH,2022-05-01,19593,89489422.11999942,4567.418063594111
BCH,2022-06-01,17713,5281372.46000004,298.1636346186439
BCH,2022-07-01,18060,6558225.310000074,363.1353992248103
BCH,2022-08-01,16363,6565608.180000034,401.24721505836544
BCH,2022-09-01,11546,4715958.930000013,408.44958686991276
BCH,2022-10-01,7628,2896027.9,379.65756423702146
BCH,2022-11-01,17113,5159405.350000024,301.49040787705394
BCH,2022-12-01,28206,1570826.039999998,55.69120187194207
BCH,2023-01-01,51271,5202300.140000015,101.46671880790339
BCH,2023-02-01,43197,3554750.1899999995,82.29159872213347
BCH,2023-03-01,40226,5191101.220000011,129.04840700044775
BCH,2023-04-01,31017,2562618.459999999,82.6198039784634
BCH,2023-05-01,30268,2986699.339999959,98.67514668957179
BCH,2023-06-01,73562,20005168.099999096,271.94975802723
BCH,2023-07-01,70300,17704973.910000082,251.84884651493715
BCH,2023-08-01,45713,7222671.280000263,158.0003780106373
BCH,2023-09-01,61123,7123705.300000236,116.54704939221303
BCH,2023-10-01,178115,15884202.180000354,89.17947494596386
BCH,2023-11-01,138504,12654153.819999976,91.36309290706389
BCH,2023-12-01,75552,11869974.3600002,157.10999523507255
BCH,2024-01-01,23616,9253066.940000022,391.8134713753397
BCH,2024-02-01,94672,19574389.48000202,206.76007140444926
BCH,2024-03-01,267209,131754635.08000258,493.0770860263037
BCH,2024-04-01,204229,128716608.14000122,630.256271832116
BCH,2024-05-01,112212,42851973.70000118,381.8840560724448
BCH,2024-06-01,88311,28555917.150001027,323.35628800490343
BCH,2024-07-01,124040,42380828.480000876,341.670658497266
BCH,2024-08-01,104364,31968498.190000735,306.3172951400937
BCH,2024-09-01,85017,24429926.29999998,287.35342696166623
BCH,2024-10-01,116684,38230454.570000656,327.6409325186029
BCH,2024-11-01,280862,171012238.97000223,608.8835049597391
BCH,2024-12-01,283202,171399309.42000458,605.2192760644507
BCH,2025-01-01,151669,68955461.62000069,454.6444007674653
BCH,2025-02-01,81946,34978745.360000364,426.8511624728524
BCH,2025-03-01,148890,84663505.0800021,568.631238363907
BCH,2025-04-01,105862,59806430.33000046,564.947104060007
BCH,2025-05-01,117294,73715492.8300021,628.4677206847929
BCH,2025-06-01,95641,42921703.19000171,448.77932257088185
BCH,2025-07-01,110957,59549484.3800013,536.6897481006273
BCH,2025-08-01,83365,43543258.36000102,522.3206184849879
BCH,2025-09-01,69407,39760705.75000066,572.8630505568698
BCH,2025-10-01,60769,42468759.62000059,698.8556602873273
BCH,2025-11-01,63895,41939284.16000036,656.3781854605269
BCH,2025-12-01,62410,21705826.48000003,347.79404710783575
BCH,2026-01-01,79663,31751513.75000066,398.57291025947626
BCH,2026-02-01,65982,27466785.27000042,416.2769432572583
BCH,2026-03-01,59854,15827187.750000574,264.4299086109629
BCH,2026-04-01,37878,9619493.479999945,253.9599102381315
BCH,2026-05-01,46681,17606587.490000185,377.1681731325418
BCH,2026-06-01,53329,31318727.86000093,587.2738633764168
BNB,2019-08-01,1,100.21,100.21
BNB,2019-09-01,18,8131.09,451.7272222222222
BNB,2019-10-01,10,5161.74,516.174
BNB,2019-11-01,26,64010.73999999999,2461.951538461538
BNB,2019-12-01,188,1648.06,8.76627659574468
BNB,2020-01-01,1976,326976.83999999997,165.47410931174088
BNB,2020-02-01,3990,1497228.0099999993,375.2451152882204
BNB,2020-03-01,1139,622838.6299999999,546.829350307287
BNB,2020-04-01,1210,871098.1699999992,719.9158429752059
BNB,2020-05-01,1467,829162.1099999994,565.2093456032716
BNB,2020-06-01,699,323603.14,462.95155937052937
BNB,2020-07-01,1513,686854.1599999984,453.9683807005938
BNB,2020-08-01,2496,1433026.8199999959,574.1293349358958
BNB,2020-09-01,2713,2263305.399999997,834.244526354588
BNB,2020-10-01,4755,1312853.3499999787,276.09954784436985
BNB,2020-11-01,3096,1118140.8400000052,361.15660206718513
BNB,2020-12-01,2227,1087823.9300000002,488.4705568028739
BNB,2021-01-01,5694,2660675.6099999994,467.2770653319282
BNB,2021-02-01,54577,83884422.21000017,1536.9921800392137
BNB,2021-03-01,26039,44794693.67999978,1720.2923952532656
BNB,2021-04-01,49410,79804877.29999988,1615.1563914187386
BNB,2021-05-01,31642,42747814.39999993,1350.983325959166
BNB,2021-06-01,16758,16668340.819999991,994.6497684687905
BNB,2021-07-01,18853,10345216.230000006,548.7305060202624
BNB,2021-08-01,20126,16992841.209999982,844.3228266918405
BNB,2021-09-01,18878,156810999.68,8306.547286788855
BNB,2021-10-01,31340,20266777.729999997,646.6744649010848
BNB,2021-11-01,37800,26807162.609999992,709.1841960317458
BNB,2021-12-01,26497,18463581.35999998,696.8178042797291
BNB,2022-01-01,20318,14297808.42999999,703.7015665911995
BNB,2022-02-01,22637,10276278.839999992,453.9593956796392
BNB,2022-03-01,23853,8709107.45,365.1158114283318
BNB,2022-04-01,21739,9894342.140000025,455.1424692948169
BNB,2022-05-01,28046,9070017.91000003,323.39791449761213
BNB,2022-06-01,36952,13078930.319999773,353.943773544051
BNB,2022-07-01,34915,10308498.439999912,295.2455517685783
BNB,2022-08-01,34887,7831127.780000005,224.4712293977701
BNB,2022-09-01,43911,6885505.130000006,156.8059285828154
BNB,2022-10-01,66084,6600482.880000007,99.88019611403679
BNB,2022-11-01,16705,11773463.790000007,704.7868177192461
BNB,2022-12-01,11193,6223374.910000004,556.0059778432952
BNB,2023-01-01,11736,6934518.649999995,590.8758222563049
BNB,2023-02-01,16503,6470846.689999999,392.10123553293334
BNB,2023-03-01,14437,5363658.770000012,371.52169910646336
BNB,2023-04-01,15302,4417856.760000001,288.71106783427007
BNB,2023-05-01,11118,5529152.249999999,497.31536697247697
BNB,2023-06-01,8549,4372213.370000002,511.42980114633315
BNB,2023-07-01,10012,3525098.1799999992,352.087313224131
BNB,2023-08-01,10085,19791772.9,1962.4960733763012
BNB,2023-09-01,10866,4859465.280000002,447.2174930977363
BNB,2023-10-01,10539,5621049.679999997,533.3570243856151
BNB,2023-11-01,12564,6905830.550000002,549.652224609997
BNB,2023-12-01,15156,7476585.439999992,493.30861968857164
BNB,2024-01-01,12016,9292410.129999997,773.3363956391476
BNB,2024-02-01,17552,7346089.589999993,418.5329073609841
BNB,2024-03-01,24082,16517215.049999973,685.8738912880979
BNB,2024-04-01,14348,9761599.26,680.345641204349
BNB,2024-05-01,11442,5837243.739999998,510.15938996678886
BNB,2024-06-01,12810,8686934.040000005,678.1369274004687
BNB,2024-07-01,18953,6587850.359999994,347.58879122038695
BNB,2024-08-01,23810,5868138.479999995,246.45688702225934
BNB,2024-09-01,18118,4790548.650000002,264.40824870294745
BNB,2024-10-01,22312,5977036.960000004,267.8844101828614
BNB,2024-11-01,37251,8918930.759999987,239.42795522267824
BNB,2024-12-01,40290,15289404.279999992,379.4838490940678
BNB,2025-01-01,27075,8139877.38,300.6418238227147
BNB,2025-02-01,26922,32654498.210000087,1212.9298792808888
BNB,2025-03-01,24457,7822302.540000012,319.83900478390694
BNB,2025-04-01,19298,5525586.9600000065,286.3295139392687
BNB,2025-05-01,14421,6216654.01,431.083420705915
BNB,2025-06-01,15984,4906638.380000001,306.9718706206207
BNB,2025-07-01,20915,7466392.580000002,356.98745302414545
BNB,2025-08-01,18863,6432965.960000003,341.03620632985223
BNB,2025-09-01,21373,8010759.099999995,374.8074252561641
BNB,2025-10-01,35999,12810714.160000026,355.8630561960062
BNB,2025-11-01,31718,6098174.899999992,192.26227694053824
BNB,2025-12-01,14012,4157603.140000001,296.71732372252364
BNB,2026-01-01,15389,3960822.7199999993,257.38012346481247
BNB,2026-02-01,16808,3823852.4099999988,227.50192824845305
BNB,2026-03-01,15010,2665562.989999997,177.58580879413705
BNB,2026-04-01,13968,2708726.290000002,193.92370346506314
BNB,2026-05-01,14064,2551769.590000006,181.4398172639367
BNB,2026-06-01,19762,3624179.6999999876,183.39134196943567
BRLT,2020-08-01,1,3000000.0,3000000.0
BRZ,2019-08-01,58,3835538.4299999997,66129.97293103448
BRZ,2019-09-01,50,1854402.22,37088.0444
BRZ,2019-10-01,181,41550173.519999996,229558.9697237569
BRZ,2019-11-01,149,52138654.959999986,349923.8587919462
BRZ,2019-12-01,230,120533411.56000003,524058.3111304349
BRZ,2020-01-01,258,112661452.47999999,436672.29643410846
BRZ,2020-02-01,156,54899904.94,351922.46756410255
BRZ,2020-03-01,148,34941946.440000005,236094.23270270275
BRZ,2020-04-01,51,2704506.98,53029.54862745098
BRZ,2020-05-01,1387,11251028.3,8111.772386445567
BRZ,2020-06-01,1382,34926638.12999999,25272.531208393622
BRZ,2020-07-01,1277,75136076.69000001,58837.96138606109
BRZ,2020-08-01,10194,115166718.01999995,11297.500296252692
BRZ,2020-09-01,8393,157407914.70999992,18754.6663541046
BRZ,2020-10-01,7772,327521563.09,42141.22016083376
BRZ,2020-11-01,7145,248875819.7,34832.16510846746
BRZ,2020-12-01,10247,347504280.3500008,33912.78231189624
BRZ,2021-01-01,12535,220230600.7899999,17569.25415157558
BRZ,2021-02-01,12974,392635430.7899969,30263.251949282945
BRZ,2021-03-01,17124,416595097.9399998,24328.141669002558
BRZ,2021-04-01,26931,946370520.91,35140.56369648361
BRZ,2021-05-01,59077,1098969646.7300005,18602.326569223227
BRZ,2021-06-01,37138,892552284.7700038,24033.3966495235
BRZ,2021-07-01,34953,832567076.8499992,23819.61711011928
BRZ,2021-08-01,47754,570361375.7900012,11943.74033149058
BRZ,2021-09-01,51587,807513782.599998,15653.435605869658
BRZ,2021-10-01,55071,1068300354.0299971,19398.60097020205
BRZ,2021-11-01,71839,1000956035.989996,13933.323626303205
BRZ,2021-12-01,87506,1059696870.2999943,12109.990975475903
BRZ,2022-01-01,66156,854041808.1900002,12909.514000090698
BRZ,2022-02-01,49379,566477936.1099977,11472.041477348625
BRZ,2022-03-01,55687,1241334242.2499988,22291.27520336881
BRZ,2022-04-01,37179,725491614.8499997,19513.478438096765
BRZ,2022-05-01,33487,521110079.7099998,15561.563583181527
BRZ,2022-06-01,54595,653950938.1799968,11978.220316512443
BRZ,2022-07-01,93786,1119591325.6200113,11937.723387499322
BRZ,2022-08-01,415596,557104693.0899999,1340.4958014273475
BRZ,2022-09-01,549075,624411517.7000006,1137.2062426808736
BRZ,2022-10-01,935747,655889030.3699186,700.9256031490548
BRZ,2022-11-01,959712,447706554.6599988,466.500944720915
BRZ,2022-12-01,1753261,346236623.2,197.4815062902785
BRZ,2023-01-01,2178776,254547904.20999992,116.83069035550231
BRZ,2023-02-01,1212020,179582600.10000053,148.1680171119293
BRZ,2023-03-01,1330516,274490425.32000035,206.30373879006368
BRZ,2023-04-01,2232983,420746786.6899829,188.4236407934959
BRZ,2023-05-01,1899677,451042872.88999295,237.4313490609156
BRZ,2023-06-01,1911614,448028445.3399941,234.3718163499504
BRZ,2023-07-01,2482482,464780698.89999384,187.2241969528858
BRZ,2023-08-01,2954232,552297070.270006,186.95115017033393
BRZ,2023-09-01,2378920,490004897.5200006,205.9778796764921
BRZ,2023-10-01,1707300,535865958.5100067,313.86748580214766
BRZ,2023-11-01,1173363,629219578.4099977,536.2531274720591
BRZ,2023-12-01,835641,572913904.8200015,685.5981274494687
BRZ,2024-01-01,892651,659884617.6100383,739.2414477887083
BRZ,2024-02-01,1219198,849783873.610011,697.0023520461901
BRZ,2024-03-01,3838706,1283033555.5100257,334.2359523000787
BRZ,2024-04-01,3841359,1164573754.7399976,303.1671225574068
BRZ,2024-05-01,4072879,719812516.0000038,176.73309617103868
BRZ,2024-06-01,4332388,674492271.2700003,155.6860261061568
BRZ,2024-07-01,4029768,655550274.3699988,162.67692690249137
BRZ,2024-08-01,4999130,749133406.7011042,149.85275571971607
BRZ,2024-09-01,4258835,710435513.7999994,166.8145194166948
BRZ,2024-10-01,8062339,927794773.5599988,115.0776187357042
BRZ,2024-11-01,15585053,1262838032.8000035,81.02879295951085
BRZ,2024-12-01,5437529,1062953844.8899908,195.4847219922856
BRZ,2025-01-01,1372286,718541662.210002,523.6092638196425
BRZ,2025-02-01,277084,419324936.68999964,1513.3495138297399
BRZ,2025-03-01,268971,275968300.4600045,1026.0150739670987
BRZ,2025-04-01,176890,324558234.630001,1834.8026153541807
BRZ,2025-05-01,178441,225178375.06999528,1261.920607203475
BRZ,2025-06-01,140522,120926742.59000064,860.5538107200342
BRZ,2025-07-01,213195,175754091.68999824,824.3818649123958
BRZ,2025-08-01,229442,79434009.23000011,346.2051813966062
BRZ,2025-09-01,295043,85609984.12999362,290.16104137360867
BRZ,2025-10-01,275054,77230623.70999305,280.78349600439566
BRZ,2025-11-01,266075,78651979.33998987,295.6007867706093
BRZ,2025-12-01,303881,170589098.72002473,561.368097117045
BRZ,2026-01-01,299494,164880912.67003536,550.5316055414645
BRZ,2026-02-01,285395,468832511.3600504,1642.749562396154
BRZ,2026-03-01,227641,367676419.220042,1615.159040858378
BRZ,2026-04-01,672422,433284537.5100306,644.3640117515944
BRZ,2026-05-01,707636,306382748.8600211,432.96659420948214
BRZ,2026-06-01,541579,399406965.18012786,737.4860642309393
BRZX,2019-11-01,185,12625.779999999992,68.24745945945942
BRZX,2019-12-01,399,32215.89999999996,80.74160401002497
BRZX,2020-01-01,388,73346.62999999998,189.03770618556695
BRZX,2020-02-01,435,32089.960000000006,73.77002298850576
BRZX,2020-03-01,696,23220.480000000054,33.36275862068973
BRZX,2020-04-01,758,33321.71000000003,43.96003957783645
BRZX,2020-05-01,1132,66185.10000000012,58.467402826855235
BRZX,2020-06-01,5622,500803.1800000015,89.07918534329447
BRZX,2020-07-01,4328,549113.6899999996,126.8746973197781
BRZX,2020-08-01,4717,944550.6900000062,200.2439453042201
BRZX,2020-09-01,1309,138299.53,105.65281130634072
BRZX,2020-10-01,2745,860302.3700000009,313.4070564663027
BRZX,2020-11-01,2035,581065.609999999,285.53592628992584
BRZX,2020-12-01,1731,481774.39999999927,278.32143269786206
BRZX,2021-02-01,1945,445940.3400000003,229.27523907455029
BRZX,2021-03-01,1310,221757.5699999996,169.28058778625925
BRZX,2021-04-01,1649,356047.6399999999,215.91730745906605
BRZX,2021-05-01,1983,343550.4500000017,173.24783156833166
BSV,2019-08-01,72,60528.53,840.6740277777777
BSV,2019-09-01,70,33557.92999999999,479.3989999999999
BSV,2019-10-01,1,39.26,39.26
BSV,2019-11-01,2,260.19,130.095
BSV,2019-12-01,1,26.14,26.14
BSV,2020-01-01,4,1512.31,378.0775
BSV,2020-02-01,3,2963.66,987.8866666666667
BSV,2020-03-01,4091,3243390.029999995,792.8110559765327
BSV,2020-04-01,3205,2610704.390000009,814.5723525741058
BSV,2020-05-01,3226,3061045.6600000053,948.8672225666477
BSV,2020-06-01,1397,1021219.8200000015,731.0091768074456
BSV,2020-07-01,2112,1560785.0999999982,739.0080965909083
BSV,2020-08-01,2470,1781550.689999995,721.2755829959494
BSV,2020-09-01,1493,1261194.6000000008,844.7385130609516
BSV,2020-10-01,779,435097.52000000014,558.533401797176
BSV,2020-11-01,1521,995115.2900000005,654.2506837606841
BSV,2020-12-01,1380,1109592.8599999985,804.0527971014482
BSV,2021-01-01,7595,6095455.699999994,802.5616458196173
BSV,2021-02-01,9724,7563558.410000004,777.82377725216
BSV,2021-03-01,6618,4993861.060000014,754.5876488365085
BSV,2021-04-01,13634,9989284.40000002,732.674519583396
BSV,2021-05-01,12061,10761572.290000003,892.2620255368546
BSV,2021-06-01,2207,1617697.3200000008,732.984739465338
BSV,2021-07-01,1416,996165.49,703.5067019774011
BSV,2021-08-01,2020,898094.0899999993,444.601034653465
BSV,2021-09-01,1597,828531.2100000005,518.8047651847216
BSV,2021-10-01,1441,830796.06,576.54133240805
BSV,2021-11-01,882,583894.5400000004,662.0119501133792
BSV,2021-12-01,1065,833864.6599999991,782.9715117370883
BSV,2022-01-01,306,218810.21000000008,715.0660457516342
BSV,2022-02-01,180,87632.79,486.8488333333333
BSV,2022-03-01,178,98581.39000000003,553.8280337078653
BSV,2022-04-01,184,85519.76999999997,464.78135869565205
BSV,2022-05-01,250,45839.120000000024,183.3564800000001
BSV,2022-06-01,488,128773.69999999998,263.8805327868852
BSV,2022-07-01,144,47375.07,328.99354166666666
BSV,2022-08-01,137,47728.029999999984,348.3797810218977
BSV,2022-09-01,82,20195.839999999997,246.29073170731704
BSV,2022-10-01,66,17326.06,262.51606060606065
BSV,2022-11-01,178,48473.1,272.3207865168539
BSV,2022-12-01,95,34044.57000000001,358.36389473684216
BSV,2023-01-01,492,91733.96,186.45113821138213
BSV,2023-02-01,737,144337.19999999998,195.8442333785617
BSV,2023-03-01,286,73367.70999999998,256.53045454545446
BSV,2023-04-01,75,14071.689999999999,187.6225333333333
BSV,2023-05-01,717,98416.90999999995,137.26207810320773
BSV,2023-06-01,881,41492.429999999986,47.09696935300793
BSV,2023-07-01,450,38265.53,85.03451111111112
BSV,2023-08-01,155,8763.259999999998,56.53716129032257
BSV,2023-09-01,70,4435.97,63.371
BSV,2023-10-01,457,49786.15999999999,108.94126914660829
BSV,2023-11-01,241,40077.16000000001,166.29526970954362
BSV,2023-12-01,750,162591.74000000008,216.78898666666677
BSV,2024-01-01,379,540824.25,1426.97691292876
BSV,2024-02-01,73,165705.32,2269.935890410959
BSV,2024-03-01,327,72920.67000000004,222.9989908256882
BSV,2024-04-01,177,164637.37999999998,930.1546892655366
BSV,2024-05-01,121,12200.090000000011,100.82719008264472
BSV,2024-06-01,175,25536.610000000004,145.92348571428573
BSV,2024-07-01,270,55418.95999999998,205.25540740740732
BSV,2024-08-01,247,73684.37000000001,298.3172874493928
BSV,2024-09-01,107,16036.65,149.8752336448598
BSV,2024-10-01,144,21688.60999999999,150.61534722222214
BSV,2024-11-01,175,47297.69,270.2725142857143
BSV,2024-12-01,243,161417.75,664.2705761316872
BSV,2025-01-01,90,18740.34,208.226
BSV,2025-02-01,64,5635.06,88.0478125
BSV,2025-03-01,102,19998.76,196.06627450980392
BSV,2025-04-01,150,33141.65,220.94433333333333
BSV,2025-05-01,56,11158.650000000001,199.26160714285717
BSV,2025-06-01,115,18047.379999999997,156.93373913043476
BSV,2025-07-01,215,34992.94,162.7578604651163
BSV,2025-08-01,121,19091.590000000004,157.78173553719012
BSV,2025-09-01,83,9885.290000000003,119.09987951807233
BSV,2025-10-01,265,28970.170000000013,109.32139622641515
BSV,2025-11-01,150,22025.170000000002,146.83446666666669
BSV,2025-12-01,103,12610.400000000005,122.4310679611651
BSV,2026-01-01,237,38816.16000000001,163.78126582278486
BSV,2026-02-01,136,18705.66,137.5416176470588
BSV,2026-03-01,50,12144.520000000002,242.89040000000006
BSV,2026-04-01,127,13472.740000000005,106.0845669291339
BSV,2026-05-01,46,4919.4800000000005,106.94521739130435
BSV,2026-06-01,127,23038.37,181.40448818897636
BTC,2019-08-01,1042292,3798621044.9700418,3644.4883439286127
BTC,2019-09-01,680741,4085187085.310005,6001.088645035344
BTC,2019-10-01,637264,5486079798.659916,8608.802315304043
BTC,2019-11-01,455909,4238625347.729917,9297.08636532711
BTC,2019-12-01,351874,4779770675.530094,13583.75633189748
BTC,2020-01-01,552970,4677529818.680216,8458.921494258668
BTC,2020-02-01,477527,2818004088.4499474,5901.2455598321085
BTC,2020-03-01,712118,3360166290.9599695,4718.552670989878
BTC,2020-04-01,684786,1904940945.159971,2781.8047465339114
BTC,2020-05-01,962450,2957648145.2400875,3073.0408283444203
BTC,2020-06-01,536581,2687572122.71997,5008.697890383689
BTC,2020-07-01,591224,3454595912.8799934,5843.125300867342
BTC,2020-08-01,637279,3434285767.5100346,5388.983110239054
BTC,2020-09-01,518361,3097097085.2299786,5974.788005328292
BTC,2020-10-01,509960,2372680702.2699637,4652.680018570013
BTC,2020-11-01,820407,3358594780.3400483,4093.8153627895035
BTC,2020-12-01,1031276,3813763174.1802673,3698.101356164855
BTC,2021-01-01,2553676,8228747756.421338,3222.314716675623
BTC,2021-02-01,2082708,7745729718.290613,3719.066579804088
BTC,2021-03-01,1779009,7359879320.990873,4137.066940634293
BTC,2021-04-01,1895620,7632550370.24098,4026.4137170113104
BTC,2021-05-01,1955707,7760015435.660578,3967.8824259771927
BTC,2021-06-01,1303467,4175172073.270261,3203.128328734261
BTC,2021-07-01,1066253,2817060072.290003,2642.0184255425334
BTC,2021-08-01,1346151,5590902122.98028,4153.2503582289655
BTC,2021-09-01,1280129,3430476977.7002363,2679.790066235697
BTC,2021-10-01,1817097,5176343980.190475,2848.6888593126705
BTC,2021-11-01,1419831,4669862272.900597,3289.0268439698784
BTC,2021-12-01,2834096,3298050847.0402684,1163.7047040891587
BTC,2022-01-01,2009468,2295961340.150089,1142.5717354792855
BTC,2022-02-01,1802177,1990211164.420099,1104.3372345891103
BTC,2022-03-01,1835643,1914763436.3201609,1043.102300567246
BTC,2022-04-01,1678307,1883084327.0700617,1122.0142244953167
BTC,2022-05-01,1855087,2592462457.000075,1397.4883425952933
BTC,2022-06-01,2308869,2440157900.7901263,1056.862862635397
BTC,2022-07-01,3395613,1843716055.4500546,542.9700190952428
BTC,2022-08-01,2586839,1511095493.0499647,584.1474838789599
BTC,2022-09-01,2418493,1455390999.9799652,601.775981977192
BTC,2022-10-01,1813293,1097281092.2999833,605.1317091611688
BTC,2022-11-01,1892618,1444287214.5399873,763.1160723082985
BTC,2022-12-01,1025755,986778441.3400071,962.0020778256085
BTC,2023-01-01,1978702,1062416696.1193991,536.9260738198067
BTC,2023-02-01,1628341,1085401592.7500215,666.5689758779159
BTC,2023-03-01,2247497,1628229958.0500093,724.4636847346222
BTC,2023-04-01,1672027,1245736885.909971,745.045914874563
BTC,2023-05-01,1454840,998580329.509969,686.384983578929
BTC,2023-06-01,1438838,1113628838.960013,773.9779175696033
BTC,2023-07-01,1242621,794898297.1300088,639.6948845464617
BTC,2023-08-01,1481615,1073174687.7500303,724.3276342032378
BTC,2023-09-01,1146639,733352895.9299386,639.567375547089
BTC,2023-10-01,1675645,1206446218.3098059,719.9891494378618
BTC,2023-11-01,1567254,1192855129.619985,761.1115553828448
BTC,2023-12-01,1859012,1508364276.230021,811.3795264527722
BTC,2024-01-01,2273787,1936429250.2699878,851.6317712564932
BTC,2024-02-01,2592650,3252432861.709893,1254.4820402714956
BTC,2024-03-01,4364060,7423800083.169382,1701.122368429715
BTC,2024-04-01,3027925,6230667034.190992,2057.7349287683783
BTC,2024-05-01,2182590,3420632057.8600183,1567.2352837042313
BTC,2024-06-01,2172471,3388924459.0699267,1559.940021786218
BTC,2024-07-01,2631016,4297734364.470101,1633.4884943573513
BTC,2024-08-01,2389622,5274399079.70904,2207.2106298439835
BTC,2024-09-01,2023339,3118286992.9399123,1541.158942194023
BTC,2024-10-01,2367537,3865265568.2799063,1632.6104167664143
BTC,2024-11-01,5692329,7355947276.469257,1292.2561707992031
BTC,2024-12-01,6926089,7872842805.030285,1136.6938549346225
BTC,2025-01-01,5032063,5820696457.78988,1156.7216979973978
BTC,2025-02-01,2918041,4101108705.989543,1405.4321738418148
BTC,2025-03-01,3314820,3914617895.410019,1180.9443334509924
BTC,2025-04-01,2368101,3079897503.7802033,1300.5769195571486
BTC,2025-05-01,2817458,3743944003.659954,1328.837556286537
BTC,2025-06-01,2229538,3716051732.08047,1666.7362171357788
BTC,2025-07-01,2695750,4527780535.519921,1679.599568031131
BTC,2025-08-01,2752609,3924371549.1106844,1425.6916071663954
BTC,2025-09-01,2263172,2761195854.129974,1220.0556803150507
BTC,2025-10-01,2962728,4929596990.5906,1663.87092928902
BTC,2025-11-01,3000956,4921829209.960218,1640.0870955656192
BTC,2025-12-01,2102715,2731966867.230114,1299.2568499440551
BTC,2026-01-01,2385831,2709913655.070257,1135.8363836626556
BTC,2026-02-01,2386632,3113575334.199946,1304.5896201006044
BTC,2026-03-01,2191151,2149983517.360083,981.2119371782607
BTC,2026-04-01,1837592,1496636866.5899088,814.4554757475593
BTC,2026-05-01,1773085,1362370579.7202308,768.3616858301947
BTC,2026-06-01,2014068,2386411374.0500236,1184.871302284741
BTG,2019-08-01,8202,19355.580000000056,2.3598610095098826
BTG,2019-09-01,5791,9786.230000000027,1.6899032982213826
BTG,2019-10-01,3,5.65,1.8833333333333335
BTG,2019-11-01,6,11.01,1.835
BTG,2020-05-01,2,802.89,401.445
BTG,2021-05-01,1,10.71,10.71
BTG,2022-02-01,26,1694.9700000000003,65.19115384615385
BTG,2022-03-01,27,1625.4899999999998,60.203333333333326
BTG,2022-04-01,9,332.72,36.96888888888889
BTG,2022-05-01,13,558.59,42.96846153846154
BTG,2022-06-01,5,177.83,35.566
BTG,2022-07-01,4,176.15,44.0375
BTG,2022-08-01,3,195.48000000000002,65.16000000000001
BTG,2023-04-01,2261,46273915.670000054,20466.128115877953
BTG,2023-05-01,1671,7643210.499999962,4574.033812088547
BTG,2023-06-01,3704,45247251.28999973,12215.78058585306
BTG,2023-07-01,1233,10392877.249999963,8428.935320356823
BTG,2023-08-01,1019,14931706.759999987,14653.29417075563
BTG,2023-09-01,570,5990234.22,10509.182842105263
BTG,2023-10-01,605,3730826.8399999966,6166.655933884292
BTG,2023-11-01,1780,30851624.17999999,17332.373134831454
BTG,2023-12-01,1778,88658836.59000011,49864.362536557994
BTG,2024-01-01,1468,29711569.470000017,20239.488739782028
BTG,2024-02-01,1626,59611868.20000004,36661.66555965562
BTG,2024-03-01,2062,10485785.639999978,5085.2500678952365
BTG,2024-04-01,1559,18304493.449999966,11741.176042334808
BTG,2024-05-01,1042,4631644.059999986,4444.95591170824
BTG,2024-06-01,951,5513592.220000003,5797.678464773926
BTG,2024-07-01,956,6710853.039999985,7019.72075313806
BTG,2024-08-01,805,107303438.46999982,133296.19685714264
BTG,2024-09-01,584,52358163.27999997,89654.38917808214
BTG,2024-10-01,772,23533916.559999976,30484.347875647636
BTG,2024-11-01,1652,24121977.239999916,14601.681138014477
BTG,2024-12-01,896,10818213.55999997,12073.899062499968
BTG,2025-01-01,2734,24664207.189999886,9021.290120702226
BTG,2025-02-01,1890,9874908.229999984,5224.819169312161
BTG,2025-03-01,1102,3793942.8400000036,3442.7793466424714
BTG,2025-04-01,1000,5105698.209999999,5105.698209999999
BTG,2025-05-01,1081,3790592.410000002,3506.560971322851
BTG,2025-06-01,928,3381583.509999999,3643.947747844826
BTG,2025-07-01,1755,24019535.959999964,13686.345276353255
BTG,2025-08-01,1561,6828068.8699999945,4374.163273542597
BTG,2025-09-01,1693,3677494.959999999,2172.176585942114
BTG,2025-10-01,1434,9011943.459999973,6284.479400278921
BTG,2025-11-01,1048,4882013.569999996,4658.409895038164
BTG,2025-12-01,951,3970134.870000004,4174.6949211356505
BTG,2026-01-01,1323,4819899.550000003,3643.1591458805765
BTG,2026-02-01,788,14449964.779999949,18337.518756345115
BTG,2026-03-01,748,21609310.719999988,28889.452834224583
BTG,2026-04-01,1485,7142072.499999973,4809.476430976413
BTG,2026-05-01,932,2282411.580000002,2448.9394635193153
BTG,2026-06-01,665,3109843.589999997,4676.456526315785
BTT,2019-08-01,479,84097.38000000003,175.56864300626313
BTT,2019-09-01,653,165321.20000000027,253.1718223583465
BTT,2019-10-01,825,123075.58,149.1825212121212
BTT,2019-11-01,854,132092.9200000002,154.67555035128828
BTT,2019-12-01,673,119355.55000000012,177.34851411589915
BTT,2020-01-01,1381,743607.1400000002,538.4555684286751
BTT,2020-02-01,1533,749913.34,489.1802609262883
BTT,2020-03-01,940,358769.06000000023,381.6692127659577
BTT,2020-04-01,1349,522753.2799999994,387.51169755374303
BTT,2020-05-01,2505,1011558.7799999992,403.81588023952065
BTT,2020-06-01,1695,437220.03999999893,257.9469262536867
BTT,2020-07-01,3419,1382339.8699999917,404.3111640830628
BTT,2020-08-01,4787,2109308.710000001,440.63269479841256
BTT,2020-09-01,2530,1055438.520000001,417.1693754940715
BTT,2020-10-01,2280,961994.6499999993,421.92747807017514
BTT,2020-11-01,2234,760980.9100000001,340.63603849597143
BTT,2020-12-01,2422,716578.01,295.8621015689513
BTT,2021-01-01,10206,3634576.5699999942,356.1215530080339
BTT,2021-02-01,63606,53689154.38000028,844.0894629437519
BTT,2021-03-01,82734,108019390.99999945,1305.622730679037
BTT,2021-04-01,180283,284350723.21999764,1577.2464581796266
BTT,2021-05-01,94873,93513635.27000017,985.6717429616454
BTT,2021-06-01,30347,23717714.509999886,781.5505489834213
BTT,2021-07-01,16744,13356539.000000004,797.691053511706
BTT,2021-08-01,37367,42538000.35999957,1138.3841453688967
BTT,2021-09-01,18794,15957916.660000028,849.0963424497195
BTT,2021-10-01,20584,15785605.879999982,766.8871881072669
BTT,2021-11-01,12063,8890508.949999966,737.0064619083118
BTT,2021-12-01,13299,10328807.079999963,776.6604316113966
BTT,2022-01-01,3080,1579873.0500000014,512.9457954545459
BTT,2022-11-01,1,0.01,0.01
BTT,2023-11-01,1,0.01,0.01
BTT,2024-01-01,9003,703570.9,78.14849494612908
BTT,2024-02-01,16272,1098699.4299999645,67.5208597590932
BTT,2024-03-01,35382,4745309.789999966,134.11649397998886
BTT,2024-04-01,16316,1319989.3399999775,80.90152856092041
BTT,2024-05-01,13650,997953.5899999727,73.11015311355112
BTT,2024-06-01,10813,653647.7899999968,60.45017941366844
BTT,2024-07-01,8630,405603.449999999,46.99924101969861
BTT,2024-08-01,6770,355207.7099999972,52.467903988182755
BTT,2024-09-01,5900,363581.5399999967,61.62398983050792
BTT,2024-10-01,5997,258163.08000000083,43.04870435217622
BTT,2024-11-01,18935,1813037.5999999666,95.75059941906346
BTT,2024-12-01,21178,3176939.039999955,150.0112871848123
BTT,2025-01-01,11827,614640.2199999958,51.969241565908156
BTT,2025-02-01,4015,251921.8900000005,62.745178082191906
BTT,2025-03-01,3233,141870.95000000042,43.882137333745874
BTT,2025-04-01,3162,297839.63000000035,94.19343137254913
BTT,2025-05-01,3615,242670.37000000014,67.1287330567082
BTT,2025-06-01,3366,306443.2899999999,91.04078728461079
BTT,2025-07-01,4350,326687.0199999996,75.100464367816
BTT,2025-08-01,2722,279865.5100000007,102.81613152094074
BTT,2025-09-01,1926,458265.8799999987,237.93659397715408
BTT,2025-10-01,2070,362186.06999999913,174.96911594202857
BTT,2025-11-01,2900,1603818.3200000012,553.0408000000004
BTT,2025-12-01,3339,1196149.7499999844,358.2359239293155
BTT,2026-01-01,3071,823875.2899999921,268.27590035818696
BTT,2026-02-01,4401,2359598.190000005,536.1504635310168
BTT,2026-03-01,41117,52811785.26000815,1284.4270073207713
BTT,2026-04-01,5500,3633017.3800000027,660.548614545455
BTT,2026-05-01,898,151767.2900000001,169.005890868597
BTT,2026-06-01,700,119752.07000000018,171.07438571428597
BUSD,2020-03-01,6,150188.8,25031.466666666664
BUSD,2020-06-01,1,100.0,100.0
BUSD,2020-08-01,2,0.37,0.185
BUSD,2020-09-01,1,10062.0,10062.0
BUSD,2020-11-01,17,2204552.62,129679.56588235295
BUSD,2020-12-01,923,70709075.87999998,76607.88286023833
BUSD,2021-01-01,645,69787926.92000005,108198.33631007759
BUSD,2021-02-01,1883,105120760.75000003,55826.213887413716
BUSD,2021-03-01,1010,182342265.57,180536.8966039604
BUSD,2021-04-01,838,509280228.87,607732.9700119331
BUSD,2021-05-01,2986,797938336.9500003,267226.50266242475
BUSD,2021-06-01,1549,274936038.71,177492.60084570688
BUSD,2021-07-01,2022,28155737.110000003,13924.696889218598
BUSD,2021-08-01,4915,46870971.839999996,9536.311666327569
BUSD,2021-09-01,4257,98829103.44999999,23215.669121447027
BUSD,2021-10-01,4637,29167051.799999997,6290.069398317877
BUSD,2021-11-01,6317,59665441.61999995,9445.217923064738
BUSD,2021-12-01,5815,101652242.22000001,17481.039074806537
BUSD,2022-01-01,4162,49439738.40999999,11878.841520903408
BUSD,2022-02-01,4147,19988238.71,4819.927347480107
BUSD,2022-03-01,3862,43783182.08,11336.91923355774
BUSD,2022-04-01,4865,52039740.279999994,10696.760591983555
BUSD,2022-05-01,5633,63929192.029999994,11349.04882478253
BUSD,2022-06-01,9518,49424805.55,5192.772173776003
BUSD,2022-07-01,9973,59908867.95000001,6007.105981149103
BUSD,2022-08-01,6732,24529732.25,3643.75107694593
BUSD,2022-09-01,6838,37998901.42999998,5557.01980549868
BUSD,2022-10-01,4437,34551122.08999998,7787.0457719179585
BUSD,2022-11-01,8518,28446033.56999999,3339.520259450574
BUSD,2022-12-01,7893,31757135.130000014,4023.4556100342093
BUSD,2023-01-01,8583,28775226.400000006,3352.5837585925674
BUSD,2023-02-01,8520,45073826.92999999,5290.355273474178
BUSD,2023-03-01,5395,18759589.590000004,3477.2177182576465
BUSD,2023-04-01,6640,24079544.220000003,3626.437382530121
BUSD,2023-05-01,8434,32393468.340000022,3840.8191059995283
BUSD,2023-06-01,7291,40364172.690000005,5536.164132492114
BUSD,2023-07-01,4828,17678647.120000023,3661.6916155758126
BUSD,2023-08-01,3715,19488837.349999975,5245.985827725431
BUSD,2023-09-01,5081,5249264.780000031,1033.1164691989827
BUSD,2023-10-01,7758,7231841.6000000145,932.1786027326649
BUSD,2023-11-01,545,406264.55999999994,745.4395596330274
BUSD,2023-12-01,287,247296.18,861.6591637630662
BUSD,2024-01-01,22,660708.69,30032.21318181818
BUSD,2024-02-01,16,595402.19,37212.636875
BUSD,2024-03-01,28,25990600.99,928235.7496428571
BUSD,2024-04-01,45,133022303.86000001,2956051.196888889
BUSD,2024-05-01,100,228699464.25,2286994.6425
BUSD,2024-06-01,227,214346789.31000003,944258.9837444936
BUSD,2024-07-01,455,413796101.05000013,909441.9803296706
BUSD,2024-08-01,514,342166903.9500001,665694.3656614788
BUSD,2024-09-01,539,449473941.31999993,833903.4161781075
BUSD,2024-10-01,590,596673897.2999998,1011311.6903389827
BUSD,2024-11-01,2582,700671236.9699999,271367.63631680864
BUSD,2024-12-01,532,646713709.6599998,1215627.2737969921
BUSD,2025-01-01,776,658523799.69,848613.1439304125
BUSD,2025-02-01,362,275940426.52,762266.3716022099
BUSD,2025-03-01,21,33107614.979999997,1576553.0942857142
BUSD,2025-04-01,76,243655281.32,3205990.5436842106
BUSD,2025-05-01,35,508912574.91999996,14540359.28342857
BUSD,2025-06-01,14,728532.1,52038.00714285714
BUSD,2025-07-01,9,940323.84,104480.42666666667
BUSD,2025-08-01,6,653727.75,108954.625
BUSD,2025-09-01,5,49109.57,9821.914
BUSD,2025-10-01,12,1560376.1199999999,130031.34333333332
BUSD,2025-11-01,4,113547.69,28386.9225
BUSD,2025-12-01,3,33065.01,11021.67
BUSD,2026-01-01,2,41585.5,20792.75
BUSD,2026-02-01,2,15806.18,7903.09
BUSD,2026-03-01,2,14637.79,7318.895
BUSD,2026-05-01,5,35582.020000000004,7116.404
BUSD,2026-06-01,7,6904.16,986.3085714285714
CBRL,2019-12-01,13,1305.02,100.38615384615385
CBRL,2020-01-01,10,1009.0,100.9
CBRL,2020-02-01,49,40423.420000000006,824.9677551020409
CBRL,2020-03-01,40,63838.48,1595.962
CBRL,2020-04-01,320,433273.04,1353.97825
CBRL,2020-05-01,3797,2415956.7199999983,636.2804108506712
CBRL,2020-06-01,3130,1667454.9800000018,532.7332204472849
CBRL,2020-07-01,6887,5005166.979999999,726.755768839843
CBRL,2020-08-01,14029,76477097.41000013,5451.357716872202
CBRL,2020-09-01,6390,112642115.34999996,17627.87407668231
CBRL,2020-10-01,8141,6124671.0900000185,752.324172706058
CBRL,2020-11-01,11383,27849633.209999986,2446.598718264077
CBRL,2020-12-01,8947,9005709.23999998,1006.5618911366915
CBRL,2021-01-01,22819,16043443.82000018,703.0739217318979
CBRL,2021-02-01,9674,15901168.859999975,1643.7015567500491
CBRL,2021-03-01,13932,21392651.909999974,1535.5047308354847
CBRL,2021-04-01,10380,15936157.63999999,1535.275302504816
CBRL,2021-05-01,9447,12626430.159999989,1336.5544786704763
CBRL,2021-06-01,14115,7221874.929999843,511.64540772227014
CBRL,2021-07-01,7375,6171239.020000001,836.77817220339
CBRL,2021-08-01,11206,12262211.289999947,1094.2540862038147
CBRL,2021-09-01,7575,7196893.43,950.0849412541254
CBRL,2021-10-01,5196,6755744.060000002,1300.1816897613553
CBRL,2021-11-01,4253,6473493.0799999945,1522.1004185280965
CBRL,2021-12-01,2113,2338989.6800000016,1106.9520492191205
CBRL,2022-01-01,1539,3707194.4000000004,2408.8332683560757
CBRL,2022-02-01,1171,1204863.9099999995,1028.918795900939
CBRL,2022-03-01,1100,1185248.0899999999,1077.4982636363634
CBRL,2022-04-01,1046,1126174.6300000004,1076.6487858508608
CBRL,2022-05-01,942,971439.5200000006,1031.2521443736737
CBRL,2022-06-01,635,632851.2799999999,996.6161889763778
CBRL,2022-07-01,106,110038.81999999996,1038.1020754716978
CBRL,2022-08-01,1,33117.22,33117.22
CBRL,2022-10-01,4,240409.74,60102.435
CBRL,2023-06-01,1,530.0,530.0
CBRL,2023-08-01,1,30000.0,30000.0
CHZ,2019-11-01,4,1353.1799999999998,338.29499999999996
CHZ,2020-06-01,1,5066.35,5066.35
CHZ,2020-07-01,22123,9472376.100000039,428.16869773539025
CHZ,2020-08-01,39503,20672908.650000494,523.3250297445888
CHZ,2020-09-01,18868,7031757.880000019,372.68167691329336
CHZ,2020-10-01,11173,3286101.0399999893,294.11089590978156
CHZ,2020-11-01,25106,9229272.360000156,367.6122185931712
CHZ,2020-12-01,91911,56948108.38000038,619.6005742511819
CHZ,2021-01-01,96102,49828000.069999315,518.49077095169
CHZ,2021-02-01,178585,229037776.80999044,1282.5140790659375
CHZ,2021-03-01,1093514,2695210256.5208993,2464.7240515630338
CHZ,2021-04-01,534200,1009498785.3401626,1889.7393959943142
CHZ,2021-05-01,397802,1006175677.0800177,2529.3379044851904
CHZ,2021-06-01,242192,729986892.1099887,3014.0834218718564
CHZ,2021-07-01,148831,806993212.5400014,5422.211854653946
CHZ,2021-08-01,202897,404626450.95999956,1994.2456071799957
CHZ,2021-09-01,137749,164077124.55999506,1191.1311483930558
CHZ,2021-10-01,170869,259535618.0799987,1518.915766347311
CHZ,2021-11-01,191849,351470056.8699926,1832.0140155538606
CHZ,2021-12-01,73145,81703903.07999922,1117.0128249367588
CHZ,2022-01-01,51346,51618521.73999946,1005.3075554083952
CHZ,2022-02-01,41836,30833742.219999928,737.0145860024842
CHZ,2022-03-01,50425,50696307.89999981,1005.3804243926586
CHZ,2022-04-01,34211,25905679.940000176,757.2324673350728
CHZ,2022-05-01,40403,67170931.25000021,1662.5233584139844
CHZ,2022-06-01,24447,18640167.46000009,762.4725921380983
CHZ,2022-07-01,21347,13769212.720000053,645.0186311893967
CHZ,2022-08-01,49421,44512941.02000026,900.6887966653903
CHZ,2022-09-01,39459,40629541.06999993,1029.6647423908344
CHZ,2022-10-01,35514,29375657.360000085,827.1571031142672
CHZ,2022-11-01,96110,94215455.25000194,980.2877458121104
CHZ,2022-12-01,31231,19115650.520000044,612.0729569978561
CHZ,2023-01-01,29906,15829934.310000092,529.3230224704104
CHZ,2023-02-01,28243,16273593.920000143,576.1991969691655
CHZ,2023-03-01,21445,11955436.53,557.4929601305665
CHZ,2023-04-01,16323,10186196.529999988,624.0394860013471
CHZ,2023-05-01,27333,6129510.759999993,224.25312845278577
CHZ,2023-06-01,20335,5381564.440000036,264.6454113597264
CHZ,2023-07-01,12524,3968193.999999998,316.84717342702
CHZ,2023-08-01,11512,3170426.100000008,275.40185024322517
CHZ,2023-09-01,8049,2018621.4199999983,250.79157907814613
CHZ,2023-10-01,12049,4664501.8900000015,387.12771931280616
CHZ,2023-11-01,15642,6767988.940000047,432.68053573712103
CHZ,2023-12-01,15958,5594003.290000023,350.5453872665762
CHZ,2024-01-01,23823,10335064.549999978,433.82716492465175
CHZ,2024-02-01,18670,10137664.489999954,542.9922062131737
CHZ,2024-03-01,40543,17020802.439999994,419.82099104654304
CHZ,2024-04-01,22996,10621559.80000003,461.88727604800965
CHZ,2024-05-01,17934,10658083.97999999,594.2948578119766
CHZ,2024-06-01,18027,9555153.190000027,530.0467737282979
CHZ,2024-07-01,12610,6391413.880000013,506.8528057097552
CHZ,2024-08-01,11206,5686299.440000024,507.4334677851172
CHZ,2024-09-01,8764,3507624.090000013,400.23095504336067
CHZ,2024-10-01,14681,9725757.33000001,662.4724017437511
CHZ,2024-11-01,26912,15492244.880000008,575.663082639715
CHZ,2024-12-01,49500,27943829.500000194,564.521808080812
CHZ,2025-01-01,42062,13465265.39000028,320.1289855451543
CHZ,2025-02-01,24839,9761928.29000002,393.00810378839805
CHZ,2025-03-01,20668,6887851.459999958,333.26163441068115
CHZ,2025-04-01,19308,5276992.089999991,273.305991816863
CHZ,2025-05-01,23920,8110025.440000038,339.04788628762697
CHZ,2025-06-01,16911,6695717.7900000345,395.93860741529386
CHZ,2025-07-01,25580,11984665.070000554,468.51700820956034
CHZ,2025-08-01,21867,8480823.070000136,387.83660630173944
CHZ,2025-09-01,16667,7510901.750000214,450.6450920981709
CHZ,2025-10-01,21018,12958775.090000505,616.5560514797081
CHZ,2025-11-01,14462,9619654.560000094,665.1676503941428
CHZ,2025-12-01,15790,7709469.410000147,488.2501209626439
CHZ,2026-01-01,22946,11747636.420000382,511.9688146082272
CHZ,2026-02-01,22361,5373232.6800000705,240.29482939045974
CHZ,2026-03-01,20055,4563518.940000054,227.55018399401916
CHZ,2026-04-01,34068,5829942.290000181,171.12663760714398
CHZ,2026-05-01,32657,9670582.970000096,296.1258832715833
CHZ,2026-06-01,23592,6138290.330000206,260.18524626993076
COMP,2020-07-01,1,5293.59,5293.59
COMP,2020-08-01,1,613.23,613.23
COMP,2021-01-01,5,1322.7399999999998,264.54799999999994
COMP,2021-02-01,21,56796.45999999999,2704.593333333333
COMP,2021-03-01,8,6416.12,802.015
COMP,2021-04-01,29,32060.15,1105.5224137931034
COMP,2021-05-01,12733,10083383.650000133,791.9094989397732
COMP,2021-06-01,8574,5012286.990000009,584.5914380685804
COMP,2021-07-01,21646,23304915.07000012,1076.638412177775
COMP,2021-08-01,13541,13854987.570000045,1023.1879159589429
COMP,2021-09-01,7663,8129463.770000033,1060.8722132324199
COMP,2021-10-01,9734,9898193.560000034,1016.8680460242484
COMP,2021-11-01,5381,4310056.419999993,800.976848169484
COMP,2021-12-01,3868,1970389.1299999983,509.4077378490171
COMP,2022-01-01,2989,1640484.859999995,548.8407025761107
COMP,2022-02-01,1775,728578.0200000013,410.4664901408458
COMP,2022-03-01,2780,1151542.1899999995,414.2238093525178
COMP,2022-04-01,3052,1514184.0999999999,496.12847313237216
COMP,2022-05-01,1719,521196.35000000003,303.1974112856312
COMP,2022-06-01,4069,898422.029999999,220.79676333251388
COMP,2022-07-01,3264,867785.3799999998,265.86561887254896
COMP,2022-08-01,2063,898208.5399999993,435.38950072709616
COMP,2022-09-01,1903,626915.3999999994,329.4353126642141
COMP,2022-10-01,1315,235874.13999999987,179.37196958174894
COMP,2022-11-01,1495,413470.55999999994,276.56893645484945
COMP,2022-12-01,1015,157694.58000000007,155.36411822660105
COMP,2023-01-01,1817,365768.8700000001,201.30372592184926
COMP,2023-02-01,1655,407244.05000000016,246.06891238670704
COMP,2023-03-01,1554,544071.8300000001,350.11057271557274
COMP,2023-04-01,1347,158915.11999999994,117.9770749814402
COMP,2023-05-01,1216,199550.58000000034,164.10409539473713
COMP,2023-06-01,2406,642652.1100000002,267.10395261845395
COMP,2023-07-01,5918,1818334.6800000006,307.2549307198379
COMP,2023-08-01,2238,1006872.3199999998,449.8982663092046
COMP,2023-09-01,1955,324250.46,165.8570127877238
COMP,2023-10-01,1762,334709.56000000006,189.96002270147562
COMP,2023-11-01,2274,674518.8499999999,296.62218557607736
COMP,2023-12-01,2892,757264.1199999998,261.84789764868594
COMP,2024-01-01,4387,551108.9199999992,125.62318668794147
COMP,2024-02-01,4465,1206266.9299999992,270.16056662933914
COMP,2024-03-01,13410,1963281.2699999975,146.4042706935121
COMP,2024-04-01,3387,689116.9500000002,203.4593888396812
COMP,2024-05-01,2421,434428.14000000025,179.441610904585
COMP,2024-06-01,2095,1056614.5099999998,504.3506014319808
COMP,2024-07-01,6873,1247310.1899999995,181.47973083078705
COMP,2024-08-01,5594,930724.679999999,166.37909903467983
COMP,2024-09-01,2005,610849.98,304.6633316708229
COMP,2024-10-01,1438,254788.5699999999,177.18259388038936
COMP,2024-11-01,3579,1235371.1599999997,345.17215982117904
COMP,2024-12-01,6734,3090038.989999999,458.87124888624874
COMP,2025-01-01,2912,812159.7099999993,278.90099931318656
COMP,2025-02-01,1539,433324.04000000027,281.5620792722549
COMP,2025-03-01,1724,364985.2999999998,211.70841067285372
COMP,2025-04-01,1641,791587.1699999996,482.3809689213891
COMP,2025-05-01,1628,214461.41,131.73305282555282
COMP,2025-06-01,2305,778137.2899999988,337.58667678958733
COMP,2025-07-01,1881,709488.6800000006,377.18696438064893
COMP,2025-08-01,1637,778229.1199999998,475.39958460598643
COMP,2025-09-01,1176,288971.5900000001,245.72414115646265
COMP,2025-10-01,7352,538341.7200000002,73.2238465723613
COMP,2025-11-01,8322,256833.4500000022,30.861986301370127
COMP,2025-12-01,7718,460363.79999999865,59.64806944804336
COMP,2026-01-01,4435,279650.32000000146,63.05531454340507
COMP,2026-02-01,3245,814497.219999999,251.0006841294296
COMP,2026-03-01,1795,228283.40000000043,127.17738161559913
COMP,2026-04-01,3303,427522.09000000026,129.43448077505306
COMP,2026-05-01,2493,153064.17000000004,61.39758122743684
COMP,2026-06-01,2065,201038.62999999977,97.35526876513306
CRV,2020-08-01,1,25000.0,25000.0
CRV,2020-09-01,1,5000.0,5000.0
CRV,2021-01-01,12,12662.69,1055.2241666666666
CRV,2021-02-01,14,35098.09,2507.0064285714284
CRV,2021-03-01,15,27380.559999999998,1825.3706666666665
CRV,2021-04-01,7,10439.04,1491.2914285714287
CRV,2021-05-01,21061,13020972.5700003,618.2504425241109
CRV,2021-06-01,14596,12130289.800000204,831.0694573855991
CRV,2021-07-01,8878,5485396.1800000165,617.8639535931535
CRV,2021-08-01,18264,12601648.640000114,689.9720017520868
CRV,2021-09-01,18089,16390420.170000136,906.0987434352444
CRV,2021-10-01,30222,41347513.35999991,1368.1263106346341
CRV,2021-11-01,25477,30852210.72000013,1210.9828755348012
CRV,2021-12-01,17166,18025315.490000132,1050.0591570546505
CRV,2022-01-01,13819,16983560.720000222,1229.0007033794213
CRV,2022-02-01,6473,5369574.560000015,829.5341510891419
CRV,2022-03-01,7953,4638954.560000002,583.2961850873887
CRV,2022-04-01,7360,3409779.13,463.28520788043477
CRV,2022-05-01,8002,3033914.89000001,379.1445751062247
CRV,2022-06-01,6080,1967891.670000001,323.66639309210547
CRV,2022-07-01,9190,4293278.839999996,467.16853536452624
CRV,2022-08-01,5585,3407436.7399999993,610.1050564010742
CRV,2022-09-01,4203,2684231.3899999983,638.646535807756
CRV,2022-10-01,3137,1345007.04,428.7558304112209
CRV,2022-11-01,6145,3011192.479999995,490.02318633034906
CRV,2022-12-01,2625,956265.4199999985,364.291588571428
CRV,2023-01-01,4452,2155724.2200000025,484.21478436657736
CRV,2023-02-01,6450,4258309.139999999,660.2029674418603
CRV,2023-03-01,4168,1879622.8699999985,450.96517994241805
CRV,2023-04-01,2356,791232.23,335.83710950764004
CRV,2023-05-01,1680,408074.9799999998,242.9017738095237
CRV,2023-06-01,2708,428969.9899999998,158.4084158050221
CRV,2023-07-01,2740,560117.0600000004,204.422284671533
CRV,2023-08-01,3343,939339.8199999993,280.98708345797166
CRV,2023-09-01,2405,396094.4600000004,164.69624116424134
CRV,2023-10-01,2313,390941.5500000008,169.01926070038945
CRV,2023-11-01,2312,664123.3700000002,287.25059256055374
CRV,2023-12-01,2786,738547.9099999992,265.0925735821964
CRV,2024-01-01,5915,710866.0500000004,120.18022823330523
CRV,2024-02-01,4892,1109055.49,226.7079905968929
CRV,2024-03-01,6753,3899760.3700000034,577.4856167629207
CRV,2024-04-01,8652,1077071.7400000012,124.48818076745275
CRV,2024-05-01,3186,905912.919999999,284.34178279974856
CRV,2024-06-01,5670,6017091.959999999,1061.2155132275132
CRV,2024-07-01,2579,1618961.9399999995,627.7479410624271
CRV,2024-08-01,3023,1355182.770000001,448.290694674165
CRV,2024-09-01,1652,1685620.130000002,1020.3511682808729
CRV,2024-10-01,1719,778980.2100000001,453.1589354275742
CRV,2024-11-01,6877,9269247.179999983,1347.8620299549198
CRV,2024-12-01,11244,10494691.139999978,933.3592262540002
CRV,2025-01-01,4427,8065591.66999999,1821.9091190422384
CRV,2025-02-01,2340,1587042.5900000005,678.2233290598293
CRV,2025-03-01,1730,522254.76000000007,301.8813641618498
CRV,2025-04-01,3557,1564474.6200000015,439.8298060163063
CRV,2025-05-01,4858,2081651.799999999,428.4997529847672
CRV,2025-06-01,2103,832391.13,395.8112838801712
CRV,2025-07-01,7380,6398193.5699999975,866.9638983739834
CRV,2025-08-01,16062,8351765.7199999895,519.9704719213042
CRV,2025-09-01,17169,3594438.769999993,209.3563265187252
CRV,2025-10-01,15963,6449563.269999992,404.0320284407688
CRV,2025-11-01,7369,1770884.8200000003,240.31548649748953
CRV,2025-12-01,5051,770680.8700000015,152.5798594337758
CRV,2026-01-01,5996,1288886.7199999993,214.9577585056703
CRV,2026-02-01,3573,407728.76,114.11384270920796
CRV,2026-03-01,3452,377265.6299999999,109.28900057937425
CRV,2026-04-01,3553,204451.3400000002,57.54329862088382
CRV,2026-05-01,3555,366036.78999999986,102.96393530239096
CRV,2026-06-01,3089,586757.8699999993,189.9507510521202
DAI,2019-08-01,21,15656.69,745.5566666666667
DAI,2019-09-01,12,183330.22999999998,15277.519166666665
DAI,2019-10-01,2,913.44,456.72
DAI,2019-11-01,2,100.0,50.0
DAI,2019-12-01,5,40289.95,8057.99
DAI,2020-01-01,5,1045.57,209.11399999999998
DAI,2020-02-01,9,433167.48,48129.72
DAI,2020-03-01,32,4460.710000000001,139.39718750000003
DAI,2020-04-01,29,46292.3,1596.286206896552
DAI,2020-05-01,153,62021.2,405.3673202614379
DAI,2020-06-01,188,22507.73,119.72196808510638
DAI,2020-07-01,3843,1357366.8800000066,353.2050169138711
DAI,2020-08-01,4079,1699347.4100000008,416.60882814415316
DAI,2020-09-01,1729,1313936.6200000006,759.9402082128402
DAI,2020-10-01,1737,1289706.3400000017,742.4906966033401
DAI,2020-11-01,7545,4188352.340000002,555.1162809807822
DAI,2020-12-01,6794,3877527.9700000114,570.7282852516944
DAI,2021-01-01,12103,6030013.559999955,498.2247013137201
DAI,2021-02-01,16421,6524312.639999986,397.31518421533315
DAI,2021-03-01,12431,5160751.109999998,415.15172632933775
DAI,2021-04-01,19238,8054941.679999909,418.6995363343336
DAI,2021-05-01,24833,12263703.759999966,493.8470486852159
DAI,2021-06-01,7898,3968003.139999999,502.4060698911116
DAI,2021-07-01,5907,5380697.479999987,910.9018926697117
DAI,2021-08-01,14810,10588874.229999993,714.9813794733284
DAI,2021-09-01,12279,9436043.920000037,768.4700643374898
DAI,2021-10-01,10332,5394004.839999993,522.0678319783192
DAI,2021-11-01,7787,4859523.4399999995,624.0559188390907
DAI,2021-12-01,5710,3705304.510000001,648.9149754816115
DAI,2022-01-01,4462,3342035.659999999,748.9994755714924
DAI,2022-02-01,3085,2411607.5700000003,781.7204440842788
DAI,2022-03-01,3022,2400400.7499999986,794.3086532097943
DAI,2022-04-01,2556,3009596.4599999995,1177.4634037558683
DAI,2022-05-01,2378,1761623.7599999993,740.800571909167
DAI,2022-06-01,1581,1105497.5599999998,699.2394433902592
DAI,2022-07-01,1784,932112.5399999997,522.4846076233182
DAI,2022-08-01,1624,1016422.7,625.8760467980295
DAI,2022-09-01,1421,812294.01,571.6354750175932
DAI,2022-10-01,1173,1256698.79,1071.3544671781756
DAI,2022-11-01,1793,1226410.4399999997,683.9991299498047
DAI,2022-12-01,1220,1170720.9400000004,959.6073278688528
DAI,2023-01-01,1491,778396.7299999992,522.0635345405763
DAI,2023-02-01,1334,922042.5300000001,691.1863043478262
DAI,2023-03-01,2013,1566995.5999999994,778.4379533035268
DAI,2023-04-01,980,699219.0899999997,713.4888673469385
DAI,2023-05-01,934,680042.1799999998,728.0965524625266
DAI,2023-06-01,852,525256.65,616.4984154929577
DAI,2023-07-01,942,670402.3999999998,711.6798301486198
DAI,2023-08-01,1057,1429453.7999999998,1352.368779564806
DAI,2023-09-01,1188,906435.7599999998,762.9930639730638
DAI,2023-10-01,919,473655.70000000024,515.4033732317739
DAI,2023-11-01,1057,513627.68999999977,485.9296972563858
DAI,2023-12-01,1739,534974.3799999998,307.6333410005749
DAI,2024-01-01,1753,519885.99,296.56930405019966
DAI,2024-02-01,1694,452833.18999999994,267.31593270365994
DAI,2024-03-01,3942,812466.8200000002,206.1052308472857
DAI,2024-04-01,2410,538357.3600000002,223.38479668049803
DAI,2024-05-01,2023,1318241.7099999995,651.6271428571426
DAI,2024-06-01,2179,1707278.2499999988,783.5145709040839
DAI,2024-07-01,2256,478484.94999999995,212.09439273049642
DAI,2024-08-01,2107,459908.3700000002,218.27639772187956
DAI,2024-09-01,1557,487084.48000000004,312.8352472703918
DAI,2024-10-01,1516,224787.20000000007,148.27651715039582
DAI,2024-11-01,3753,487227.08,129.82336264321876
DAI,2024-12-01,4495,963187.3799999999,214.27972858731923
DAI,2025-01-01,4124,442521.49000000017,107.30395004849665
DAI,2025-02-01,1717,356290.56000000006,207.5076062900408
DAI,2025-03-01,1364,317420.63999999996,232.7130791788856
DAI,2025-04-01,1393,435301.91000000003,312.49239770279974
DAI,2025-05-01,1697,418088.99999999994,246.36947554507952
DAI,2025-06-01,1144,194052.2800000001,169.62611888111897
DAI,2025-07-01,1615,169505.73,104.95710835913313
DAI,2025-08-01,1478,153712.27000000002,104.00018267929636
DAI,2025-09-01,503,109329.44,217.3547514910537
DAI,2025-10-01,149,176754.03,1186.2686577181207
DAI,2025-11-01,112,42337.26,378.01125
DAI,2025-12-01,183,63698.29,348.078087431694
DAI,2026-01-01,174,28732.020000000004,165.12655172413795
DAI,2026-02-01,182,26607.530000000006,146.19521978021982
DAI,2026-03-01,180,51290.04000000001,284.9446666666667
DAI,2026-04-01,270,61756.88,228.72918518518517
DAI,2026-05-01,275,19060.95999999999,69.31258181818177
DAI,2026-06-01,74,3357.9500000000003,45.377702702702706
DASH,2019-08-01,12471,845231.2900000031,67.77574292358295
DASH,2019-09-01,10291,1440027.7900000007,139.93079292585762
DASH,2019-10-01,3922,935357.8900000014,238.4900280469152
DASH,2019-11-01,2817,585489.3,207.84142705005326
DASH,2019-12-01,2090,406415.81000000105,194.4573253588522
DASH,2020-01-01,19069,8479294.010000091,444.6638004090456
DASH,2020-02-01,12046,5759506.749999987,478.12607919641266
DASH,2020-03-01,7431,2754837.1699999985,370.72226752792335
DASH,2020-04-01,5837,2161442.9099999997,370.3003100908
DASH,2020-05-01,3661,1391130.3899999962,379.9864490576335
DASH,2020-06-01,1706,442227.7199999999,259.2190621336459
DASH,2020-07-01,1741,549648.41,315.7084491671453
DASH,2020-08-01,3312,1458644.1900000013,440.41189311594246
DASH,2020-09-01,1605,628719.1799999996,391.72534579439224
DASH,2020-10-01,1549,536609.3899999999,346.42310522918007
DASH,2020-11-01,3829,2053681.2299999986,536.3492373987983
DASH,2020-12-01,2609,1045624.259999998,400.77587581448756
DASH,2021-01-01,6834,4299767.169999994,629.1728372841666
DASH,2021-02-01,14842,10922221.390000036,735.8995681175068
DASH,2021-03-01,6320,3982901.490000013,630.2059319620273
DASH,2021-04-01,11037,8360834.119999996,757.5277810999363
DASH,2021-05-01,9188,6297372.360000022,685.3909838920355
DASH,2021-06-01,1674,814408.1500000008,486.50427120669104
DASH,2021-07-01,2131,1381210.709999999,648.151435945565
DASH,2021-08-01,3018,2070586.6100000048,686.0790622929107
DASH,2021-09-01,1721,1078299.6900000002,626.5541487507264
DASH,2021-10-01,1649,902980.5400000002,547.5928077622802
DASH,2021-11-01,2315,1494824.8200000005,645.7126652267821
DASH,2021-12-01,813,405143.58999999956,498.33159901598964
DASH,2022-01-01,1054,574636.9599999995,545.1963567362424
DASH,2022-02-01,4648,3393473.7600000007,730.0933218588642
DASH,2022-03-01,11624,944063.6499999983,81.2167627322779
DASH,2022-04-01,5071,355733.4899999997,70.15056004732789
DASH,2022-05-01,8401,396201.5099999998,47.16123199619091
DASH,2022-06-01,11223,491688.7000000005,43.81080816181061
DASH,2022-07-01,11400,333674.1099999998,29.26965877192981
DASH,2022-08-01,8089,249975.70999999892,30.903166027939044
DASH,2022-09-01,7234,261548.3900000006,36.15543129665477
DASH,2022-10-01,13666,432559.040000001,31.652205473437803
DASH,2022-11-01,438,130106.51000000001,297.0468264840183
DASH,2022-12-01,243,79864.98999999999,328.6625102880658
DASH,2023-01-01,381,253923.19,666.4650656167979
DASH,2023-02-01,326,109565.83000000002,336.0915030674847
DASH,2023-03-01,296,118704.94000000002,401.03020270270275
DASH,2023-04-01,274,183101.07,668.2520802919709
DASH,2023-05-01,454,267407.52,589.0033480176212
DASH,2023-06-01,293,60639.49999999999,206.9607508532423
DASH,2023-07-01,188,25124.49,133.64090425531916
DASH,2023-08-01,229,54588.119999999995,238.37606986899561
DASH,2023-09-01,188,38885.39,206.83718085106383
DASH,2023-10-01,318,103146.04,324.35861635220124
DASH,2023-11-01,340,104787.52,308.19858823529415
DASH,2023-12-01,450,185743.19,412.76264444444445
DASH,2024-01-01,408,391636.13,959.892475490196
DASH,2024-02-01,422,151977.18,360.1354976303317
DASH,2024-03-01,594,162926.21000000008,274.28654882154893
DASH,2024-04-01,318,119237.65999999997,374.9611949685534
DASH,2024-05-01,310,52039.58,167.8696129032258
DASH,2024-06-01,243,64335.530000000006,264.75526748971197
DASH,2024-07-01,272,45808.35,168.41305147058824
DASH,2024-08-01,234,38935.22000000001,166.38982905982908
DASH,2024-09-01,236,40633.24,172.17474576271186
DASH,2024-10-01,239,55078.32,230.45322175732218
DASH,2024-11-01,588,163291.52000000002,277.7066666666667
DASH,2024-12-01,1557,490525.17000000004,315.0450674373796
DASH,2025-01-01,414,169855.41,410.27876811594206
DASH,2025-02-01,330,82419.1,249.7548484848485
DASH,2025-03-01,337,70078.25000000001,207.94732937685464
DASH,2025-04-01,239,71881.84,300.7608368200837
DASH,2025-05-01,232,139468.83,601.1587499999999
DASH,2025-06-01,177,25096.520000000004,141.78824858757065
DASH,2025-07-01,330,63410.990000000005,192.15451515151517
DASH,2025-08-01,199,102935.90999999997,517.2658793969848
DASH,2025-09-01,190,271558.41,1429.254789473684
DASH,2025-10-01,584,367784.79000000015,629.7684760273975
DASH,2025-11-01,1560,1683377.8400000005,1079.0883589743594
DASH,2025-12-01,286,167821.58000000002,586.7887412587413
DASH,2026-01-01,1067,496051.2800000002,464.90279287722603
DASH,2026-02-01,277,297070.01,1072.4549097472925
DASH,2026-03-01,136,35375.82,260.1163235294118
DASH,2026-04-01,185,103533.81999999998,559.6422702702702
DASH,2026-05-01,232,150533.3,648.8504310344827
DASH,2026-06-01,240,187690.21999999997,782.0425833333333
DCR,2019-08-01,8069,138181.62999999995,17.125000619655466
DCR,2019-09-01,6283,77066.43999999997,12.265866624224092
DCR,2019-10-01,234,41949.850000000006,179.27286324786328
DCR,2019-11-01,309,68883.68999999999,222.92456310679609
DCR,2019-12-01,70,35970.62,513.866
DCR,2020-01-01,123,9444.019999999997,76.78065040650404
DCR,2020-02-01,143,23691.930000000004,165.6778321678322
DCR,2020-03-01,108,25801.54,238.90314814814815
DCR,2020-04-01,145,25693.25,177.19482758620688
DCR,2020-05-01,134,31629.309999999998,236.03962686567164
DCR,2020-06-01,1639,1156235.7200000002,705.4519341061624
DCR,2020-07-01,2045,1274140.7999999982,623.0517359413194
DCR,2020-08-01,2865,1850794.4199999974,646.0015427574161
DCR,2020-09-01,1097,729060.9000000015,664.5951686417517
DCR,2020-10-01,1913,1925907.8499999994,1006.7474385781492
DCR,2020-11-01,3944,3405343.5900000064,863.4238311359043
DCR,2020-12-01,5351,10406261.440000001,1944.7320949355262
DCR,2021-01-01,6546,8749698.870000014,1336.6481622364824
DCR,2021-02-01,9675,9559876.739999985,988.1009550387582
DCR,2021-03-01,4262,3882701.9400000074,911.0046785546709
DCR,2021-04-01,4751,3209122.5300000003,675.4625405177858
DCR,2021-05-01,4834,3893776.8199999994,805.4978940835746
DCR,2021-06-01,1836,1491123.0199999984,812.1585076252715
DCR,2021-07-01,1016,725459.8999999999,714.0353346456692
DCR,2021-08-01,1928,1245587.4699999965,646.0515923236496
DCR,2021-09-01,991,759340.9500000005,766.2370837537846
DCR,2021-10-01,1332,1340641.0199999998,1006.4872522522521
DCR,2021-11-01,772,569928.4799999997,738.2493264248701
DCR,2021-12-01,1502,1107199.619999999,737.150213049267
DCR,2022-01-01,6133,142016150.59000012,23156.0656432415
DCR,2022-02-01,9681,179114341.92999977,18501.636393967543
DCR,2022-03-01,9709,240621133.97000024,24783.307649603485
DCR,2022-04-01,12406,224548873.56000006,18100.02205062067
DCR,2022-05-01,15859,273108857.3699993,17221.064214010927
DCR,2022-06-01,16347,264318701.95999992,16169.248299993878
DCR,2022-07-01,14301,246007780.62000024,17202.13835535978
DCR,2022-08-01,22189,336138552.820001,15148.882456172023
DCR,2022-09-01,13445,203877713.2600001,15163.831406470816
DCR,2022-10-01,204,61901.45,303.43848039215686
DCR,2022-11-01,373,90865.24000000002,243.60654155495985
DCR,2022-12-01,275,71791.33,261.0593818181818
DCR,2023-01-01,307,96036.18000000001,312.8214332247557
DCR,2023-02-01,419,113676.29999999996,271.3038186157517
DCR,2023-03-01,410,131457.37,320.6277317073171
DCR,2023-04-01,805,336132.0800000001,417.5553788819877
DCR,2023-05-01,285,63981.12,224.49515789473685
DCR,2023-06-01,327,45161.170000000006,138.1075535168196
DCR,2023-07-01,216,38949.97,180.32393518518518
DCR,2023-08-01,55,13376.449999999999,243.2081818181818
DCR,2023-09-01,25,24256.370000000003,970.2548000000002
DCR,2023-10-01,504,99298.93000000001,197.02168650793652
DCR,2023-11-01,338,52076.060000000005,154.07118343195268
DCR,2023-12-01,982,189591.22999999992,193.0664256619144
DCR,2024-01-01,732,135732.26999999996,185.42659836065567
DCR,2024-02-01,206,51449.15,249.75315533980583
DCR,2024-03-01,573,125444.82,218.92638743455498
DCR,2024-04-01,288,131043.23000000007,455.01121527777804
DCR,2024-05-01,366,120436.95000000003,329.06270491803286
DCR,2024-06-01,246,54780.229999999996,222.68386178861786
DCR,2024-07-01,216,53178.06999999999,246.1947685185185
DCR,2024-08-01,350,75912.5000000001,216.89285714285742
DCR,2024-09-01,438,85533.57,195.28212328767125
DCR,2024-10-01,207,56049.389999999985,270.7699999999999
DCR,2024-11-01,562,142329.88000000003,253.2560142348755
DCR,2024-12-01,475,147286.24999999997,310.0763157894736
DCR,2025-01-01,244,61340.720000000016,251.396393442623
DCR,2025-02-01,218,49743.229999999996,228.17995412844036
DCR,2025-03-01,218,62040.87000000002,284.5911467889909
DCR,2025-04-01,291,89508.73000000001,307.5901374570447
DCR,2025-05-01,289,75824.12999999999,262.36723183391
DCR,2025-06-01,325,68170.52999999997,209.75547692307683
DCR,2025-07-01,200,44783.38000000001,223.91690000000006
DCR,2025-08-01,155,45622.130000000005,294.3363225806452
DCR,2025-09-01,21,16295.050000000001,775.954761904762
DCR,2025-10-01,123,140328.41,1140.8813821138212
DCR,2025-11-01,712,277295.45999999996,389.459915730337
DCR,2025-12-01,175,52188.959999999985,298.22262857142846
DCR,2026-01-01,131,44395.52,338.8970992366412
DCR,2026-02-01,99,174724.03000000003,1764.8891919191922
DCR,2026-03-01,54,24284.359999999993,449.71037037037024
DCR,2026-04-01,140,59041.68999999998,421.726357142857
DCR,2026-05-01,94,18805.869999999995,200.0624468085106
DCR,2026-06-01,111,71700.26,645.9482882882883
DGB,2019-08-01,7,372.93,53.27571428571429
DGB,2020-04-01,2,34677.9,17338.95
DGB,2020-05-01,1,9.47,9.47
DGB,2020-06-01,1,50634.09,50634.09
DGB,2020-07-01,1,20000.0,20000.0
DGB,2020-08-01,3564,1721391.049999993,482.9941217732865
DGB,2020-09-01,6926,3716955.8000000063,536.6670228125912
DGB,2020-10-01,4544,1997597.8899999922,439.6122117077448
DGB,2020-11-01,6308,2804460.5700000017,444.58791534559316
DGB,2020-12-01,6267,2769121.3100000015,441.85755704483825
DGB,2021-01-01,12700,4383983.059999982,345.19551653543164
DGB,2021-02-01,36287,17650363.410000294,486.4101030672223
DGB,2021-03-01,22842,10682172.360000202,467.65486209614755
DGB,2021-04-01,65069,43774337.08999998,672.7372034302045
DGB,2021-05-01,41095,26926962.710000023,655.2369560773823
DGB,2021-06-01,17519,10105864.430000035,576.8516713282742
DGB,2021-07-01,5958,2574580.5800000024,432.1216146357842
DGB,2021-08-01,14999,9217248.029999977,614.524170278017
DGB,2021-09-01,7602,4077096.250000015,536.3188963430696
DGB,2021-10-01,9285,4506705.930000011,485.3748982229414
DGB,2021-11-01,6874,2748904.780000008,399.8988623799837
DGB,2021-12-01,3068,1062712.1600000004,346.3859713168189
DGB,2022-01-01,1892,511849.6900000002,270.53366279069775
DGB,2022-02-01,1790,659276.1799999991,368.3107150837984
DGB,2022-03-01,4127,2004474.2500000007,485.69766173976274
DGB,2022-04-01,1838,616812.5100000005,335.5889608269861
DGB,2022-05-01,2470,704073.2100000001,285.04988259109314
DGB,2022-06-01,1794,357411.3400000001,199.22594202898554
DGB,2022-07-01,1430,339270.6599999994,237.25220979020938
DGB,2022-08-01,1330,300782.1999999998,226.1520300751878
DGB,2022-09-01,926,214778.45,231.9421706263499
DGB,2022-10-01,681,108689.47000000009,159.60274596182097
DGB,2022-11-01,850,177634.4700000001,208.9817294117648
DGB,2022-12-01,799,145148.09,181.66219023779723
DGB,2023-01-01,799,185591.4899999999,232.2797121401751
DGB,2023-02-01,762,205591.48999999993,269.80510498687653
DGB,2023-03-01,545,149015.54999999993,273.4230275229356
DGB,2023-04-01,575,141758.17999999996,246.53596521739124
DGB,2023-05-01,440,93850.83,213.2973409090909
DGB,2023-06-01,310,57107.72000000005,184.2184516129034
DGB,2023-07-01,260,47558.259999999995,182.9163846153846
DGB,2023-08-01,235,35448.249999999985,150.84361702127654
DGB,2023-09-01,233,35386.97,151.8754077253219
DGB,2023-10-01,299,49785.13999999999,166.50548494983275
DGB,2023-11-01,420,103555.17999999995,246.55995238095227
DGB,2023-12-01,741,116936.66999999991,157.80927125506062
DGB,2024-01-01,561,110730.8399999998,197.38117647058786
DGB,2024-02-01,899,207780.4899999999,231.1240155728586
DGB,2024-03-01,1208,160733.92000000007,133.05788079470204
DGB,2024-04-01,806,114714.65000000005,142.32586848635242
DGB,2024-05-01,556,69449.47000000007,124.90911870503611
DGB,2024-06-01,356,41591.27000000001,116.82941011235958
DGB,2024-07-01,207,22168.85000000001,107.09589371980681
DGB,2024-08-01,254,28204.25000000001,111.04035433070871
DGB,2024-09-01,368,64429.33000000003,175.07970108695662
DGB,2024-10-01,301,51767.88000000001,171.98631229235883
DGB,2024-11-01,1888,497940.2200000002,263.73952330508484
DGB,2024-12-01,1676,529929.7899999988,316.1872255369921
DGB,2025-01-01,1857,581420.219999998,313.0965105008067
DGB,2025-02-01,276,42216.41000000001,152.95800724637684
DGB,2025-03-01,392,58945.34000000001,150.37076530612248
DGB,2025-04-01,473,96012.70999999999,202.9867019027484
DGB,2025-05-01,302,56298.759999999995,186.41973509933774
DGB,2025-06-01,114,12970.749999999996,113.7785087719298
DGB,2025-07-01,176,28766.34999999999,163.4451704545454
DGB,2025-08-01,138,21876.609999999993,158.52615942028982
DGB,2025-09-01,139,19212.15,138.21690647482015
DGB,2025-10-01,72,8571.55,119.04930555555555
DGB,2025-11-01,383,102672.35999999996,268.0740469973889
DGB,2025-12-01,141,36682.81999999999,260.16184397163113
DGB,2026-01-01,218,34602.38000000001,158.72651376146794
DGB,2026-02-01,121,14562.090000000002,120.34785123966944
DGB,2026-03-01,123,10765.99,87.52837398373984
DGB,2026-04-01,90,10649.430000000004,118.32700000000004
DGB,2026-05-01,131,22138.600000000006,168.99694656488555
DGB,2026-06-01,184,24278.330000000005,131.94744565217394
DOGE,2019-08-01,1397,226603.64000000022,162.20732999284195
DOGE,2019-09-01,1268,183913.6399999999,145.04230283911664
DOGE,2019-10-01,1921,246221.08000000054,128.17338885996904
DOGE,2019-11-01,1752,203314.7899999999,116.04725456620999
DOGE,2019-12-01,1130,104366.18000000008,92.3594513274337
DOGE,2020-01-01,3964,505669.5699999999,127.56548183652873
DOGE,2020-02-01,3968,727535.3400000009,183.35064012096797
DOGE,2020-03-01,2015,259592.5700000003,128.83005955335003
DOGE,2020-04-01,3334,545920.1200000005,163.74328734253163
DOGE,2020-05-01,4437,833487.4199999953,187.84931710615174
DOGE,2020-06-01,3313,527916.2300000007,159.346884998491
DOGE,2020-07-01,16216,5410278.0800000345,333.6382634435147
DOGE,2020-08-01,6947,1497767.6600000027,215.5992025334681
DOGE,2020-09-01,3715,672101.1900000003,180.91552893674302
DOGE,2020-10-01,3399,533069.5300000001,156.8312827302148
DOGE,2020-11-01,4610,835808.8900000001,181.3034468546638
DOGE,2020-12-01,8420,1553002.9900000056,184.44216033254224
DOGE,2021-01-01,89556,91007619.82000017,1016.2090738755658
DOGE,2021-02-01,110739,121069102.01000033,1093.2833239418844
DOGE,2021-03-01,29306,37280334.8600003,1272.105877977216
DOGE,2021-04-01,331257,368730930.09999347,1113.1264549881014
DOGE,2021-05-01,561700,694856536.6300055,1237.0598836211598
DOGE,2021-06-01,114335,88694782.14999981,775.7448038658313
DOGE,2021-07-01,44114,33193185.49000007,752.4410729020282
DOGE,2021-08-01,100113,73589129.4399999,735.0606758363039
DOGE,2021-09-01,52069,22828102.980000097,438.4202304634254
DOGE,2021-10-01,78616,48019766.64000002,610.8141681082734
DOGE,2021-11-01,84881,41792710.67000032,492.3682646293083
DOGE,2021-12-01,86026,33598296.6800003,390.5597921558633
DOGE,2022-01-01,78203,20693808.21000009,264.61655192256165
DOGE,2022-02-01,51594,45998973.94000007,891.556652711557
DOGE,2022-03-01,44019,11114801.590000084,252.5000929144252
DOGE,2022-04-01,61154,15810703.090000123,258.53914854302457
DOGE,2022-05-01,47850,25240987.269999515,527.502346290481
DOGE,2022-06-01,32955,4984384.439999993,151.24820027309946
DOGE,2022-07-01,25800,3611421.819999999,139.97758992248058
DOGE,2022-08-01,26999,4494624.109999988,166.47372532315967
DOGE,2022-09-01,25905,2908661.2799999984,112.28184829183549
DOGE,2022-10-01,52274,22065582.050000027,422.1139007919812
DOGE,2022-11-01,80776,34342470.21000027,425.1568561206332
DOGE,2022-12-01,35921,14059915.149999902,391.41213078700207
DOGE,2023-01-01,29849,7949579.290000012,266.3264863144498
DOGE,2023-02-01,24223,7276310.480000003,300.3884935804815
DOGE,2023-03-01,21554,4636647.609999993,215.11773267142956
DOGE,2023-04-01,35915,11277707.930000002,314.01107977168317
DOGE,2023-05-01,19683,3545556.7799999868,180.13294619722535
DOGE,2023-06-01,19369,5872938.980000039,303.21332954721663
DOGE,2023-07-01,26271,9041765.84000004,344.17288416885697
DOGE,2023-08-01,23936,4785761.019999985,199.93988218582822
DOGE,2023-09-01,16838,2880596.2399999946,171.07710179356187
DOGE,2023-10-01,20488,5180345.569999987,252.84779236626255
DOGE,2023-11-01,30985,9514586.100000072,307.07071486203233
DOGE,2023-12-01,39947,11110524.240000065,278.13163041029526
DOGE,2024-01-01,30478,8374243.5699999835,274.7635530546618
DOGE,2024-02-01,61910,16675183.350000119,269.3455556452935
DOGE,2024-03-01,205385,77188089.77000076,375.8214561433442
DOGE,2024-04-01,108206,35664010.300000235,329.59364822653305
DOGE,2024-05-01,90949,35681073.64000024,392.31958174361716
DOGE,2024-06-01,54906,16726478.060000129,304.6384376935149
DOGE,2024-07-01,59248,30823563.720000163,520.2464846070781
DOGE,2024-08-01,48067,88426704.06999972,1839.6551494788466
DOGE,2024-09-01,46267,13821592.159999935,298.73543043637875
DOGE,2024-10-01,78241,29992615.70999998,383.33630334479335
DOGE,2024-11-01,372515,291836049.5300021,783.420934808
DOGE,2024-12-01,373115,164892976.5599984,441.9360694691942
DOGE,2025-01-01,284786,110935064.43999748,389.53833559233067
DOGE,2025-02-01,96195,42425035.77000027,441.03161047871794
DOGE,2025-03-01,63369,20650794.979999892,325.8816610645567
DOGE,2025-04-01,55602,16617473.070000142,298.8646644005637
DOGE,2025-05-01,69773,31734900.680000044,454.83067490290006
DOGE,2025-06-01,35650,20064707.440000027,562.8248931276305
DOGE,2025-07-01,71391,43337880.469999894,607.0496346878443
DOGE,2025-08-01,99995,36252812.15000085,362.5462488124491
DOGE,2025-09-01,111104,40959249.95000046,368.65684358799376
DOGE,2025-10-01,83947,42966633.14000054,511.8304780397219
DOGE,2025-11-01,59663,16882267.220000587,282.9604146623634
DOGE,2025-12-01,57684,244131883.30000213,4232.228751473583
DOGE,2026-01-01,56848,73452698.00000036,1292.089396284836
DOGE,2026-02-01,44123,17112549.530000236,387.8373984089984
DOGE,2026-03-01,34637,11139554.49000036,321.60852527644886
DOGE,2026-04-01,27278,5398767.510000025,197.9165448346662
DOGE,2026-05-01,25453,6072341.900000015,238.5707735826824
DOGE,2026-06-01,21673,6131431.640000017,282.90645688183537
EOS,2019-08-01,699,118991.08999999992,170.23045779685253
EOS,2019-09-01,658,466455.9300000002,708.8995896656538
EOS,2019-10-01,899,561582.6600000006,624.6748164627371
EOS,2019-11-01,904,544666.12,602.5067699115044
EOS,2019-12-01,299,249814.8099999999,835.5010367892974
EOS,2020-01-01,1577,1010211.6700000011,640.5907863031078
EOS,2020-02-01,1554,1035590.77,666.4033268983269
EOS,2020-03-01,965,665848.9099999999,689.9988704663211
EOS,2020-04-01,1597,772411.2899999988,483.6639261114582
EOS,2020-05-01,5718,3045963.0899999947,532.6972875131155
EOS,2020-06-01,3548,1977796.8500000034,557.4399239007902
EOS,2020-07-01,4876,2720854.750000003,558.0095877768669
EOS,2020-08-01,9401,5885922.079999972,626.0953175194098
EOS,2020-09-01,5016,2989514.8300000015,595.9957795055824
EOS,2020-10-01,4096,2540116.100000001,620.1455322265628
EOS,2020-11-01,9669,6699629.379999967,692.89785706898
EOS,2020-12-01,7969,5520053.909999956,692.6909160496871
EOS,2021-01-01,20076,10022457.28999988,499.22580643553897
EOS,2021-02-01,26303,15633632.359999828,594.3668919895003
EOS,2021-03-01,14867,8160833.139999961,548.9226568910984
EOS,2021-04-01,39990,25191471.43999992,629.944272068015
EOS,2021-05-01,90735,69262913.76000063,763.353874028772
EOS,2021-06-01,15604,7510564.789999971,481.32304473211815
EOS,2021-07-01,10130,4233803.2799999975,417.9470167818359
EOS,2021-08-01,18010,10928467.809999952,606.7999894503027
EOS,2021-09-01,14997,8763916.179999886,584.3779542575106
EOS,2021-10-01,13056,8938253.90999991,684.6089085477873
EOS,2021-11-01,8196,4815499.679999983,587.5426647144928
EOS,2021-12-01,5903,2420445.580000002,410.0365204133495
EOS,2022-01-01,4273,1499487.8899999997,350.9215750058506
EOS,2022-02-01,3405,741168.6100000001,217.67066372980912
EOS,2022-03-01,3433,923251.1100000002,268.93420040780666
EOS,2022-04-01,2941,587063.1600000006,199.61345120707264
EOS,2022-05-01,4488,550386.6500000012,122.63517156862771
EOS,2022-06-01,2369,228353.65999999992,96.39242718446599
EOS,2022-07-01,2786,323981.6600000002,116.28918162239778
EOS,2022-08-01,4914,1240193.4799999995,252.37962555962545
EOS,2022-09-01,4367,686693.1499999998,157.2459697732997
EOS,2022-10-01,1980,229460.9299999998,115.88935858585847
EOS,2022-11-01,1470,164207.93999999997,111.70608163265304
EOS,2022-12-01,1257,114610.87000000001,91.17809864757359
EOS,2023-01-01,1907,164465.70999999996,86.24316203460931
EOS,2023-02-01,2030,299464.84999999986,147.51963054187186
EOS,2023-03-01,3310,576702.7100000004,174.23042598187325
EOS,2023-04-01,1606,267803.01999999996,166.75156911581567
EOS,2023-05-01,1058,114483.09000000001,108.20707939508507
EOS,2023-06-01,2346,199915.12000000008,85.21531116794547
EOS,2023-07-01,2021,133644.12000000005,66.12771895101437
EOS,2023-08-01,1480,124005.61000000002,83.78757432432434
EOS,2023-09-01,1334,56510.589999999975,42.36176161919039
EOS,2023-10-01,1457,100002.40999999999,68.63583390528483
EOS,2023-11-01,1937,237772.0199999999,122.75272070211662
EOS,2023-12-01,2984,336844.25,112.88346179624665
EOS,2024-01-01,9843,245552.8700000001,24.946954180635995
EOS,2024-02-01,6274,511314.3900000005,81.49735256614608
EOS,2024-03-01,9238,1595059.0699999996,172.66281337951932
EOS,2024-04-01,6038,699671.0399999984,115.87794633984737
EOS,2024-05-01,3038,462889.44999999966,152.36650757077012
EOS,2024-06-01,2105,336716.6700000001,159.96041330166275
EOS,2024-07-01,3249,279639.4099999999,86.06937827023697
EOS,2024-08-01,2862,283991.15,99.22821453529002
EOS,2024-09-01,1327,90128.90999999999,67.91929917106253
EOS,2024-10-01,1968,256658.13000000012,130.4157164634147
EOS,2024-11-01,4871,959715.3299999998,197.02634571956474
EOS,2024-12-01,6954,2069044.8499999994,297.5330529191831
EOS,2025-01-01,3953,707945.0900000008,179.09058689602853
EOS,2025-02-01,1948,263677.9700000001,135.35830082135527
EOS,2025-03-01,1954,213856.71999999994,109.44560900716476
EOS,2025-04-01,3012,417015.5400000001,138.45137450199206
EOS,2025-05-01,1978,266767.63,134.86735591506573
EOS,2025-06-01,522,67770.51999999999,129.8285823754789
EOS,2025-07-01,729,61865.94000000006,84.86411522633753
EOS,2025-08-01,305,41409.55999999999,135.76904918032784
EOS,2025-09-01,14,2220.92,158.63714285714286
EOS,2025-10-01,8,1511.68,188.96
EOS,2025-11-01,11,781.0799999999999,71.00727272727272
EOS,2025-12-01,1,150.0,150.0
ETC,2019-08-01,13,972.03,74.77153846153846
ETC,2019-09-01,6,897.14,149.52333333333334
ETC,2019-11-01,8,135.51000000000002,16.938750000000002
ETC,2019-12-01,2,12.899999999999999,6.449999999999999
ETC,2020-01-01,6,78599.23,13099.871666666666
ETC,2020-02-01,1110,903952.2300000002,814.3713783783786
ETC,2020-03-01,1968,1615611.3399999982,820.9407215447145
ETC,2020-04-01,816,448907.31000000035,550.1315073529416
ETC,2020-05-01,2429,1785267.3999999953,734.9804034582113
ETC,2020-06-01,751,529575.4600000004,705.1603994673774
ETC,2020-07-01,859,480178.1900000005,558.9967287543661
ETC,2020-08-01,1350,742834.0599999991,550.2474518518512
ETC,2020-09-01,580,352225.80999999994,607.2858793103447
ETC,2020-10-01,563,228606.16000000015,406.0500177619896
ETC,2020-11-01,1390,644611.7999999998,463.7494964028776
ETC,2020-12-01,1054,535644.8799999994,508.2019734345346
ETC,2021-01-01,3009,1843052.310000002,612.5132303090734
ETC,2021-02-01,6914,5505447.910000015,796.2753702632361
ETC,2021-03-01,3574,2211676.690000001,618.8239199776164
ETC,2021-04-01,16948,18858159.790000062,1112.7070916922387
ETC,2021-05-01,53113,93487047.37000024,1760.1537734641283
ETC,2021-06-01,4825,5441897.440000003,1127.8543917098452
ETC,2021-07-01,3194,3375986.429999993,1056.9775923606742
ETC,2021-08-01,4560,5176176.310000015,1135.1263837719332
ETC,2021-09-01,2035,1493613.049999999,733.9621867321863
ETC,2021-10-01,1952,1560735.1199999999,799.5569262295081
ETC,2021-11-01,1783,1350596.9300000006,757.485659001683
ETC,2021-12-01,844,383831.3299999998,454.7764573459713
ETC,2022-01-01,730,329471.67000000057,451.3310547945213
ETC,2022-02-01,933,355605.44999999984,381.14196141479084
ETC,2022-03-01,2564,1610311.27,628.0465171606864
ETC,2022-04-01,763,246589.68999999997,323.1843905635648
ETC,2022-05-01,742,245235.15000000014,330.50559299191394
ETC,2022-06-01,511,116172.43000000004,227.34330724070458
ETC,2022-07-01,5564,3070231.8000000007,551.8029834651331
ETC,2022-08-01,5999,3656486.2200000067,609.5159559926666
ETC,2022-09-01,4638,2660806.6400000053,573.696990081933
ETC,2022-10-01,1108,451019.2900000004,407.0571209386285
ETC,2022-11-01,1458,577354.03,395.99041838134434
ETC,2022-12-01,286,46508.979999999996,162.61881118881118
ETC,2023-01-01,683,224324.68999999994,328.44024890190326
ETC,2023-02-01,416,107230.48000000003,257.765576923077
ETC,2023-03-01,439,107576.44000000009,245.0488382687929
ETC,2023-04-01,331,74790.76,225.95395770392747
ETC,2023-05-01,271,68076.54999999999,251.20498154981544
ETC,2023-06-01,304,80539.01,264.9309539473684
ETC,2023-07-01,345,55456.069999999985,160.74223188405793
ETC,2023-08-01,157,25744.29,163.9763694267516
ETC,2023-09-01,202,30305.95,150.02945544554456
ETC,2023-10-01,219,51935.90999999999,237.1502739726027
ETC,2023-11-01,442,65566.73,148.3410180995475
ETC,2023-12-01,653,132836.47,203.42491577335375
ETC,2024-01-01,748,185293.40999999997,247.7184625668449
ETC,2024-02-01,3749,1758617.6699999925,469.08980261402843
ETC,2024-03-01,8278,2323266.049999992,280.65547837641844
ETC,2024-04-01,4581,894592.9699999995,195.2833376991922
ETC,2024-05-01,3871,727217.7599999994,187.86302247481257
ETC,2024-06-01,2949,455131.1700000003,154.33406917599194
ETC,2024-07-01,2815,685934.3899999975,243.6711865008872
ETC,2024-08-01,2076,368374.18000000005,177.44421001926784
ETC,2024-09-01,1696,248446.56000000006,146.48971698113212
ETC,2024-10-01,2001,384210.9900000002,192.00949025487267
ETC,2024-11-01,7058,1946382.829999997,275.76974071975025
ETC,2024-12-01,10767,5100886.889999987,473.7519169685137
ETC,2025-01-01,4684,1134110.5100000012,242.1243616567039
ETC,2025-02-01,2278,312227.0199999999,137.0619051799824
ETC,2025-03-01,2128,263273.2799999999,123.7186466165413
ETC,2025-04-01,1907,286345.0800000001,150.1547351861563
ETC,2025-05-01,45497,14068356.880000073,309.21504450843076
ETC,2025-06-01,16002,2933192.529999955,183.3016204224444
ETC,2025-07-01,37409,21040182.0400006,562.4363666497527
ETC,2025-08-01,25885,13435827.140000207,519.0584176163882
ETC,2025-09-01,15686,9275284.540000059,591.3097373454073
ETC,2025-10-01,18833,11525526.970000168,611.9857149684154
ETC,2025-11-01,16608,10175093.920000035,612.6622061657054
ETC,2025-12-01,994,359180.57000000024,361.34866197183123
ETC,2026-01-01,8776,2359851.0699999877,268.8982531905182
ETC,2026-02-01,7404,1525809.4899999737,206.07907752565825
ETC,2026-03-01,7755,1526182.4799999772,196.79980399741808
ETC,2026-04-01,7688,2442403.579999996,317.6903720083241
ETC,2026-05-01,7899,1344316.4599999895,170.18818331434227
ETC,2026-06-01,7542,1374520.619999979,182.24882259347373
ETH,2019-08-01,67935,30053333.100000065,442.38364760432864
ETH,2019-09-01,65717,29727721.47000006,452.3596857738494
ETH,2019-10-01,49856,24631908.089999862,494.0610576460178
ETH,2019-11-01,38283,19589878.659999847,511.7122132539207
ETH,2019-12-01,29514,12806084.510000259,433.8986416615931
ETH,2020-01-01,51229,26052891.82999976,508.55749341192995
ETH,2020-02-01,95610,84364489.20000127,882.3814370881839
ETH,2020-03-01,93773,74764107.71000016,797.2882141981185
ETH,2020-04-01,134671,163608125.68000078,1214.872731917048
ETH,2020-05-01,164542,106422530.50000027,646.7803387584948
ETH,2020-06-01,69299,49180424.14999996,709.6844709158856
ETH,2020-07-01,95612,82571201.32000022,863.6070924151803
ETH,2020-08-01,148239,219748779.58000258,1482.395183318847
ETH,2020-09-01,182140,176276255.53000036,967.8063881080507
ETH,2020-10-01,82154,102464773.10000013,1247.228048542982
ETH,2020-11-01,187275,268411338.77000254,1433.2470365505408
ETH,2020-12-01,196485,256059322.27000043,1303.200357635445
ETH,2021-01-01,765633,1600727829.7800438,2090.7247072423
ETH,2021-02-01,712483,1669961402.6001878,2343.8614010442184
ETH,2021-03-01,463158,994364848.980056,2146.9236178152078
ETH,2021-04-01,691422,1596674274.4201484,2309.2616006146004
ETH,2021-05-01,1077773,3488066867.3807344,3236.3650484663603
ETH,2021-06-01,360074,1061928154.3199878,2949.194205413298
ETH,2021-07-01,290156,744441143.9899769,2565.6582803387723
ETH,2021-08-01,506922,1419152024.4100013,2799.5471185113315
ETH,2021-09-01,441258,1533351940.3100204,3474.955559581969
ETH,2021-10-01,535486,1625216319.7100654,3035.0304577711936
ETH,2021-11-01,426228,1336195514.750006,3134.9313389782133
ETH,2021-12-01,1074002,1285141305.0700808,1196.5911656310516
ETH,2022-01-01,1024140,1022908288.2500497,998.7973209229692
ETH,2022-02-01,768981,913046479.8200374,1187.3459549976362
ETH,2022-03-01,739118,607428963.8900429,821.8294831001855
ETH,2022-04-01,625811,434352399.5500262,694.063222842082
ETH,2022-05-01,669301,689536320.3998474,1030.2335128736509
ETH,2022-06-01,897378,615268905.2900345,685.629584511805
ETH,2022-07-01,1781869,670562903.9899586,376.32559070838465
ETH,2022-08-01,1488412,642233907.7199559,431.48933744148525
ETH,2022-09-01,1221190,527360241.5599885,431.8412708587431
ETH,2022-10-01,774262,288544637.00999945,372.67053918440973
ETH,2022-11-01,834972,498960845.80000734,597.577937703309
ETH,2022-12-01,319379,178050626.72000116,557.4900877014493
ETH,2023-01-01,771368,271973314.3400007,352.585684575975
ETH,2023-02-01,607454,240753945.81000295,396.3328018417904
ETH,2023-03-01,820275,364155182.7900068,443.94280307214876
ETH,2023-04-01,645273,277166782.8000018,429.5341395037477
ETH,2023-05-01,473126,199161611.2400026,420.94835464549107
ETH,2023-06-01,440762,232533325.45000106,527.5711732182018
ETH,2023-07-01,447886,164948433.8900011,368.28218316714765
ETH,2023-08-01,535246,272272120.86000407,508.68595161851573
ETH,2023-09-01,483644,138733050.4100024,286.8495223966438
ETH,2023-10-01,600541,243458129.55000713,405.3980153728174
ETH,2023-11-01,691414,360463102.500009,521.3419203256067
ETH,2023-12-01,767078,402423828.0200031,524.6191756509809
ETH,2024-01-01,978430,566395835.0500016,578.8823268399391
ETH,2024-02-01,1108732,723043323.9900787,652.1353437891922
ETH,2024-03-01,2081532,1783609076.1500683,856.8732434332348
ETH,2024-04-01,1623240,1192886512.979963,734.8799394913649
ETH,2024-05-01,1105158,845784492.6900213,765.3064020619869
ETH,2024-06-01,1088338,718001218.4500321,659.7226398876379
ETH,2024-07-01,1051364,869282779.660027,826.8142904455802
ETH,2024-08-01,1031151,1276871643.5900018,1238.2974400354574
ETH,2024-09-01,845581,909809653.9600234,1075.9580146195615
ETH,2024-10-01,949417,1026375893.1400317,1081.0591058934394
ETH,2024-11-01,2175664,1992853710.1100395,915.9749437918904
ETH,2024-12-01,2552856,2270612053.1300464,889.43992654895
ETH,2025-01-01,1804671,1427396029.3400505,790.9452910475375
ETH,2025-02-01,1191346,1216391555.5700047,1021.0229065023971
ETH,2025-03-01,1214615,1086468462.259983,894.496167312262
ETH,2025-04-01,882226,864680253.9300078,980.1119598946391
ETH,2025-05-01,1251504,1586940952.700006,1268.02707198699
ETH,2025-06-01,894939,1254341719.560089,1401.5946556805427
ETH,2025-07-01,1281276,2136917221.8999388,1667.8039875092788
ETH,2025-08-01,1431179,2740626885.60994,1914.9434736045876
ETH,2025-09-01,955000,1238815490.3200088,1297.1889950994855
ETH,2025-10-01,1077096,1597323430.6299543,1482.9907739235448
ETH,2025-11-01,928414,1144412315.1399176,1232.6530137847099
ETH,2025-12-01,557324,616520161.5800058,1106.2149872964483
ETH,2026-01-01,792699,728472793.1900127,918.977812751136
ETH,2026-02-01,709242,747024309.3299875,1053.2713930223922
ETH,2026-03-01,659747,656953717.1499786,995.7661302741485
ETH,2026-04-01,606905,543256521.9400065,895.1261267249512
ETH,2026-05-01,518159,386160312.100003,745.2544722758902
ETH,2026-06-01,499516,417892314.439996,836.594452309828
FIL,2021-02-01,7,14230.94,2032.9914285714287
FIL,2021-03-01,64,32895.09,513.98578125
FIL,2021-04-01,36,92512.01000000001,2569.778055555556
FIL,2021-05-01,4,43219.880000000005,10804.970000000001
FIL,2021-06-01,14,17600.06,1257.1471428571429
FIL,2021-07-01,925,423866.68,458.23424864864865
FIL,2021-08-01,1886,1179801.3599999992,625.5574549310707
FIL,2021-09-01,3933,5025161.480000009,1277.6917060767885
FIL,2021-10-01,2078,2311016.130000001,1112.134807507219
FIL,2021-11-01,1097,1014167.4999999998,924.4917958067455
FIL,2021-12-01,11799,4665465.079999991,395.411906093736
FIL,2022-01-01,6946,2591183.6099999915,373.04687733947475
FIL,2022-02-01,3711,43318875.330000006,11673.10033144705
FIL,2022-03-01,6949,4478815.250000011,644.5265865592188
FIL,2022-04-01,5823,1690918.6399999978,290.3861652069376
FIL,2022-05-01,3735,1423361.1899999995,381.0873333333332
FIL,2022-06-01,2453,589248.2699999983,240.2153567060735
FIL,2022-07-01,4862,1271204.7399999974,261.45716577540054
FIL,2022-08-01,8637,3138483.380000015,363.3765636216296
FIL,2022-09-01,2820,865211.3699999984,306.8125425531909
FIL,2022-10-01,1195,202731.50000000023,169.64979079497928
FIL,2022-11-01,1418,300651.7399999999,212.02520451339907
FIL,2022-12-01,1848,219849.85000000006,118.96636904761908
FIL,2023-01-01,1996,667447.3999999994,334.3924849699396
FIL,2023-02-01,5090,1692530.0999999987,332.5206483300587
FIL,2023-03-01,3469,1136862.139999999,327.7204208705676
FIL,2023-04-01,1256,335326.84000000014,266.9799681528664
FIL,2023-05-01,972,243945.86000000004,250.97310699588482
FIL,2023-06-01,1978,518623.59999999957,262.19595551061656
FIL,2023-07-01,1806,561327.0299999994,310.81230897009937
FIL,2023-08-01,1170,312435.0100000001,267.0384700854702
FIL,2023-09-01,907,164832.61999999997,181.73386990077174
FIL,2023-10-01,1201,319557.1,266.0758534554538
FIL,2023-11-01,1815,473778.0999999999,261.03476584022036
FIL,2023-12-01,3460,1156187.6699999983,334.1582861271671
FIL,2024-01-01,4760,1217394.6899999992,255.75518697478975
FIL,2024-02-01,7956,2597029.0799999973,326.4239668174959
FIL,2024-03-01,14902,6965433.209999994,467.41599852368773
FIL,2024-04-01,9402,2846592.64,302.76458625824296
FIL,2024-05-01,5494,1529974.3499999999,278.4809519475792
FIL,2024-06-01,4480,1938675.4200000004,432.74004910714297
FIL,2024-07-01,3868,1028413.1199999984,265.87722854188166
FIL,2024-08-01,3815,629710.1200000007,165.06163040629113
FIL,2024-09-01,2003,644169.0400000002,321.60211682476296
FIL,2024-10-01,2320,374133.8100000001,161.26457327586212
FIL,2024-11-01,5783,1799450.0199999982,311.1620300881892
FIL,2024-12-01,7798,3571209.829999999,457.9648409848678
FIL,2025-01-01,4773,1159908.4599999993,243.01455269222694
FIL,2025-02-01,2981,702959.5899999995,235.81334786984218
FIL,2025-03-01,2055,980928.3099999992,477.3373771289534
FIL,2025-04-01,1675,1323633.6,790.2290149253732
FIL,2025-05-01,2002,187041.2800000003,93.42721278721294
FIL,2025-06-01,1498,171390.00000000006,114.41255006675571
FIL,2025-07-01,2106,429190.9300000001,203.7943637226971
FIL,2025-08-01,1580,232642.67,147.24219620253166
FIL,2025-09-01,1400,212990.5000000002,152.13607142857157
FIL,2025-10-01,1716,233405.4499999998,136.01716200466188
FIL,2025-11-01,3659,990677.7299999993,270.7509510795297
FIL,2025-12-01,1667,203098.13000000015,121.83451109778053
FIL,2026-01-01,2106,214402.6399999998,101.80562203228861
FIL,2026-02-01,1337,62366.57000000001,46.64664921465969
FIL,2026-03-01,1107,46323.50000000003,41.84598012646796
FIL,2026-04-01,777,50778.69999999999,65.35225225225224
FIL,2026-05-01,1153,70621.57999999999,61.25028620988724
FIL,2026-06-01,1227,135994.45999999985,110.83493072534625
ICP,2021-05-01,36,206895.45,5747.095833333334
ICP,2021-06-01,34,14624.25,430.125
ICP,2021-07-01,31,78574.98999999999,2534.677096774193
ICP,2021-08-01,125,334944.1,2679.5528
ICP,2021-09-01,73,67901.94,930.1635616438357
ICP,2021-10-01,3027,2023494.079999998,668.481691443673
ICP,2021-11-01,2177,1542806.1299999978,708.6844878272842
ICP,2021-12-01,16026,7340101.510000103,458.012074753532
ICP,2022-01-01,38506,23938292.440000203,621.6769448917105
ICP,2022-02-01,7444,3075309.710000006,413.1259685652883
ICP,2022-03-01,6705,2703935.9100000025,403.271574944072
ICP,2022-04-01,4805,1351869.0399999984,281.34631425598303
ICP,2022-05-01,9352,1922022.8200000003,205.5199764756202
ICP,2022-06-01,5682,1891476.3800000001,332.8891904259064
ICP,2022-07-01,4911,1186694.7399999988,241.64014253716124
ICP,2022-08-01,3361,870696.8299999995,259.0588604581968
ICP,2022-09-01,1819,380289.7200000002,209.0652666300166
ICP,2022-10-01,1758,281845.51999999984,160.321683731513
ICP,2022-11-01,2131,320869.6599999999,150.57234162365083
ICP,2022-12-01,1668,177130.4899999999,106.1933393285371
ICP,2023-01-01,3007,439138.17999999906,146.0386365147985
ICP,2023-02-01,5122,1071773.4399999997,209.24901210464657
ICP,2023-03-01,2767,485035.25000000035,175.29282616552234
ICP,2023-04-01,3374,882772.7,261.63980438648485
ICP,2023-05-01,2644,507050.22999999975,191.77391452344924
ICP,2023-06-01,2166,272817.5800000005,125.95456140350899
ICP,2023-07-01,2288,266459.59000000055,116.45961101398625
ICP,2023-08-01,1934,206302.6100000003,106.67146328852135
ICP,2023-09-01,1708,112050.6400000001,65.60341920374714
ICP,2023-10-01,1822,237708.10000000024,130.4654774972559
ICP,2023-11-01,2680,503802.43000000005,187.9859813432836
ICP,2023-12-01,10895,3635538.3299999973,333.6886948141347
ICP,2024-01-01,10874,3928138.3499999987,361.241341732573
ICP,2024-02-01,8756,2709732.829999991,309.4715429419816
ICP,2024-03-01,20557,8460392.299999999,411.5577321593617
ICP,2024-04-01,15484,5316647.140000004,343.3639330922245
ICP,2024-05-01,7954,2515441.6799999876,316.2486396781478
ICP,2024-06-01,5346,1960837.529999999,366.7859203142535
ICP,2024-07-01,6713,1955210.8399999912,291.25738715924194
ICP,2024-08-01,4141,1078381.389999998,260.41569427674426
ICP,2024-09-01,3532,1048774.8499999992,296.93512174405413
ICP,2024-10-01,4292,996576.3300000005,232.1939259086674
ICP,2024-11-01,9318,4211609.169999994,451.986388710023
ICP,2024-12-01,7972,4350710.299999995,545.7489086803807
ICP,2025-01-01,5343,2010169.1700000043,376.22481190342586
ICP,2025-02-01,2806,942300.9600000003,335.81645046329305
ICP,2025-03-01,2904,842857.4099999985,290.2401549586772
ICP,2025-04-01,1651,359228.0200000001,217.58208358570567
ICP,2025-05-01,2084,697798.6199999994,334.83619001919357
ICP,2025-06-01,1675,412820.96000000037,246.4602746268659
ICP,2025-07-01,2183,532343.8099999996,243.85882272102592
ICP,2025-08-01,1725,486887.35999999964,282.2535420289853
ICP,2025-09-01,1392,355253.77999999985,255.2110488505746
ICP,2025-10-01,2283,344637.8599999992,150.95832676303073
ICP,2025-11-01,9527,2849143.81999999,299.0599160281295
ICP,2025-12-01,2790,916811.2899999999,328.60619713261644
ICP,2026-01-01,3686,1408534.479999995,382.13089527943436
ICP,2026-02-01,2328,407146.2699999993,174.89100945017154
ICP,2026-03-01,1485,259244.42999999996,174.57537373737372
ICP,2026-04-01,1019,190080.2199999998,186.53603532875348
ICP,2026-05-01,1717,245431.09000000005,142.94181129877697
ICP,2026-06-01,1577,294534.47,186.7688459099556
IMOB01,2020-10-01,49,500799.99999999994,10220.408163265305
IMOB01,2021-08-01,58,1112690.83,19184.324655172415
IOTA,2019-08-01,763,197646.4000000002,259.038532110092
IOTA,2019-09-01,537,400919.7200000001,746.5916573556799
IOTA,2019-10-01,876,441680.0600000002,504.20098173516004
IOTA,2019-11-01,579,224197.1400000002,387.21440414507805
IOTA,2019-12-01,623,236401.75000000017,379.4570626003213
IOTA,2020-01-01,1466,735743.2300000003,501.8712346521148
IOTA,2020-02-01,2932,1442372.0400000003,491.9413506139155
IOTA,2020-03-01,1201,418552.1600000012,348.5030474604506
IOTA,2020-04-01,1757,647546.0199999977,368.55208878770503
IOTA,2020-05-01,3323,1215976.8499999978,365.9274300331019
IOTA,2020-06-01,2609,649604.54,248.98602529704868
IOTA,2020-07-01,3637,1075176.9600000023,295.6219301622222
IOTA,2020-08-01,6866,3413244.469999987,497.1227017186116
IOTA,2020-09-01,2246,1106136.8800000004,492.49193232413194
IOTA,2020-10-01,1412,732461.5,518.7404390934844
IOTA,2020-11-01,3154,1529768.4499999997,485.0248731769181
IOTA,2020-12-01,2521,833841.0700000012,330.7580602935348
IOTA,2021-01-01,9688,5140939.889999999,530.6502776630882
IOTA,2021-02-01,30664,21501743.239999942,701.2047756326618
IOTA,2021-03-01,17330,15307265.0799999,883.2813087132083
IOTA,2021-04-01,22525,18857223.840000022,837.1686499445071
IOTA,2021-05-01,15570,12043842.579999981,773.5287463069994
IOTA,2021-06-01,5631,3582161.7899999977,636.1502024507188
IOTA,2021-07-01,3607,2067150.9000000018,573.094233434988
IOTA,2021-08-01,6882,4665399.649999983,677.9133464109245
IOTA,2021-09-01,14346,12941700.439999998,902.11211766346
IOTA,2021-10-01,8688,8937780.70000001,1028.7500805709035
IOTA,2021-11-01,5197,4852836.059999998,933.7764210121219
IOTA,2021-12-01,2768,2102351.5599999987,759.5200722543348
IOTA,2022-01-01,1244,978792.9600000003,786.8110610932479
IOTA,2022-02-01,667,300914.39999999997,451.1460269865067
IOTA,2022-03-01,802,594360.2900000005,741.097618453866
IOTA,2022-04-01,557,298287.4700000001,535.5250807899463
IOTA,2022-05-01,981,416492.11000000004,424.5587257900102
IOTA,2022-06-01,454,113170.97000000003,249.27526431718067
IOTA,2022-07-01,725,209157.63,288.4932827586207
IOTA,2022-08-01,306,72118.10000000005,235.68006535947728
IOTA,2022-09-01,440,148439.43000000008,337.3623409090911
IOTA,2022-10-01,432,154336.63999999998,357.2607407407407
IOTA,2022-11-01,272,70766.03999999998,260.16926470588226
IOTA,2022-12-01,167,32952.960000000014,197.32311377245517
IOTA,2023-01-01,549,122740.62000000001,223.5712568306011
IOTA,2023-02-01,277,58409.269999999975,210.86379061371832
IOTA,2023-03-01,401,70560.93999999997,175.96244389027424
IOTA,2023-04-01,221,34829.53000000001,157.5996832579186
IOTA,2023-05-01,258,51572.62,199.89387596899226
IOTA,2023-06-01,366,56223.74000000003,153.61677595628421
IOTA,2023-07-01,196,51679.84000000001,263.67265306122454
IOTA,2023-08-01,118,10925.970000000001,92.59296610169493
IOTA,2023-09-01,115,10710.519999999997,93.1349565217391
IOTA,2023-10-01,236,37888.33000000001,160.54377118644072
IOTA,2023-11-01,850,159612.12000000005,187.77896470588243
IOTA,2023-12-01,899,208533.81000000014,231.9619688542827
IOTA,2024-01-01,305,97984.89000000003,321.26193442622963
IOTA,2024-02-01,283,70876.05999999998,250.44544169611302
IOTA,2024-03-01,606,206017.74000000002,339.9632673267327
IOTA,2024-04-01,236,63571.44000000004,269.3705084745764
IOTA,2024-05-01,150,19910.23,132.73486666666668
IOTA,2024-06-01,171,29670.060000000016,173.50912280701763
IOTA,2024-07-01,112,17256.809999999998,154.0786607142857
IOTA,2024-08-01,113,45531.47,402.9333628318584
IOTA,2024-09-01,126,20095.370000000003,159.48706349206353
IOTA,2024-10-01,244,72838.08,298.5167213114754
IOTA,2024-11-01,693,387732.5199999999,559.4985858585857
IOTA,2024-12-01,1757,906528.4799999993,515.9524644280019
IOTA,2025-01-01,537,174494.21,324.94266294227185
IOTA,2025-02-01,202,47307.30000000002,234.19455445544563
IOTA,2025-03-01,250,89743.49999999997,358.9739999999999
IOTA,2025-04-01,207,86437.42000000011,417.57207729468655
IOTA,2025-05-01,222,93712.58,422.1287387387387
IOTA,2025-06-01,89,27918.340000000007,313.68921348314615
IOTA,2025-07-01,203,59379.399999999994,292.5093596059113
IOTA,2025-08-01,154,64491.04000000001,418.7729870129871
IOTA,2025-09-01,108,13882.740000000007,128.54388888888894
IOTA,2025-10-01,162,34927.590000000004,215.60240740740744
IOTA,2025-11-01,100,23628.18999999999,236.28189999999992
IOTA,2025-12-01,94,20321.969999999998,216.19117021276594
IOTA,2026-01-01,141,20291.989999999994,143.9148226950354
IOTA,2026-02-01,70,11746.269999999999,167.8038571428571
IOTA,2026-03-01,252,33055.18,131.17134920634922
IOTA,2026-04-01,63,7380.729999999999,117.15444444444442
IOTA,2026-05-01,82,20779.100000000006,253.40365853658543
IOTA,2026-06-01,325,52300.07999999998,160.92332307692303
LINK,2019-08-01,6,31561.270000000004,5260.211666666667
LINK,2019-09-01,46,473826.76999999996,10300.581956521739
LINK,2019-10-01,82,596748.98,7277.4265853658535
LINK,2019-11-01,316,56719.02,179.49056962025315
LINK,2019-12-01,734,110528.91999999997,150.5843596730245
LINK,2020-01-01,1806,608530.1300000005,336.9491306755263
LINK,2020-02-01,2972,1803088.5199999958,606.6919650067281
LINK,2020-03-01,6100,3467746.0900000073,568.4829655737717
LINK,2020-04-01,3850,2116627.599999993,549.7734025974008
LINK,2020-05-01,4484,2331501.5999999996,519.9602140945583
LINK,2020-06-01,2699,1607548.1799999997,595.6088106706186
LINK,2020-07-01,8818,7363439.9399999995,835.0464889997731
LINK,2020-08-01,21132,23421914.619999938,1108.3624181336334
LINK,2020-09-01,11260,9750155.399999963,865.9107815275278
LINK,2020-10-01,6191,4917760.790000005,794.3402988208697
LINK,2020-11-01,8295,6936175.709999999,836.1875479204339
LINK,2020-12-01,40706,25070024.150000364,615.8803161696154
LINK,2021-01-01,176809,190819940.74999487,1079.2433685502144
LINK,2021-02-01,141399,186627174.42999208,1319.86205298476
LINK,2021-03-01,122758,148036286.0799976,1205.9196637286173
LINK,2021-04-01,183893,233224154.90999654,1268.260101852689
LINK,2021-05-01,158199,212562535.9299984,1343.6401995587735
LINK,2021-06-01,61045,75396431.02999932,1235.0959297239629
LINK,2021-07-01,44464,51632965.14000045,1161.2307741094019
LINK,2021-08-01,70200,79266369.03999953,1129.1505561253493
LINK,2021-09-01,58721,64937435.570000134,1105.86392551217
LINK,2021-10-01,54488,58218495.590000056,1068.4645351270015
LINK,2021-11-01,50267,56917444.310000256,1132.30239142977
LINK,2021-12-01,98651,45134128.07000092,457.51313286232187
LINK,2022-01-01,35542,35979890.98999985,1012.3203812390933
LINK,2022-02-01,17066,9845511.950000035,576.9080012891148
LINK,2022-03-01,14373,10452475.620000036,727.2299185973726
LINK,2022-04-01,11785,10812474.679999989,917.4776987696214
LINK,2022-05-01,17908,45584509.99000018,2545.483023788261
LINK,2022-06-01,17604,9034131.650000105,513.1863014087767
LINK,2022-07-01,11438,4866302.849999995,425.4505027102636
LINK,2022-08-01,11603,6251298.010000012,538.7656649142474
LINK,2022-09-01,13736,6649720.680000001,484.10896039603966
LINK,2022-10-01,18105,8162533.180000013,450.8441413974047
LINK,2022-11-01,44168,15441390.760000104,349.60584042746115
LINK,2022-12-01,27583,7084607.850000037,256.84689301381417
LINK,2023-01-01,38745,8857579.250000011,228.61218866950603
LINK,2023-02-01,43483,13256638.839999977,304.8694625485817
LINK,2023-03-01,33789,10210257.420000002,302.17696350883426
LINK,2023-04-01,33081,8461663.259999994,255.78619932891974
LINK,2023-05-01,26142,5356105.009999963,204.8850512585098
LINK,2023-06-01,31245,9802770.309999993,313.7388481357015
LINK,2023-07-01,48823,14261564.759999989,292.1075058886178
LINK,2023-08-01,30784,8846334.769999973,287.3679434121613
LINK,2023-09-01,186607,26637356.360001054,142.74575101684854
LINK,2023-10-01,241218,61362256.86000202,254.38506603985613
LINK,2023-11-01,332346,129841128.43000135,390.68058117143386
LINK,2023-12-01,205765,80099897.83000728,389.2785353680523
LINK,2024-01-01,164902,65610744.16000113,397.8771886332557
LINK,2024-02-01,315103,121077747.33999917,384.24815803086346
LINK,2024-03-01,334994,136845873.98000145,408.50246267097754
LINK,2024-04-01,204071,70410427.56000078,345.02907105860595
LINK,2024-05-01,204795,70759767.27000123,345.51511155058097
LINK,2024-06-01,168873,62669026.270001434,371.10151575445116
LINK,2024-07-01,165863,57552050.830001205,346.9854689110965
LINK,2024-08-01,145990,52687761.91000084,360.89980073978245
LINK,2024-09-01,141404,37690108.3600009,266.5420239880124
LINK,2024-10-01,165428,52326129.82000084,316.30757683101314
LINK,2024-11-01,392825,169648191.25000194,431.86709412588795
LINK,2024-12-01,854691,558822372.2300293,653.8297141657387
LINK,2025-01-01,422716,262085609.17000562,620.0039959925946
LINK,2025-02-01,230795,143228104.0500044,620.585818800253
LINK,2025-03-01,236027,107355837.00000244,454.8455769890836
LINK,2025-04-01,159933,62836330.74000156,392.89159047852263
LINK,2025-05-01,169914,80837388.10000116,475.7547235660461
LINK,2025-06-01,131670,68553534.3300011,520.6465734791608
LINK,2025-07-01,207817,119574447.37000145,575.3833775388994
LINK,2025-08-01,300294,275538071.57000595,917.5610287585032
LINK,2025-09-01,161223,112318938.64000146,696.6682088783949
LINK,2025-10-01,160699,131107659.97000095,815.8585925861453
LINK,2025-11-01,136631,87367193.70000151,639.4390270143782
LINK,2025-12-01,79646,31348782.230000697,393.6014643547786
LINK,2026-01-01,97361,40011822.14000076,410.96354947053504
LINK,2026-02-01,56316,27901317.530000247,495.44210402017626
LINK,2026-03-01,74441,25828381.07000031,346.964456012148
LINK,2026-04-01,54068,22127463.27999997,409.2524835392463
LINK,2026-05-01,54679,19608693.310000002,358.6147023537373
LINK,2026-06-01,48919,17544317.70000001,358.6401541323414
LTC,2019-08-01,92620,66823611.50999998,721.481445800043
LTC,2019-09-01,76099,43869418.579999596,576.4782530650809
LTC,2019-10-01,51387,31743261.030000065,617.7294068538748
LTC,2019-11-01,46990,23250359.940000158,494.79378463503207
LTC,2019-12-01,31659,19117218.380000055,603.8478277898877
LTC,2020-01-01,68890,39168644.379999705,568.5679253882959
LTC,2020-02-01,94365,76661946.71999966,812.3981001430578
LTC,2020-03-01,68584,46853960.52000064,683.1616779423865
LTC,2020-04-01,49613,35360542.76999994,712.7273652066988
LTC,2020-05-01,60521,45209661.45999995,747.0078395928678
LTC,2020-06-01,37491,21819692.05999993,581.998134485608
LTC,2020-07-01,51748,34213077.39000027,661.1478200123728
LTC,2020-08-01,88863,79972995.25999941,899.9583095326448
LTC,2020-09-01,56600,28027934.5299998,495.1931895759682
LTC,2020-10-01,52377,29877387.149999905,570.4295234549498
LTC,2020-11-01,135515,101897118.9900012,751.9250192967656
LTC,2020-12-01,159840,165845109.11,1037.5695014389391
LTC,2021-01-01,259004,250555971.85999578,967.3826344766713
LTC,2021-02-01,312265,356158543.7400016,1140.5650448817562
LTC,2021-03-01,205267,223360195.28999656,1088.1446861404734
LTC,2021-04-01,345655,398959129.3899958,1154.2119436721466
LTC,2021-05-01,407454,507647288.24998075,1245.9008581336316
LTC,2021-06-01,134297,96288315.74999966,716.9803923393647
LTC,2021-07-01,84620,50471025.72999944,596.4432253604282
LTC,2021-08-01,148148,101678624.84999906,686.3314040688977
LTC,2021-09-01,156845,124810205.21999991,795.7550780707062
LTC,2021-10-01,153940,110495102.49999882,717.780320254637
LTC,2021-11-01,177971,154387275.76999837,867.4855778188489
LTC,2021-12-01,98772,64450279.609999895,652.5156887579466
LTC,2022-01-01,69108,40196840.88999991,581.6524988423903
LTC,2022-02-01,60106,31187005.490000084,518.8667602236063
LTC,2022-03-01,49833,25123884.12000001,504.1615820841613
LTC,2022-04-01,37404,18488438.650000036,494.29041412683233
LTC,2022-05-01,53848,55531463.80000009,1031.2632558312303
LTC,2022-06-01,52739,21064875.88000005,399.4174307438528
LTC,2022-07-01,43238,17389034.260000035,402.17018039687395
LTC,2022-08-01,32101,13685351.840000082,426.3216672377833
LTC,2022-09-01,36447,14064168.260000024,385.8799972562906
LTC,2022-10-01,79400,12256419.69999998,154.36296851385367
LTC,2022-11-01,108767,22886847.849999964,210.4208799543976
LTC,2022-12-01,73800,14720007.930000005,199.4581020325204
LTC,2023-01-01,89497,16893980.189999968,188.7658825435486
LTC,2023-02-01,76376,17047462.85999996,223.20444720854664
LTC,2023-03-01,89280,27439028.52000002,307.33678897849484
LTC,2023-04-01,56752,16527125.85999997,291.2166242599374
LTC,2023-05-01,56827,19190247.119999927,337.69593890228106
LTC,2023-06-01,58441,26293404.270000078,449.9136611283188
LTC,2023-07-01,88598,30193676.710000418,340.7941117181022
LTC,2023-08-01,134569,21073797.659999862,156.60217182263273
LTC,2023-09-01,117411,18549173.459999867,157.98497125482166
LTC,2023-10-01,167556,24552118.979999684,146.53082539568672
LTC,2023-11-01,159958,31108928.9799999,194.4818576126227
LTC,2023-12-01,247007,30076907.850000434,121.76540685081974
LTC,2024-01-01,193382,28333717.13999989,146.51682752272646
LTC,2024-02-01,202538,35744992.02000082,176.48536087055675
LTC,2024-03-01,435561,97947467.58000122,224.87657889480744
LTC,2024-04-01,282942,91594598.35000087,323.72217044482926
LTC,2024-05-01,148940,33924321.060000025,227.77172727272745
LTC,2024-06-01,131301,31087995.110000085,236.7689134888545
LTC,2024-07-01,149417,45808151.80000042,306.57925001840766
LTC,2024-08-01,130623,89743211.36999987,687.0398886107337
LTC,2024-09-01,121850,26546074.87000048,217.85863660238394
LTC,2024-10-01,163603,48623491.54000091,297.20415603626407
LTC,2024-11-01,365568,140507512.4800012,384.35397102591367
LTC,2024-12-01,602511,335038597.6100188,556.0705076090209
LTC,2025-01-01,409540,187695936.95000562,458.30916870148366
LTC,2025-02-01,327643,216057108.67000636,659.4284287166408
LTC,2025-03-01,260483,200004324.19001007,767.8210255180187
LTC,2025-04-01,157365,60114052.690001495,382.0039569790074
LTC,2025-05-01,186018,88808204.79000323,477.41726494211974
LTC,2025-06-01,117614,43294411.000000365,368.105931266689
LTC,2025-07-01,200805,90326674.80000125,449.8228370807562
LTC,2025-08-01,205243,92060663.04000151,448.5447154836049
LTC,2025-09-01,124017,44240965.880000845,356.73307594927184
LTC,2025-10-01,155131,99066550.63000129,638.5993168999187
LTC,2025-11-01,138091,83351982.51000191,603.6018459566657
LTC,2025-12-01,86595,182045199.7900019,2102.259943299289
LTC,2026-01-01,101828,56716682.290000536,556.985134638808
LTC,2026-02-01,50824,26416693.400000006,519.7680898787976
LTC,2026-03-01,71429,19071953.990000036,267.00575382547754
LTC,2026-04-01,59100,15468149.129999915,261.72841167512547
LTC,2026-05-01,51049,14446783.4199999,282.9983627495132
LTC,2026-06-01,53958,14126905.77999988,261.81299862856076
MATIC,2019-08-01,50,189713.77999999997,3794.2755999999995
MATIC,2019-09-01,4,1011.8900000000001,252.97250000000003
MATIC,2019-10-01,13,123191.36,9476.258461538462
MATIC,2019-11-01,29,239935.85000000003,8273.650000000001
MATIC,2019-12-01,48,236755.86000000002,4932.413750000001
MATIC,2020-06-01,1,25314.53,25314.53
MATIC,2020-07-01,1,12515.0,12515.0
MATIC,2020-08-01,1,89.37,89.37
MATIC,2020-11-01,2,997.9200000000001,498.96000000000004
MATIC,2021-02-01,33,229992.86,6969.480606060606
MATIC,2021-03-01,41,72694.26999999999,1773.0309756097558
MATIC,2021-04-01,28,297980.58,10642.163571428571
MATIC,2021-05-01,377,2961724.5599999996,7856.033315649866
MATIC,2021-06-01,193,1400715.3199999996,7257.592331606215
MATIC,2021-07-01,7604,7625599.510000006,1002.8405457653874
MATIC,2021-08-01,21495,18403388.740000043,856.170678762505
MATIC,2021-09-01,30791,25416399.650000114,825.4489834691992
MATIC,2021-10-01,40622,44589913.83000014,1097.6789382600596
MATIC,2021-11-01,31638,31768351.480000388,1004.120092294089
MATIC,2021-12-01,46853,52228707.28999986,1114.7356047638327
MATIC,2022-01-01,25039,19916953.800000187,795.4372698590274
MATIC,2022-02-01,17192,29270131.520000003,1702.543713355049
MATIC,2022-03-01,12413,6881020.139999999,554.3398163215983
MATIC,2022-04-01,12689,4392293.6999999955,346.14971234927856
MATIC,2022-05-01,23224,44162240.75999983,1901.577710988625
MATIC,2022-06-01,20255,5097004.270000007,251.6417807948658
MATIC,2022-07-01,35132,17422922.620000023,495.9274342479797
MATIC,2022-08-01,24730,11190006.16000003,452.48710715730004
MATIC,2022-09-01,30290,7549257.86,249.23267943215583
MATIC,2022-10-01,139116,13105614.409999998,94.2063774835389
MATIC,2022-11-01,166363,65612811.29000005,394.3954562613084
MATIC,2022-12-01,94027,13989612.549999991,148.78292990311286
MATIC,2023-01-01,362678,44402145.3900036,122.42856029316253
MATIC,2023-02-01,421991,89422955.2300045,211.907256860939
MATIC,2023-03-01,321159,61997080.7500036,193.041704420563
MATIC,2023-04-01,262058,33802083.08000308,128.98702989415733
MATIC,2023-05-01,219659,22942157.480003007,104.4444228554396
MATIC,2023-06-01,274400,45938902.6400015,167.41582594752734
MATIC,2023-07-01,320186,50553310.97000342,157.88732477373594
MATIC,2023-08-01,370114,48453223.94000197,130.9143235327547
MATIC,2023-09-01,227728,29204496.360000785,128.2428878311002
MATIC,2023-10-01,319818,63630188.79000068,198.95749704519656
MATIC,2023-11-01,416843,133903627.80000082,321.2327610155402
MATIC,2023-12-01,289142,81184203.47000025,280.77623959853725
MATIC,2024-01-01,366864,80276055.9900022,218.81693485870022
MATIC,2024-02-01,312052,108452554.70999473,347.54641761627784
MATIC,2024-03-01,505865,171784695.7000038,339.5860470679011
MATIC,2024-04-01,400167,93322850.62000328,233.20976147459257
MATIC,2024-05-01,248083,61992373.270001985,249.8856159833684
MATIC,2024-06-01,209738,55453584.140001915,264.39455005770014
MATIC,2024-07-01,225206,54821513.980004005,243.42830111100062
MATIC,2024-08-01,206949,114217137.23000233,551.9095875312388
MATIC,2024-09-01,171126,37519550.40000065,219.25102205392895
MATIC,2024-10-01,149708,30023397.34000139,200.54637921822072
MATIC,2024-11-01,467612,200631147.26000145,429.05474466010594
MATIC,2024-12-01,437714,213707704.80000323,488.23593670753786
MATIC,2025-01-01,227734,68952324.79000239,302.7757154838645
MATIC,2025-02-01,9862,1455827.2500000014,147.61987933482067
MATIC,2025-03-01,5778,941710.3000000012,162.98205261336125
MATIC,2025-04-01,5102,823870.8700000006,161.47998235985898
MATIC,2025-05-01,5639,951038.170000001,168.65369214399735
MATIC,2025-06-01,3943,652106.7499999998,165.38340096373315
MATIC,2025-07-01,6709,1430130.5999999936,213.16598598896908
MATIC,2025-08-01,4670,908951.2099999982,194.63623340471054
MATIC,2025-09-01,3641,636858.3299999984,174.91302664103225
MATIC,2025-10-01,2663,390277.86999999976,146.55571535861802
MATIC,2025-11-01,12,3939.09,328.2575
MATIC,2025-12-01,100,27160.040000000005,271.60040000000004
MATIC,2026-01-01,84,682.48,8.124761904761906
MATIC,2026-02-01,62,484.88,7.820645161290322
MATIC,2026-03-01,54,618.41,11.452037037037037
MATIC,2026-04-01,59,513.38,8.70135593220339
MATIC,2026-05-01,38,377.69,9.93921052631579
MBCONS02,2020-09-01,105,48668.47000000001,463.5092380952382
MBCONS02,2020-10-01,113,31179.470000000012,275.9245132743364
MBCONS02,2020-11-01,154,33036.97000000002,214.52577922077938
MBCONS02,2020-12-01,525,626015.4099999998,1192.4103047619044
MBCONS02,2021-02-01,311,53018.82999999999,170.47855305466234
MBPRK02,2020-09-01,328,182166.25999999986,555.3849390243898
MBPRK02,2020-10-01,237,95869.85000000005,404.5141350210973
MBPRK02,2020-11-01,465,344795.78,741.4963010752689
MBPRK02,2020-12-01,432,436472.2100000001,1010.3523379629631
MBPRK02,2021-01-01,2812,761631.839999996,270.8505832147923
MBPRK02,2021-02-01,890,276002.80999999965,310.1155168539322
MBPRK02,2021-03-01,1769,564058.9300000002,318.85750706613914
MBPRK02,2021-04-01,1384,595220.8700000001,430.07288294797695
MBPRK02,2021-05-01,491,437866.06000000023,891.7842362525463
MBPRK02,2021-06-01,346,269535.12999999995,779.0032658959536
MBPRK02,2021-07-01,384,257792.63,671.3349739583333
MBPRK02,2021-08-01,267,111329.61999999991,416.96486891385734
MBPRK02,2021-09-01,303,165033.4700000001,544.6649174917495
MBPRK02,2021-10-01,371,149242.70999999996,402.27145552560637
MBPRK02,2021-11-01,514,123860.70999999999,240.97414396887157
MBPRK02,2021-12-01,306,161110.68,526.5054901960784
MBPRK02,2022-01-01,243,93898.95000000003,386.41543209876556
MBPRK02,2022-02-01,26,15912.400000000001,612.0153846153846
MBPRK02,2022-03-01,20,5661.74,283.087
MBPRK02,2022-04-01,25,10968.62,438.74480000000005
MBPRK02,2022-05-01,18,9983.65,554.6472222222222
MBPRK02,2022-06-01,10,5265.8,526.58
MBPRK02,2022-07-01,5,15473.66,3094.732
MBPRK02,2022-08-01,9,2796.95,310.7722222222222
MBPRK02,2022-09-01,10,1784.9199999999998,178.492
MBPRK02,2022-10-01,15,9706.21,647.0806666666666
MBPRK02,2022-11-01,25,45106.240000000005,1804.2496
MBPRK02,2022-12-01,25,11068.269999999999,442.73079999999993
MBPRK02,2023-01-01,26,9600.740000000002,369.25923076923084
MBPRK02,2023-02-01,40,27368.55,684.21375
MBPRK02,2023-03-01,136,59967.100000000006,440.93455882352947
MBPRK02,2023-04-01,38,9437.18,248.34684210526316
MBPRK02,2023-05-01,63,17616.710000000006,279.63031746031754
MBPRK02,2023-06-01,39,15301.890000000003,392.3561538461539
MBPRK02,2023-07-01,27,19528.050000000003,723.2611111111112
MBPRK02,2023-08-01,1025,4857635.919999994,4739.156995121945
MBPRK03,2020-09-01,426,238286.11999999985,559.3570892018776
MBPRK03,2020-10-01,412,191526.23999999996,464.8695145631067
MBPRK03,2020-11-01,582,212897.68000000002,365.80357388316156
MBPRK03,2020-12-01,1594,1971814.1800000002,1237.0226976160604
MBPRK03,2021-01-01,1121,430850.6200000003,384.34488849241774
MBPRK03,2021-02-01,643,307770.1699999999,478.64723172628294
MBPRK03,2021-03-01,971,277275.2100000001,285.5563439752833
MBPRK03,2021-04-01,872,263227.52999999997,301.8664334862385
MBPRK03,2021-05-01,501,592396.79,1182.4287225548903
MBPRK03,2021-06-01,158,41116.470000000016,260.23082278481024
MBPRK03,2021-07-01,165,30486.23,184.7650303030303
MBPRK03,2021-08-01,203,61048.720000000016,300.73261083743853
MBPRK03,2021-09-01,223,54226.75000000002,243.16928251121087
MBPRK03,2021-10-01,92,26834.90000000001,291.683695652174
MBPRK03,2021-12-01,1,495.59,495.59
MBPRK03,2022-01-01,80,72636.79,907.9598749999999
MBPRK03,2022-02-01,39,87910.47,2254.1146153846153
MBPRK03,2022-03-01,27,16560.920000000002,613.3674074074074
MBPRK03,2022-04-01,17,7949.03,467.59
MBPRK03,2022-05-01,9,1504.32,167.14666666666665
MBPRK03,2022-06-01,13,19152.160000000003,1473.2430769230773
MBPRK03,2022-07-01,13,5297.35,407.4884615384616
MBPRK03,2022-08-01,12,4569.259999999999,380.7716666666666
MBPRK03,2022-09-01,8,2830.5500000000006,353.8187500000001
MBPRK03,2022-10-01,7,1808.4300000000003,258.3471428571429
MBPRK03,2022-11-01,7,1154.6499999999999,164.95
MBPRK03,2022-12-01,9,4702.9000000000015,522.5444444444446
MBPRK03,2023-01-01,10,74010.4,7401.039999999999
MBPRK03,2023-02-01,6,1170.1799999999998,195.02999999999997
MBPRK03,2023-03-01,11,14338.84,1303.530909090909
MBPRK03,2023-04-01,8,7735.25,966.90625
MBPRK03,2023-05-01,7,74436.21,10633.744285714287
MBPRK03,2023-06-01,3,490.11,163.37
MBPRK03,2023-07-01,6,618.88,103.14666666666666
MBPRK03,2023-08-01,2,8083.47,4041.735
MBPRK03,2023-09-01,2,194.82,97.41
MBPRK03,2023-10-01,1,210.69,210.69
MBPRK03,2023-11-01,3,292.31,97.43666666666667
MBPRK03,2023-12-01,8,1254.3400000000001,156.79250000000002
MBPRK03,2024-01-01,7,3112.12,444.5885714285714
MBPRK03,2024-02-01,7,12157.66,1736.8085714285714
MBPRK03,2024-03-01,13,9784.880000000001,752.683076923077
MBPRK03,2024-04-01,3,1091.93,363.9766666666667
MBPRK03,2024-05-01,3,1140.89,380.2966666666667
MBPRK03,2024-06-01,3,8559.79,2853.263333333334
MBPRK03,2024-07-01,2,466.12,233.06
MBPRK03,2024-12-01,2,322.96000000000004,161.48000000000002
MBPRK04,2020-09-01,161,124976.30999999998,776.2503726708073
MBPRK04,2020-10-01,134,35932.70000000001,268.15447761194037
MBPRK04,2020-11-01,233,118261.51000000004,507.560128755365
MBPRK04,2020-12-01,331,235349.1499999999,711.0246223564952
MBPRK04,2021-01-01,3429,1031026.3199999966,300.6784251968494
MBPRK04,2021-02-01,970,190889.3899999996,196.7931855670099
MBPRK04,2021-03-01,1129,194041.83000000013,171.87053144375565
MBPRK04,2021-04-01,920,295513.8700000002,321.2107282608698
MBPRK04,2021-05-01,699,350684.7499999998,501.6949213161657
MBPRK04,2021-06-01,175,86169.59,492.3976571428571
MBPRK04,2021-07-01,272,164010.01,602.9779779411765
MBPRK04,2021-08-01,243,151356.24,622.8651851851852
MBPRK04,2021-09-01,273,143563.58000000002,525.8739194139195
MBPRK04,2021-10-01,376,153198.77,407.44353723404254
MBPRK04,2021-11-01,630,177136.61999999994,281.169238095238
MBPRK04,2021-12-01,338,95618.51999999997,282.89502958579874
MBPRK04,2022-01-01,108,30290.420000000002,280.46685185185186
MBPRK04,2022-02-01,70,23794.719999999994,339.92457142857137
MBPRK04,2022-03-01,164,39755.91999999999,242.41414634146335
MBPRK04,2022-04-01,242,80111.44000000006,331.03900826446306
MBPRK04,2022-05-01,18,7831.54,435.0855555555556
MBPRK04,2022-06-01,12,7143.96,595.33
MBPRK04,2022-07-01,45,60397.56000000001,1342.1680000000003
MBPRK04,2022-08-01,28,21957.2,784.1857142857143
MBPRK04,2022-09-01,67,21073.32,314.5271641791045
MBPRK04,2022-10-01,15,3000.2599999999998,200.0173333333333
MBPRK04,2022-11-01,121,40771.21000000001,336.95214876033066
MBPRK04,2022-12-01,201,62187.40000000001,309.39004975124385
MBPRK04,2023-01-01,187,65291.16999999999,349.1506417112299
MBPRK04,2023-02-01,91,27784.66,305.32593406593406
MBPRK04,2023-03-01,96,26033.31,271.1803125
MBPRK04,2023-04-01,98,23986.310000000005,244.7582653061225
MBPRK04,2023-05-01,146,46139.38999999999,316.0232191780821
MBPRK04,2023-06-01,36,9284.34,257.8983333333333
MBPRK04,2023-07-01,62,28510.82,459.851935483871
MBPRK04,2023-08-01,57,12722.970000000001,223.21
MBPRK04,2023-09-01,39,11902.239999999998,305.18564102564096
MBPRK04,2023-10-01,35,12193.380000000001,348.38228571428573
MBPRK04,2023-11-01,39,7327.0,187.87179487179486
MBPRK04,2023-12-01,66,21279.43,322.4156060606061
MBPRK04,2024-01-01,83,26468.829999999994,318.9015662650602
MBPRK04,2024-02-01,70,19105.93,272.94185714285715
MBPRK04,2024-03-01,21,2108.03,100.38238095238096
MBPRK04,2024-04-01,7,1518.85,216.97857142857143
MBPRK04,2024-05-01,9,2725.62,302.84666666666664
MBPRK04,2024-06-01,5,1132.21,226.442
MBPRK04,2024-07-01,10,6834.860000000001,683.4860000000001
MBPRK04,2024-08-01,6,897.1100000000001,149.51833333333335
MBPRK04,2024-09-01,4,315.0,78.75
MBPRK04,2024-10-01,9,1190.02,132.22444444444443
MBPRK04,2024-11-01,19,1347.52,70.92210526315789
MBPRK04,2024-12-01,508,12240760.870000003,24095.985964566935
MBPRK04,2025-01-01,14,2531.8599999999997,180.84714285714284
MBPRK04,2025-03-01,1,21.0,21.0
MBPRK04,2025-10-01,1,100.81,100.81
MBPRK04,2025-12-01,1,1250.8,1250.8
MCO2,2021-02-01,57925,64094235.189998545,1106.5038444540103
MCO2,2021-03-01,44417,64891762.24000037,1460.9667973974013
MCO2,2021-04-01,40020,68797359.8400003,1719.0744587706222
MCO2,2021-05-01,22398,23463753.70999992,1047.5825390659845
MCO2,2021-06-01,8858,11765344.030000152,1328.2167566042167
MCO2,2021-07-01,8084,7121408.449999997,880.9263297872337
MCO2,2021-08-01,9677,5483507.540000007,566.6536674589239
MCO2,2021-09-01,18760,19837329.999999933,1057.4269722814463
MCO2,2021-10-01,16798,11450957.759999953,681.6857816406688
MCO2,2021-11-01,12226,8200268.240000004,670.7237232128255
MCO2,2021-12-01,24500,25720847.84999999,1049.8305244897956
MCO2,2022-01-01,38347,36557689.08000003,953.3389595013958
MCO2,2022-02-01,24359,22685262.34,931.288736811856
MCO2,2022-03-01,30630,15633685.129999492,510.40434639240914
MCO2,2022-04-01,27258,12048096.389999561,442.00221549635194
MCO2,2022-05-01,4938,3234203.170000001,654.9621648440666
MCO2,2022-06-01,3819,2097103.7899999963,549.123799423932
MCO2,2022-07-01,2878,918072.5800000002,318.9967268936762
MCO2,2022-08-01,9845,1913603.7500000002,194.3731589639411
MCO2,2022-09-01,3937,1049359.3299999998,266.53780289560575
MCO2,2022-10-01,3595,1009588.3299999983,280.83124617524294
MCO2,2022-11-01,5296,1351988.4299999953,255.2848243957695
MCO2,2022-12-01,2199,342629.3099999998,155.81141882673936
MCO2,2023-01-01,2793,420208.91999999946,150.4507411385605
MCO2,2023-02-01,3414,701069.3099999992,205.35129173989432
MCO2,2023-03-01,3590,575749.9300000002,160.37602506963793
MCO2,2023-04-01,2662,386911.2299999993,145.34606686701702
MCO2,2023-05-01,2160,235089.4499999996,108.83770833333315
MCO2,2023-06-01,3316,432630.6,130.46761158021712
MCO2,2023-07-01,2098,250622.39999999976,119.45776930409903
MCO2,2023-08-01,2059,301074.51000000007,146.22365711510446
MCO2,2023-09-01,18898,4165944.5000000326,220.4436712879687
MCO2,2023-10-01,4639,741862.7299999981,159.91867428325028
MCO2,2023-11-01,7884,1245201.3499999985,157.94030314561118
MCO2,2023-12-01,9159,1263302.8399999964,137.93021508898312
MCO2,2024-01-01,4297,434568.71999999956,101.13305096578999
MCO2,2024-02-01,5600,707611.5499999996,126.35920535714278
MCO2,2024-03-01,8671,1136762.25,131.09932533733132
MCO2,2024-04-01,5867,630057.2899999993,107.39002727117766
MCO2,2024-05-01,4201,645672.6200000001,153.69498214710785
MCO2,2024-06-01,3250,359843.5399999998,110.72108923076917
MCO2,2024-07-01,2381,224020.18000000014,94.08659386812269
MCO2,2024-08-01,2980,211413.31000000038,70.94406375838939
MCO2,2024-09-01,1630,129525.25000000013,79.46334355828229
MCO2,2024-10-01,2520,161605.98,64.12935714285715
MCO2,2024-11-01,3612,410889.14000000025,113.75668327796241
MCO2,2024-12-01,4038,498581.86000000057,123.47247647350187
MCO2,2025-01-01,2612,240256.0700000001,91.98165007656972
MCO2,2025-02-01,1489,130585.90000000001,87.70040295500337
MCO2,2025-03-01,1708,55090.93000000032,32.25464285714305
MCO2,2025-04-01,1765,100078.9700000001,56.70196600566578
MCO2,2025-05-01,4408,238786.12000000037,54.17107985480952
MCO2,2025-06-01,2036,96379.75999999978,47.33779960707258
MCO2,2025-07-01,1836,109922.37000000027,59.87057189542499
MCO2,2025-08-01,1526,83473.35000000011,54.70075360419404
MCO2,2025-09-01,1246,55593.61999999989,44.61767255216685
MCO2,2025-10-01,1347,54404.859999999826,40.389651076466095
MCO2,2025-11-01,931,52477.39999999989,56.36670247046175
MCO2,2025-12-01,748,29097.15000000002,38.89993315508024
MCO2,2026-01-01,1300,47720.05000000011,36.70773076923086
MCO2,2026-02-01,748,50519.47999999994,67.5394117647058
MCO2,2026-03-01,402,12330.289999999988,30.672363184079572
MCO2,2026-04-01,597,14588.31999999997,24.43604690117248
MCO2,2026-05-01,639,32636.910000000018,51.074976525821626
MCO2,2026-06-01,467,18528.37000000001,39.675310492505375
MKR,2019-08-01,28,27211.07,971.8239285714286
MKR,2019-09-01,30,16207.799999999997,540.2599999999999
MKR,2020-07-01,1,5992.58,5992.58
MKR,2020-10-01,1,40000.0,40000.0
MKR,2021-01-01,3,123479.61,41159.87
MKR,2021-02-01,8,8228.71,1028.58875
MKR,2021-03-01,1,11545.26,11545.26
MKR,2021-04-01,40,80169.42,2004.2355
MKR,2021-05-01,5251,6153190.320000047,1171.8130489430673
MKR,2021-06-01,4004,4200710.910000003,1049.1285989010996
MKR,2021-07-01,3483,3317119.6599999955,952.3742922767716
MKR,2021-08-01,5345,4425011.3,827.8786342376052
MKR,2021-09-01,3830,3570648.6599999997,932.2842454308093
MKR,2021-10-01,3901,3794260.2600000147,972.6378518328671
MKR,2021-11-01,7811,8704639.590000026,1114.4078338240975
MKR,2021-12-01,3278,1735055.9699999986,529.3032245271503
MKR,2022-01-01,3016,1217999.2399999977,403.84590185676313
MKR,2022-02-01,2215,954586.3899999999,430.9645101580135
MKR,2022-03-01,2121,772231.6899999987,364.08849127769855
MKR,2022-04-01,1795,570217.8800000001,317.6701281337048
MKR,2022-05-01,3969,1743638.8400000008,439.3143965734444
MKR,2022-06-01,2601,1410052.1300000008,542.1192349096505
MKR,2022-07-01,1463,646200.2000000002,441.69528366370486
MKR,2022-08-01,1901,827482.14,435.28781693845343
MKR,2022-09-01,1508,574970.74,381.28033156498674
MKR,2022-10-01,2521,861512.5199999998,341.73443871479566
MKR,2022-11-01,1866,699809.81,375.03205251875676
MKR,2022-12-01,1266,767750.48,606.4379778830963
MKR,2023-01-01,1642,735751.729999999,448.08266138855
MKR,2023-02-01,2462,594782.8200000001,241.58522339561335
MKR,2023-03-01,5615,1451985.519999999,258.5904755120212
MKR,2023-04-01,2424,690498.71,284.8592037953795
MKR,2023-05-01,1060,117498.75999999998,110.84788679245281
MKR,2023-06-01,1620,403504.99000000005,249.0771543209877
MKR,2023-07-01,4451,1584554.6999999993,355.9997079308019
MKR,2023-08-01,2401,576498.8399999997,240.10780508121604
MKR,2023-09-01,3008,883686.1599999998,293.7786436170212
MKR,2023-10-01,4078,1233981.9000000006,302.59487493869557
MKR,2023-11-01,15655,14322690.040000008,914.895563078889
MKR,2023-12-01,15103,7555886.389999989,500.2904317023101
MKR,2024-01-01,15499,7927146.6299999915,511.4618123749914
MKR,2024-02-01,12810,7984858.220000005,623.330071818892
MKR,2024-03-01,23792,21265569.619999897,893.8117695023494
MKR,2024-04-01,21541,35243071.91999996,1636.0926567940187
MKR,2024-05-01,13474,15899451.950000007,1180.009792934541
MKR,2024-06-01,10741,10718158.329999998,997.8734130900287
MKR,2024-07-01,13056,16117364.300000008,1234.4794960171575
MKR,2024-08-01,12166,11631277.629999949,956.047807825082
MKR,2024-09-01,9320,6336757.819999999,679.9096373390557
MKR,2024-10-01,14574,14188808.009999977,973.5699197200479
MKR,2024-11-01,23557,15669156.499999993,665.159252026998
MKR,2024-12-01,19729,15340407.980000034,777.5562866845777
MKR,2025-01-01,20292,10648907.459999977,524.783533412181
MKR,2025-02-01,7384,8178903.259999992,1107.6521208017325
MKR,2025-03-01,5271,5428503.779999999,1029.8811952191234
MKR,2025-04-01,10403,5021377.419999985,482.68551571661874
MKR,2025-05-01,57945,22160531.08000022,382.4407814306708
MKR,2025-06-01,140598,61010883.08000185,433.9384847579756
MKR,2025-07-01,140641,118689436.42000127,843.9177510114495
MKR,2025-08-01,73324,80732705.12000091,1101.0406568108792
MKR,2025-09-01,56640,55558288.14999981,980.9019800494317
MKR,2025-10-01,9179,2961880.7299999925,322.68011003377194
MKR,2025-11-01,13094,1574603.2700000056,120.2538009775474
MKR,2025-12-01,31,25284.41,815.6261290322581
MKR,2026-01-01,9,1625.25,180.58333333333334
MKR,2026-03-01,2,181.16,90.58
NANO,2019-08-01,108,35160.82999999999,325.56324074074064
NANO,2019-09-01,73,24242.510000000013,332.08917808219195
NANO,2019-10-01,11,47766.389999999985,4342.39909090909
NANO,2019-11-01,1,1000.0,1000.0
NANO,2020-02-01,11,1950.0,177.27272727272728
NANO,2020-03-01,18,636.05,35.33611111111111
NANO,2020-04-01,35,38014.39000000001,1086.1254285714288
NANO,2020-05-01,81,21092.149999999994,260.39691358024686
NANO,2020-06-01,169,121799.5,720.707100591716
NANO,2020-07-01,162,95301.26999999999,588.2794444444444
NANO,2020-08-01,114,66619.69999999998,584.3833333333332
NANO,2020-09-01,149,55676.80999999999,373.669865771812
NANO,2020-10-01,114,42137.36000000001,369.6259649122808
NANO,2020-11-01,132,76327.83999999998,578.241212121212
NANO,2020-12-01,138,48670.749999999985,352.68659420289845
NANO,2021-01-01,497,1185695.4700000002,2385.705171026157
NANO,2021-02-01,461,920053.5000000001,1995.7776572668115
NANO,2021-03-01,255,158955.53999999995,623.3550588235292
NANO,2021-04-01,245,420801.41,1717.556775510204
NANO,2021-05-01,319,632275.98,1982.0563636363636
NANO,2021-06-01,123,68066.37999999999,553.3852032520324
NANO,2021-07-01,72,62731.06,871.2647222222222
NANO,2021-08-01,170,225335.07,1325.5004117647059
NANO,2021-09-01,110,126375.32999999999,1148.8666363636362
NANO,2021-10-01,125,76533.95,612.2715999999999
NANO,2021-11-01,101,45555.26,451.0421782178218
NANO,2021-12-01,74,27431.19,370.6917567567567
NANO,2022-01-01,61,20130.54,330.0088524590164
NANO,2022-02-01,64,19280.79,301.26234375
NANO,2022-03-01,90,34843.62999999999,387.15144444444434
NANO,2022-04-01,59,12075.95,204.6771186440678
NANO,2022-05-01,51,8382.99,164.37235294117647
NANO,2022-06-01,22,2959.7599999999998,134.53454545454545
NANO,2022-07-01,7,2043.5400000000002,291.93428571428575
NANO,2022-08-01,7,1422.35,203.19285714285712
NANO,2022-09-01,9,4343.459999999999,482.60666666666657
NANO,2022-10-01,9,543.63,60.403333333333336
NANO,2022-11-01,16,4445.16,277.8225
NANO,2022-12-01,6,698.1700000000001,116.36166666666668
NANO,2023-01-01,12,1811.8799999999999,150.98999999999998
NANO,2023-02-01,13,8528.11,656.0084615384616
NANO,2023-03-01,7,1504.85,214.97857142857143
NANO,2023-04-01,8,1771.84,221.48
NANO,2023-05-01,6,258.31,43.05166666666667
NANO,2023-06-01,5,1011.05,202.20999999999998
NANO,2023-07-01,1,100.0,100.0
NANO,2023-08-01,6,254.94,42.49
NANO,2023-09-01,10,2178.98,217.898
NANO,2023-10-01,5,2108.0,421.6
NANO,2023-11-01,8,1394.07,174.25875
NANO,2023-12-01,5,883.71,176.74200000000002
NANO,2024-01-01,1,100.0,100.0
NANO,2024-02-01,13,5124.469999999999,394.18999999999994
NANO,2024-03-01,9,7489.820000000001,832.2022222222223
NANO,2024-04-01,5,5247.98,1049.596
NANO,2024-05-01,12,7808.19,650.6825
NANO,2024-06-01,2,7255.75,3627.875
NANO,2024-07-01,1,1630.73,1630.73
NANO,2024-08-01,1,42.0,42.0
NANO,2024-09-01,1,100.0,100.0
NANO,2024-10-01,2,1705.66,852.83
NANO,2024-12-01,15,10239.109999999999,682.6073333333333
NANO,2025-01-01,1,500.0,500.0
NANO,2025-03-01,6,4340.73,723.4549999999999
NANO,2025-05-01,2,211.55,105.775
NEO,2019-08-01,1,99.5,99.5
NEO,2019-09-01,16,3648.749999999999,228.04687499999994
NEO,2019-10-01,18,8148.820000000001,452.71222222222224
NEO,2019-11-01,24,127586.15000000001,5316.089583333333
NEO,2019-12-01,11,40829.600000000006,3711.781818181819
NEO,2020-01-01,21,134713.08000000002,6414.908571428572
NEO,2020-02-01,14,204322.84000000003,14594.488571428574
NEO,2020-03-01,18,67070.81,3726.156111111111
NEO,2020-04-01,31,32959.740000000005,1063.217419354839
NEO,2020-05-01,6,3152.76,525.46
NEO,2020-06-01,1,25314.53,25314.53
NEO,2020-07-01,3,20669.71,6889.903333333333
NEO,2020-08-01,2,299.76,149.88
NEO,2020-09-01,2,20012.03,10006.015
NEO,2020-12-01,4,6796.66,1699.165
NEO,2021-01-01,9,10786.710000000001,1198.5233333333335
NEO,2021-02-01,4,256451.89,64112.9725
NEO,2021-03-01,19,33179.38,1746.2831578947366
NEO,2021-04-01,45,86257.53,1916.834
NEO,2021-05-01,15,22724.86,1514.9906666666668
NEO,2021-06-01,5,36265.69,7253.138000000001
NEO,2021-07-01,6,4540.27,756.7116666666667
NEO,2021-08-01,6,4196.43,699.4050000000001
NEO,2021-10-01,3,7554.44,2518.1466666666665
NEO,2021-11-01,5,27545.260000000002,5509.052000000001
NEO,2021-12-01,10,7352.53,735.2529999999999
NEO,2022-01-01,21,8585.69,408.84238095238095
NEO,2022-02-01,45,6776.650000000001,150.59222222222223
NEO,2022-03-01,38,6626.18,174.37315789473686
NEO,2022-04-01,28,8126.480000000001,290.23142857142864
NEO,2022-05-01,11,1816.76,165.16
NEO,2022-06-01,13,2954.64,227.28
NEO,2022-07-01,9,2547.39,283.0433333333333
NEO,2022-08-01,8,344.53000000000003,43.066250000000004
NEO,2022-09-01,7,665.52,95.07428571428571
NEO,2022-10-01,5,1056.9099999999999,211.38199999999998
NEO,2022-11-01,12,1242.5700000000002,103.54750000000001
NEO,2022-12-01,5,621.26,124.252
NEO,2023-02-01,18,4256.160000000001,236.45333333333338
NEO,2023-03-01,7,461.72999999999996,65.96142857142857
NEO,2023-04-01,10,61141.479999999996,6114.147999999999
NEO,2023-05-01,8,5640.1,705.0125
NEO,2023-06-01,7,1370.31,195.75857142857143
NEO,2023-07-01,7,8056.860000000001,1150.98
NEO,2023-08-01,7,6461.84,923.12
NEO,2023-09-01,4,269.27,67.3175
NEO,2023-10-01,2,1698.8300000000002,849.4150000000001
NEO,2023-11-01,14,8911.25,636.5178571428571
NEO,2023-12-01,15,14105.89,940.3926666666666
NEO,2024-01-01,5,360.55,72.11
NEO,2024-02-01,17,15796.380000000001,929.1988235294118
NEO,2024-03-01,40,6073.7300000000005,151.84325
NEO,2024-04-01,97,12061.33,124.34360824742268
NEO,2024-05-01,21,18938.72,901.8438095238096
NEO,2024-06-01,4,323.12,80.78
NEO,2024-07-01,3,4090.4300000000003,1363.4766666666667
NEO,2024-08-01,5,2027.95,405.59000000000003
NEO,2024-09-01,26,8280.67,318.4873076923077
NEO,2024-10-01,146,31600.65000000001,216.44280821917815
NEO,2024-11-01,353,55708.78,157.81524079320113
NEO,2024-12-01,565,149365.38999999996,264.36352212389374
NEO,2025-01-01,249,35476.790000000015,142.47706827309244
NEO,2025-02-01,89,11460.89,128.77404494382023
NEO,2025-03-01,59,23043.69,390.5710169491525
NEO,2025-04-01,92,42809.12,465.31652173913045
NEO,2025-05-01,52,18302.660000000003,351.9742307692308
NEO,2025-06-01,32,13945.11,435.7846875
NEO,2025-07-01,55,17618.03,320.32781818181815
NEO,2025-08-01,47,8690.150000000001,184.89680851063832
NEO,2025-09-01,31,4003.45,129.14354838709676
NEO,2025-10-01,39,11634.960000000001,298.3323076923077
NEO,2025-11-01,23,7895.0,343.2608695652174
NEO,2025-12-01,18,2478.8,137.7111111111111
NEO,2026-01-01,8,898.74,112.3425
NEO,2026-02-01,26,4574.679999999999,175.94923076923075
NEO,2026-03-01,9,476.40999999999997,52.93444444444444
NEO,2026-04-01,3,156.98000000000002,52.326666666666675
NEO,2026-05-01,14,465.36,33.24
NEO,2026-06-01,201,22671.989999999994,112.7959701492537
NULS,2019-08-01,1,4975.11,4975.11
NULS,2019-12-01,1995,406350.7299999997,203.6845764411026
NULS,2020-01-01,1791,435356.7499999998,243.08026242322714
NULS,2020-02-01,1981,813343.8799999981,410.5723775870763
NULS,2020-03-01,2671,955260.3699999996,357.6414713590414
NULS,2020-04-01,4368,1663305.2399999946,380.79332417582293
NULS,2020-05-01,6029,2307107.7700000075,382.66839774423744
NULS,2020-06-01,9589,5217800.750000002,544.1444102617585
NULS,2020-07-01,10527,7084614.150000021,672.994599601028
NULS,2020-08-01,5683,3092648.029999989,544.1928611648758
NULS,2020-09-01,3889,1708145.4199999955,439.22484443301505
NULS,2020-10-01,3589,1361886.730000002,379.46133463360326
NULS,2020-11-01,8232,3356760.3100000066,407.76971695821265
NULS,2020-12-01,9276,3448895.839999992,371.80852091418626
NULS,2021-01-01,16343,7051033.399999988,431.44058006485886
NULS,2021-02-01,23645,11936199.180000005,504.80859293719624
NULS,2021-03-01,30974,23451749.829999883,757.143082262539
NULS,2021-04-01,34485,27203739.639999885,788.8571738436968
NULS,2021-05-01,21650,15839586.200000077,731.6206096997727
NULS,2021-06-01,6468,3192167.519999993,493.53239332096365
NULS,2021-07-01,5562,2526222.4700000025,454.19318051060816
NULS,2021-08-01,15502,8937778.510000035,576.556477228747
NULS,2021-09-01,9412,5399289.320000007,573.6601487462821
NULS,2021-10-01,14128,9240454.629999997,654.0525644110983
NULS,2021-11-01,5438,4062750.8800000027,747.1038764251568
NULS,2021-12-01,40949,62952186.97999998,1537.3314850179488
NULS,2022-01-01,5842,5256259.399999983,899.7362889421402
NULS,2022-02-01,7742,7605953.880000006,982.4275226039791
NULS,2022-03-01,4970,4630886.270000008,931.7678611670036
NULS,2022-04-01,6743,6547359.839999996,970.9861841910123
NULS,2022-05-01,6199,3428507.989999987,553.0743652201947
NULS,2022-06-01,5006,2252685.259999999,449.99705553335974
NULS,2022-07-01,6544,3374700.689999991,515.6938707212701
NULS,2022-08-01,3981,2164459.5100000002,543.6974403416227
NULS,2022-09-01,2630,997556.399999998,379.29901140684336
NULS,2022-10-01,5605,2941805.2099999883,524.8537395182851
NULS,2022-11-01,3446,1500654.3899999976,435.4771880441084
NULS,2022-12-01,3667,1733305.39,472.676681210799
NULS,2023-01-01,1838,787291.9500000009,428.3416485310124
NULS,2023-02-01,1992,840020.2999999997,421.6969377510039
NULS,2023-03-01,1471,530626.9299999992,360.72530931339173
NULS,2023-04-01,904,290910.5,321.8036504424779
NULS,2023-05-01,726,160813.20999999996,221.50579889807156
NULS,2023-06-01,1314,332111.67,252.74860730593605
NULS,2023-07-01,769,194316.13999999998,252.68678803641092
NULS,2023-08-01,603,135952.62,225.46039800995024
NULS,2023-09-01,399,85696.74999999999,214.7788220551378
NULS,2023-10-01,630,167201.05000000005,265.39849206349214
NULS,2023-11-01,555,114269.82,205.8915675675676
NULS,2023-12-01,1285,214803.7,167.1624124513619
NULS,2024-01-01,183,60547.76999999998,330.8621311475409
NULS,2024-02-01,535,204195.49999999997,381.6738317757009
NULS,2024-03-01,3624,1542642.2899999954,425.67392108167644
NULS,2024-04-01,1099,480497.3500000004,437.21323930846256
NULS,2024-05-01,399,156897.92999999993,393.22789473684196
NULS,2024-06-01,433,154206.89999999988,356.1360277136256
NULS,2024-07-01,396,159249.34999999986,402.1448232323229
NULS,2024-08-01,1279,786604.0599999998,615.0149022673962
NULS,2024-09-01,1426,978263.8699999987,686.0195441795222
NULS,2024-10-01,658,314091.51999999944,477.3427355623092
NULS,2024-11-01,980,328152.19000000064,334.8491734693884
NULS,2024-12-01,1122,456047.61999999965,406.4595543672011
NULS,2025-01-01,435,109296.0700000001,251.25533333333354
NULS,2025-02-01,278,93695.6,337.03453237410076
NULS,2025-03-01,759,304036.53999999986,400.57515151515133
NULS,2025-04-01,2314,556516.3899999988,240.4997363872078
NULS,2025-05-01,1887,330674.10999999946,175.23800211976655
NULS,2025-06-01,8805,818948.9899999895,93.00953889835202
NULS,2025-07-01,2675,231193.70000000024,86.42755140186925
NULS,2025-08-01,1452,123060.42999999982,84.75236225895304
NULS,2025-09-01,2846,201318.28000000239,70.73727336612873
NULS,2025-10-01,404,57664.39,142.7336386138614
NULS,2025-11-01,338,36787.340000000026,108.83828402366872
NULS,2025-12-01,151,13622.560000000007,90.21562913907289
NULS,2026-01-01,196,21673.78,110.58051020408163
NULS,2026-02-01,326,22311.830000000024,68.44119631901847
OKB,2020-07-01,1,208.52,208.52
OKB,2022-03-01,396,78248.70999999996,197.59775252525242
OKB,2022-04-01,735,192965.10999999993,262.5375646258502
OKB,2022-05-01,172,9149.800000000007,53.196511627907014
OKB,2022-06-01,224,16568.319999999996,73.96571428571427
OKB,2022-07-01,227,23014.129999999997,101.38383259911893
OKB,2022-08-01,352,29479.129999999986,83.74752840909088
OKB,2022-09-01,289,17039.310000000005,58.9595501730104
OKB,2022-10-01,175,26492.94999999999,151.38828571428564
OKB,2022-11-01,172,19780.02,115.00011627906977
OKB,2022-12-01,118,14954.129999999997,126.72991525423727
OKB,2023-01-01,190,27989.22999999999,147.3117368421052
OKB,2023-02-01,264,54913.41,208.00534090909093
OKB,2023-03-01,127,17582.77000000001,138.44700787401584
OKB,2023-04-01,173,27524.659999999993,159.10208092485544
OKB,2023-05-01,95,8019.080000000001,84.41136842105264
OKB,2023-06-01,63,6698.360000000001,106.3231746031746
OKB,2023-07-01,46,3182.8999999999996,69.19347826086955
OKB,2023-08-01,101,8957.77,88.69079207920792
OKB,2023-09-01,19,3824.99,201.31526315789472
OKB,2023-10-01,44,9226.579999999998,209.69499999999996
OKB,2023-11-01,124,29058.850000000006,234.3455645161291
OKB,2023-12-01,123,28672.4,233.1089430894309
OKB,2024-01-01,152,27343.830000000013,179.8936184210527
OKB,2024-02-01,273,66398.67000000006,243.21857142857164
OKB,2024-03-01,401,106626.5099999999,265.90152119700724
OKB,2024-04-01,225,45836.10000000004,203.71600000000018
OKB,2024-05-01,164,27245.089999999993,166.12859756097558
OKB,2024-06-01,105,24294.400000000005,231.37523809523813
OKB,2024-07-01,167,44737.73999999999,267.8906586826347
OKB,2024-08-01,102,11309.599999999999,110.878431372549
OKB,2024-09-01,213,26057.669999999995,122.33647887323941
OKB,2024-10-01,84,6937.689999999997,82.59154761904759
OKB,2024-11-01,339,41854.40000000001,123.46430678466079
OKB,2024-12-01,237,27454.88000000001,115.84337552742619
OMG,2019-08-01,447,42499.59999999996,95.07740492170014
OMG,2019-09-01,367,32391.360000000008,88.2598365122616
OMG,2019-10-01,340,30100.969999999972,88.53226470588227
OMG,2019-11-01,141,45947.810000000005,325.87099290780145
OMG,2019-12-01,52,43101.479999999996,828.8746153846153
OMG,2020-01-01,185,103193.09,557.8004864864864
OMG,2020-02-01,269,151346.27000000002,562.6255390334574
OMG,2020-03-01,166,124295.91000000002,748.7705421686748
OMG,2020-04-01,1847,924422.07,500.49922577152137
OMG,2020-05-01,14132,20938854.719999734,1481.6625191055573
OMG,2020-06-01,3820,4171241.8700000006,1091.9481335078535
OMG,2020-07-01,2131,2032502.6800000048,953.7788268418606
OMG,2020-08-01,17197,28382995.110000025,1650.4620055823705
OMG,2020-09-01,7770,10747653.56999997,1383.2243976833938
OMG,2020-10-01,4674,6214198.489999988,1329.5247090286666
OMG,2020-11-01,5594,8374963.1500000255,1497.133205219883
OMG,2020-12-01,3502,3568449.099999999,1018.9746145059963
OMG,2021-01-01,7230,7715932.62999997,1067.2105988934952
OMG,2021-02-01,11504,10587913.410000008,920.3679946105709
OMG,2021-03-01,8576,6546777.50000001,763.3835704291057
OMG,2021-04-01,14851,13886665.87999995,935.0660480775672
OMG,2021-05-01,14947,16147067.51999994,1080.288186258108
OMG,2021-06-01,8484,3467050.9599999934,408.65758604431795
OMG,2021-07-01,6219,1769063.1100000024,284.46102428043133
OMG,2021-08-01,18424,4997771.159999717,271.26417498912923
OMG,2021-09-01,100166,28086966.89000272,280.404197931461
OMG,2021-10-01,36111,41626913.65999991,1152.7488482733768
OMG,2021-11-01,50087,55450402.27000001,1107.0817232016293
OMG,2021-12-01,10563,7006060.900000015,663.2643093818059
OMG,2022-01-01,6446,3662352.240000004,568.1588954390326
OMG,2022-02-01,3099,1172768.9599999995,378.43464343336547
OMG,2022-03-01,5461,3085628.4000000027,565.029921259843
OMG,2022-04-01,2857,1586235.6099999996,555.2102240112005
OMG,2022-05-01,3989,704405.8100000003,176.58706693406876
OMG,2022-06-01,3854,2009095.4799999988,521.3013700051891
OMG,2022-07-01,2804,1482618.5700000003,528.7512731811698
OMG,2022-08-01,1917,283424.48000000004,147.8479290558164
OMG,2022-09-01,1990,363999.89999999985,182.91452261306526
OMG,2022-10-01,1099,173824.2200000001,158.1658052775251
OMG,2022-11-01,1890,350087.57000000036,185.2315185185187
OMG,2022-12-01,903,114404.39000000001,126.69367663344408
OMG,2023-01-01,905,165224.38,182.56837569060775
OMG,2023-02-01,1895,538145.8400000003,283.9819736147759
OMG,2023-03-01,4547,1319075.2000000004,290.0979107103586
OMG,2023-04-01,3766,851714.1300000002,226.15882368560813
OMG,2023-05-01,3173,356653.1399999998,112.4025023636936
OMG,2023-06-01,3536,305922.52000000014,86.5165497737557
OMG,2023-07-01,2462,224736.72999999972,91.2821811535336
OMG,2023-08-01,2930,187546.57999999993,64.00907167235492
OMG,2023-09-01,3337,127685.22000000006,38.26347617620619
OMG,2023-10-01,2377,176205.0300000001,74.12916701724868
OMG,2023-11-01,2183,286267.8099999999,131.13504809894636
OMG,2023-12-01,3788,512203.26000000053,135.21733368532222
OMG,2024-01-01,10082,309160.4700000008,30.664597302122672
OMG,2024-02-01,5395,323584.6499999998,59.97861909175158
OMG,2024-03-01,7928,1260065.7399999986,158.93866548940446
OMG,2024-04-01,5452,560216.0999999999,102.75423697725603
OMG,2024-05-01,3070,369269.5900000002,120.2832540716613
OMG,2024-06-01,5670,994517.9400000012,175.39998941798964
OMG,2024-07-01,1429,100407.67999999996,70.26429671098668
OMG,2024-08-01,1395,87327.87000000001,62.600623655913985
OMG,2024-09-01,1879,148450.80000000013,79.00521554018101
OMG,2024-10-01,3105,389044.73000000033,125.29620933977466
OMG,2024-11-01,2595,471831.8000000002,181.8234296724471
OMG,2024-12-01,2757,563973.1899999996,204.56046064562915
OMG,2025-01-01,2013,305083.7300000002,151.55674615002494
OMG,2025-02-01,855,84968.01,99.3777894736842
OMG,2025-03-01,1038,88747.01999999995,85.49809248554908
OMG,2025-04-01,3805,165776.14000000138,43.56797371879143
OMG,2025-05-01,1271,121731.27999999996,95.77598741148698
OMG,2025-06-01,800,162074.22999999995,202.59278749999993
OMG,2025-07-01,693,79376.68999999999,114.5406782106782
OMG,2025-08-01,638,47471.38,74.40655172413793
OMG,2025-09-01,463,38699.72999999999,83.58473002159825
OMG,2025-10-01,542,358793.24,661.980147601476
OMG,2025-11-01,25,1638.49,65.53960000000001
OMG,2025-12-01,66,7336.56,111.16000000000001
OMG,2026-01-01,22,1055.7500000000002,47.988636363636374
OMG,2026-02-01,112,11409.21,101.86794642857141
OMG,2026-03-01,35,2937.9000000000005,83.94000000000001
OMG,2026-04-01,19,1156.54,60.87052631578947
OMG,2026-05-01,83,11638.129999999997,140.21843373493974
OMG,2026-06-01,6,139.48,23.246666666666666
PAX,2020-04-01,1,38667.16,38667.16
PAX,2020-05-01,2,26725.98,13362.99
PAX,2020-06-01,11,5352681.380000001,486607.39818181825
PAX,2020-07-01,2,40207.35,20103.675
PAX,2020-08-01,4,50900.04,12725.01
PAX,2020-09-01,3,84122.85,28040.95
PAX,2020-10-01,1,33480.0,33480.0
PAX,2020-11-01,611,65632207.95000002,107417.68895253686
PAX,2020-12-01,359,45130417.61,125711.46966573816
PAX,2021-02-01,1,26935.0,26935.0
PAX,2021-03-01,95,16875854.39,177640.5725263158
PAX,2021-04-01,51,4094113.5,80276.73529411765
PAX,2021-05-01,82,14004947.41,170792.04158536586
PAX,2021-06-01,57,3708819.38,65067.00666666667
PAX,2021-07-01,79,5913834.9799999995,74858.67063291138
PAX,2021-08-01,37,3084261.05,83358.40675675675
PAX,2021-09-01,10,401848.13,40184.813
PAX,2021-10-01,12,1022994.8600000001,85249.57166666667
PAX,2021-11-01,10,176629.11,17662.911
PAX,2021-12-01,10,193986.66,19398.666
PAX,2022-01-01,10,170702.45,17070.245000000003
PAX,2022-02-01,18,156298.34,8683.24111111111
PAX,2022-03-01,9,103331.65,11481.294444444444
PAX,2022-04-01,23,24324.37,1057.581304347826
PAX,2022-05-01,30,4816.809999999999,160.5603333333333
PAX,2022-06-01,23,835.9899999999999,36.34739130434782
PAX,2022-07-01,13,870.1699999999998,66.93615384615383
PAX,2022-08-01,13,1279.7699999999998,98.44384615384614
PAX,2022-09-01,12,1347.09,112.2575
PAX,2022-10-01,12,5714.48,476.20666666666665
PAX,2022-11-01,14,989.2299999999999,70.6592857142857
PAX,2022-12-01,6,1286.1899999999998,214.36499999999998
PAX,2023-01-01,11,610.23,55.47545454545455
PAX,2023-02-01,8,159.85999999999999,19.982499999999998
PAX,2023-03-01,9,271.88,30.20888888888889
PAX,2023-04-01,20,3516.88,175.844
PAX,2023-05-01,15,466.64,31.109333333333332
PAX,2023-06-01,11,2361.4299999999994,214.6754545454545
PAX,2023-07-01,3,165.6,55.199999999999996
PAX,2023-08-01,6,506.05,84.34166666666667
PAX,2023-09-01,5,40.81,8.162
PAX,2023-10-01,3,20.45,6.816666666666666
PAX,2023-11-01,6,1064.55,177.42499999999998
PAX,2023-12-01,20,2411.3900000000003,120.56950000000002
PAX,2024-01-01,8,244.16,30.52
PAX,2024-02-01,6,211.54000000000002,35.25666666666667
PAX,2024-03-01,9,189.18,21.02
PAX,2024-04-01,114,10420.699999999999,91.40964912280701
PAX,2024-05-01,25,1642.46,65.6984
PAX,2024-06-01,25,1473.98,58.9592
PAX,2024-07-01,25,1960.9299999999998,78.43719999999999
PAX,2024-08-01,31,783.8599999999999,25.2858064516129
PAX,2024-09-01,26,454.44000000000005,17.47846153846154
PAX,2024-10-01,21,758.86,36.13619047619048
PAX,2024-11-01,33,1693.7,51.32424242424243
PAX,2024-12-01,142,3630.81,25.569084507042252
PAX,2025-01-01,37,2047.95,55.35
PAX,2025-02-01,15,1963.17,130.87800000000001
PAX,2025-03-01,23,538.85,23.428260869565218
PAX,2025-04-01,16,463.58000000000004,28.973750000000003
PAX,2025-05-01,12,113.43,9.4525
PAX,2025-06-01,8,245.82000000000002,30.727500000000003
PAX,2025-07-01,18,134.79000000000002,7.488333333333334
PAX,2025-08-01,18,2563.769999999999,142.43166666666662
PAX,2025-09-01,1,10.0,10.0
PAX,2025-10-01,10,4969.27,496.927
PAX,2025-11-01,5,6628.670000000001,1325.7340000000002
PAX,2025-12-01,3,110.68,36.89333333333334
PAX,2026-01-01,10,4153.65,415.36499999999995
PAX,2026-02-01,3,119.34,39.78
PAX,2026-03-01,2,180.1,90.05
PAX,2026-04-01,11,3752.0299999999997,341.09363636363634
PAX,2026-05-01,6,2358.51,393.08500000000004
PAXG,2019-11-01,12,66000.0,5500.0
PAXG,2019-12-01,2,51000.0,25500.0
PAXG,2020-01-01,7,105500.0,15071.42857142857
PAXG,2020-02-01,9,44900.5,4988.944444444444
PAXG,2020-03-01,22,26484.600000000002,1203.8454545454547
PAXG,2020-04-01,17,66747.28,3926.310588235294
PAXG,2020-05-01,68,36771.65000000001,540.7595588235296
PAXG,2020-06-01,198,90917.36,459.17858585858585
PAXG,2020-07-01,106,4922.3899999999985,46.437641509433945
PAXG,2020-08-01,13104,7736415.330000081,590.3857852564164
PAXG,2020-09-01,4608,1980805.3299999926,429.8622677951373
PAXG,2020-10-01,3800,1615695.1099999964,425.1829236842096
PAXG,2020-11-01,10022,6063129.500000018,604.9819896228315
PAXG,2020-12-01,12437,4796373.6900000395,385.6535892900249
PAXG,2021-01-01,26883,12967371.550000448,482.363261168785
PAXG,2021-02-01,25720,13598187.900000487,528.7009292379661
PAXG,2021-03-01,20130,10898395.620000191,541.4006766020959
PAXG,2021-04-01,28803,18342491.410000287,636.8257268340203
PAXG,2021-05-01,20964,13738443.330000278,655.3350186033332
PAXG,2021-06-01,8529,8732399.030000053,1023.8479341071701
PAXG,2021-07-01,6389,2851644.409999993,446.33658005947615
PAXG,2021-08-01,11922,4894209.590000067,410.5191737963485
PAXG,2021-09-01,9249,3378778.69000002,365.31286517461564
PAXG,2021-10-01,13300,4380105.180000096,329.33121654136056
PAXG,2021-11-01,12540,4118313.5799999908,328.41416108452876
PAXG,2021-12-01,8940,3246038.6499999855,363.09157158836524
PAXG,2022-01-01,6501,3277233.86999999,504.11227041993385
PAXG,2022-02-01,10092,3234009.009999986,320.4527358303593
PAXG,2022-03-01,9299,3064746.5600000024,329.57807936337264
PAXG,2022-04-01,9586,1894781.9299999988,197.6613738785728
PAXG,2022-05-01,9329,25096676.52999999,2690.178639725586
PAXG,2022-06-01,7304,1451960.3899999987,198.78975766703158
PAXG,2022-07-01,5164,965115.4299999984,186.89299573973634
PAXG,2022-08-01,3580,828469.4899999993,231.41605865921767
PAXG,2022-09-01,2862,539208.149999999,188.40256813417156
PAXG,2022-10-01,1979,576261.3299999989,291.1881404749868
PAXG,2022-11-01,3562,1577742.1200000003,442.9371476698485
PAXG,2022-12-01,2512,868336.6899999988,345.675433917197
PAXG,2023-01-01,3224,909578.6999999995,282.1273883374688
PAXG,2023-02-01,3436,3599832.64000001,1047.681210710131
PAXG,2023-03-01,4116,1402073.2799999989,340.6397667638481
PAXG,2023-04-01,2314,507943.71000000014,219.50894987035443
PAXG,2023-05-01,2351,593366.899999999,252.3891535516797
PAXG,2023-06-01,1900,452261.1700000003,238.03219473684226
PAXG,2023-07-01,1948,431011.87999999954,221.25866529774103
PAXG,2023-08-01,2490,521836.7900000001,209.57300803212854
PAXG,2023-09-01,1765,286368.63000000035,162.24851558073675
PAXG,2023-10-01,3161,497839.11000000004,157.4941822208162
PAXG,2023-11-01,3617,693270.74,191.67009676527508
PAXG,2023-12-01,3918,558166.3399999997,142.46205717202648
PAXG,2024-01-01,3447,540713.8799999999,156.8650652741514
PAXG,2024-02-01,4304,631102.7599999988,146.63168215613356
PAXG,2024-03-01,7163,1066241.8799999987,148.85409465307814
PAXG,2024-04-01,6259,1530802.6199999978,244.57622942962098
PAXG,2024-05-01,4264,513661.3099999997,120.46465994371475
PAXG,2024-06-01,4259,610518.6400000001,143.3478844799249
PAXG,2024-07-01,5288,904179.4699999981,170.98704046898604
PAXG,2024-08-01,4461,846193.4699999986,189.68694687289815
PAXG,2024-09-01,4309,821531.4999999997,190.65479229519602
PAXG,2024-10-01,7206,1584013.4199999995,219.818681654177
PAXG,2024-11-01,10035,2072232.2099999988,206.5004693572495
PAXG,2024-12-01,7819,2462823.810000001,314.97938483182
PAXG,2025-01-01,8190,3140976.1599999974,383.5135726495723
PAXG,2025-02-01,8159,2427848.5899999975,297.56693099644536
PAXG,2025-03-01,9027,1462451.0699999954,162.0085377201723
PAXG,2025-04-01,12219,5281011.659999984,432.1967149521225
PAXG,2025-05-01,10788,2894804.4099999964,268.33559603262853
PAXG,2025-06-01,11584,2822301.6299999924,243.63791695441924
PAXG,2025-07-01,13015,2586615.6399999917,198.74111717249264
PAXG,2025-08-01,10176,2273021.0699999975,223.37078124999977
PAXG,2025-09-01,16139,6230465.030000066,386.0502528037714
PAXG,2025-10-01,26114,57179943.52000016,2189.6279206555932
PAXG,2025-11-01,19516,7155064.210000147,366.62554878049536
PAXG,2025-12-01,14349,5173892.000000291,360.57509234094994
PAXG,2026-01-01,23096,13560139.450000275,587.1206897298352
PAXG,2026-02-01,18942,13283999.100000225,701.2986537852511
PAXG,2026-03-01,14974,10185312.96000014,680.1998771203513
PAXG,2026-04-01,13296,3690294.639999985,277.54923586040803
PAXG,2026-05-01,33133,11291512.300000038,340.793538164369
PAXG,2026-06-01,20771,4890970.689999988,235.4711227191752
PUNDIX,2021-04-01,33184,29467736.18000012,888.0103718659631
PUNDIX,2021-05-01,24025,18184315.509999987,756.8913843912585
PUNDIX,2021-06-01,8133,4725601.730000007,581.0404192794796
PUNDIX,2021-07-01,10876,7417785.320000009,682.0324862081656
PUNDIX,2021-08-01,12207,9549969.940000013,782.3355402637841
PUNDIX,2021-09-01,5669,3909947.1500000064,689.7066766625519
PUNDIX,2021-10-01,7493,5473225.009999994,730.445083411183
PUNDIX,2021-11-01,2814,1714553.6600000013,609.2941222459137
PUNDIX,2021-12-01,1759,967328.350000001,549.9308413871523
PUNDIX,2022-01-01,975,528413.1100000002,541.9621641025643
PUNDIX,2022-02-01,1242,716632.0999999994,576.9984702093393
PUNDIX,2022-03-01,933,529001.94,566.9902893890675
PUNDIX,2022-04-01,1840,1141986.4500000002,620.6448097826088
PUNDIX,2022-05-01,790,331249.0100000006,419.30254430379824
PUNDIX,2022-06-01,576,161846.78,280.9839930555556
PUNDIX,2022-07-01,1673,853863.3999999997,510.3786013150028
PUNDIX,2022-08-01,3303,1500826.2399999937,454.38275507114554
PUNDIX,2022-09-01,3666,2225221.539999995,606.9889634478982
PUNDIX,2022-10-01,1034,476418.9799999995,460.75336557059916
PUNDIX,2022-11-01,677,224941.63999999993,332.2623929098965
PUNDIX,2022-12-01,518,153750.50000000006,296.8156370656372
PUNDIX,2023-01-01,463,135040.69999999998,291.66457883369327
PUNDIX,2023-02-01,711,241679.9900000003,339.91559774964884
PUNDIX,2023-03-01,272,55069.98999999996,202.4631985294116
PUNDIX,2023-04-01,164,27805.93,169.5483536585366
PUNDIX,2023-05-01,138,18195.640000000003,131.85246376811597
PUNDIX,2023-06-01,161,26197.929999999997,162.7200621118012
PUNDIX,2023-07-01,207,41910.850000000006,202.4678743961353
PUNDIX,2023-08-01,145,31337.539999999994,216.12096551724133
PUNDIX,2023-09-01,74,16482.2,222.73243243243243
PUNDIX,2023-10-01,150,44200.729999999996,294.6715333333333
PUNDIX,2023-11-01,163,48736.619999999995,298.9976687116564
PUNDIX,2023-12-01,208,43633.229999999974,209.77514423076911
PUNDIX,2024-01-01,172,24686.250000000007,143.52470930232562
PUNDIX,2024-02-01,197,30950.77,157.1105076142132
PUNDIX,2024-03-01,710,246981.89999999997,347.86183098591545
PUNDIX,2024-04-01,1849,512656.4399999999,277.26146024878307
PUNDIX,2024-05-01,380,105712.45,278.19065789473683
PUNDIX,2024-06-01,237,42594.549999999996,179.72383966244723
PUNDIX,2024-07-01,246,37101.609999999986,150.8195528455284
PUNDIX,2024-08-01,114,27599.789999999994,242.10342105263152
PUNDIX,2024-09-01,205,27153.189999999995,132.45458536585363
PUNDIX,2024-10-01,122,22823.68,187.07934426229508
PUNDIX,2024-11-01,526,149658.19000000012,284.5212737642588
PUNDIX,2024-12-01,276,129739.92000000003,470.07217391304357
PUNDIX,2025-01-01,429,98988.46999999999,230.74235431235428
PUNDIX,2025-02-01,51,4399.53,86.26529411764706
PUNDIX,2025-03-01,48,6435.009999999999,134.06270833333332
PUNDIX,2025-04-01,275,206522.66999999993,750.991527272727
PUNDIX,2025-05-01,388,78236.71,201.6410051546392
PUNDIX,2025-06-01,72,26622.140000000003,369.75194444444446
PUNDIX,2025-07-01,145,62105.34,428.3126896551724
PUNDIX,2025-08-01,57,23729.09,416.2998245614035
PUNDIX,2025-09-01,28,3168.1800000000003,113.14928571428572
PUNDIX,2025-10-01,138,33151.23999999999,240.22637681159412
PUNDIX,2025-11-01,35,8004.540000000002,228.7011428571429
PUNDIX,2025-12-01,23,3649.59,158.67782608695651
PUNDIX,2026-01-01,40,5684.239999999999,142.10599999999997
PUNDIX,2026-02-01,60,26189.54,436.49233333333336
PUNDIX,2026-03-01,14,840.8799999999999,60.06285714285713
PUNDIX,2026-04-01,11,1044.62,94.96545454545453
PUNDIX,2026-05-01,34,3082.3699999999994,90.65794117647057
PUNDIX,2026-06-01,209,30997.909999999978,148.31535885167455
SNX,2020-07-01,1,5295.5,5295.5
SNX,2020-08-01,1,613.18,613.18
SNX,2020-12-01,8,160941.39,20117.67375
SNX,2021-01-01,37,329400.58999999997,8902.718648648648
SNX,2021-02-01,46,173657.1,3775.154347826087
SNX,2021-03-01,28,86189.64,3078.2014285714286
SNX,2021-04-01,23,48069.04,2089.958260869565
SNX,2021-05-01,21938,17191422.520000275,783.6367271401347
SNX,2021-06-01,13506,4691318.7199999895,347.3507122760247
SNX,2021-07-01,26616,19058711.200000223,716.0621881575076
SNX,2021-08-01,27731,19080666.230000217,688.06268183622
SNX,2021-09-01,18396,15681440.310000159,852.4375032615873
SNX,2021-10-01,14848,10671212.760000072,718.69698006466
SNX,2021-11-01,13440,9409433.390000008,700.1066510416673
SNX,2021-12-01,7212,3998234.989999991,554.3864378813076
SNX,2022-01-01,7799,4444015.230000005,569.8185959738435
SNX,2022-02-01,3907,1359869.7499999984,348.0598285129251
SNX,2022-03-01,4646,1979912.2099999988,426.1541562634522
SNX,2022-04-01,7332,3130083.6699999985,426.90721085651916
SNX,2022-05-01,4079,935127.1899999987,229.25403039960742
SNX,2022-06-01,6617,2201742.12,332.74023273386734
SNX,2022-07-01,6785,2621170.0899999933,386.3183625644795
SNX,2022-08-01,4760,2410745.4600000028,506.45913025210143
SNX,2022-09-01,4355,1479528.7599999993,339.73105855338673
SNX,2022-10-01,3012,1015386.36,337.11366533864543
SNX,2022-11-01,3381,889740.0099999997,263.1588317065956
SNX,2022-12-01,2175,458840.4099999998,210.9611080459769
SNX,2023-01-01,3149,693103.4399999987,220.1027119720542
SNX,2023-02-01,5509,2024564.4299999978,367.5012579415498
SNX,2023-03-01,10009,3524497.779999995,352.1328584274148
SNX,2023-04-01,3287,966162.9499999998,293.9345756008518
SNX,2023-05-01,2207,957399.6400000002,433.8013774354328
SNX,2023-06-01,2774,663556.6000000002,239.20569574621493
SNX,2023-07-01,5454,1585506.2099999967,290.70520902090146
SNX,2023-08-01,3232,738393.8800000001,228.46345297029706
SNX,2023-09-01,3184,736719.8099999995,231.38184987437168
SNX,2023-10-01,2797,663597.27,237.25322488380408
SNX,2023-11-01,6227,3398862.31,545.826611530432
SNX,2023-12-01,10141,5110239.529999986,503.9186993393143
SNX,2024-01-01,25016,3366338.7600000068,134.56742724656246
SNX,2024-02-01,13705,9661288.310000002,704.9462466253194
SNX,2024-03-01,16270,10347186.069999933,635.9671831591846
SNX,2024-04-01,13011,6582817.829999978,505.9424971178217
SNX,2024-05-01,7467,2516491.1900000027,337.01502477568005
SNX,2024-06-01,6418,3141966.1999999997,489.5553443440324
SNX,2024-07-01,6895,2004793.3599999987,290.760458303118
SNX,2024-08-01,5728,2096156.5800000012,365.9491236033522
SNX,2024-09-01,3111,1105947.2500000002,355.4957409193186
SNX,2024-10-01,4138,1227123.4000000013,296.54987916868083
SNX,2024-11-01,8992,5121874.999999992,569.6035364768674
SNX,2024-12-01,11325,4245745.390000005,374.90025518763844
SNX,2025-01-01,6137,2819919.579999998,459.4947987616096
SNX,2025-02-01,4724,1558873.0400000021,329.990059271804
SNX,2025-03-01,2923,651027.9100000003,222.72593568251804
SNX,2025-04-01,2585,752194.3899999999,290.98429013539646
SNX,2025-05-01,3317,723336.5599999999,218.06950859210127
SNX,2025-06-01,2422,779463.3299999997,321.82631296449205
SNX,2025-07-01,4822,1106559.8800000015,229.48151804230642
SNX,2025-08-01,3905,1579478.7999999998,404.4760051216389
SNX,2025-09-01,5214,4527034.920000003,868.2460529344079
SNX,2025-10-01,17175,29427348.57999989,1713.382741193589
SNX,2025-11-01,3786,1421147.4400000004,375.3691072371898
SNX,2025-12-01,2838,505186.08000000013,178.00778012684995
SNX,2026-01-01,2718,756073.5400000002,278.17275202354676
SNX,2026-02-01,4207,922535.9699999992,219.28594485381487
SNX,2026-03-01,2833,239057.76999999996,84.3832580303565
SNX,2026-04-01,2122,231815.28000000003,109.24377002827522
SNX,2026-05-01,1736,122358.16000000006,70.48281105990787
SNX,2026-06-01,2401,154124.13999999996,64.19164514785504
SOL,2020-08-01,1,14322.0,14322.0
SOL,2020-09-01,2,54774.26,27387.13
SOL,2020-11-01,2,1829.21,914.605
SOL,2020-12-01,8,357.67,44.70875
SOL,2021-01-01,12,3706.55,308.87916666666666
SOL,2021-02-01,65,77384.27000000002,1190.527230769231
SOL,2021-03-01,25,49357.0,1974.28
SOL,2021-04-01,125,1024317.77,8194.54216
SOL,2021-05-01,149,1289233.63,8652.574697986576
SOL,2021-06-01,125,177359.26999999996,1418.8741599999996
SOL,2021-07-01,4538,5875836.759999997,1294.807571617452
SOL,2021-08-01,33457,61203288.109999865,1829.311896165223
SOL,2021-09-01,62791,165328064.07,2632.9898244971414
SOL,2021-10-01,36563,75482852.68000013,2064.460046495094
SOL,2021-11-01,44174,72842958.2699998,1649.000730520211
SOL,2021-12-01,96126,119780683.83999608,1246.079976697211
SOL,2022-01-01,55726,48101173.70000046,863.172912105668
SOL,2022-02-01,56924,84553858.64000031,1485.3815374885867
SOL,2022-03-01,46613,25823858.350000262,554.0054995387609
SOL,2022-04-01,43561,28998946.300000202,665.7089208236772
SOL,2022-05-01,43923,239733030.30999985,5458.029513239074
SOL,2022-06-01,38302,18806395.42000033,491.00296120307894
SOL,2022-07-01,39831,18903375.08000007,474.5895177123364
SOL,2022-08-01,34328,14129378.69000004,411.59923939641226
SOL,2022-09-01,25693,8368010.220000023,325.69222044915045
SOL,2022-10-01,20212,6572850.909999986,325.19547348109967
SOL,2022-11-01,62740,30134894.77000004,480.31391090213646
SOL,2022-12-01,36300,23209321.399999995,639.3752451790632
SOL,2023-01-01,142920,35239289.00000001,246.56653372516098
SOL,2023-02-01,87127,27306408.789999943,313.4092622264045
SOL,2023-03-01,73792,23730754.980000034,321.589806212056
SOL,2023-04-01,69598,17930728.619999986,257.63281444869085
SOL,2023-05-01,51584,10932790.460000057,211.94150240384727
SOL,2023-06-01,61023,16542526.180000607,271.0867407371091
SOL,2023-07-01,103986,26216526.90000048,252.11592810571113
SOL,2023-08-01,48817,13730311.300000317,281.2608578978699
SOL,2023-09-01,60465,13114115.31000008,216.88770875713357
SOL,2023-10-01,222771,56709838.66000199,254.56562416114303
SOL,2023-11-01,385332,201756743.7699977,523.591977230019
SOL,2023-12-01,199911,145992622.1900004,730.2880891496736
SOL,2024-01-01,139072,119936038.96000056,862.4024890704136
SOL,2024-02-01,365545,232175650.4800048,635.1492989372165
SOL,2024-03-01,866468,665848012.2100017,768.4623231440765
SOL,2024-04-01,522555,481587733.24999595,921.6020002679066
SOL,2024-05-01,446003,360840898.5499994,809.0548685771159
SOL,2024-06-01,384200,276495494.94999725,719.6655256376815
SOL,2024-07-01,513893,475361763.44999653,925.0208962760663
SOL,2024-08-01,509467,641186595.8400029,1258.543921078309
SOL,2024-09-01,355320,376710877.0500003,1060.2017253461677
SOL,2024-10-01,443657,510726680.78999984,1151.1746254200878
SOL,2024-11-01,1011995,1296593147.1199927,1281.2248549844542
SOL,2024-12-01,1029695,999816477.3199978,970.9831331802114
SOL,2025-01-01,1153411,1386110177.9100087,1201.7487070177142
SOL,2025-02-01,684092,728259366.9899943,1064.563489983795
SOL,2025-03-01,767281,749346595.5899923,976.6260282608226
SOL,2025-04-01,501304,475527611.9399816,948.5813237875253
SOL,2025-05-01,551602,514463494.51999897,932.6715539827611
SOL,2025-06-01,431137,369083780.4299953,856.070762727382
SOL,2025-07-01,591119,738873781.9099811,1249.9577613136798
SOL,2025-08-01,611700,790871828.3799725,1292.908007814243
SOL,2025-09-01,603157,726086409.5899701,1203.8099691953673
SOL,2025-10-01,624616,838606445.509951,1342.5952033088345
SOL,2025-11-01,537835,551414870.7899745,1025.2491392155111
SOL,2025-12-01,273238,285618389.71000093,1045.309911908303
SOL,2026-01-01,409740,364846749.70999664,890.434787206513
SOL,2026-02-01,422926,282041248.7200031,666.8808461054726
SOL,2026-03-01,356173,288786112.4399971,810.8029312721545
SOL,2026-04-01,328514,180518306.16000423,549.4995834576433
SOL,2026-05-01,327675,173246815.8000007,528.7153911650284
SOL,2026-06-01,323532,163491302.73999408,505.33271126192795
SUSHI,2020-11-01,2,49396.18,24698.09
SUSHI,2020-12-01,6,5238.48,873.0799999999999
SUSHI,2021-01-01,35,58168.450000000004,1661.9557142857145
SUSHI,2021-02-01,68,64111.32,942.8135294117646
SUSHI,2021-03-01,33,18414.13,558.0039393939394
SUSHI,2021-04-01,73,21800.42,298.6358904109589
SUSHI,2021-05-01,10352,6534474.720000011,631.2282380216394
SUSHI,2021-06-01,11388,6934348.4700000305,608.9171469968414
SUSHI,2021-07-01,10523,7881659.510000018,748.9935864297271
SUSHI,2021-08-01,13505,10477375.16000002,775.8145249907457
SUSHI,2021-09-01,30888,25370317.240000054,821.3648420098438
SUSHI,2021-10-01,18906,13502655.66000012,714.1994953982926
SUSHI,2021-11-01,30496,24352408.170000155,798.5443392576126
SUSHI,2021-12-01,43648,31431789.84000022,720.1198185483921
SUSHI,2022-01-01,22756,13424974.840000115,589.9531921251589
SUSHI,2022-02-01,10202,4608265.899999995,451.7022054499113
SUSHI,2022-03-01,9237,3813884.419999993,412.892109992421
SUSHI,2022-04-01,6792,3583657.839999996,527.6292461719664
SUSHI,2022-05-01,7237,1426135.5799999973,197.0617078900093
SUSHI,2022-06-01,6593,1451536.0699999975,220.16321401486388
SUSHI,2022-07-01,7284,1847957.7799999996,253.70095826468966
SUSHI,2022-08-01,5627,1542328.419999997,274.0942633730224
SUSHI,2022-09-01,3642,926168.3299999995,254.30212246018658
SUSHI,2022-10-01,6972,2149811.2599999993,308.3492914515203
SUSHI,2022-11-01,6780,2175532.370000001,320.87498082595886
SUSHI,2022-12-01,3954,836783.1199999996,211.62951947395035
SUSHI,2023-01-01,3032,989191.1300000001,326.2503726912929
SUSHI,2023-02-01,3049,1074827.8499999987,352.5181534929481
SUSHI,2023-03-01,2691,1069208.37,397.3275250836121
SUSHI,2023-04-01,2125,493229.68999999994,232.10808941176467
SUSHI,2023-05-01,1634,263574.35999999987,161.30621787025694
SUSHI,2023-06-01,2113,280571.7100000001,132.78358258400382
SUSHI,2023-07-01,2146,276423.2200000001,128.80858341099724
SUSHI,2023-08-01,1884,249178.40999999992,132.26030254777066
SUSHI,2023-09-01,1552,147018.80999999997,94.72861469072163
SUSHI,2023-10-01,3136,399511.58000000013,127.39527423469391
SUSHI,2023-11-01,8944,1756371.9999999998,196.37432915921286
SUSHI,2023-12-01,4142,786794.0000000008,189.95509415741208
SUSHI,2024-01-01,9406,458096.5400000003,48.70258770997239
SUSHI,2024-02-01,8904,1533878.559999999,172.26848158131165
SUSHI,2024-03-01,10887,2424969.1899999967,222.7398906953244
SUSHI,2024-04-01,6441,1291078.4299999992,200.44689178698948
SUSHI,2024-05-01,3685,783740.4099999996,212.6839647218452
SUSHI,2024-06-01,2796,790177.8599999995,282.6101072961372
SUSHI,2024-07-01,2731,657165.15,240.63169168802636
SUSHI,2024-08-01,2660,291441.79000000015,109.56458270676697
SUSHI,2024-09-01,1650,260151.94,157.66784242424242
SUSHI,2024-10-01,2238,386995.3699999998,172.920183199285
SUSHI,2024-11-01,5536,1157597.8400000017,209.10365606936446
SUSHI,2024-12-01,10137,4247798.199999992,419.0389858932615
SUSHI,2025-01-01,4509,1144447.9599999997,253.8141406076735
SUSHI,2025-02-01,1978,327958.6599999997,165.8031648129422
SUSHI,2025-03-01,1452,252935.02000000008,174.1976721763086
SUSHI,2025-04-01,1314,160543.4,122.17914764079147
SUSHI,2025-05-01,1563,341337.42,218.38606525911706
SUSHI,2025-06-01,1557,248239.86999999997,159.4347270391779
SUSHI,2025-07-01,3145,598012.3699999995,190.14701748807616
SUSHI,2025-08-01,1675,335477.93,200.2853313432836
SUSHI,2025-09-01,1152,214274.88000000003,186.00250000000003
SUSHI,2025-10-01,1820,195227.92000000016,107.26808791208799
SUSHI,2025-11-01,1646,289142.8500000001,175.6639428918591
SUSHI,2025-12-01,1313,90976.68000000007,69.28916984006098
SUSHI,2026-01-01,1413,212288.87999999992,150.2398301486199
SUSHI,2026-02-01,2020,171467.96999999986,84.88513366336626
SUSHI,2026-03-01,1001,78744.62000000001,78.66595404595405
SUSHI,2026-04-01,1730,234658.52000000002,135.64076300578037
SUSHI,2026-05-01,1436,92162.05999999998,64.17970752089136
SUSHI,2026-06-01,1930,92183.85000000002,47.76365284974094
THETA,2019-08-01,3,874.49,291.49666666666667
THETA,2020-05-01,5,55768.94,11153.788
THETA,2020-06-01,3,70946.87,23648.956666666665
THETA,2020-11-01,16,11178.48,698.655
THETA,2020-12-01,17,127387.50000000003,7493.382352941178
THETA,2021-01-01,12,196650.26,16387.521666666667
THETA,2021-02-01,27,33075.39,1225.0144444444445
THETA,2021-03-01,159,2150143.3500000006,13522.9141509434
THETA,2021-04-01,77,565215.55,7340.461688311689
THETA,2021-05-01,55,38941.10999999999,708.0201818181816
THETA,2021-06-01,6190,5341398.019999996,862.907596122778
THETA,2021-07-01,6212,5102378.369999994,821.3744961365089
THETA,2021-08-01,7873,6599182.290000004,838.204279182015
THETA,2021-09-01,5662,3974410.480000003,701.9446273401629
THETA,2021-10-01,5717,4413553.870000004,772.0052247682357
THETA,2021-11-01,3615,2389482.890000002,660.991117565699
THETA,2021-12-01,2237,1327528.770000001,593.441560125168
THETA,2022-01-01,2080,948704.869999999,456.10811057692257
THETA,2022-02-01,1962,1128138.1700000009,574.9939704383287
THETA,2022-03-01,1160,534567.21,460.8338017241379
THETA,2022-04-01,917,443039.36,483.1399781897492
THETA,2022-05-01,958,362746.5300000001,378.6498225469729
THETA,2022-06-01,1613,555090.4800000001,344.13544947303166
THETA,2022-07-01,1458,455519.81999999954,312.4278600823042
THETA,2022-08-01,1455,500716.94999999914,344.13536082474167
THETA,2022-09-01,387,164152.49000000008,424.16664082687356
THETA,2022-10-01,382,87546.20999999998,229.17856020942403
THETA,2022-11-01,317,131348.66,414.3490851735016
THETA,2022-12-01,415,45357.91,109.2961686746988
THETA,2023-01-01,456,186158.42000000004,408.2421491228071
THETA,2023-02-01,485,156172.19999999995,322.00453608247415
THETA,2023-03-01,130,18634.999999999996,143.3461538461538
THETA,2023-04-01,188,36233.27,192.73015957446808
THETA,2023-05-01,62,6540.98,105.49967741935482
THETA,2023-06-01,80,6769.41,84.617625
THETA,2023-07-01,82,6530.2,79.63658536585366
THETA,2023-08-01,134,24337.68,181.6244776119403
THETA,2023-09-01,65,8104.389999999999,124.68292307692307
THETA,2023-10-01,105,14892.769999999999,141.83590476190474
THETA,2023-11-01,277,70037.84,252.84418772563177
THETA,2023-12-01,342,101532.08000000002,296.87742690058485
THETA,2024-01-01,212,57761.650000000016,272.4606132075472
THETA,2024-02-01,576,334708.9600000001,581.0919444444446
THETA,2024-03-01,1399,693590.3299999993,495.77578984989225
THETA,2024-04-01,734,363664.44000000035,495.455640326976
THETA,2024-05-01,659,384783.0700000001,583.8893323216997
THETA,2024-06-01,559,222683.39999999997,398.36028622540243
THETA,2024-07-01,217,51746.12,238.46138248847927
THETA,2024-08-01,85,6941.25,81.66176470588235
THETA,2024-09-01,146,37862.95999999999,259.33534246575334
THETA,2024-10-01,236,93613.62000000002,396.6678813559323
THETA,2024-11-01,815,738655.96,906.3263312883436
THETA,2024-12-01,818,405135.33999999997,495.2754767726161
THETA,2025-01-01,351,147152.66000000003,419.23834757834766
THETA,2025-02-01,140,16687.67,119.19764285714284
THETA,2025-03-01,68,10119.71,148.81926470588235
THETA,2025-04-01,119,42393.89000000001,356.2511764705883
THETA,2025-05-01,143,20380.579999999994,142.52153846153843
THETA,2025-06-01,89,26739.930000000004,300.4486516853933
THETA,2025-07-01,130,40092.42000000001,308.40323076923084
THETA,2025-08-01,75,7185.6,95.808
THETA,2025-09-01,73,10343.810000000001,141.69602739726028
THETA,2025-10-01,90,16037.54,178.1948888888889
THETA,2025-11-01,73,5889.93,80.68397260273973
THETA,2025-12-01,47,2825.6900000000005,60.121063829787246
THETA,2026-01-01,84,11273.499999999996,134.2083333333333
THETA,2026-02-01,47,1745.5,37.138297872340424
THETA,2026-03-01,30,34476.979999999996,1149.2326666666665
THETA,2026-04-01,82,20634.739999999998,251.6431707317073
THETA,2026-05-01,175,21633.33,123.61902857142859
THETA,2026-06-01,242,17497.710000000006,72.30458677685954
TRX,2019-08-01,606,82507.43000000002,136.1508745874588
TRX,2019-09-01,688,368796.95999999915,536.0420930232546
TRX,2019-10-01,1418,1312221.519999996,925.403046544426
TRX,2019-11-01,1208,1306904.670000002,1081.8747268211937
TRX,2019-12-01,622,322509.73999999964,518.5044051446939
TRX,2020-01-01,1958,545713.6499999996,278.70972931562795
TRX,2020-02-01,2052,738733.1499999987,360.0064083820657
TRX,2020-03-01,1808,409256.35000000027,226.35860066371697
TRX,2020-04-01,1823,765297.3099999987,419.8010477235319
TRX,2020-05-01,2886,972892.619999997,337.1076299376289
TRX,2020-06-01,2113,664506.0699999986,314.4846521533358
TRX,2020-07-01,2779,908337.9900000007,326.8578589420657
TRX,2020-08-01,6780,3003244.7300000098,442.9564498525088
TRX,2020-09-01,8941,7335156.979999999,820.3955910971926
TRX,2020-10-01,3399,1984715.4300000018,583.9115710503095
TRX,2020-11-01,4729,2422484.4099999918,512.2614527384208
TRX,2020-12-01,5347,2732181.9000000097,510.9747334954198
TRX,2021-01-01,14905,8396147.939999973,563.3108312646744
TRX,2021-02-01,30905,16755570.540000048,542.1637450250784
TRX,2021-03-01,28263,17210429.739999834,608.9385323567857
TRX,2021-04-01,81645,67963665.2900004,832.4289949170236
TRX,2021-05-01,42009,27639926.859999914,657.9525068437695
TRX,2021-06-01,14653,6861135.420000021,468.24100320753575
TRX,2021-07-01,7320,2840917.3400000082,388.103461748635
TRX,2021-08-01,13476,6365944.309999995,472.39123701395033
TRX,2021-09-01,13867,8731266.320000023,629.6434931852616
TRX,2021-10-01,11562,5749097.320000003,497.2407299775128
TRX,2021-11-01,11931,6069572.489999981,508.72286396781334
TRX,2021-12-01,7623,2980685.040000016,391.01207398662154
TRX,2022-01-01,7882,2474094.690000018,313.89173940624437
TRX,2022-02-01,7879,3011402.8600000134,382.2062266785142
TRX,2022-03-01,7112,2244571.580000005,315.60342800899963
TRX,2022-04-01,7438,2977190.4200000046,400.2676015057817
TRX,2022-05-01,12487,6644917.999999991,532.1468727476569
TRX,2022-06-01,10038,6997014.220000003,697.0526220362625
TRX,2022-07-01,7990,3857001.620000006,482.728613266584
TRX,2022-08-01,5303,1394182.3600000015,262.9044616254953
TRX,2022-09-01,4487,1100371.6199999992,245.23548473367487
TRX,2022-10-01,4572,1135468.0899999982,248.35260061242306
TRX,2022-11-01,4713,1322595.959999997,280.62719287078227
TRX,2022-12-01,4497,1100182.2299999986,244.6480386924613
TRX,2023-01-01,3951,958716.3400000002,242.65156669197677
TRX,2023-02-01,4201,1057728.7199999986,251.78022375624818
TRX,2023-03-01,15677,2069822.4599999646,132.02924411558106
TRX,2023-04-01,21476,1984790.5300000233,92.41900400447119
TRX,2023-05-01,13430,1847404.3099999642,137.55802755025795
TRX,2023-06-01,11538,1174423.8100000126,101.78746836540238
TRX,2023-07-01,10267,1356790.2699999998,132.1506058244862
TRX,2023-08-01,7680,983830.0999999956,128.10287760416608
TRX,2023-09-01,4539,1218162.9400000002,268.376942057722
TRX,2023-10-01,3687,825135.7199999996,223.7959641985353
TRX,2023-11-01,4681,1158487.3400000003,247.48714804528953
TRX,2023-12-01,7628,1716547.4300000027,225.03243707393847
TRX,2024-01-01,19705,2952127.9099999955,149.81618421720353
TRX,2024-02-01,27444,3766992.6399999876,137.2610639848414
TRX,2024-03-01,25280,5274096.309999982,208.62722745253092
TRX,2024-04-01,17342,3438017.749999995,198.24805385768624
TRX,2024-05-01,17076,3057623.669999988,179.05971363316866
TRX,2024-06-01,17277,4280121.7399999965,247.73523991433677
TRX,2024-07-01,17156,3925273.7899999903,228.79889193285092
TRX,2024-08-01,21058,5131324.569999987,243.67577975116285
TRX,2024-09-01,17405,3473420.509999991,199.5645222637168
TRX,2024-10-01,20121,3546605.1099999947,176.26385915212936
TRX,2024-11-01,31180,7058061.279999979,226.36501860166706
TRX,2024-12-01,54089,28664903.94000011,529.9581049751356
TRX,2025-01-01,26199,7244034.370000006,276.5004149013323
TRX,2025-02-01,17809,5249366.189999983,294.7591773822215
TRX,2025-03-01,16718,5387713.25999994,322.2702033736057
TRX,2025-04-01,18349,4368399.040000011,238.0728671862233
TRX,2025-05-01,17139,3826214.3699999894,223.24606861543785
TRX,2025-06-01,17334,5858033.659999997,337.9504822891426
TRX,2025-07-01,27039,12622805.350000199,466.8369891638078
TRX,2025-08-01,22714,6810442.089999968,299.83455534031737
TRX,2025-09-01,17800,4288612.629999986,240.93329382022392
TRX,2025-10-01,21707,4712328.049999958,217.08794628460672
TRX,2025-11-01,18817,3728478.299999988,198.1441409363867
TRX,2025-12-01,14533,3632690.159999988,249.96147801555
TRX,2026-01-01,13658,3063401.5399999847,224.29356714013653
TRX,2026-02-01,11973,2970385.249999992,248.09030735822202
TRX,2026-03-01,12734,3041623.7499999907,238.85846945186043
TRX,2026-04-01,14341,3767096.9799999916,262.68021616344686
TRX,2026-05-01,15269,3307419.5199999856,216.61009365380744
TRX,2026-06-01,13593,3780728.1000000015,278.1378724343413
TUSD,2019-08-01,3302,1003540.8599999989,303.9190975166562
TUSD,2019-09-01,1886,956419.1200000003,507.1151219512197
TUSD,2019-10-01,1794,766533.3999999992,427.27614269788137
TUSD,2019-11-01,1012,517848.3500000003,511.7078557312256
TUSD,2019-12-01,956,372852.80000000016,390.01338912133906
TUSD,2020-01-01,1316,580027.0599999991,440.7500455927045
TUSD,2020-02-01,1873,1300052.9099999983,694.1019273892142
TUSD,2020-03-01,2583,2859037.090000001,1106.866856368564
TUSD,2020-04-01,2405,1362755.3800000015,566.6342536382542
TUSD,2020-05-01,4028,3241146.6100000083,804.6540739821272
TUSD,2020-06-01,4224,2122778.7699999874,502.55179214014856
TUSD,2020-07-01,3507,1351984.6699999794,385.5103136583916
TUSD,2020-08-01,4291,1820152.1099999943,424.17900489396277
TUSD,2020-09-01,3078,1507104.2500000137,489.6375081221617
TUSD,2020-10-01,4208,1102052.3799999938,261.89457699619624
TUSD,2020-11-01,12352,2693626.9699999867,218.07213163859996
TUSD,2020-12-01,5851,4139778.309999992,707.533466074174
TUSD,2021-01-01,8347,4702427.779999988,563.3674110458834
TUSD,2021-02-01,11785,4596384.099999991,390.01986423419527
TUSD,2021-03-01,13351,4386096.149999982,328.5219197063877
TUSD,2021-04-01,21813,6793545.940000028,311.4448237289703
TUSD,2021-05-01,11409,6195267.43000002,543.0158147076887
TUSD,2021-06-01,4129,2150820.9999999963,520.9060305158625
TUSD,2021-07-01,2982,1275440.9199999967,427.71325285043486
TUSD,2021-08-01,4194,1465850.0099999923,349.5112088698122
TUSD,2021-09-01,2918,1139397.500000001,390.4720699108982
TUSD,2021-10-01,2767,1140884.7899999982,412.3183194795801
TUSD,2021-11-01,2157,954289.3200000015,442.4150764951328
TUSD,2021-12-01,1248,633877.1799999994,507.91440705128156
TUSD,2022-01-01,829,594716.7799999994,717.3905669481296
TUSD,2022-02-01,637,389006.49999999994,610.6852433281003
TUSD,2022-03-01,774,334753.49000000005,432.4980490956073
TUSD,2022-04-01,619,253384.19999999987,409.3444264943455
TUSD,2022-05-01,591,202817.96999999997,343.1776142131979
TUSD,2022-06-01,496,287541.73,579.7212298387096
TUSD,2022-07-01,405,174571.38000000006,431.0404444444446
TUSD,2022-08-01,464,172944.70000000007,372.7256465517243
TUSD,2022-09-01,408,318707.76000000007,781.1464705882355
TUSD,2022-10-01,375,201023.21000000002,536.0618933333334
TUSD,2022-11-01,563,208808.69,370.8857726465364
TUSD,2022-12-01,169,34135.19999999999,201.98343195266267
TUSD,2023-01-01,190,206263.28999999995,1085.5962631578946
TUSD,2023-02-01,184,94005.14999999998,510.897554347826
TUSD,2023-03-01,248,289212.6200000001,1166.179919354839
TUSD,2023-04-01,382,168995.58,442.3968062827225
TUSD,2023-05-01,277,222061.12000000017,801.6646931407948
TUSD,2023-06-01,154,122500.17999999996,795.4557142857141
TUSD,2023-07-01,211,239765.2100000002,1136.328009478674
TUSD,2023-08-01,170,60887.480000000025,358.1616470588237
TUSD,2023-09-01,131,60989.14000000001,465.5659541984733
TUSD,2023-10-01,165,139279.83000000002,844.1201818181819
TUSD,2023-11-01,192,92459.87000000001,481.5618229166667
TUSD,2023-12-01,277,39530.98000000001,142.71111913357404
TUSD,2024-01-01,309,117923.53999999994,381.6295792880257
TUSD,2024-02-01,486,177681.24999999994,365.5992798353908
TUSD,2024-03-01,891,227441.27000000028,255.26517396184093
TUSD,2024-04-01,537,100872.62999999999,187.84474860335195
TUSD,2024-05-01,432,82064.20999999998,189.96344907407402
TUSD,2024-06-01,353,30929.01999999999,87.61762039660054
TUSD,2024-07-01,297,41656.789999999964,140.25855218855207
TUSD,2024-08-01,367,74237.69999999995,202.28256130790177
TUSD,2024-09-01,271,70361.30999999998,259.6358302583025
TUSD,2024-10-01,324,69275.56000000001,213.8134567901235
TUSD,2024-11-01,640,129610.62999999992,202.51660937499986
TUSD,2024-12-01,607,132003.65000000008,217.46894563426702
TUSD,2025-01-01,674,155111.7300000002,230.136097922849
TUSD,2025-02-01,279,38490.78,137.95978494623657
TUSD,2025-04-01,77,12766.32,165.79636363636362
TUSD,2025-06-01,11,598.7099999999999,54.42818181818181
TUSD,2025-07-01,1,446.55,446.55
TUSD,2025-08-01,5,1325.72,265.144
UNI,2020-09-01,7,25.49,3.641428571428571
UNI,2020-10-01,5,8380.0,1676.0
UNI,2020-11-01,14,36436.58,2602.612857142857
UNI,2020-12-01,7,4363.11,623.3014285714286
UNI,2021-01-01,30,21941.37,731.379
UNI,2021-02-01,60,122594.54000000001,2043.2423333333334
UNI,2021-03-01,46,38930.58,846.3169565217391
UNI,2021-04-01,62,78470.87,1265.659193548387
UNI,2021-05-01,45403,28907408.960000224,636.6849979076322
UNI,2021-06-01,18200,10117428.230000012,555.9026500000007
UNI,2021-07-01,17393,11618171.569999985,667.9797372506172
UNI,2021-08-01,40442,43377059.69000017,1072.5745435438448
UNI,2021-09-01,24526,21541851.94000016,878.3271605643057
UNI,2021-10-01,23334,16103056.040000124,690.1112556784145
UNI,2021-11-01,23915,12886668.149999991,538.8529437591466
UNI,2021-12-01,26115,9671757.129999993,370.3525609802793
UNI,2022-01-01,17694,6935433.230000002,391.9652554538263
UNI,2022-02-01,9236,3473421.359999999,376.0742052836725
UNI,2022-03-01,7459,4393439.85,589.0119117844215
UNI,2022-04-01,5982,5230345.440000001,874.3472818455368
UNI,2022-05-01,9444,26241347.830000013,2778.6264114781884
UNI,2022-06-01,10031,2017071.5999999966,201.08380021931976
UNI,2022-07-01,7637,2636809.6999999955,345.26773602199756
UNI,2022-08-01,6041,2423495.189999996,401.1745058765099
UNI,2022-09-01,5896,1311191.8099999998,222.38667062415195
UNI,2022-10-01,28973,2002454.8499999999,69.11451523832534
UNI,2022-11-01,41751,2773286.710000001,66.4244379775335
UNI,2022-12-01,22264,1538995.369999999,69.12483695652169
UNI,2023-01-01,139490,11468422.40000051,82.21680693956922
UNI,2023-02-01,114527,11057814.729999902,96.55203340696868
UNI,2023-03-01,114996,10764121.770000152,93.604314671816
UNI,2023-04-01,104749,9187655.830000041,87.71115552415814
UNI,2023-05-01,84823,5774687.170000326,68.0792611673759
UNI,2023-06-01,94045,8366662.930000173,88.96446307618876
UNI,2023-07-01,125459,11696542.540000955,93.22999976088566
UNI,2023-08-01,141639,14131862.749999827,99.77381053240863
UNI,2023-09-01,72609,6425358.139999901,88.49258549215526
UNI,2023-10-01,134296,11506831.989999844,85.6826114701841
UNI,2023-11-01,181796,28653450.77000138,157.61320804638925
UNI,2023-12-01,134320,13322029.66000067,99.18128097082095
UNI,2024-01-01,191694,22671060.950000916,118.26693036819574
UNI,2024-02-01,221720,47384359.91000311,213.71261009382604
UNI,2024-03-01,357618,97095329.17000397,271.50571047879015
UNI,2024-04-01,200886,46024508.250000775,229.10759460589975
UNI,2024-05-01,182911,45176383.30000129,246.98560119403038
UNI,2024-06-01,230428,97516495.64000174,423.1972487718582
UNI,2024-07-01,146681,51316724.86000154,349.85257027155217
UNI,2024-08-01,130314,37437257.240001634,287.28499808156937
UNI,2024-09-01,141384,28242819.360001184,199.7596571040654
UNI,2024-10-01,176058,50519209.1500021,286.9463991980035
UNI,2024-11-01,413545,219434251.78000748,530.6175912657812
UNI,2024-12-01,659947,444612016.6800183,673.7086715751694
UNI,2025-01-01,315633,181429005.86000887,574.8100035801353
UNI,2025-02-01,178471,79589230.52000155,445.9504934695359
UNI,2025-03-01,192363,81190842.25000238,422.07099208268943
UNI,2025-04-01,131768,54336145.13000143,412.36222094895146
UNI,2025-05-01,204080,124986538.44001362,612.4389378675696
UNI,2025-06-01,189386,113685042.7900071,600.2821897606323
UNI,2025-07-01,274353,202967271.3000116,739.8033602694762
UNI,2025-08-01,200287,191471199.08000854,955.9841581331217
UNI,2025-09-01,131654,76972425.96000262,584.6569489723261
UNI,2025-10-01,156220,143883491.5200013,921.0311837152816
UNI,2025-11-01,173314,209942454.9000036,1211.3415817533703
UNI,2025-12-01,109203,43299829.10000246,396.5076884334905
UNI,2026-01-01,142885,93660974.60000432,655.4989998950507
UNI,2026-02-01,72348,54482722.620000556,753.0646682700359
UNI,2026-03-01,93712,44412632.94000113,473.9268497097611
UNI,2026-04-01,81778,40057904.820000604,489.83717894789066
UNI,2026-05-01,69991,43503354.46000126,621.556406680877
UNI,2026-06-01,80810,51874424.14000288,641.9307528771548
USDC,2019-11-01,3,760520.0,253506.66666666666
USDC,2019-12-01,2,86348.0,43174.0
USDC,2020-01-01,3,1542.11,514.0366666666666
USDC,2020-02-01,9,3217.77,357.53
USDC,2020-03-01,34,31473.33,925.6861764705883
USDC,2020-04-01,765,244558.91,319.6848496732026
USDC,2020-05-01,6632,3560540.449999985,536.8728060916744
USDC,2020-06-01,19766,9901481.250000043,500.9350020236792
USDC,2020-07-01,22097,8748662.710000038,395.9208358600732
USDC,2020-08-01,19657,176598792.38,8984.015484560206
USDC,2020-09-01,14780,205071345.20000002,13874.921867388364
USDC,2020-10-01,9207,413058494.6099999,44863.52716520038
USDC,2020-11-01,24362,623845992.2800001,25607.338982021185
USDC,2020-12-01,26935,635908211.2400001,23608.992435121592
USDC,2021-01-01,52714,622086551.5999997,11801.163857798681
USDC,2021-02-01,51339,736954446.2399998,14354.670839712495
USDC,2021-03-01,57097,660665155.3400005,11570.925886473904
USDC,2021-04-01,71823,799235702.4000005,11127.851835762924
USDC,2021-05-01,54051,927463315.2999986,17159.04081885624
USDC,2021-06-01,26173,1199764364.3799994,45839.772451763245
USDC,2021-07-01,22028,1348269697.6900003,61207.08633057927
USDC,2021-08-01,32682,1142212908.7799997,34949.296517348994
USDC,2021-09-01,36569,838093506.1699998,22918.141217151133
USDC,2021-10-01,43311,362655611.14999986,8373.291107339934
USDC,2021-11-01,42531,673401016.0900003,15833.180881944942
USDC,2021-12-01,38327,401789186.6999996,10483.189049495122
USDC,2022-01-01,30362,1109445068.1199996,36540.57928067978
USDC,2022-02-01,25238,1035713302.4100015,41037.85174776137
USDC,2022-03-01,26407,795497954.5400004,30124.510718370148
USDC,2022-04-01,24051,627729799.37,26099.945921999086
USDC,2022-05-01,29035,1057938564.6999999,36436.66487687274
USDC,2022-06-01,24566,849111836.9899999,34564.51343279329
USDC,2022-07-01,30112,1029213459.8000002,34179.51181588736
USDC,2022-08-01,26244,530620670.2,20218.742196311538
USDC,2022-09-01,131669,354537893.86999977,2692.6451470733414
USDC,2022-10-01,110503,453168392.5600009,4100.96008759944
USDC,2022-11-01,91188,782589436.3900001,8582.153752577095
USDC,2022-12-01,79621,988296202.8000005,12412.5067858982
USDC,2023-01-01,86459,793525529.7600002,9178.055838721246
USDC,2023-02-01,77038,634520025.9500002,8236.455073470237
USDC,2023-03-01,49111,435662731.99000025,8870.980676223255
USDC,2023-04-01,28718,419442338.51000106,14605.555348910128
USDC,2023-05-01,53735,1037895380.2199981,19315.071745045094
USDC,2023-06-01,47372,1139734648.399994,24059.246989782867
USDC,2023-07-01,39949,1056969614.5900006,26457.974281959516
USDC,2023-08-01,46323,1275470338.4599998,27534.27753945124
USDC,2023-09-01,26088,1100229906.1600008,42173.79278442199
USDC,2023-10-01,34348,1136834280.5200002,33097.53931873763
USDC,2023-11-01,56443,1207841015.0400002,21399.30576050175
USDC,2023-12-01,79703,858199358.4400002,10767.46619876291
USDC,2024-01-01,59154,1310389333.14,22152.16778476519
USDC,2024-02-01,187294,1077364353.719999,5752.263039499392
USDC,2024-03-01,515573,1663872954.3799903,3227.230584960792
USDC,2024-04-01,487595,1361889221.8100004,2793.0746250679363
USDC,2024-05-01,418530,827204959.7800047,1976.4532047404123
USDC,2024-06-01,561236,1328426176.070005,2366.965369416796
USDC,2024-07-01,567651,1242612898.1700296,2189.0437930524736
USDC,2024-08-01,547864,1118572204.9800003,2041.6968535621984
USDC,2024-09-01,1096418,1480025308.3500257,1349.8732311490924
USDC,2024-10-01,1251142,1437023711.5599976,1148.5696360285224
USDC,2024-11-01,1853495,888319406.8199497,479.26722587325554
USDC,2024-12-01,2863659,1066396075.3999621,372.38933664935735
USDC,2025-01-01,2422921,968152225.6799198,399.5805994829876
USDC,2025-02-01,1872794,978251922.7299604,522.3489197049757
USDC,2025-03-01,2349234,1943341168.6700575,827.2233283998348
USDC,2025-04-01,2308282,1427900861.42981,618.5989672968078
USDC,2025-05-01,2395066,2183209250.5696416,911.5445046481565
USDC,2025-06-01,2344829,1741643434.5598972,742.75925219276
USDC,2025-07-01,2552573,2513241920.859801,984.5915947789939
USDC,2025-08-01,2559708,2220768273.2998505,867.5865658504214
USDC,2025-09-01,2532227,3352990220.139945,1324.12703132063
USDC,2025-10-01,2774854,5636704672.539832,2031.3518017668073
USDC,2025-11-01,2807959,5712168837.579946,2034.277864306404
USDC,2025-12-01,2133844,4448336325.979857,2084.6586376416726
USDC,2026-01-01,2452725,4192153586.0399556,1709.1820673087916
USDC,2026-02-01,2650367,4183796622.8199105,1578.5725610151012
USDC,2026-03-01,2444337,3837838789.2304077,1570.0939719974815
USDC,2026-04-01,2607194,4792114486.339873,1838.0352541237335
USDC,2026-05-01,2898957,7241823933.850041,2498.079113919262
USDC,2026-06-01,2646529,14061395168.83982,5313.146075043886
USDP,2021-09-01,3,131462.79,43820.93
USDP,2021-10-01,4,141289.88,35322.47
USDP,2021-11-01,289,42434.69000000005,146.8328373702424
USDP,2021-12-01,614967,11275767.099987622,18.33556450994545
USDP,2022-01-01,437231,9922529.519993331,22.69402105521642
USDP,2022-02-01,275267,7801997.7399956435,28.343382025435826
USDP,2022-03-01,313499,9809257.429996667,31.28959719168695
USDP,2022-04-01,342811,8907180.599995974,25.98277359826836
USDP,2022-05-01,311128,8568396.370001247,27.539779029856675
USDP,2022-06-01,214770,5193771.259997794,24.182945755914673
USDP,2022-07-01,168623,5213430.429998428,30.917670958282248
USDP,2022-08-01,217999,5096282.719999901,23.377550906196362
USDP,2022-09-01,318448,5409690.429999253,16.98767280686094
USDP,2022-10-01,183941,6701439.030001065,36.43254646871043
USDP,2022-11-01,170435,8327240.120001489,48.85874450671217
USDP,2022-12-01,134206,5085125.06000079,37.89044498756233
USDP,2023-01-01,167980,10916518.560000926,64.98701369211172
USDP,2023-02-01,139349,4577524.090000344,32.84935012092189
USDP,2023-03-01,155808,4776471.690000158,30.656138901726212
USDP,2023-04-01,114395,6922765.720000216,60.516331308188434
USDP,2023-05-01,102916,3300700.7499995437,32.07179398732504
USDP,2023-06-01,96930,4187901.2800002736,43.20541916847492
USDP,2023-07-01,120239,3522440.859999401,29.29532730644301
USDP,2023-08-01,145790,4320789.780000632,29.637079223545044
USDP,2023-09-01,89000,2803731.319999667,31.502599101119852
USDP,2023-10-01,97647,3217011.5199995413,32.94531854536792
USDP,2023-11-01,88272,5329624.109999752,60.37728962751214
USDP,2023-12-01,210892,4433065.140000609,21.020546725340974
USDP,2024-01-01,86925,3624848.5299998056,41.70087466206276
USDP,2024-02-01,74118,2360505.479999618,31.847938152670313
USDP,2024-03-01,95054,3271247.0199994603,34.41461716497423
USDP,2024-04-01,95956,4235877.660000464,44.14395827254641
USDP,2024-05-01,72674,3304891.3800000525,45.47556732806853
USDP,2024-06-01,81705,3900329.5899995198,47.73673079982277
USDP,2024-07-01,76519,3855220.4899998587,50.38252577790952
USDP,2024-08-01,1420,356886.22999999934,251.32833098591502
USDP,2024-09-01,429,51386.06000000003,119.7810256410257
USDP,2024-10-01,768,74744.25,97.3232421875
USDP,2024-11-01,1505,140038.30000000002,93.04870431893688
USDP,2024-12-01,1069,88487.76999999997,82.77621141253506
USDP,2025-01-01,1159,84096.48999999999,72.5595254529767
USDP,2025-02-01,435,55986.30999999999,128.70416091954021
USDP,2025-03-01,265,12753.750000000005,48.12735849056606
USDP,2025-04-01,336,18493.54,55.04029761904762
USDP,2025-05-01,284,8569.559999999998,30.174507042253513
USDP,2025-06-01,240,231750.71999999997,965.6279999999999
USDP,2025-07-01,492,2112492.960000002,4293.684878048784
USDP,2025-08-01,445,2156682.7999999975,4846.478202247185
USDP,2025-09-01,250,7553.389999999997,30.213559999999987
USDP,2025-10-01,353,8641.179999999986,24.47926345609061
USDP,2025-11-01,121,7882.83,65.14735537190083
USDP,2025-12-01,207,34265.82000000001,165.5353623188406
USDP,2026-01-01,356,19164.490000000013,53.83283707865172
USDP,2026-02-01,260,9012.949999999997,34.665192307692294
USDP,2026-03-01,236,8964.529999999992,37.985296610169456
USDP,2026-04-01,251,262424.46,1045.5157768924303
USDP,2026-05-01,208,186845.44,898.2953846153846
USDP,2026-06-01,153,16666.530000000006,108.93156862745101
USDT,2019-08-01,2277,25358737.20000001,11136.906982872204
USDT,2019-09-01,4321,50664460.93,11725.170314741958
USDT,2019-10-01,13570,110900835.8200002,8172.500797347104
USDT,2019-11-01,4877,132570207.59,27182.736844371542
USDT,2019-12-01,1761,415472650.3300001,235929.9547586599
USDT,2020-01-01,3757,557167085.5899999,148301.06084375829
USDT,2020-02-01,6344,669078377.12,105466.32678436318
USDT,2020-03-01,7650,667717268.4400002,87283.3030640523
USDT,2020-04-01,8925,91243796.91000001,10223.394611764706
USDT,2020-05-01,16830,268506594.3799998,15954.04601188353
USDT,2020-06-01,22812,1455582756.4299989,63807.76593152722
USDT,2020-07-01,39312,3171267023.250006,80669.1855731076
USDT,2020-08-01,33797,2107079523.699997,62345.164473178
USDT,2020-09-01,40425,2752379339.149992,68086.0689956708
USDT,2020-10-01,38961,2924537280.9599953,75063.19860783848
USDT,2020-11-01,49700,4455303752.799986,89643.93868812849
USDT,2020-12-01,57083,5094251421.08,89242.88178757248
USDT,2021-01-01,71133,3362769699.139963,47274.39724375414
USDT,2021-02-01,259865,3390822466.848215,13048.40000326406
USDT,2021-03-01,106622,3591184533.229697,33681.45911003074
USDT,2021-04-01,106193,5522750149.320007,52006.72501313653
USDT,2021-05-01,118096,6589232828.019987,55795.56316911654
USDT,2021-06-01,80351,7296691333.340019,90810.21186220481
USDT,2021-07-01,69338,6408057599.629989,92417.68726571272
USDT,2021-08-01,72960,5288454862.179997,72484.30458031794
USDT,2021-09-01,77237,4422488639.200003,57258.67963799737
USDT,2021-10-01,68044,4205881109.939996,61811.19731262118
USDT,2021-11-01,74890,8918991071.560009,119094.552965149
USDT,2021-12-01,75129,7821654047.850013,104109.6520364974
USDT,2022-01-01,79581,8972423667.510008,112745.80198175454
USDT,2022-02-01,95655,7611783734.429999,79575.38795076055
USDT,2022-03-01,107631,8019192008.690001,74506.34119064211
USDT,2022-04-01,116565,8983890592.980013,77071.93920113253
USDT,2022-05-01,112569,11233126084.270039,99788.80583704251
USDT,2022-06-01,99371,9797238778.98003,98592.53483390556
USDT,2022-07-01,125130,9259421767.430004,73998.41578702153
USDT,2022-08-01,135835,10976090361.439985,80804.58174579442
USDT,2022-09-01,129357,8876656459.260008,68621.38468934814
USDT,2022-10-01,153000,11087683683.039976,72468.52080418284
USDT,2022-11-01,163850,12071767327.37,73675.72369465975
USDT,2022-12-01,180417,11040418228.100159,61193.89097535243
USDT,2023-01-01,195309,14459899666.749983,74036.01301911322
USDT,2023-02-01,174785,13027295214.660069,74533.25637016946
USDT,2023-03-01,219970,17348715385.289917,78868.55200840985
USDT,2023-04-01,227507,19657216019.21008,86402.68659518204
USDT,2023-05-01,258054,15076464143.050058,58423.679319251234
USDT,2023-06-01,294402,18024562193.630074,61224.31978597317
USDT,2023-07-01,256729,19071297858.25002,74285.71707228252
USDT,2023-08-01,300812,20507125478.760002,68172.56452122921
USDT,2023-09-01,244447,14207761246.180061,58122.0520038293
USDT,2023-10-01,325160,18437534899.939503,56702.96131116836
USDT,2023-11-01,362593,18646660510.84002,51425.870082544396
USDT,2023-12-01,407703,20738552825.699974,50866.814386207545
USDT,2024-01-01,433449,21634460624.369976,49912.35560439631
USDT,2024-02-01,433392,14774193047.319818,34089.676429929066
USDT,2024-03-01,821158,18741766412.029705,22823.581347353014
USDT,2024-04-01,703613,20052802670.340176,28499.761474475567
USDT,2024-05-01,684359,20975128063.410038,30649.305501074785
USDT,2024-06-01,608234,19668025764.480015,32336.281372761165
USDT,2024-07-01,711502,21015380758.059837,29536.643267425585
USDT,2024-08-01,764141,23132842458.11981,30273.002571671732
USDT,2024-09-01,878329,26533341908.710262,30208.887454143336
USDT,2024-10-01,703871,22658008141.81007,32190.569211986385
USDT,2024-11-01,806786,20148967199.710026,24974.363957369147
USDT,2024-12-01,2584178,29339510063.990185,11353.51746822014
USDT,2025-01-01,7907642,29089650305.971733,3678.6756792950077
USDT,2025-02-01,5042198,23642387048.10088,4688.90492759326
USDT,2025-03-01,2531009,25066474012.59016,9903.747482758916
USDT,2025-04-01,2042075,26676175218.370102,13063.269085792688
USDT,2025-05-01,1195935,22690472705.23987,18972.99828606059
USDT,2025-06-01,1058027,28640908377.420322,27070.111043877256
USDT,2025-07-01,1281642,27918777678.010086,21783.60078556265
USDT,2025-08-01,1385951,26087968647.46005,18823.153666659247
USDT,2025-09-01,1622058,24770052955.040127,15270.756628332727
USDT,2025-10-01,1699856,31759425522.801033,18683.597624034643
USDT,2025-11-01,1721172,34857586775.25841,20252.239041338347
USDT,2025-12-01,1567126,29587266179.21078,18879.953608842417
USDT,2026-01-01,1471079,28886341815.83029,19636.159455631067
USDT,2026-02-01,1570483,27670496809.208687,17619.09986240455
USDT,2026-03-01,2563762,31034681830.29433,12105.133717675171
USDT,2026-04-01,1818583,32944283824.249416,18115.358949384998
USDT,2026-05-01,1779696,44986268333.15151,25277.501513264913
USDT,2026-06-01,1663138,33959112651.709988,20418.698058555565
VET,2020-05-01,1,10.37,10.37
VET,2020-08-01,2,106507.75,53253.875
VET,2020-09-01,1,100.0,100.0
VET,2020-11-01,5,1776.38,355.276
VET,2020-12-01,3,189.61,63.20333333333334
VET,2021-01-01,17,26451.559999999998,1555.9741176470586
VET,2021-02-01,40,57769.75,1444.24375
VET,2021-03-01,121,90071.68999999999,744.3941322314049
VET,2021-04-01,173,466461.50999999995,2696.309306358381
VET,2021-05-01,105,189501.34999999998,1804.7747619047616
VET,2021-06-01,7922,3460044.3299999936,436.7639901540007
VET,2021-07-01,5123,2607801.960000001,509.0380558266642
VET,2021-08-01,12931,8461862.470000025,654.3857760420714
VET,2021-09-01,10744,7502820.62999999,698.3265664556952
VET,2021-10-01,16526,14061459.069999993,850.8688775263217
VET,2021-11-01,14892,12252643.049999995,822.7667908944396
VET,2021-12-01,5505,2453891.599999996,445.756875567665
VET,2022-01-01,3472,1184445.7300000016,341.1422033410143
VET,2022-02-01,1935,634642.79,327.98077002583983
VET,2022-03-01,4584,2115008.149999999,461.3892124781848
VET,2022-04-01,2032,788280.3799999999,387.9332578740157
VET,2022-05-01,2533,576074.3599999999,227.42769838136593
VET,2022-06-01,1816,371924.62000000005,204.8043061674009
VET,2022-07-01,1340,324972.1800000002,242.51655223880613
VET,2022-08-01,1562,441363.65999999945,282.5631626120355
VET,2022-09-01,1201,262963.85000000003,218.95407993338887
VET,2022-10-01,670,103527.80000000002,154.51910447761196
VET,2022-11-01,1272,244083.45999999996,191.88951257861632
VET,2022-12-01,708,76663.86,108.28228813559322
VET,2023-01-01,1654,249009.6199999997,150.5499516324061
VET,2023-02-01,1735,347354.8699999998,200.20453602305466
VET,2023-03-01,1215,189822.4900000001,156.23250205761326
VET,2023-04-01,806,130061.60999999996,161.36676178660045
VET,2023-05-01,696,90191.55000000002,129.5855603448276
VET,2023-06-01,1096,131155.1,119.66706204379562
VET,2023-07-01,794,85650.42000000001,107.87206549118389
VET,2023-08-01,822,88404.57999999999,107.5481508515815
VET,2023-09-01,1026,87925.68999999999,85.6975536062378
VET,2023-10-01,1135,107678.74000000003,94.87113656387669
VET,2023-11-01,8488,589561.5900000002,69.45824575871822
VET,2023-12-01,24531,1654986.1300000034,67.46509029391396
VET,2024-01-01,6472,485427.93000000034,75.00431551297903
VET,2024-02-01,30915,2624862.390000001,84.90578651140227
VET,2024-03-01,289687,12836844.310000055,44.31280765101663
VET,2024-04-01,132671,4014860.0200000224,30.26177551989525
VET,2024-05-01,29215,1183846.6499999964,40.52187746020867
VET,2024-06-01,33383,1348817.8400000029,40.40433274421121
VET,2024-07-01,10234,744581.7799999996,72.75569474301344
VET,2024-08-01,28578,1025827.6399999827,35.895711386380526
VET,2024-09-01,9786,1115300.5199999982,113.9689883507049
VET,2024-10-01,3305,343969.35,104.0754462934947
VET,2024-11-01,8548,1099515.5499999998,128.62839845577912
VET,2024-12-01,16022,2653376.0100000002,165.60828922731247
VET,2025-01-01,7163,959229.3099999998,133.91446460980035
VET,2025-02-01,2167,392994.6799999999,181.35425934471613
VET,2025-03-01,1623,210538.24,129.72165126309304
VET,2025-04-01,1551,296439.8300000001,191.1281947130884
VET,2025-05-01,1360,201307.25999999998,148.02004411764705
VET,2025-06-01,944,187707.62999999998,198.8428283898305
VET,2025-07-01,1685,347881.03999999986,206.45759050445096
VET,2025-08-01,1331,390427.74000000005,293.334139744553
VET,2025-09-01,992,197009.18999999997,198.59797379032256
VET,2025-10-01,750,238227.6,317.6368
VET,2025-11-01,517,95148.30000000003,184.0392649903289
VET,2025-12-01,385,50094.72,130.11615584415586
VET,2026-01-01,427,59740.48999999999,139.9074707259953
VET,2026-02-01,293,29906.38,102.06955631399317
VET,2026-03-01,341,33819.63,99.17780058651026
VET,2026-04-01,475,50568.78,106.46058947368421
VET,2026-05-01,788,62598.38999999998,79.43958121827409
VET,2026-06-01,642,51965.04000000001,80.94242990654207
WAVES,2019-08-01,1,1500.0,1500.0
WAVES,2019-09-01,3,372.78999999999996,124.26333333333332
WAVES,2019-10-01,16,3410.1699999999996,213.13562499999998
WAVES,2019-11-01,1,26.96,26.96
WAVES,2019-12-01,2,99.22999999999999,49.614999999999995
WAVES,2020-01-01,8,1500.0,187.5
WAVES,2020-02-01,14,7468.17,533.4407142857143
WAVES,2020-03-01,4,2837.6800000000003,709.4200000000001
WAVES,2020-04-01,5,3337.33,667.466
WAVES,2020-05-01,13,6050.789999999999,465.44538461538457
WAVES,2020-06-01,20,16003.2,800.1600000000001
WAVES,2020-07-01,3208,1976828.5399999996,616.218372817955
WAVES,2020-08-01,14809,13987342.860000076,944.5163657235516
WAVES,2020-09-01,3725,2790397.1399999997,749.0999033557046
WAVES,2020-10-01,3134,2301930.38,734.5023548181238
WAVES,2020-11-01,6569,6660087.329999994,1013.8662399147502
WAVES,2020-12-01,5893,5258232.049999996,892.2844137111821
WAVES,2021-01-01,8625,6791511.289999994,787.4215988405791
WAVES,2021-02-01,12872,8561411.440000005,665.1189745183348
WAVES,2021-03-01,8997,6230769.729999989,692.5385939757685
WAVES,2021-04-01,25748,25156421.93000005,977.0243098493107
WAVES,2021-05-01,33343,48522755.72000019,1455.2606460126622
WAVES,2021-06-01,7494,10195528.450000033,1360.4921870830042
WAVES,2021-07-01,4185,5258634.879999991,1256.543579450416
WAVES,2021-08-01,6801,5913198.340000004,869.4601293927369
WAVES,2021-09-01,4549,4147720.470000004,911.7873092987478
WAVES,2021-10-01,4351,4044983.4599999986,929.6675384968969
WAVES,2021-11-01,2214,1570954.9800000002,709.5550948509486
WAVES,2021-12-01,2106,1363476.6699999978,647.4248195631519
WAVES,2022-01-01,1378,698086.9199999993,506.5942815674886
WAVES,2022-02-01,1574,1024606.4300000002,650.9570711562898
WAVES,2022-03-01,11264,13239907.379999958,1175.4179137073827
WAVES,2022-04-01,5310,5630296.069999993,1060.319410546138
WAVES,2022-05-01,5933,3264821.4899999993,550.2817276251474
WAVES,2022-06-01,8579,3928641.1400000043,457.9369553561026
WAVES,2022-07-01,2970,1109582.1499999994,373.5966835016833
WAVES,2022-08-01,2361,922108.8800000019,390.5586107581541
WAVES,2022-09-01,1530,496578.9400000002,324.5613986928106
WAVES,2022-10-01,1339,313667.87000000005,234.2553174010456
WAVES,2022-11-01,1756,351627.25000000006,200.24330865603648
WAVES,2022-12-01,1973,353563.1999999999,179.2008109477952
WAVES,2023-01-01,1840,545448.8899999997,296.4396141304346
WAVES,2023-02-01,1505,540041.6,358.83162790697673
WAVES,2023-03-01,598,156028.08000000002,260.9165217391305
WAVES,2023-04-01,786,245063.55000000008,311.78568702290085
WAVES,2023-05-01,890,232522.5,261.2612359550562
WAVES,2023-06-01,1383,270821.93,195.8220751988431
WAVES,2023-07-01,723,164386.24999999997,227.36687413554628
WAVES,2023-08-01,319,64287.77999999997,201.52909090909083
WAVES,2023-09-01,181,36617.549999999996,202.30690607734803
WAVES,2023-10-01,295,103195.96000000005,349.8168135593222
WAVES,2023-11-01,401,131595.69999999998,328.16882793017453
WAVES,2023-12-01,619,180399.86,291.43757673667204
WAVES,2024-01-01,413,75878.16999999998,183.72438256658592
WAVES,2024-02-01,454,133097.57,293.1664537444934
WAVES,2024-03-01,1256,363398.0799999996,289.3296815286621
WAVES,2024-04-01,740,157146.64000000013,212.3603243243245
WAVES,2024-05-01,567,88966.00000000003,156.90652557319228
WAVES,2024-06-01,1360,200785.80000000005,147.63661764705887
WAVES,2024-07-01,516,47691.610000000044,92.42560077519389
WAVES,2024-08-01,235,18670.220000000005,79.44774468085109
WAVES,2024-09-01,192,15167.100000000002,78.99531250000001
WAVES,2024-10-01,299,27677.040000000005,92.56535117056858
WAVES,2024-11-01,1459,158872.58000000016,108.89141877998641
WAVES,2024-12-01,1208,140288.78000000046,116.13309602649045
WAVES,2025-01-01,480,46865.56000000005,97.63658333333343
WAVES,2025-02-01,305,30427.519999999953,99.76236065573755
WAVES,2025-03-01,137,11640.819999999994,84.96948905109485
WAVES,2025-04-01,115,7784.410000000001,67.69052173913045
WAVES,2025-05-01,125,10952.559999999992,87.62047999999994
WAVES,2025-06-01,73,5260.5999999999985,72.06301369863012
WAVES,2025-07-01,79,6906.800000000001,87.42784810126584
WAVES,2025-08-01,109,8602.490000000002,78.9219266055046
WAVES,2025-09-01,50,2869.4400000000005,57.38880000000001
WAVES,2025-10-01,249,26133.22,104.95269076305222
WAVES,2025-11-01,605,54333.04999999995,89.80669421487595
WAVES,2025-12-01,272,28725.689999999995,105.60915441176469
WAVES,2026-01-01,328,19946.890000000003,60.81368902439025
WAVES,2026-02-01,168,10547.00000000001,62.77976190476196
WAVES,2026-03-01,128,8190.23,63.986171875
WAVES,2026-04-01,85,5932.830000000004,69.79800000000004
WAVES,2026-05-01,113,7459.929999999997,66.01707964601766
WAVES,2026-06-01,197,14923.629999999988,75.75446700507608
WBTC,2021-06-01,720,202428.54999999993,281.1507638888888
WBTC,2021-07-01,620,174074.21999999986,280.76487096774173
WBTC,2021-08-01,1289,506124.32000000007,392.64881303335926
WBTC,2021-09-01,4096,2175911.239999982,531.2283300781206
WBTC,2021-10-01,10288,8477405.79000003,824.0091164463482
WBTC,2021-11-01,3940,1963845.2999999986,498.4378934010149
WBTC,2021-12-01,1542,444686.4799999995,288.38293125810605
WBTC,2022-01-01,1219,508009.19999999966,416.7425758818701
WBTC,2022-02-01,1632,524219.5100000002,321.21293504901973
WBTC,2022-03-01,1824,559548.6700000003,306.77010416666684
WBTC,2022-04-01,1705,380108.1699999995,222.9373431085041
WBTC,2022-05-01,1459,199677.91000000012,136.85943111720366
WBTC,2022-06-01,1271,135494.13,106.60435090479938
WBTC,2022-07-01,1199,291261.94999999995,242.9207256046705
WBTC,2022-08-01,765,145762.04999999996,190.53862745098033
WBTC,2022-09-01,719,144781.32000000012,201.36484005563298
WBTC,2022-10-01,1267,285029.3800000002,224.96399368587228
WBTC,2022-11-01,1509,639449.6699999986,423.757236580516
WBTC,2022-12-01,873,223696.62999999957,256.23898052691817
WBTC,2023-01-01,1484,200323.20000000004,134.98867924528304
WBTC,2023-02-01,1238,132737.03,107.21892568659128
WBTC,2023-03-01,3341,980327.0999999994,293.42325651002676
WBTC,2023-04-01,1883,560738.4599999994,297.78994158258064
WBTC,2023-05-01,1393,254247.64000000013,182.518047379756
WBTC,2023-06-01,1328,204931.65000000017,154.31600150602424
WBTC,2023-07-01,1590,262675.6100000002,165.20478616352216
WBTC,2023-08-01,2737,229297.1499999998,83.7768176835951
WBTC,2023-09-01,3305,235848.6600000006,71.36116792738294
WBTC,2023-10-01,3709,447028.60999999987,120.52537341601506
WBTC,2023-11-01,4188,1099492.6799999983,262.5340687679079
WBTC,2023-12-01,5976,1143280.7999999935,191.31204819277
WBTC,2024-01-01,5852,1002753.0999999945,171.35220437457187
WBTC,2024-02-01,8366,1406404.1399999945,168.10950753047987
WBTC,2024-03-01,13417,3530365.44999999,263.1262912722658
WBTC,2024-04-01,6183,1126586.9599999976,182.20717451075492
WBTC,2024-05-01,5848,2469911.649999997,422.3515133378928
WBTC,2024-06-01,4732,807383.1500000001,170.62196745562133
WBTC,2024-07-01,5938,1399241.4599999955,235.6418760525422
WBTC,2024-08-01,6807,1443006.9,211.98867342441602
WBTC,2024-09-01,4170,780278.8499999974,187.1172302158267
WBTC,2024-10-01,6461,1499796.3099999942,232.13067791363477
WBTC,2024-11-01,13406,2986904.8399999673,222.80358347008558
WBTC,2024-12-01,7691,2004271.0799999994,260.5995423221947
WBTC,2025-01-01,6329,1181228.9499999974,186.63753357560395
WBTC,2025-02-01,3436,818509.1199999977,238.2156926658899
WBTC,2025-03-01,3183,838173.9299999956,263.3282846371334
WBTC,2025-04-01,3241,534359.8700000005,164.87499845726643
WBTC,2025-05-01,3891,505924.3999999994,130.02426111539435
WBTC,2025-06-01,2307,236529.6699999999,102.52694841785865
WBTC,2025-07-01,3938,707476.9399999945,179.65386998476242
WBTC,2025-08-01,2592,457493.21999999887,176.50201388888846
WBTC,2025-09-01,2911,515516.71999999793,177.0926554448636
WBTC,2025-10-01,2628,579812.0899999986,220.62864916286094
WBTC,2025-11-01,1660,303886.6099999999,183.06422289156623
WBTC,2025-12-01,1943,963794.2999999985,496.03412249099256
WBTC,2026-01-01,2004,973038.6199999993,485.54821357285397
WBTC,2026-02-01,1783,2980102.55,1671.3979528883901
WBTC,2026-03-01,1485,499553.49999999895,336.3996632996626
WBTC,2026-04-01,1361,271781.35,199.6923952975753
WBTC,2026-05-01,896,165110.8999999998,184.27555803571406
WBTC,2026-06-01,1061,132778.78999999998,125.14494816211119
WBX,2020-07-01,58076,38723717.24000011,666.7765899855381
WBX,2020-08-01,40324,21456253.530000526,532.0963577522202
WBX,2020-09-01,29430,13037857.340000203,443.01248182127773
WBX,2020-10-01,17831,6513639.740000048,365.2986226235235
WBX,2020-11-01,42672,18429652.03000045,431.89098308025046
WBX,2020-12-01,70360,31509692.82000103,447.83531580444895
WBX,2021-01-01,47279,13493540.380000992,285.40240656530364
WBX,2021-02-01,60363,25852696.39000009,428.28713599390505
WBX,2021-03-01,653913,829359836.3901945,1268.303025616855
WBX,2021-04-01,216331,219781658.1499883,1015.9508260489172
WBX,2021-05-01,115562,77770743.5099939,672.9785181114371
WBX,2021-06-01,75864,55286003.15999831,728.7514916165547
WBX,2021-07-01,64365,29585310.320000928,459.6490378311338
WBX,2021-08-01,172086,146736548.21999705,852.693119835414
WBX,2021-09-01,101766,55737385.58999915,547.701448322614
WBX,2021-10-01,93562,42354388.51999985,452.6879344178176
WBX,2021-11-01,83301,34902330.62000083,418.99053576788793
WBX,2021-12-01,53825,20207243.98000053,375.42487654436655
WBX,2022-01-01,42727,10665515.880000195,249.62005008543062
WBX,2022-02-01,45185,13594664.410000157,300.86675688835135
WBX,2022-03-01,33745,7219710.560000067,213.94904608090286
WBX,2022-04-01,20416,4328814.8099999875,212.03050597570473
WBX,2022-05-01,24216,4669835.700000117,192.8409192269622
WBX,2022-06-01,19648,4618838.979999989,235.0793454804555
WBX,2022-07-01,26992,6318071.400000108,234.07199911085166
WBX,2022-08-01,16654,3748701.6299999882,225.09316860814147
WBX,2022-09-01,13951,3189568.949999991,228.62654648412234
WBX,2022-10-01,37329,13413346.280000245,359.3277687588804
WBX,2022-11-01,35658,13349604.070000572,374.37893516183107
WBX,2022-12-01,15794,3838416.6500000195,243.03005255160312
WBX,2023-01-01,25203,8129714.599999988,322.5693211125655
WBX,2023-02-01,46865,19914492.050000194,424.9331494718915
WBX,2023-03-01,22017,6266166.899999994,284.6058454830356
WBX,2023-04-01,16901,3394507.2999999975,200.84653570794612
WBX,2023-05-01,20025,4014339.30000006,200.4663820224749
WBX,2023-06-01,13958,2889764.0400000014,207.03281558962613
WBX,2023-07-01,19062,5189028.779999991,272.21848599307475
WBX,2023-08-01,19323,5430927.859999981,281.0602835998541
WBX,2023-09-01,19280,4519237.379999985,234.40027904564238
WBX,2023-10-01,16605,3785624.5099999495,227.98100030111107
WBX,2023-11-01,17513,4138945.359999997,236.3355998401186
WBX,2023-12-01,17504,3719181.0900000026,212.47606775594164
WBX,2024-01-01,18124,3959936.889999993,218.49133138380012
WBX,2024-02-01,33049,9846740.640000021,297.943678779994
WBX,2024-03-01,39672,12027611.430000018,303.17633166969193
WBX,2024-04-01,19520,5435422.549999989,278.45402407786827
WBX,2024-05-01,20164,5770682.360000022,286.18738147193125
WBX,2024-06-01,23546,11958926.769999987,507.8963208188222
WBX,2024-07-01,22160,11504460.189999979,519.1543407039702
WBX,2024-08-01,25927,11452853.019999985,441.73460176649763
WBX,2024-09-01,24990,12844975.850000005,514.0046358543419
WBX,2024-10-01,19763,7870327.249999975,398.23545261346834
WBX,2024-11-01,30551,8845697.099999988,289.53870904389345
WBX,2024-12-01,53125,12039978.050000029,226.63488094117702
WBX,2025-01-01,57364,11986873.539999912,208.9616055365719
WBX,2025-02-01,24305,5321010.7399999825,218.92658876774254
WBX,2025-03-01,16837,3169567.019999993,188.2501051256158
WBX,2025-04-01,13986,2290101.7599999956,163.74243958243926
WBX,2025-05-01,9685,1550416.41999999,160.08429736706142
WBX,2025-06-01,7589,1602685.9199999995,211.1853893793648
WBX,2025-07-01,29544,11703295.900000332,396.1310553750451
WBX,2025-08-01,56613,57858200.440002635,1021.9949559288968
WBX,2025-09-01,45639,42347104.1000007,927.8709897237165
WBX,2025-10-01,20070,11696684.120000232,582.7944255107241
WBX,2025-11-01,12091,6464968.940000138,534.6926590025753
WBX,2025-12-01,16286,6921227.890000151,424.9802216627871
WBX,2026-01-01,21175,6071864.790000499,286.7468613931759
WBX,2026-02-01,12461,3807216.8900000704,305.53060669288743
WBX,2026-03-01,14184,3543755.8500001044,249.8417829949312
WBX,2026-04-01,13159,3189391.1200000015,242.3733657572765
WBX,2026-05-01,9461,2788088.319999984,294.69277243420186
WBX,2026-06-01,8742,3361308.500000003,384.5010867078475
XLM,2019-08-01,650,111618.43000000011,171.7206615384617
XLM,2019-09-01,1212,681412.6900000003,562.2216914191422
XLM,2019-10-01,991,273572.3700000001,276.056881937437
XLM,2019-11-01,1909,1109975.9099999983,581.4436406495538
XLM,2019-12-01,926,360297.2100000001,389.0898596112312
XLM,2020-01-01,3445,1236144.0999999985,358.8226705370097
XLM,2020-02-01,2350,883344.5799999966,375.89131063829643
XLM,2020-03-01,1559,369484.4500000004,237.00093008338706
XLM,2020-04-01,3850,1243738.5699999952,323.048979220778
XLM,2020-05-01,3601,1071445.349999998,297.5410580394329
XLM,2020-06-01,4960,1825831.5700000043,368.1112036290331
XLM,2020-07-01,4808,2512497.9200000092,522.5661231281217
XLM,2020-08-01,4627,2242041.2800000114,484.55614437000463
XLM,2020-09-01,1597,650638.4900000016,407.41295554164157
XLM,2020-10-01,1256,735194.71,585.3461066878981
XLM,2020-11-01,7862,6765617.060000013,860.5465606715865
XLM,2020-12-01,6706,3702666.5800000057,552.1423471518052
XLM,2021-01-01,32434,31185976.650000013,961.5211398532408
XLM,2021-02-01,30303,34250382.94000009,1130.2637672837702
XLM,2021-03-01,14165,10375865.180000063,732.5001891987337
XLM,2021-04-01,30589,26392158.34000017,862.7989911406117
XLM,2021-05-01,61348,34708902.040000044,565.770718523832
XLM,2021-06-01,16033,5152745.280000013,321.3837260649918
XLM,2021-07-01,9564,3096188.3099999987,323.73361668757826
XLM,2021-08-01,17688,7287966.150000008,412.0288415875174
XLM,2021-09-01,10880,3993796.300000002,367.07686580882375
XLM,2021-10-01,13326,6612863.930000012,496.2377254990254
XLM,2021-11-01,12160,4625048.05,380.3493462171052
XLM,2021-12-01,11036,2474154.580000003,224.189432765495
XLM,2022-01-01,7799,1264763.9800000004,162.17001923323508
XLM,2022-02-01,28847,4426717.930000057,153.45505355843093
XLM,2022-03-01,24315,5178170.309999983,212.96197038864827
XLM,2022-04-01,19531,4699770.7899999935,240.63134452920966
XLM,2022-05-01,18153,1512412.0999999894,83.31471933013768
XLM,2022-06-01,12683,2222708.0099999914,175.25096664826867
XLM,2022-07-01,10137,1383455.5999999994,136.47584097859323
XLM,2022-08-01,8371,1115382.1999999995,133.24360291482492
XLM,2022-09-01,8003,1033007.7200000003,129.07756091465706
XLM,2022-10-01,7908,994866.7899999997,125.80510748609
XLM,2022-11-01,6417,921941.1299999985,143.67167367928914
XLM,2022-12-01,4968,1635287.4,329.1641304347826
XLM,2023-01-01,6502,1043251.2099999986,160.45081667179306
XLM,2023-02-01,7232,963964.5899999999,133.29156388274333
XLM,2023-03-01,10899,1304194.7300000004,119.66187081383617
XLM,2023-04-01,9182,3175544.8299999996,345.8445687214114
XLM,2023-05-01,6133,627837.6800000002,102.37040273927934
XLM,2023-06-01,8496,1278158.7999999998,150.4424199623352
XLM,2023-07-01,39317,5053805.780000006,128.53996439199344
XLM,2023-08-01,34537,2372703.6499999953,68.70034021484192
XLM,2023-09-01,9272,1171319.2099999972,126.32864646246733
XLM,2023-10-01,10189,2058065.7699999968,201.98898518009585
XLM,2023-11-01,13223,2683394.719999997,202.93388187249465
XLM,2023-12-01,16542,2375961.1699999957,143.6320378430659
XLM,2024-01-01,35523,2160406.029999999,60.817105255749766
XLM,2024-02-01,120037,9771527.570001386,81.40429675851101
XLM,2024-03-01,256206,34661144.51000143,135.28623260189624
XLM,2024-04-01,157585,15079726.170000037,95.69264949075126
XLM,2024-05-01,126349,12120845.699999915,95.93147314185245
XLM,2024-06-01,112967,9620563.489999963,85.16260049394923
XLM,2024-07-01,145285,15537126.610000309,106.94240017896072
XLM,2024-08-01,111834,10027169.989999982,89.66119418066046
XLM,2024-09-01,97074,8302659.84999986,85.52918237633001
XLM,2024-10-01,103768,10387770.019999791,100.10571679130166
XLM,2024-11-01,1103950,1575910773.1399908,1427.5200626296398
XLM,2024-12-01,746281,863887553.0499908,1157.5901745455008
XLM,2025-01-01,489068,413247357.3000005,844.9691194271563
XLM,2025-02-01,232090,119144378.3000022,513.354208712147
XLM,2025-03-01,315346,160270052.13000387,508.23556388856645
XLM,2025-04-01,113248,43588500.84000125,384.89422188472423
XLM,2025-05-01,104261,41533057.69000093,398.3566020851606
XLM,2025-06-01,78249,17500429.970000334,223.6505255019276
XLM,2025-07-01,230324,252276994.6699983,1095.3135351504761
XLM,2025-08-01,120728,114357136.0399996,947.22960738188
XLM,2025-09-01,76826,41965821.51000082,546.2450408715906
XLM,2025-10-01,81240,59337505.60000112,730.3976563269463
XLM,2025-11-01,59633,31443556.820000496,527.284503882087
XLM,2025-12-01,16491,5704712.14999998,345.9288187496198
XLM,2026-01-01,50634,22320002.46000046,440.81057115772916
XLM,2026-02-01,42679,14646064.410000332,343.16793762741236
XLM,2026-03-01,41674,15544757.240000546,373.0085242597434
XLM,2026-04-01,46983,11448042.430000063,243.663504459061
XLM,2026-05-01,95741,53257551.34000063,556.2669215905477
XLM,2026-06-01,116088,69917433.6100009,602.2795948763085
XMR,2019-08-01,4,3293.6,823.4
XMR,2019-09-01,7,7991.01,1141.5728571428572
XMR,2019-12-01,1,120.0,120.0
XMR,2020-01-01,8,3377.86,422.2325
XMR,2020-02-01,20,5255.06,262.75300000000004
XMR,2020-03-01,9,2527.51,280.83444444444444
XMR,2020-04-01,33,37533.64,1137.3830303030302
XMR,2020-05-01,17,26397.4,1552.7882352941178
XMR,2020-06-01,2640,1638474.6499999976,620.6343371212112
XMR,2020-07-01,1583,876885.5999999994,553.9391029690457
XMR,2020-08-01,1808,1092792.369999999,604.420558628318
XMR,2020-09-01,961,755532.4100000007,786.1939750260153
XMR,2020-10-01,1769,1484593.8599999945,839.2277331825859
XMR,2020-11-01,1972,1981044.559999998,1004.5864908722099
XMR,2020-12-01,2530,2002156.4400000006,791.3661818181821
XMR,2021-01-01,6234,4968524.450000007,797.0042428617271
XMR,2021-02-01,9368,7315955.98999999,780.9517495730134
XMR,2021-03-01,5519,3664566.1799999904,663.9909730023537
XMR,2021-04-01,12744,10521954.640000047,825.6398807281895
XMR,2021-05-01,9212,8232394.890000021,893.6598881893206
XMR,2021-06-01,2544,1744880.4399999985,685.8806761006283
XMR,2021-07-01,1513,1566861.5399999977,1035.5991672174473
XMR,2021-08-01,2596,2772629.4700000035,1068.039087057012
XMR,2021-09-01,1540,1233752.9700000007,801.1382922077927
XMR,2021-10-01,1938,1631778.6399999983,841.9910423116606
XMR,2021-11-01,1310,930576.480000001,710.3637251908405
XMR,2021-12-01,1037,593747.5300000004,572.5627097396339
XMR,2022-01-01,830,471053.69999999925,567.5345783132522
XMR,2022-02-01,667,423605.71000000014,635.0910194902551
XMR,2022-03-01,1266,781434.2999999989,617.2466824644541
XMR,2022-04-01,1354,980525.2700000001,724.1693279172822
XMR,2022-05-01,1439,884659.6500000021,614.773905489925
XMR,2022-06-01,1269,859153.6500000008,677.0320330969274
XMR,2022-07-01,1083,706200.7299999994,652.0782363804242
XMR,2022-08-01,700,348597.54000000015,497.99648571428594
XMR,2022-09-01,773,699534.1,904.9600258732212
XMR,2022-10-01,722,585736.9999999999,811.2700831024929
XMR,2022-11-01,786,470794.37999999983,598.9750381679387
XMR,2022-12-01,629,390878.72,621.4288076311606
XMR,2023-01-01,830,463061.16999999963,557.9050240963851
XMR,2023-02-01,746,384344.22999999975,515.2067426273455
XMR,2023-03-01,768,338396.8500000001,440.6208984375001
XMR,2023-04-01,893,586322.07,656.575666293393
XMR,2023-05-01,1244,878605.2199999999,706.2742926045015
XMR,2023-06-01,652,594364.9100000003,911.6026226993869
XMR,2023-07-01,726,405399.99000000005,558.4021900826447
XMR,2023-08-01,1193,596184.5399999997,499.73557418273236
XMR,2023-09-01,805,643931.6300000001,799.9150683229815
XMR,2023-10-01,1307,784976.3000000002,600.5939556235655
XMR,2023-11-01,1041,691501.23,664.2663112391931
XMR,2023-12-01,1239,680004.7499999983,548.8335351089574
XMR,2024-01-01,1171,625665.4899999988,534.3001622544823
XMR,2024-02-01,2921,819640.3700000022,280.60266004792953
XMR,2024-03-01,2288,407798.1299999999,178.23344842657337
XMR,2024-04-01,1438,253902.67999999967,176.56653685674524
XMR,2024-05-01,1363,192734.1699999992,141.40438004401994
XMR,2024-06-01,1174,156077.49000000005,132.9450511073254
XMR,2024-07-01,1621,214279.66,132.18979642196174
XMR,2024-08-01,1044,130822.79000000004,125.30918582375483
XMR,2024-09-01,1982,196738.1900000004,99.26245711402645
XMR,2024-10-01,1746,224292.61999999988,128.4608361970217
XMR,2024-11-01,1783,209053.8799999997,117.24839035333692
XMR,2024-12-01,3661,378815.23000000126,103.47315760721149
XMR,2025-01-01,556,83092.62,149.4471582733813
XMR,2025-02-01,547,126583.83000000002,231.41468007312616
XMR,2025-03-01,516,236373.56,458.0882945736434
XMR,2025-04-01,407,233433.63000000012,573.5470024570028
XMR,2025-05-01,1078,580193.3300000003,538.2127365491654
XMR,2025-06-01,386,177339.08000000005,459.4276683937825
XMR,2025-07-01,839,275549.5099999999,328.4261144219307
XMR,2025-08-01,911,196830.7,216.06004390779364
XMR,2025-09-01,320,98980.14,309.3129375
XMR,2025-10-01,838,159413.63999999993,190.2310739856801
XMR,2025-11-01,2743,454619.35999999626,165.73800947867161
XMR,2025-12-01,2013,289483.6099999986,143.80705911574694
XMR,2026-01-01,3519,665795.1700000041,189.20010514350784
XMR,2026-02-01,1047,175736.6200000003,167.8477745940786
XMR,2026-03-01,1238,335492.02999999997,270.99517770597737
XMR,2026-04-01,346,428152.49,1237.4349421965317
XMR,2026-05-01,438,488917.28,1116.2494977168951
XMR,2026-06-01,1422,152152.7600000002,106.9991279887484
XRP,2019-08-01,79818,22457571.710000124,281.3597397830079
XRP,2019-09-01,92469,1549125776.3600035,16752.920182547703
XRP,2019-10-01,70879,748097588.6799998,10554.573127160369
XRP,2019-11-01,69932,1017527745.7700022,14550.245177744126
XRP,2019-12-01,37066,587244369.2800006,15843.208581449322
XRP,2020-01-01,66675,1222420644.8500001,18334.017920509938
XRP,2020-02-01,105442,2555948262.41,24240.324182109594
XRP,2020-03-01,92525,3244708889.7099957,35068.45598173462
XRP,2020-04-01,73821,3476559503.9000006,47094.45149618673
XRP,2020-05-01,90978,2897678811.2799983,31850.324378201305
XRP,2020-06-01,57109,2216755756.169999,38816.22434589993
XRP,2020-07-01,70205,3405352974.57,48505.846799658146
XRP,2020-08-01,102450,2975606482.16,29044.475179697412
XRP,2020-09-01,50774,40793101.350000106,803.4250078780499
XRP,2020-10-01,42901,45412272.929999985,1058.536466049742
XRP,2020-11-01,324662,383426368.6099895,1181.0016836278637
XRP,2020-12-01,388703,393474515.5499997,1012.2754790932916
XRP,2021-01-01,484953,423301469.4899935,872.8711225417587
XRP,2021-02-01,802041,924781760.9700196,1153.0355193437986
XRP,2021-03-01,417322,387685579.8699975,928.9842852042248
XRP,2021-04-01,1510861,2335450780.0906715,1545.774747042032
XRP,2021-05-01,778726,1205792705.8301084,1548.4171657683298
XRP,2021-06-01,254128,243354646.06999272,957.6065843590345
XRP,2021-07-01,182974,181054058.39999822,989.5070250417995
XRP,2021-08-01,461316,551167973.5400245,1194.773156664899
XRP,2021-09-01,294981,326292074.1200001,1106.146070831681
XRP,2021-10-01,266429,271257775.54999584,1018.1240613821913
XRP,2021-11-01,232798,248084415.82999828,1065.663862361353
XRP,2021-12-01,154408,124352754.79999961,805.3517615667557
XRP,2022-01-01,105795,76847400.93999916,726.3802726026671
XRP,2022-02-01,122884,70230753.99999897,571.5207350021075
XRP,2022-03-01,100585,55674010.410000004,553.5021167172044
XRP,2022-04-01,82669,38742908.26000011,468.65098477059246
XRP,2022-05-01,89755,38741897.95999991,431.6405543980827
XRP,2022-06-01,71639,29376529.540000126,410.0633668811698
XRP,2022-07-01,68716,24714867.080000233,359.6668473135839
XRP,2022-08-01,59203,22832215.960000113,385.6597800787141
XRP,2022-09-01,84935,42425393.08999989,499.50424548183776
XRP,2022-10-01,76973,40962416.4299997,532.1660378314435
XRP,2022-11-01,96666,56709702.96999874,586.6561455940945
XRP,2022-12-01,47759,25286276.24999973,529.4557308570056
XRP,2023-01-01,61119,26311692.24999997,430.4993905332216
XRP,2023-02-01,48266,18961168.790000074,392.84732088841156
XRP,2023-03-01,103755,42928681.86000027,413.7504877837238
XRP,2023-04-01,62114,22607289.51000002,363.96447676852273
XRP,2023-05-01,45525,24395589.529999845,535.8723674903865
XRP,2023-06-01,46766,29962681.090000004,640.6936896463243
XRP,2023-07-01,122537,76438951.56000091,623.803027330528
XRP,2023-08-01,102357,28472487.43,278.1684440731948
XRP,2023-09-01,75874,20464744.60999989,269.72012296702286
XRP,2023-10-01,100438,32397280.30000019,322.5599902427387
XRP,2023-11-01,116022,54516939.369999915,469.88449923290335
XRP,2023-12-01,100265,51225533.49000004,510.9014460679204
XRP,2024-01-01,99897,35935950.400000066,359.73002592670514
XRP,2024-02-01,104657,41220157.36000016,393.859535052602
XRP,2024-03-01,182482,91433805.45000069,501.0565724290653
XRP,2024-04-01,153843,51348324.46999906,333.77095135949673
XRP,2024-05-01,131608,35463791.01000026,269.46531373472936
XRP,2024-06-01,110569,37436587.94000008,338.58122927764634
XRP,2024-07-01,148696,74996805.6999969,504.363302980557
XRP,2024-08-01,124840,141359224.47999856,1132.3231694969445
XRP,2024-09-01,104510,56066651.96000011,536.4716482633252
XRP,2024-10-01,117694,72268554.36000006,614.0377110133062
XRP,2024-11-01,457473,579395070.0600032,1266.5120565803952
XRP,2024-12-01,676116,810461410.9500269,1198.7017182702773
XRP,2025-01-01,1218169,1051316216.589998,863.0298559477363
XRP,2025-02-01,749070,661009456.4699897,882.4401677680186
XRP,2025-03-01,949594,872957716.5799769,919.2957375256972
XRP,2025-04-01,411549,382163382.68999374,928.5975246932777
XRP,2025-05-01,415154,345773615.32000095,832.8803656474488
XRP,2025-06-01,280875,241263181.6999982,858.9699392968338
XRP,2025-07-01,591184,692076925.3899992,1170.6624763017928
XRP,2025-08-01,469170,457237912.79999053,974.5676680094433
XRP,2025-09-01,330578,258272303.6900045,781.2749296384045
XRP,2025-10-01,409978,418405056.3199912,1020.5548988482093
XRP,2025-11-01,386586,312349653.02000284,807.9693859063775
XRP,2025-12-01,175177,147565906.77000013,842.3817440074903
XRP,2026-01-01,363427,281015490.59999657,773.2377908080483
XRP,2026-02-01,340211,214645708.2700017,630.9193655408018
XRP,2026-03-01,247109,125394719.19000131,507.44699379626525
XRP,2026-04-01,222818,92030819.53000332,413.0313508334305
XRP,2026-05-01,262559,100510731.64000161,382.8119837446121
XRP,2026-06-01,260393,101535638.30000311,389.93228811835615
XTZ,2019-08-01,42,255784.14999999994,6090.098809523808
XTZ,2019-09-01,15,21025.530000000006,1401.7020000000005
XTZ,2019-11-01,46,613023.4800000001,13326.59739130435
XTZ,2019-12-01,27,65189.72,2414.434074074074
XTZ,2020-01-01,18,198543.59,11030.199444444444
XTZ,2020-02-01,181,1088254.2399999998,6012.454364640883
XTZ,2020-03-01,29,209201.47,7213.843793103449
XTZ,2020-04-01,1697,1798980.5999999964,1060.094637595755
XTZ,2020-05-01,4390,3114118.4799999883,709.3663963553504
XTZ,2020-06-01,1913,1186386.259999999,620.1705488761104
XTZ,2020-07-01,3445,2808782.820000007,815.3215732946319
XTZ,2020-08-01,5792,5131219.289999977,885.9149326657418
XTZ,2020-09-01,1980,1182234.6899999983,597.0882272727264
XTZ,2020-10-01,1677,913679.4199999991,544.8297078115678
XTZ,2020-11-01,2714,1716640.5200000065,632.5130876934438
XTZ,2020-12-01,1986,992547.4200000019,499.7721148036263
XTZ,2021-01-01,5556,3470143.549999995,624.5758729301647
XTZ,2021-02-01,8888,5574087.47,627.1475551305131
XTZ,2021-03-01,5592,3298827.5300000003,589.9190861945638
XTZ,2021-04-01,9644,6722867.379999986,697.1036271256726
XTZ,2021-05-01,7178,5631967.079999999,784.615084981889
XTZ,2021-06-01,2181,796995.909999999,365.4268271435117
XTZ,2021-07-01,1188,424237.6800000002,357.10242424242443
XTZ,2021-08-01,5489,4503763.8599999985,820.5071707050462
XTZ,2021-09-01,10264,11351185.870000008,1105.9222398674988
XTZ,2021-10-01,6554,6761246.410000006,1031.6213625267021
XTZ,2021-11-01,2749,1945422.3599999992,707.6836522371768
XTZ,2021-12-01,3288,2675943.9900000044,813.8515784671546
XTZ,2022-01-01,14135,5297184.460000017,374.75659426954485
XTZ,2022-02-01,16781,3591118.70999999,213.9990888504851
XTZ,2022-03-01,9156,1581535.909999996,172.73218763652207
XTZ,2022-04-01,7927,1157607.7899999996,146.03352970859083
XTZ,2022-05-01,9223,1090077.3999999969,118.19119592323506
XTZ,2022-06-01,8243,1880015.5299999937,228.0741877957047
XTZ,2022-07-01,6206,874023.1700000007,140.83518691588796
XTZ,2022-08-01,4274,840394.22,196.62943846513804
XTZ,2022-09-01,3933,524468.9700000001,133.3508695652174
XTZ,2022-10-01,2113,277227.9199999999,131.20109796497866
XTZ,2022-11-01,2487,458349.4400000003,184.2981262565341
XTZ,2022-12-01,1152,258262.45999999993,224.1861631944444
XTZ,2023-01-01,3170,984841.6400000005,310.6755962145112
XTZ,2023-02-01,3374,699841.8299999998,207.42200059276817
XTZ,2023-03-01,1997,295147.2500000002,147.79531797696555
XTZ,2023-04-01,1940,402418.35999999987,207.43214432989683
XTZ,2023-05-01,1158,88019.31999999998,76.0097754749568
XTZ,2023-06-01,1504,98456.69999999998,65.4632313829787
XTZ,2023-07-01,1885,177276.10000000006,94.04567639257297
XTZ,2023-08-01,2713,128477.80000000003,47.356358274972365
XTZ,2023-09-01,1444,57023.54999999995,39.48999307479221
XTZ,2023-10-01,1779,176920.46999999997,99.4493929173693
XTZ,2023-11-01,2095,254716.76000000013,121.58317899761343
XTZ,2023-12-01,2500,239954.17000000027,95.98166800000011
XTZ,2024-01-01,3735,363308.81999999995,97.271437751004
XTZ,2024-02-01,4172,386163.91000000073,92.56086049856202
XTZ,2024-03-01,6036,1004700.8499999986,166.45143306825688
XTZ,2024-04-01,3742,599838.0800000003,160.29879208979165
XTZ,2024-05-01,2990,557975.4000000012,186.61384615384654
XTZ,2024-06-01,1661,331743.2500000001,199.72501505117407
XTZ,2024-07-01,1901,342859.6400000001,180.35751709626516
XTZ,2024-08-01,1511,137201.35999999996,90.80169424222366
XTZ,2024-09-01,1152,112314.15999999999,97.49493055555554
XTZ,2024-10-01,1444,108188.61000000002,74.92286011080334
XTZ,2024-11-01,7065,2051984.2699999996,290.4436334041047
XTZ,2024-12-01,7707,1691730.2400000005,219.50567536006233
XTZ,2025-01-01,3436,382295.5199999999,111.26179278230498
XTZ,2025-02-01,1942,211359.60000000003,108.83604531410919
XTZ,2025-03-01,1631,332801.30000000005,204.04739423666464
XTZ,2025-04-01,1510,154546.6700000001,102.34878807947027
XTZ,2025-05-01,34648,6509652.109999876,187.87959218424947
XTZ,2025-06-01,14256,1494295.3999999973,104.81870089786737
XTZ,2025-07-01,58431,55662538.26000064,952.619983570376
XTZ,2025-08-01,34796,32353820.790000923,929.8143691803921
XTZ,2025-09-01,17600,12947580.19000016,735.6579653409182
XTZ,2025-10-01,18037,9910201.760000145,549.4373654155428
XTZ,2025-11-01,19217,11709918.08000008,609.3520362179362
XTZ,2025-12-01,729,52608.90999999999,72.16585733882029
XTZ,2026-01-01,15540,7500421.359999941,482.65259716859333
XTZ,2026-02-01,7914,2238966.9999999627,282.91218094515574
XTZ,2026-03-01,9347,2971880.1699999133,317.9501626190129
XTZ,2026-04-01,8251,1707393.9499999962,206.93175978669206
XTZ,2026-05-01,9226,3408393.6599999545,369.43352048557927
XTZ,2026-06-01,8546,1869503.7399999523,218.75775099461177
YFI,2020-09-01,90,1666606.16,18517.846222222222
YFI,2020-10-01,36,17643.27,490.09083333333336
YFI,2020-11-01,410,345864.9799999999,843.5731219512194
YFI,2020-12-01,451,1466287.560000001,3251.1919290465653
YFI,2021-01-01,6073,106600473.11999992,17553.18180800262
YFI,2021-02-01,4062,69901199.06999995,17208.56697932052
YFI,2021-03-01,598,1561517.4299999983,2611.233160535114
YFI,2021-04-01,877,1386992.679999998,1581.51958950969
YFI,2021-05-01,54853,201169449.9399996,3667.4283984467506
YFI,2021-06-01,14229,18761968.58000002,1318.5725335582276
YFI,2021-07-01,9978,7489376.279999999,750.5889236319903
YFI,2021-08-01,15174,11088915.170000033,730.7839178858596
YFI,2021-09-01,9952,6137987.360000032,616.7591800643119
YFI,2021-10-01,12416,7869180.840000036,633.7935599226834
YFI,2021-11-01,8679,6707335.1400000015,772.8234980988595
YFI,2021-12-01,49953,26335616.260005403,527.2079006266972
YFI,2022-01-01,11059,9078877.709999988,820.9492458630968
YFI,2022-02-01,4392,1981452.979999999,451.1504963570125
YFI,2022-03-01,3293,2154981.3899999973,654.4128120255078
YFI,2022-04-01,2304,1103398.7299999997,478.9056987847221
YFI,2022-05-01,4229,1022071.7399999994,241.6816599668951
YFI,2022-06-01,6163,1663958.0199999996,269.99156579587856
YFI,2022-07-01,5355,2396780.0799999987,447.5779794584498
YFI,2022-08-01,4521,2289631.089999999,506.44350586153485
YFI,2022-09-01,2837,1087777.3499999999,383.42522030313705
YFI,2022-10-01,1478,506610.67000000033,342.7677063599461
YFI,2022-11-01,2503,722937.8,288.82852576907715
YFI,2022-12-01,1650,300411.36,182.0674909090909
YFI,2023-01-01,1873,330659.94,176.54027762947143
YFI,2023-02-01,2992,710865.56,237.58875668449198
YFI,2023-03-01,4348,1326700.4600000007,305.1289006439744
YFI,2023-04-01,1778,308753.63,173.6522103487064
YFI,2023-05-01,1860,278243.4500000001,149.5932526881721
YFI,2023-06-01,1798,477416.9500000005,265.5266685205787
YFI,2023-07-01,1808,208416.31000000006,115.27450774336286
YFI,2023-08-01,1674,337263.03,201.47134408602153
YFI,2023-09-01,1272,185794.27000000014,146.0646776729561
YFI,2023-10-01,1900,655611.9399999995,345.0589157894734
YFI,2023-11-01,7270,2355511.7599999993,324.00436863823927
YFI,2023-12-01,3680,877110.380000001,238.34521195652204
YFI,2024-01-01,4121,719091.3199999995,174.4943751516621
YFI,2024-02-01,4614,938973.2399999992,203.50525357607265
YFI,2024-03-01,7730,1612336.7299999995,208.58172445019397
YFI,2024-04-01,4959,1246547.7700000003,251.37079451502325
YFI,2024-05-01,2586,596113.2199999997,230.51555297757145
YFI,2024-06-01,2244,1999597.3500000008,891.0861631016046
YFI,2024-07-01,2492,5239452.130000007,2102.5088804173383
YFI,2024-08-01,2301,28972707.129999988,12591.354684919595
YFI,2024-09-01,1725,388619.70000000007,225.2867826086957
YFI,2024-10-01,1820,287159.47999999986,157.779934065934
YFI,2024-11-01,4936,1953903.8299999973,395.8476154781194
YFI,2024-12-01,7657,3554310.77,464.19103695964475
YFI,2025-01-01,2762,1477092.04,534.7907458363505
YFI,2025-02-01,1557,767595.0499999999,492.99617854849066
YFI,2025-03-01,1049,217136.84999999992,206.99413727359382
YFI,2025-04-01,1112,783421.6700000003,704.51589028777
YFI,2025-05-01,1061,204651.77000000005,192.88573986804906
YFI,2025-06-01,714,105285.35000000005,147.45847338935582
YFI,2025-07-01,1115,208863.99000000008,187.3219641255606
YFI,2025-08-01,1000,1087777.0099999993,1087.7770099999993
YFI,2025-09-01,2110,753537.9,357.12696682464457
YFI,2025-10-01,3193,750992.6600000001,235.1997056060132
YFI,2025-11-01,2447,518622.20000000007,211.94205149162244
YFI,2025-12-01,2366,870318.8600000001,367.84398140321224
YFI,2026-01-01,2301,599951.55,260.7351368970013
YFI,2026-02-01,2973,241427.50999999992,81.20669693911871
YFI,2026-03-01,2360,241840.37000000005,102.47473305084748
YFI,2026-04-01,1955,105239.9899999999,53.83119693094624
YFI,2026-05-01,1938,128716.33000000005,66.41709494324047
YFI,2026-06-01,2039,336044.5099999994,164.80848945561522
ZEC,2019-08-01,9530,870615.5599999946,91.35525288562377
ZEC,2019-09-01,3951,415716.53000000154,105.21805365730233
ZEC,2019-10-01,3676,341409.9600000003,92.87539717083796
ZEC,2019-11-01,2432,262651.72000000044,107.99824013157912
ZEC,2019-12-01,2576,301528.70999999973,117.0530706521738
ZEC,2020-01-01,10361,1506241.249999994,145.3760496091105
ZEC,2020-02-01,9191,1763433.219999993,191.8652181481877
ZEC,2020-03-01,12513,1349465.3500000003,107.8450691281068
ZEC,2020-04-01,7026,1009176.6400000015,143.63459151722196
ZEC,2020-05-01,253,41796.04000000001,165.20173913043482
ZEC,2020-06-01,159,8979.209999999997,56.47301886792451
ZEC,2020-07-01,258,47668.700000000026,184.7624031007753
ZEC,2020-08-01,577,146229.77000000005,253.43114384748708
ZEC,2020-09-01,205,18397.67,89.74473170731706
ZEC,2020-10-01,185,121528.20000000003,656.9091891891893
ZEC,2020-11-01,351,63515.22000000001,180.95504273504275
ZEC,2020-12-01,254,56859.350000000006,223.85570866141734
ZEC,2021-01-01,9,5121.65,569.0722222222222
ZEC,2021-02-01,594,802844.2799999999,1351.589696969697
ZEC,2021-03-01,445,297480.89,668.496382022472
ZEC,2021-04-01,593,489613.41999999987,825.655008431703
ZEC,2021-05-01,582,7407617.249999999,12727.864690721648
ZEC,2021-06-01,78,1156473.6500000001,14826.585256410259
ZEC,2021-07-01,43,218114.07999999996,5072.420465116278
ZEC,2021-08-01,78,748740.67,9599.239358974359
ZEC,2021-09-01,82,1433227.8500000003,17478.38841463415
ZEC,2021-10-01,21,150251.9,7154.85238095238
ZEC,2021-11-01,4280,4613350.929999997,1077.8857313084104
ZEC,2021-12-01,769,561691.0400000002,730.4174772431732
ZEC,2022-01-01,264,206159.66999999995,780.9078409090907
ZEC,2022-02-01,275,230722.64,838.9914181818182
ZEC,2022-03-01,925,1477474.1800000006,1597.2693837837844
ZEC,2022-04-01,418,586669.4699999999,1403.5154784688991
ZEC,2022-05-01,310,365041.01999999996,1177.5516774193547
ZEC,2022-06-01,126,34018.479999999996,269.98793650793647
ZEC,2022-07-01,115,79212.51999999999,688.8045217391303
ZEC,2022-08-01,163,131530.57999999996,806.9360736196317
ZEC,2022-09-01,93,39184.94,421.3434408602151
ZEC,2022-10-01,49,49762.909999999996,1015.5695918367346
ZEC,2022-11-01,103,49020.56,475.9277669902912
ZEC,2022-12-01,54,7436.299999999999,137.70925925925926
ZEC,2023-01-01,480,144391.22,300.8150416666667
ZEC,2023-02-01,534,97466.13000000003,182.52084269662927
ZEC,2023-03-01,502,140343.83000000005,279.5693824701196
ZEC,2023-04-01,94,11372.49,120.98393617021276
ZEC,2023-05-01,134,13556.69,101.16932835820896
ZEC,2023-06-01,129,17814.460000000003,138.09658914728683
ZEC,2023-07-01,131,23472.98,179.1830534351145
ZEC,2023-08-01,125,19221.620000000003,153.77296
ZEC,2023-09-01,64,3569.2999999999997,55.770312499999996
ZEC,2023-10-01,117,14725.14,125.85589743589743
ZEC,2023-11-01,242,34804.91,143.82194214876034
ZEC,2023-12-01,201,47682.48,237.22626865671643
ZEC,2024-01-01,330,141688.98,429.3605454545455
ZEC,2024-02-01,240,63175.51,263.23129166666666
ZEC,2024-03-01,323,100706.32,311.7842724458205
ZEC,2024-04-01,345,1256041.4900000007,3640.6999710144946
ZEC,2024-05-01,332,2423031.5300000017,7298.28774096386
ZEC,2024-06-01,153,140279.17,916.857320261438
ZEC,2024-07-01,246,41043.61,166.8439430894309
ZEC,2024-08-01,341,223629.1100000001,655.803841642229
ZEC,2024-09-01,196,51354.639999999985,262.01346938775504
ZEC,2024-10-01,434,58128.76,133.93723502304147
ZEC,2024-11-01,629,94441.25,150.14507154213035
ZEC,2024-12-01,1232,158229.28999999998,128.43286525974025
ZEC,2025-01-01,328,85828.83,261.67326219512194
ZEC,2025-02-01,198,131257.69,662.9176262626263
ZEC,2025-03-01,177,52721.73999999999,297.86293785310727
ZEC,2025-04-01,248,161618.05,651.6856854838709
ZEC,2025-05-01,286,50342.92,176.02419580419578
ZEC,2025-06-01,115,14336.26,124.66313043478262
ZEC,2025-07-01,151,24972.790000000008,165.38271523178813
ZEC,2025-08-01,82,43562.55,531.2506097560976
ZEC,2025-09-01,110,33076.51,300.6955454545455
ZEC,2025-10-01,4035,10583996.879999992,2623.0475539033437
ZEC,2025-11-01,7233,27495801.25,3801.4380270980228
ZEC,2025-12-01,4974,11421184.909999998,2296.177102935263
ZEC,2026-01-01,3569,11587567.439999998,3246.7266573269817
ZEC,2026-02-01,1818,1197899.9799999981,658.9108800880077
ZEC,2026-03-01,1952,651627.5600000002,333.82559426229517
ZEC,2026-04-01,1628,1334983.7200000002,820.0145700245702
ZEC,2026-05-01,4027,3906128.849999996,969.9848149987573
ZEC,2026-06-01,4573,8323788.349999998,1820.2030067789192
ZRX,2019-09-01,5,51233.81,10246.761999999999
ZRX,2019-10-01,35,70741.36,2021.1817142857144
ZRX,2019-11-01,50,4810.49,96.2098
ZRX,2019-12-01,121,6283.560000000003,51.930247933884324
ZRX,2020-01-01,135,4561.039999999999,33.785481481481476
ZRX,2020-02-01,294,27192.95,92.49302721088435
ZRX,2020-03-01,137,9324.99,68.0656204379562
ZRX,2020-04-01,180,13329.480000000003,74.05266666666668
ZRX,2020-05-01,770,97462.89000000012,126.57518181818197
ZRX,2020-06-01,429,82258.48999999998,191.74473193473187
ZRX,2020-07-01,860,69635.49000000008,80.97150000000009
ZRX,2020-08-01,1662,222277.7400000007,133.74111913357441
ZRX,2020-09-01,428,40025.72,93.51803738317757
ZRX,2020-10-01,346,69304.20000000001,200.3011560693642
ZRX,2020-11-01,379,48327.600000000006,127.51345646437996
ZRX,2020-12-01,346,49040.72999999998,141.7362138728323
ZRX,2021-01-01,9,10483.18,1164.7977777777778
ZRX,2021-02-01,1356,490023.0500000002,361.37393067846625
ZRX,2021-03-01,1027,64638.08999999994,62.93874391431348
ZRX,2021-04-01,817,187661.88999999993,229.6963157894736
ZRX,2021-05-01,35067,24134484.509999402,688.2392137907264
ZRX,2021-06-01,14532,4540634.890000028,312.45767203413345
ZRX,2021-07-01,16358,5267184.959999995,321.99443452744805
ZRX,2021-08-01,49000,8743813.170001667,178.4451667347279
ZRX,2021-09-01,53061,7504862.859999984,141.43839844707006
ZRX,2021-10-01,20141,12276934.880000064,609.5494205848798
ZRX,2021-11-01,18851,11393590.79000006,604.4024608774102
ZRX,2021-12-01,6356,2136219.7799999896,336.09499370673217
ZRX,2022-01-01,5205,2123255.139999993,407.92605955811587
ZRX,2022-02-01,3547,1006462.9599999984,283.7504820975468
ZRX,2022-03-01,5137,2070828.4499999967,403.1201966128084
ZRX,2022-04-01,7905,3509476.0500000026,443.9564895635677
ZRX,2022-05-01,5583,24600652.109999932,4406.350010746898
ZRX,2022-06-01,4057,1159698.4399999962,285.85122997288545
ZRX,2022-07-01,3606,645163.6699999997,178.91394065446468
ZRX,2022-08-01,2789,534029.9800000003,191.4772248117606
ZRX,2022-09-01,2512,279187.47000000026,111.14150875796189
ZRX,2022-10-01,2572,151054.6700000002,58.73043157076213
ZRX,2022-11-01,3789,339845.5799999992,89.69268408551048
ZRX,2022-12-01,3317,624523.6799999978,188.2796744045818
ZRX,2023-01-01,9146,408531.8299999997,44.667814345068855
ZRX,2023-02-01,10239,425851.0899999997,41.591082136927405
ZRX,2023-03-01,11902,526080.2700000006,44.20099731137629
ZRX,2023-04-01,13310,777639.8999999999,58.42523666416228
ZRX,2023-05-01,4518,177444.17000000033,39.27493802567515
ZRX,2023-06-01,3560,167713.20000000016,47.11044943820229
ZRX,2023-07-01,6205,293093.9199999998,47.23512006446411
ZRX,2023-08-01,4005,141145.74000000028,35.24238202247198
ZRX,2023-09-01,2542,60648.34000000004,23.858512981904028
ZRX,2023-10-01,7148,525156.0699999996,73.46895215444874
ZRX,2023-11-01,6984,1102774.8599999999,157.90018041237113
ZRX,2023-12-01,3337,322369.6299999992,96.6046239136947
ZRX,2024-01-01,9315,464539.2399999983,49.87002039720862
ZRX,2024-02-01,4010,415163.90999999986,103.53214713216954
ZRX,2024-03-01,25087,6978370.14999996,278.1667855861586
ZRX,2024-04-01,5839,1054575.5600000017,180.60893303647913
ZRX,2024-05-01,4272,783111.3799999991,183.31258895131066
ZRX,2024-06-01,2859,594592.5500000002,207.972210563134
ZRX,2024-07-01,6325,1008623.8500000003,159.46622134387357
ZRX,2024-08-01,4265,606074.3,142.1041735052755
ZRX,2024-09-01,1614,124753.39000000003,77.29454151177201
ZRX,2024-10-01,2172,298351.4900000001,137.36256445672197
ZRX,2024-11-01,5648,1319922.6399999962,233.69735127478685
ZRX,2024-12-01,6426,1642978.0700000003,255.6766370992842
ZRX,2025-01-01,4358,556338.4799999996,127.65912804038541
ZRX,2025-02-01,2165,321054.04,148.29285912240184
ZRX,2025-03-01,1473,203928.05999999994,138.444032586558
ZRX,2025-04-01,1201,162781.94000000018,135.53866777685278
ZRX,2025-05-01,1276,118668.88000000003,93.00068965517244
ZRX,2025-06-01,770,100289.75000000001,130.2464285714286
ZRX,2025-07-01,1133,112984.55000000005,99.72157987643429
ZRX,2025-08-01,1328,404996.55000000005,304.96728162650606
ZRX,2025-09-01,739,93502.49,126.52569688768607
ZRX,2025-10-01,1050,132382.80000000005,126.07885714285719
ZRX,2025-11-01,906,262730.40000000014,289.9894039735101
ZRX,2025-12-01,1183,279568.1099999998,236.32131022823316
ZRX,2026-01-01,880,421513.40999999986,478.9925113636362
ZRX,2026-02-01,467,185169.96999999994,396.50957173447523
ZRX,2026-03-01,515,63684.47,123.6591650485437
ZRX,2026-04-01,281,29179.23,103.84067615658363
ZRX,2026-05-01,352,37082.600000000006,105.34829545454546
ZRX,2026-06-01,348,40154.37000000001,115.3861206896552
