date,exchange,asset,symbol,open,high,low,close,volume,volume_brl
2023-03-11,Mercado Bitcoin,USDT,USDT/BRL,4.7,5.21,4.7,5.2099,1630.4167029,8494.30798043871
2023-03-12,Mercado Bitcoin,USDT,USDT/BRL,5.2099,5.21,5.08880001,5.17941,29113.9839714,150793.2597213089
2023-03-13,Mercado Bitcoin,USDT,USDT/BRL,5.14001,5.89,5.14,5.23218,41781.69979591,218609.37403816436
2023-03-14,Mercado Bitcoin,USDT,USDT/BRL,5.22,5.295,5.1726,5.295,25380.81894161,134391.43629582494
2023-03-15,Mercado Bitcoin,USDT,USDT/BRL,5.22026,5.35,5.2,5.30236,57314.91732609,303904.32503316656
2023-03-16,Mercado Bitcoin,USDT,USDT/BRL,5.262,5.34997,5.20003,5.28306,112454.52551205,594104.0055516908
2023-03-17,Mercado Bitcoin,USDT,USDT/BRL,5.28253,5.30896,5.2,5.2301,45923.11735403,240182.4960733123
2023-03-18,Mercado Bitcoin,USDT,USDT/BRL,5.29936,5.34,5.2225,5.27807,16396.94317435,86544.21386024149
2023-03-19,Mercado Bitcoin,USDT,USDT/BRL,5.28606,5.294,5.25,5.2509,13627.68616875,71557.61730348937
2023-03-20,Mercado Bitcoin,USDT,USDT/BRL,5.29399,5.2995,5.22082,5.29276,14997.60317192,79378.7141642113
2023-03-21,Mercado Bitcoin,USDT,USDT/BRL,5.22532,5.3399,5.222,5.23299,38694.14602656,202486.07921552824
2023-03-22,Mercado Bitcoin,USDT,USDT/BRL,5.28194,5.98,5.201,5.33977,99497.51177689,531293.8284608838
2023-03-23,Mercado Bitcoin,USDT,USDT/BRL,5.33977,5.33977,5.22002,5.23691,17199.18811264,90070.60021896554
2023-03-24,Mercado Bitcoin,USDT,USDT/BRL,5.23016,5.55976,5.23016,5.3798999,8521.66840726,45845.72301205123
2023-03-25,Mercado Bitcoin,USDT,USDT/BRL,5.29045,5.3995,5.29,5.29046,4729.40202562,25020.712240461587
2023-03-26,Mercado Bitcoin,USDT,USDT/BRL,5.29046,5.3649,5.29,5.31,11302.64361314,60017.037585773396
2023-03-27,Mercado Bitcoin,USDT,USDT/BRL,5.31,5.391,5.2402,5.26444948,22683.05263723,119413.7846608781
2023-03-28,Mercado Bitcoin,USDT,USDT/BRL,5.26622993,5.34,5.19,5.21382118,67874.45922856,353885.2931069126
2023-03-29,Mercado Bitcoin,USDT,USDT/BRL,5.2147358,5.31999,5.19,5.22888779,36658.96793954,191685.62985306216
2023-03-30,Mercado Bitcoin,USDT,USDT/BRL,5.22,5.28799,5.08,5.13645,74345.77105153,381873.3357176313
2023-03-31,Mercado Bitcoin,USDT,USDT/BRL,5.1084201,5.20976,5.10004,5.14044,18466.78090734,94927.37924732683
2023-04-01,Mercado Bitcoin,USDT,USDT/BRL,5.13959,5.14146,5.11,5.12926,2810.49493398,14415.759245066256
2023-04-02,Mercado Bitcoin,USDT,USDT/BRL,5.11006,5.15,5.1,5.14443672,19092.88491308,98222.13823758277
2023-04-03,Mercado Bitcoin,USDT,USDT/BRL,5.10272,5.1755,5.0203,5.1019873,29758.52665841,151827.62507791925
2023-04-04,Mercado Bitcoin,USDT,USDT/BRL,5.12131186,5.13850276,5.03320266,5.11235,35900.62032437,183536.53631529296
2023-04-05,Mercado Bitcoin,USDT,USDT/BRL,5.07706,5.12951,5.07,5.12441547,6112.3928185,31322.440317838304
2023-04-06,Mercado Bitcoin,USDT,USDT/BRL,5.0701,5.12837752,5.07,5.1045368,15847.77834489,80895.5677597341
2023-04-07,Mercado Bitcoin,USDT,USDT/BRL,5.0847,5.11584,5.07481236,5.09094,27067.95961669,137801.3583309918
2023-04-08,Mercado Bitcoin,USDT,USDT/BRL,5.09,5.10181546,5.07001,5.0802,12767.71706666,64862.55624204612
2023-04-09,Mercado Bitcoin,USDT,USDT/BRL,5.0711,5.1035,5.07001,5.07001,9372.50052661,47518.67139491796
2023-04-10,Mercado Bitcoin,USDT,USDT/BRL,5.0701,5.09899705,5.07,5.07463,21211.61346999,107641.09006321535
2023-04-11,Mercado Bitcoin,USDT,USDT/BRL,5.07463,5.19999,4.90512,5.06189,65349.15309612,330790.22456571885
2023-04-12,Mercado Bitcoin,USDT,USDT/BRL,5.05959,5.05959,4.91,4.98768,44374.84670117,221327.53539449157
2023-04-13,Mercado Bitcoin,USDT,USDT/BRL,4.98746,5.0997,4.93001,4.96104,51183.76797922,253924.72029562958
2023-04-14,Mercado Bitcoin,USDT,USDT/BRL,4.95892,5.00224794,4.93432263,4.95,13852.56563809,68570.1999085455
2023-04-15,Mercado Bitcoin,USDT,USDT/BRL,4.94751,5.04999,4.93200344,4.9756,11844.75307288,58934.75338942173
2023-04-16,Mercado Bitcoin,USDT,USDT/BRL,4.9755,5.0436109,4.93001,4.95801,5680.50036635,28163.977621366965
2023-04-17,Mercado Bitcoin,USDT,USDT/BRL,4.95964,5.0446855,4.93,4.97733334,45950.64547289,228711.67970673548
2023-04-18,Mercado Bitcoin,USDT,USDT/BRL,4.97236,5.01885,4.81025,5.00512,50601.66006138,253267.38080641424
2023-04-19,Mercado Bitcoin,USDT,USDT/BRL,4.91238,5.17999,4.91238,5.12,42322.07578017,216689.0279944704
2023-04-20,Mercado Bitcoin,USDT,USDT/BRL,5.10854,5.1567,5.01,5.09995,40735.41294307,207748.5692390098
2023-04-21,Mercado Bitcoin,USDT,USDT/BRL,5.08673,5.18,5.0808,5.14771,37672.39442499,193926.56150546527
2023-04-22,Mercado Bitcoin,USDT,USDT/BRL,5.11838228,5.1755,5.1100001,5.12048,6343.21669454,32480.31422005818
2023-04-23,Mercado Bitcoin,USDT,USDT/BRL,5.12005,5.1999,5.11001,5.14265981,24846.80957861,127778.68902664067
2023-04-24,Mercado Bitcoin,USDT,USDT/BRL,5.11015,5.17,5.01995,5.13381,37980.34113765,194983.85513587896
2023-04-25,Mercado Bitcoin,USDT,USDT/BRL,5.068223,5.2,5.01,5.08871,67082.85637784,341365.2020784782
2023-04-26,Mercado Bitcoin,USDT,USDT/BRL,5.07568,5.1655,5.013,5.09123211,53536.48455296,272566.66921254894
2023-04-27,Mercado Bitcoin,USDT,USDT/BRL,5.0816,5.1178,4.98833,4.9991,38337.08808994,191650.93707041905
2023-04-28,Mercado Bitcoin,USDT,USDT/BRL,5.0098544,5.09379,4.92,5.03488523,27161.53508613,136755.21182928272
2023-04-29,Mercado Bitcoin,USDT,USDT/BRL,5.03353156,5.04693753,4.95314471,5.02941,11756.47424506,59128.12913284722
2023-04-30,Mercado Bitcoin,USDT,USDT/BRL,5.01001,5.05797,5.01000073,5.02270089,1047.59854043,5261.774121380462
2023-05-01,Mercado Bitcoin,USDT,USDT/BRL,5.02374021,5.08625807,5.01043363,5.04664,8329.59239097,42036.45414396484
2023-05-02,Mercado Bitcoin,USDT,USDT/BRL,5.04664,5.09679,4.9662,5.06825,70788.57272882,358774.183732842
2023-05-03,Mercado Bitcoin,USDT,USDT/BRL,5.07480705,5.07480705,4.9662,5.02334898,22023.05957664,110629.51386079377
2023-05-04,Mercado Bitcoin,USDT,USDT/BRL,5.02406,5.04712,5.00007,5.02353,38049.6435145,191143.52568439618
2023-05-05,Mercado Bitcoin,USDT,USDT/BRL,5.01372,5.02549,4.96017,4.98914,24067.65681562,120076.90932508236
2023-05-06,Mercado Bitcoin,USDT,USDT/BRL,4.99748,5.01677838,4.95988,5.00852,11397.12202353,57082.71359729048
2023-05-07,Mercado Bitcoin,USDT,USDT/BRL,4.98212604,5.01818,4.98171,5.01757558,3670.14462272,18415.228034028183
2023-05-08,Mercado Bitcoin,USDT,USDT/BRL,5.0099,5.05677,4.98103611,5.0501,27611.15023173,139439.06978525966
2023-05-09,Mercado Bitcoin,USDT,USDT/BRL,5.04998,5.06349,4.851,5.01991,52702.64882415,264562.55385883886
2023-05-10,Mercado Bitcoin,USDT,USDT/BRL,5.00005,5.02242374,4.90007,4.99,6870.19504342,34282.2732666658
2023-05-11,Mercado Bitcoin,USDT,USDT/BRL,4.98995,5.02136779,4.9001,4.98259,25530.63647364,127208.69398719392
2023-05-12,Mercado Bitcoin,USDT,USDT/BRL,4.97942,5.18989,4.8587,4.89173,85728.43904246,419360.3771171728
2023-05-13,Mercado Bitcoin,USDT,USDT/BRL,4.98115,4.98514,4.91555,4.97233,5319.93206709,26452.45781515362
2023-05-14,Mercado Bitcoin,USDT,USDT/BRL,4.93837,4.98508,4.93827999,4.9701,1294.51849971,6433.886395408672
2023-05-15,Mercado Bitcoin,USDT,USDT/BRL,4.9701,4.98373,4.86,4.91765275,37272.68469408,183294.12038572543
2023-05-16,Mercado Bitcoin,USDT,USDT/BRL,4.93942462,5.25,4.86411,5.05343203,45560.68901651,230237.8451849008
2023-05-17,Mercado Bitcoin,USDT,USDT/BRL,5.06795291,5.14999,4.958563,4.97,47401.9079036,235587.48228089197
2023-05-18,Mercado Bitcoin,USDT,USDT/BRL,4.98978819,5.01402,4.97105,4.9711,16556.42617743,82303.65017062226
2023-05-19,Mercado Bitcoin,USDT,USDT/BRL,5.00485855,5.05860999,4.98040013,5.0179653,8068.28095799,40486.35387784458
2023-05-20,Mercado Bitcoin,USDT,USDT/BRL,5.02526723,5.03175987,4.99407,4.99407,1614.37549599,8062.304233258779
2023-05-21,Mercado Bitcoin,USDT,USDT/BRL,5.00649526,5.0984,4.99026999,5.01948958,6486.89147712,32560.884175994648
2023-05-22,Mercado Bitcoin,USDT,USDT/BRL,5.02498999,5.03711,4.8503,5.00185999,45489.45253907,227531.87262217814
2023-05-23,Mercado Bitcoin,USDT,USDT/BRL,5.00147,5.06982,4.98,5.01735,21396.73428889,107354.90478436224
2023-05-24,Mercado Bitcoin,USDT,USDT/BRL,5.00155798,5.12,4.86124,4.98611306,43580.50525766,217297.3264266172
2023-05-25,Mercado Bitcoin,USDT,USDT/BRL,4.99251779,5.06290148,4.95001,5.02892051,7376.02135302,37093.425064400224
2023-05-26,Mercado Bitcoin,USDT,USDT/BRL,5.03790884,5.10989,0.66,5.02949,105170.54458126,528954.2022660014
2023-05-27,Mercado Bitcoin,USDT,USDT/BRL,5.02886,5.04958987,4.812,5.01505012,43096.13172872,216129.26059765302
2023-05-28,Mercado Bitcoin,USDT,USDT/BRL,5.01532146,5.03768,5.0,5.02857999,4810.5020384,24189.994292152453
2023-05-29,Mercado Bitcoin,USDT,USDT/BRL,5.02782,5.08992,4.83094,5.04830453,31069.32966235,156847.43767850488
2023-05-30,Mercado Bitcoin,USDT,USDT/BRL,5.0475,5.1998,4.87106,5.07464723,65960.78072998,334727.6932200304
2023-05-31,Mercado Bitcoin,USDT,USDT/BRL,5.06213165,5.1996,5.00011,5.0845084,40567.13545304,206263.94097491968
2023-06-01,Mercado Bitcoin,USDT,USDT/BRL,5.08002999,5.09953,4.90374,5.04,71676.77649773,361250.95354855916
2023-06-02,Mercado Bitcoin,USDT,USDT/BRL,5.04,5.05,2.89,4.99441161,107068.60962992,534744.7070022302
2023-06-03,Mercado Bitcoin,USDT,USDT/BRL,4.99541249,5.02230832,4.8976427,5.00929,24452.63065846,122490.31823111708
2023-06-04,Mercado Bitcoin,USDT,USDT/BRL,4.99075863,5.02701252,4.9721,4.97314,2839.63242235,14121.88958488568
2023-06-05,Mercado Bitcoin,USDT,USDT/BRL,5.01212,5.02228135,2.13,4.9788,132180.93431177,658102.4357514404
2023-06-06,Mercado Bitcoin,USDT,USDT/BRL,4.97722,4.9863,4.09007,4.94100132,79583.07939784,393220.10035439226
2023-06-07,Mercado Bitcoin,USDT,USDT/BRL,4.96757,4.9843,4.91104453,4.941,59221.21018792,292611.9995385127
2023-06-08,Mercado Bitcoin,USDT,USDT/BRL,4.94794004,4.9799,4.62007,4.97419877,66479.11445016,330680.3293286751
2023-06-09,Mercado Bitcoin,USDT,USDT/BRL,4.97,4.97,4.62007,4.92715999,124496.74237194,613415.3679003604
2023-06-10,Mercado Bitcoin,USDT,USDT/BRL,4.9222,4.9499,4.89837039,4.94989999,37567.49702664,185955.35315649034
2023-06-11,Mercado Bitcoin,USDT,USDT/BRL,4.94834905,4.9499,4.79001,4.94695052,26647.36488589,131823.1955788833
2023-06-12,Mercado Bitcoin,USDT,USDT/BRL,4.96058898,4.97989,4.89213,4.91001,48119.65503162,236267.9874018045
2023-06-13,Mercado Bitcoin,USDT,USDT/BRL,4.92345626,4.96767,4.7901,4.88841015,40102.16270919,196035.81922455592
2023-06-14,Mercado Bitcoin,USDT,USDT/BRL,4.89366054,4.9693,4.81,4.87386022,76225.01469477,371510.06688975496
2023-06-15,Mercado Bitcoin,USDT,USDT/BRL,4.86374013,4.90620394,4.7637,4.84016768,46050.81632415,222893.67280976725
2023-06-16,Mercado Bitcoin,USDT,USDT/BRL,4.84782492,4.88904571,4.80209659,4.87557837,50512.50614226,246277.682361695
2023-06-17,Mercado Bitcoin,USDT,USDT/BRL,4.86257854,4.9,4.77806,4.89116632,27105.64367274,132578.211414027
2023-06-18,Mercado Bitcoin,USDT,USDT/BRL,4.89116632,4.89116632,4.85261053,4.86802999,21405.01271302,104200.24382331263
2023-06-19,Mercado Bitcoin,USDT,USDT/BRL,4.86746601,4.86746601,4.70008,4.8081498,77071.76652561,370572.5988057584
2023-06-20,Mercado Bitcoin,USDT,USDT/BRL,4.8075,4.9,4.71007,4.81329936,147689.19471575,710872.3064042348
2023-06-21,Mercado Bitcoin,USDT,USDT/BRL,4.81582975,4.88523,4.76363375,4.81014997,75365.49356183,362519.32659547176
2023-06-22,Mercado Bitcoin,USDT,USDT/BRL,4.78664999,4.9799,4.77,4.78423,106387.00910158,508979.92055405205
2023-06-23,Mercado Bitcoin,USDT,USDT/BRL,4.78323966,4.92495,4.7736,4.82249999,91850.49926188,442949.0317719113
2023-06-24,Mercado Bitcoin,USDT,USDT/BRL,4.82239,4.83203999,4.81,4.81,41293.2898424,198620.724141944
2023-06-25,Mercado Bitcoin,USDT,USDT/BRL,4.80998999,4.81,4.79818003,4.80999999,11517.96175926,55401.39594686098
2023-06-26,Mercado Bitcoin,USDT,USDT/BRL,4.80999999,4.91616,4.7701,4.8376475,55966.5158129,270746.2753059862
2023-06-27,Mercado Bitcoin,USDT,USDT/BRL,4.80064001,4.93421,4.73,4.84314972,65147.0169882,315516.7570852361
2023-06-28,Mercado Bitcoin,USDT,USDT/BRL,4.84,4.92,4.758,4.88473999,124666.71561609,608964.4911918723
2023-06-29,Mercado Bitcoin,USDT,USDT/BRL,4.88534,4.92,4.80007,4.87537052,60584.75594909,295373.133115588
2023-06-30,Mercado Bitcoin,USDT,USDT/BRL,4.87725,4.89,4.81,4.8515499,85140.48123947,413063.29324330256
2023-07-01,Mercado Bitcoin,USDT,USDT/BRL,4.82145942,4.84813761,4.81,4.82879997,29161.59660631,140815.51681770183
2023-07-02,Mercado Bitcoin,USDT,USDT/BRL,4.82879997,4.86135962,4.82005001,4.84005998,11069.24509979,53575.810216304686
2023-07-03,Mercado Bitcoin,USDT,USDT/BRL,4.82031,4.85085167,4.5,4.80306001,90860.7144651,436409.46412735037
2023-07-04,Mercado Bitcoin,USDT,USDT/BRL,4.80989,4.87964,4.8,4.86920999,114407.00811788,557071.7468535923
2023-07-05,Mercado Bitcoin,USDT,USDT/BRL,4.84038999,4.8899,4.5,4.852,79691.5501582,386663.4013675864
2023-07-06,Mercado Bitcoin,USDT,USDT/BRL,4.86250917,5.04979,4.72951,4.95914999,92049.9410558,456489.46426637116
2023-07-07,Mercado Bitcoin,USDT,USDT/BRL,4.95827991,5.0,4.73007,4.89574997,80297.02462816,393114.15591440356
2023-07-08,Mercado Bitcoin,USDT,USDT/BRL,4.90695999,4.92945998,4.77005,4.92056,17206.4228824,84665.23617822214
2023-07-09,Mercado Bitcoin,USDT,USDT/BRL,4.92053,5.32,4.85,4.90168001,77862.10025537,381655.10035836295
2023-07-10,Mercado Bitcoin,USDT,USDT/BRL,4.90223,4.9664148,4.82051,4.93544,57612.85365883,284344.7824619359
2023-07-11,Mercado Bitcoin,USDT,USDT/BRL,4.91842976,5.1371,4.86011,4.89306,51660.435689,252777.61145241835
2023-07-12,Mercado Bitcoin,USDT,USDT/BRL,5.12969,5.1378,4.82226059,4.85649994,84461.59752755,410187.7433248507
2023-07-13,Mercado Bitcoin,USDT,USDT/BRL,4.85045998,5.0359,4.65127,4.80909001,87036.82106674,418567.9066942169
2023-07-14,Mercado Bitcoin,USDT,USDT/BRL,4.80056,4.87999,4.7514,4.83982855,76897.13706205,372168.95936617267
2023-07-15,Mercado Bitcoin,USDT,USDT/BRL,4.83005,5.1296,4.76089,4.91,44086.60735811,216465.2421283201
2023-07-16,Mercado Bitcoin,USDT,USDT/BRL,4.84,4.96,4.83,4.85,3154.12747949,15297.5182755265
2023-07-17,Mercado Bitcoin,USDT,USDT/BRL,4.8345475,5.0269,4.8104,4.83005,60978.18957161,294527.70454035484
2023-07-18,Mercado Bitcoin,USDT,USDT/BRL,4.83005,4.87462995,4.82,4.82026001,15501.47403287,74721.1353766967
2023-07-19,Mercado Bitcoin,USDT,USDT/BRL,4.82021,4.98941,4.7701,4.82600998,69800.70543315,336858.90103142214
2023-07-20,Mercado Bitcoin,USDT,USDT/BRL,4.82588,4.84899996,4.71007,4.82893463,51616.34555872,249251.95854254972
2023-07-21,Mercado Bitcoin,USDT,USDT/BRL,4.82873459,5.00558,4.3302,4.805,219427.25730351,1054347.9713433655
2023-07-22,Mercado Bitcoin,USDT,USDT/BRL,4.805,4.82899999,4.78005,4.82884,21950.68724782,105996.35660976311
2023-07-23,Mercado Bitcoin,USDT,USDT/BRL,4.82564921,4.88999,4.7705,4.82752999,39126.96332059,188886.58884777824
2023-07-24,Mercado Bitcoin,USDT,USDT/BRL,4.82752319,4.84987,4.52607,4.77412666,56154.23852549,268087.4472165409
2023-07-25,Mercado Bitcoin,USDT,USDT/BRL,4.77382662,4.86364,4.67003001,4.85644,81897.16135739,397728.65030248306
2023-07-26,Mercado Bitcoin,USDT,USDT/BRL,4.73541001,4.78244849,4.6,4.77648,29316.44098171,140029.39402031817
2023-07-27,Mercado Bitcoin,USDT,USDT/BRL,4.77352,4.83974,4.6,4.77200851,82165.05854816,392092.35861646774
2023-07-28,Mercado Bitcoin,USDT,USDT/BRL,4.77519,4.78918,4.6502,4.76999999,54821.35212197,261497.84907358335
2023-07-29,Mercado Bitcoin,USDT,USDT/BRL,4.77,4.7898,4.71547497,4.77334779,45900.23309386,219097.77619906148
2023-07-30,Mercado Bitcoin,USDT,USDT/BRL,4.77762997,4.78665202,4.73594182,4.77999999,3646.20338183,17428.85212868537
2023-07-31,Mercado Bitcoin,USDT,USDT/BRL,4.78,4.79999,4.72197,4.76513998,88499.11269398,421710.6600926096
2023-08-01,Mercado Bitcoin,USDT,USDT/BRL,4.76663998,4.9199,4.73,4.83000001,90193.91931128,435636.6311754216
2023-08-02,Mercado Bitcoin,USDT,USDT/BRL,4.83000001,4.88999,4.73,4.85488417,91388.89401852,443682.4948843205
2023-08-03,Mercado Bitcoin,USDT,USDT/BRL,4.78068,4.95,4.74,4.92221001,151830.02057676,747339.247101434
2023-08-04,Mercado Bitcoin,USDT,USDT/BRL,4.92599999,4.93999999,4.8106,4.90541054,73832.69438641,362179.67723969446
2023-08-05,Mercado Bitcoin,USDT,USDT/BRL,4.90533584,5.0,4.90061001,4.91526002,52468.47885314,257896.21641705447
2023-08-06,Mercado Bitcoin,USDT,USDT/BRL,4.91526002,4.92020278,4.89809001,4.90490264,8830.05997793,43310.5844971072
2023-08-07,Mercado Bitcoin,USDT,USDT/BRL,4.90671593,4.93539973,4.84,4.90693092,31047.80905035,152349.45422741823
2023-08-08,Mercado Bitcoin,USDT,USDT/BRL,4.90849999,4.99114967,4.8201,4.9145,101542.25899375,499029.43182478443
2023-08-09,Mercado Bitcoin,USDT,USDT/BRL,4.91874,4.94,4.8313,4.927591,111837.22908679,551088.1235130046
2023-08-10,Mercado Bitcoin,USDT,USDT/BRL,4.92745577,4.98000001,4.84,4.90208631,182706.8655268,895644.824241937
2023-08-11,Mercado Bitcoin,USDT,USDT/BRL,4.90477396,4.96859,4.85,4.88,38396.04536616,187372.70138686078
2023-08-12,Mercado Bitcoin,USDT,USDT/BRL,4.92387,4.93978,4.89726445,4.93881999,15076.37928763,74459.523402569
2023-08-13,Mercado Bitcoin,USDT,USDT/BRL,4.93946,4.94,4.91325,4.94,9717.09052445,48002.42719078301
2023-08-14,Mercado Bitcoin,USDT,USDT/BRL,4.93999999,5.0,4.89358,4.95015999,93040.19144019,460563.83312916907
2023-08-15,Mercado Bitcoin,USDT,USDT/BRL,4.97056,5.03781704,4.95021999,5.01208439,59191.10956052,296670.8362550621
2023-08-16,Mercado Bitcoin,USDT,USDT/BRL,5.00942,5.03992451,4.9509,5.00548434,58848.4321376,294564.9054983095
2023-08-17,Mercado Bitcoin,USDT,USDT/BRL,5.01778,5.072,4.96155,5.03499834,202992.18673436,1022065.3232404726
2023-08-18,Mercado Bitcoin,USDT,USDT/BRL,5.04101,5.04927,4.9701309,5.0204582,79466.93086896,398960.40470990335
2023-08-19,Mercado Bitcoin,USDT,USDT/BRL,5.01801906,5.03323444,4.96578885,5.03084,41908.87492058,210836.8443054507
2023-08-20,Mercado Bitcoin,USDT,USDT/BRL,5.03091999,5.04129,4.98195001,5.02891656,7628.6175321,38363.68103708402
2023-08-21,Mercado Bitcoin,USDT,USDT/BRL,5.02685902,5.03873996,4.97507465,5.00533465,66946.28729998,335088.57151144487
2023-08-22,Mercado Bitcoin,USDT,USDT/BRL,5.00533465,5.00982076,4.93056001,4.96198342,119518.57057951,593049.1655976283
2023-08-23,Mercado Bitcoin,USDT,USDT/BRL,4.96198342,4.97250919,4.8889,4.88963998,19712.2929039,96386.01548037975
2023-08-24,Mercado Bitcoin,USDT,USDT/BRL,4.90471999,4.95559,4.8805016,4.91439,55265.52661197,271596.35132659925
2023-08-25,Mercado Bitcoin,USDT,USDT/BRL,4.91022,4.96493,4.8801,4.90131732,41954.28103163,205631.24426847562
2023-08-26,Mercado Bitcoin,USDT,USDT/BRL,4.90512206,4.93558843,4.8801,4.92216993,16876.47939016,83068.89937851028
2023-08-27,Mercado Bitcoin,USDT,USDT/BRL,4.91773583,4.92712275,4.89363274,4.91966,22156.52010259,109002.54568790793
2023-08-28,Mercado Bitcoin,USDT,USDT/BRL,4.90900198,4.96385,4.88029,4.905,87036.91978193,426916.0915303667
2023-08-29,Mercado Bitcoin,USDT,USDT/BRL,4.905,4.97092143,4.8801,4.8849258,111935.16622286,546794.9814093374
2023-08-30,Mercado Bitcoin,USDT,USDT/BRL,4.89079,4.91738998,4.86454,4.90814142,46744.91580583,229430.6574410069
2023-08-31,Mercado Bitcoin,USDT,USDT/BRL,4.92209999,4.99,4.86063,4.98053206,129158.92892145,643280.1863285429
2023-09-01,Mercado Bitcoin,USDT,USDT/BRL,4.9795311,4.98344999,4.90007,4.95282001,52099.69903142,258040.4318777946
2023-09-02,Mercado Bitcoin,USDT,USDT/BRL,4.97164001,4.98907027,4.95797507,4.98398815,23693.01050217,118085.68358064083
2023-09-03,Mercado Bitcoin,USDT,USDT/BRL,4.96847581,4.99831511,4.96847581,4.97583,16031.34294378,79769.23715994884
2023-09-04,Mercado Bitcoin,USDT,USDT/BRL,4.98920463,4.99930566,4.92066,4.96697407,48352.05223339,240163.3896745337
2023-09-05,Mercado Bitcoin,USDT,USDT/BRL,4.95747052,5.22238,4.95,4.98733263,112509.96615502,561124.6254051268
2023-09-06,Mercado Bitcoin,USDT,USDT/BRL,4.98633293,5.007,4.95417,4.98987999,60561.2797545,302193.5180157717
2023-09-07,Mercado Bitcoin,USDT,USDT/BRL,4.99,5.1744,4.95,5.00459313,87101.63226032,435908.2304217838
2023-09-08,Mercado Bitcoin,USDT,USDT/BRL,5.003,5.14877574,4.98499,5.00457471,64578.95471294,323190.20355461485
2023-09-09,Mercado Bitcoin,USDT,USDT/BRL,5.0093624,5.02437484,4.98021495,5.01905432,4908.51682345,24636.1125675294
2023-09-10,Mercado Bitcoin,USDT,USDT/BRL,5.01905432,5.03301671,4.99345504,5.00647767,6447.7579994,32280.55644555997
2023-09-11,Mercado Bitcoin,USDT,USDT/BRL,5.01216333,5.0223,4.95213,4.95213,44062.99146864,218205.66194159622
2023-09-12,Mercado Bitcoin,USDT,USDT/BRL,4.95394763,5.1773,4.95059,4.97225999,102831.5220027,511305.06256482995
2023-09-13,Mercado Bitcoin,USDT,USDT/BRL,4.97225999,5.1,4.93,4.9529,131362.41552304,650624.9078440648
2023-09-14,Mercado Bitcoin,USDT,USDT/BRL,4.95289999,5.07714786,4.88001,4.91151021,89059.07159255,437414.5394199303
2023-09-15,Mercado Bitcoin,USDT,USDT/BRL,4.91150092,5.13,4.88474,4.90000001,225506.5369292,1104982.0332081455
2023-09-16,Mercado Bitcoin,USDT,USDT/BRL,4.9,5.07,4.9,4.9156,50214.59033997,246834.84027515654
2023-09-17,Mercado Bitcoin,USDT,USDT/BRL,4.9156,4.9945,4.88022679,4.91556003,92480.22818471,454592.1132300399
2023-09-18,Mercado Bitcoin,USDT,USDT/BRL,4.90348157,4.92493515,4.652,4.88933105,118328.51860316,578547.3001069329
2023-09-19,Mercado Bitcoin,USDT,USDT/BRL,4.88255638,4.91644134,4.61,4.89415818,108996.5129292,533446.1753439199
2023-09-20,Mercado Bitcoin,USDT,USDT/BRL,4.90112,4.90545,4.57801,4.90263381,123587.34775618,605903.5095976758
2023-09-21,Mercado Bitcoin,USDT,USDT/BRL,4.9034309,5.0497,4.85,4.9508389,141251.57105993,699313.7726896156
2023-09-22,Mercado Bitcoin,USDT,USDT/BRL,4.93720049,4.96818,4.91860663,4.9674967,34114.59716396,169464.14883380066
2023-09-23,Mercado Bitcoin,USDT,USDT/BRL,4.96539842,4.97132144,4.92365602,4.96125687,13064.98013199,64818.72243624889
2023-09-24,Mercado Bitcoin,USDT,USDT/BRL,4.96421182,4.97617372,4.95574741,4.97617372,8786.25178922,43721.91525081954
2023-09-25,Mercado Bitcoin,USDT,USDT/BRL,4.9744042,5.00004,4.9342,4.98369077,60699.77816893,302508.92420154397
2023-09-26,Mercado Bitcoin,USDT,USDT/BRL,4.93631001,5.02,4.93631,4.99548954,88311.50975336,441159.2232345179
2023-09-27,Mercado Bitcoin,USDT,USDT/BRL,4.98968404,5.08848408,4.94001,5.04454754,37662.06916257,189988.09834535234
2023-09-28,Mercado Bitcoin,USDT,USDT/BRL,5.0449,5.06699886,4.9002,5.04504516,148149.98643504,747423.3720181641
2023-09-29,Mercado Bitcoin,USDT,USDT/BRL,5.04504516,5.0498,4.95554,5.023,80594.43991001,404825.8716679802
2023-09-30,Mercado Bitcoin,USDT,USDT/BRL,5.040504,5.05583,5.02302,5.03402802,13130.47690433,66099.18865236008
2023-10-01,Mercado Bitcoin,USDT,USDT/BRL,5.04097538,5.05070998,5.023,5.0375037,17060.67814766,85943.2292933464
2023-10-02,Mercado Bitcoin,USDT,USDT/BRL,5.03769,5.09,5.0,5.07155365,137305.4608411,696352.0110936128
2023-10-03,Mercado Bitcoin,USDT,USDT/BRL,5.06551459,5.1891,5.01849001,5.16004737,112645.29699412,581255.0684973778
2023-10-04,Mercado Bitcoin,USDT,USDT/BRL,5.1798,5.19999,5.08803,5.16185013,104135.51357945,537531.9143077007
2023-10-05,Mercado Bitcoin,USDT,USDT/BRL,5.16481288,5.23,5.15695107,5.21585715,49305.9252205,257172.66259871025
2023-10-06,Mercado Bitcoin,USDT,USDT/BRL,5.18399472,5.2998,5.17599482,5.18251971,113108.88087794,586189.0045259661
2023-10-07,Mercado Bitcoin,USDT,USDT/BRL,5.18251971,5.20776,5.16867468,5.19387,20897.03479521,108536.48211179736
2023-10-08,Mercado Bitcoin,USDT,USDT/BRL,5.19381997,5.25052896,5.1758977,5.20096198,12748.47698729,66304.34411380022
2023-10-09,Mercado Bitcoin,USDT,USDT/BRL,5.19005006,5.226743,5.09012,5.16618351,85611.47949623,442284.6136401265
2023-10-10,Mercado Bitcoin,USDT,USDT/BRL,5.1664299,5.2,5.08164999,5.084058,47348.79312481,240724.01047653527
2023-10-11,Mercado Bitcoin,USDT,USDT/BRL,5.182,5.24989,5.03623816,5.086,74148.69550486,377120.265337718
2023-10-12,Mercado Bitcoin,USDT,USDT/BRL,5.086,5.123013,5.08384736,5.11740285,16889.31224679,86429.41462626305
2023-10-13,Mercado Bitcoin,USDT,USDT/BRL,5.09098252,5.18325666,4.6,5.11592076,301357.54764953,1541721.3342029196
2023-10-14,Mercado Bitcoin,USDT,USDT/BRL,5.11591876,5.14988827,4.91,4.91019001,83673.53669752,410852.9639935311
2023-10-15,Mercado Bitcoin,USDT,USDT/BRL,5.11797,5.13425997,5.07171656,5.1200271,53781.3829969,275362.1384196072
2023-10-16,Mercado Bitcoin,USDT,USDT/BRL,5.12002708,5.12994996,5.03976026,5.05648174,155926.74292993,788440.7284028651
2023-10-17,Mercado Bitcoin,USDT,USDT/BRL,5.05648173,5.10859093,5.02393818,5.06552752,158447.07831382,802618.0356622504
2023-10-18,Mercado Bitcoin,USDT,USDT/BRL,5.06552751,5.10999999,5.02096001,5.09189961,147827.8944195,752724.7979417731
2023-10-19,Mercado Bitcoin,USDT,USDT/BRL,5.09189961,5.12918416,5.0125,5.08318964,139042.70733144,706780.4494247278
2023-10-20,Mercado Bitcoin,USDT,USDT/BRL,5.08,5.12989,5.02716754,5.07245242,202101.20624187,1025148.7526864926
2023-10-21,Mercado Bitcoin,USDT,USDT/BRL,5.07245241,5.1997,5.06655003,5.07206339,75545.95977023,383173.89681299636
2023-10-22,Mercado Bitcoin,USDT,USDT/BRL,5.07206339,5.07988998,5.0665,5.07658916,20749.62655879,105337.32926240143
2023-10-23,Mercado Bitcoin,USDT,USDT/BRL,5.07658916,5.14938,5.01867977,5.04000001,227946.82680726,1148852.0093880587
2023-10-24,Mercado Bitcoin,USDT,USDT/BRL,5.04,5.09999999,4.92,5.02874355,624150.76201761,3138694.118723641
2023-10-25,Mercado Bitcoin,USDT,USDT/BRL,5.03,5.09034,4.95092,5.04871,77100.03236188,389255.7043857472
2023-10-26,Mercado Bitcoin,USDT,USDT/BRL,5.04704,5.05,4.95834,5.01853068,107959.54905854,541798.3091492481
2023-10-27,Mercado Bitcoin,USDT,USDT/BRL,5.02535684,5.05,4.96153,5.04030514,118718.24047416,598376.1576736647
2023-10-28,Mercado Bitcoin,USDT,USDT/BRL,5.04032185,5.05,5.01,5.04273904,29125.21772588,146870.8724747951
2023-10-29,Mercado Bitcoin,USDT,USDT/BRL,5.05,5.06784187,5.03902421,5.03905883,39862.04285636,200867.17903717927
2023-10-30,Mercado Bitcoin,USDT,USDT/BRL,5.03905883,5.08,5.00073745,5.06079815,109379.88846521,553549.537191941
2023-10-31,Mercado Bitcoin,USDT,USDT/BRL,5.06004999,5.1,5.02842036,5.06172948,31877.91738578,161357.39419260717
2023-11-01,Mercado Bitcoin,USDT,USDT/BRL,5.05279741,5.1,5.0004,5.0004,85712.99206601,428599.2455268764
2023-11-02,Mercado Bitcoin,USDT,USDT/BRL,5.00107,5.0599,4.99,4.99410366,61829.90406687,308784.95019780437
2023-11-03,Mercado Bitcoin,USDT,USDT/BRL,5.0011159,5.01363134,4.92,4.94332505,103027.73645735,509299.5904744165
2023-11-04,Mercado Bitcoin,USDT,USDT/BRL,4.94826838,4.98037997,4.94005,4.95203694,11755.14928707,58211.93350478531
2023-11-05,Mercado Bitcoin,USDT,USDT/BRL,4.94174003,5.03,4.9334,4.96195874,36439.89512472,180813.2560987878
2023-11-06,Mercado Bitcoin,USDT,USDT/BRL,4.94689495,5.00995,4.92,4.92497005,83927.81856943,413341.9928162766
2023-11-07,Mercado Bitcoin,USDT,USDT/BRL,4.92916112,4.95,4.90266077,4.91012231,71253.13188749,349861.5925381371
2023-11-08,Mercado Bitcoin,USDT,USDT/BRL,4.91025146,5.0,4.91,4.94377286,83238.65557101,411513.00631484704
2023-11-09,Mercado Bitcoin,USDT,USDT/BRL,4.94471994,4.99918,4.92432,4.97624741,131193.99117661,652853.7588001684
2023-11-10,Mercado Bitcoin,USDT,USDT/BRL,4.97815014,5.05,4.94,4.95446959,86859.26461158,430341.5851278363
2023-11-11,Mercado Bitcoin,USDT,USDT/BRL,4.95446959,5.01,4.9509,4.95441368,27548.97906747,136489.03876190702
2023-11-12,Mercado Bitcoin,USDT,USDT/BRL,4.96097361,4.98224996,4.95045,4.96650514,25217.4968695,125242.82782030565
2023-11-13,Mercado Bitcoin,USDT,USDT/BRL,4.96005001,5.04992,4.9504,4.9504,132182.35871459,654355.5485807064
2023-11-14,Mercado Bitcoin,USDT,USDT/BRL,4.9570197,4.96,4.85072,4.91457895,44430.05808385,218355.02820616655
2023-11-15,Mercado Bitcoin,USDT,USDT/BRL,4.91457879,4.95999,4.8347,4.91212963,77557.43495248,380972.17425687466
2023-11-16,Mercado Bitcoin,USDT,USDT/BRL,4.91212963,5.0,4.89356,4.91786378,204212.38654383,1004288.699211261
2023-11-17,Mercado Bitcoin,USDT,USDT/BRL,4.91437726,4.9527422,4.88969607,4.95,63570.77017564,314675.312369418
2023-11-18,Mercado Bitcoin,USDT,USDT/BRL,4.95,5.01,4.91016103,4.95199998,50104.88614758,248119.39520071846
2023-11-19,Mercado Bitcoin,USDT,USDT/BRL,4.952,4.96726343,4.94334997,4.94334997,5640.78961571,27884.39717759634
2023-11-20,Mercado Bitcoin,USDT,USDT/BRL,4.941,4.97633021,4.87011,4.89688733,103831.02652688,508448.8382603726
2023-11-21,Mercado Bitcoin,USDT,USDT/BRL,4.88985532,5.1499,4.88565294,4.94,131167.75249445,647968.697322583
2023-11-22,Mercado Bitcoin,USDT,USDT/BRL,4.95431761,5.2,4.90134957,4.98325,144587.24092485,720514.3683387587
2023-11-23,Mercado Bitcoin,USDT,USDT/BRL,4.98325,5.16854535,4.9105603,4.93311424,55592.80522315,274245.65908786765
2023-11-24,Mercado Bitcoin,USDT,USDT/BRL,4.9332619,5.17993681,4.9,4.94509229,93688.44213914,463297.9928843723
2023-11-25,Mercado Bitcoin,USDT,USDT/BRL,4.9437946,4.98241785,4.9005,4.94404393,85045.80580001,420470.19993749826
2023-11-26,Mercado Bitcoin,USDT,USDT/BRL,4.93754119,4.9575045,4.85025,4.95293126,116607.24700617,577547.6788394008
2023-11-27,Mercado Bitcoin,USDT,USDT/BRL,4.95292133,5.0,4.848,4.93613528,162624.75590185,802737.79500851
2023-11-28,Mercado Bitcoin,USDT,USDT/BRL,4.92956074,4.94311231,4.88783238,4.89583474,59949.9007043,293504.8065276624
2023-11-29,Mercado Bitcoin,USDT,USDT/BRL,4.895833,5.12,4.81012,4.92328786,227842.44679959,1121733.9523211173
2023-11-30,Mercado Bitcoin,USDT,USDT/BRL,4.93002999,5.082,4.85,4.95427879,122041.48860508,604627.5584961745
2023-12-01,Mercado Bitcoin,USDT,USDT/BRL,4.93328258,5.03920729,4.8765,4.92585644,83577.05026774,411688.5512975508
2023-12-02,Mercado Bitcoin,USDT,USDT/BRL,4.9404,4.9692,4.88000003,4.92933999,31510.25652506,155324.7675841367
2023-12-03,Mercado Bitcoin,USDT,USDT/BRL,4.91300019,4.99994166,4.90311,4.93956,32989.13346039,162951.80407560404
2023-12-04,Mercado Bitcoin,USDT,USDT/BRL,4.91155003,5.1,4.90061,4.97882217,124574.00201003,620231.803013162
2023-12-05,Mercado Bitcoin,USDT,USDT/BRL,4.97181949,4.99077,4.926,4.97,135794.10933028,674896.7233714917
2023-12-06,Mercado Bitcoin,USDT,USDT/BRL,4.97,4.97,4.90152,4.97,123204.45647929,612326.1487020713
2023-12-07,Mercado Bitcoin,USDT,USDT/BRL,4.92234586,4.99995457,4.90089398,4.92497045,73935.5792068,364130.5427971244
2023-12-08,Mercado Bitcoin,USDT,USDT/BRL,4.92387135,4.96999,4.7582,4.94,130678.10753624,645549.8512290256
2023-12-09,Mercado Bitcoin,USDT,USDT/BRL,4.95386329,4.97,4.91,4.96132,31050.9865509,154053.8805947112
2023-12-10,Mercado Bitcoin,USDT,USDT/BRL,4.97,5.01,4.95102,4.97315984,37865.07853545,188309.08791094593
2023-12-11,Mercado Bitcoin,USDT,USDT/BRL,4.97244673,5.09,4.9484003,5.04987,136807.87286063,690861.9729227098
2023-12-12,Mercado Bitcoin,USDT,USDT/BRL,5.04165997,5.11492,4.94621984,4.99855226,145668.9491527,728133.8549990536
2023-12-13,Mercado Bitcoin,USDT,USDT/BRL,4.99081727,5.1499,4.91714705,4.95611902,118008.33133102,584863.3354281301
2023-12-14,Mercado Bitcoin,USDT,USDT/BRL,4.96292761,5.00894683,4.91189066,4.94226239,65119.1815272,321836.0817294633
2023-12-15,Mercado Bitcoin,USDT,USDT/BRL,4.94190395,5.08498,4.9102,4.97190087,245372.33485247,1219966.9251269267
2023-12-16,Mercado Bitcoin,USDT,USDT/BRL,4.97178207,4.99757071,4.91,4.98335434,146813.0395841,731621.3979800165
2023-12-17,Mercado Bitcoin,USDT,USDT/BRL,4.98124433,5.05164,4.98,4.98514757,33984.10151048,169415.7610636027
2023-12-18,Mercado Bitcoin,USDT,USDT/BRL,4.99170619,5.04799,4.928,4.93144438,152723.46231556,753147.2599302102
2023-12-19,Mercado Bitcoin,USDT,USDT/BRL,4.93989467,5.04928,4.821,4.90313634,179038.1873732,877848.642757266
2023-12-20,Mercado Bitcoin,USDT,USDT/BRL,4.90290537,5.15,4.89116,4.95698896,141200.07315699,699927.2037903918
2023-12-21,Mercado Bitcoin,USDT,USDT/BRL,4.95698896,4.9939956,4.882,4.91731772,256977.62771808,1263640.642421678
2023-12-22,Mercado Bitcoin,USDT,USDT/BRL,4.91742626,4.934,4.88,4.91149998,152237.86132753,747716.2528654065
2023-12-23,Mercado Bitcoin,USDT,USDT/BRL,4.906,4.95,4.90023,4.91194103,26665.63075154,130980.00577931908
2023-12-24,Mercado Bitcoin,USDT,USDT/BRL,4.91266753,4.97812,4.91016562,4.933845,43552.28099919,214880.20384644857
2023-12-25,Mercado Bitcoin,USDT,USDT/BRL,4.92140492,4.97938,4.91121,4.93458844,29249.56173457,144334.54921047547
2023-12-26,Mercado Bitcoin,USDT,USDT/BRL,4.94,4.98,4.84596786,4.88323,211639.38521997,1033483.7950877141
2023-12-27,Mercado Bitcoin,USDT,USDT/BRL,4.88034998,4.94899997,4.79043262,4.8748101,100349.70469677,489185.7539878319
2023-12-28,Mercado Bitcoin,USDT,USDT/BRL,4.8731907,4.90939979,4.857,4.9,70760.32677469,346725.601195981
2023-12-29,Mercado Bitcoin,USDT,USDT/BRL,4.9,4.97938,4.88805,4.89111,97993.63142887,479297.63061806036
2023-12-30,Mercado Bitcoin,USDT,USDT/BRL,4.92,4.96899997,4.89141,4.92825307,33952.07772909,167324.43130126642
2023-12-31,Mercado Bitcoin,USDT,USDT/BRL,4.93525244,4.9999,4.91685865,4.95258459,49015.72536421,242754.52610645856
2024-01-01,Mercado Bitcoin,USDT,USDT/BRL,4.95303386,5.0,4.90611,4.92604657,55348.84399773,272650.98312848294
2024-01-02,Mercado Bitcoin,USDT,USDT/BRL,4.92602094,4.98989,4.9051,4.93671448,91270.00949314,450573.9774545217
2024-01-03,Mercado Bitcoin,USDT,USDT/BRL,4.94153652,5.04927369,4.92835,4.96360745,115353.05194961,572567.2680373212
2024-01-04,Mercado Bitcoin,USDT,USDT/BRL,4.9627,5.1,4.93291,5.02366997,190045.3276965,954725.0056877163
2024-01-05,Mercado Bitcoin,USDT,USDT/BRL,4.96142,5.0308,4.9002,4.93,76428.1166968,376790.615315224
2024-01-06,Mercado Bitcoin,USDT,USDT/BRL,4.9316,5.04,4.90131,4.92198827,41953.68096621,206495.52559900787
2024-01-07,Mercado Bitcoin,USDT,USDT/BRL,4.92328127,5.08144,4.91055002,4.93506865,10647.21479521,52544.73594565704
2024-01-08,Mercado Bitcoin,USDT,USDT/BRL,4.94113434,4.98,4.9001,4.9001,116468.13496084,570705.5081216121
2024-01-09,Mercado Bitcoin,USDT,USDT/BRL,4.9001,4.95,4.9,4.94,67720.19017055,334537.73944251705
2024-01-10,Mercado Bitcoin,USDT,USDT/BRL,4.94,5.09755,4.91001007,4.92418281,150474.36913546,740963.3018424266
2024-01-11,Mercado Bitcoin,USDT,USDT/BRL,4.92428127,4.96071831,4.46,4.91247264,149575.78138127,734786.9336421103
2024-01-12,Mercado Bitcoin,USDT,USDT/BRL,4.9025305,4.9498811,4.80012,4.90378024,134546.95498237,659788.6991947155
2024-01-13,Mercado Bitcoin,USDT,USDT/BRL,4.91,4.93858,4.90320487,4.91984065,26309.64649523,129439.26831436259
2024-01-14,Mercado Bitcoin,USDT,USDT/BRL,4.92480065,4.97287,4.87014283,4.92372608,76749.93568512,377895.659971148
2024-01-15,Mercado Bitcoin,USDT,USDT/BRL,4.91187002,4.96528028,4.8615,4.92000692,126947.80232458,624584.0659157257
2024-01-16,Mercado Bitcoin,USDT,USDT/BRL,4.91990282,4.97,4.91335913,4.96135637,71389.71997386,354189.84194482653
2024-01-17,Mercado Bitcoin,USDT,USDT/BRL,4.96095615,4.98992,4.94816379,4.96181366,67024.51586218,332563.15835985134
2024-01-18,Mercado Bitcoin,USDT,USDT/BRL,4.96005,4.98995,4.94055003,4.97499959,93295.9492489,464147.3092619383
2024-01-19,Mercado Bitcoin,USDT,USDT/BRL,4.9811211,4.98727941,4.92954378,4.96435606,78966.76763379,392019.1514414173
2024-01-20,Mercado Bitcoin,USDT,USDT/BRL,4.96307863,4.98870061,4.93397792,4.96999999,39692.67718498,197272.6052124238
2024-01-21,Mercado Bitcoin,USDT,USDT/BRL,4.96999999,4.98947804,4.96528286,4.97499659,33440.72009244,166367.46842703348
2024-01-22,Mercado Bitcoin,USDT,USDT/BRL,4.968475,5.04304,4.91449,5.01853547,269800.9260652,1354005.5172970537
2024-01-23,Mercado Bitcoin,USDT,USDT/BRL,5.02016289,5.15,4.97782116,5.0,109391.53842283,546957.6921141499
2024-01-24,Mercado Bitcoin,USDT,USDT/BRL,4.98749336,5.14,4.95,4.96920892,150050.42594031,745631.9150323878
2024-01-25,Mercado Bitcoin,USDT,USDT/BRL,4.96961242,5.06727,4.9360087,4.95843622,50294.62042207,249382.6675719436
2024-01-26,Mercado Bitcoin,USDT,USDT/BRL,4.95291638,4.98501,4.90014945,4.9470596,96992.70898141,479828.7120964906
2024-01-27,Mercado Bitcoin,USDT,USDT/BRL,4.94712118,5.03702,4.93356,4.96569,23572.80672671,117055.2506347566
2024-01-28,Mercado Bitcoin,USDT,USDT/BRL,4.96056926,4.99081,4.94351,4.95788982,25273.60508989,125303.74938986581
2024-01-29,Mercado Bitcoin,USDT,USDT/BRL,4.95911,5.1,4.93511,4.97,136240.41233212,677114.8492906364
2024-01-30,Mercado Bitcoin,USDT,USDT/BRL,4.96999997,5.01866327,4.95012,4.97741255,140115.03866263,697410.3518831098
2024-01-31,Mercado Bitcoin,USDT,USDT/BRL,4.98,5.01938,4.95013,4.98887796,80038.25790093,399301.1007987455
2024-02-01,Mercado Bitcoin,USDT,USDT/BRL,4.99331242,5.012,4.942,4.95300001,122854.00537177,608495.8898349169
2024-02-02,Mercado Bitcoin,USDT,USDT/BRL,4.95357749,5.0,4.94625,4.99286192,197433.90183547,985760.2101913362
2024-02-03,Mercado Bitcoin,USDT,USDT/BRL,4.99286191,5.02716459,4.9874,4.99312865,52219.59299194,260739.14585939483
2024-02-04,Mercado Bitcoin,USDT,USDT/BRL,5.00007735,5.05,4.98791,4.99895771,30363.47916016,151785.74825010617
2024-02-05,Mercado Bitcoin,USDT,USDT/BRL,5.00239062,5.12,4.99071,5.0050635,113952.24257309,570338.2100457188
2024-02-06,Mercado Bitcoin,USDT,USDT/BRL,5.01209152,5.11721165,4.9902,5.0073,106786.79742193,534713.53073083
2024-02-07,Mercado Bitcoin,USDT,USDT/BRL,5.00756958,5.12,4.99,4.99700789,142008.94694545,709619.8283370051
2024-02-08,Mercado Bitcoin,USDT,USDT/BRL,4.99914768,5.08,4.99,5.02894,65157.75821819,327674.4566137844
2024-02-09,Mercado Bitcoin,USDT,USDT/BRL,5.02203059,5.09932545,4.99,5.00200924,91881.43914188,459591.80757218134
2024-02-10,Mercado Bitcoin,USDT,USDT/BRL,4.9954102,5.06906,4.99,5.00959,21829.38037142,109356.24561486192
2024-02-11,Mercado Bitcoin,USDT,USDT/BRL,4.99132,5.0499,4.99,5.00773997,27306.94515966,136746.08073462744
2024-02-12,Mercado Bitcoin,USDT,USDT/BRL,4.99605,5.04,4.99,4.99729304,52543.70418653,262576.2872271652
2024-02-13,Mercado Bitcoin,USDT,USDT/BRL,4.99058319,5.02995,4.95,4.99039716,145464.87119191,725927.4800758734
2024-02-14,Mercado Bitcoin,USDT,USDT/BRL,4.9929116,5.08,4.96155904,5.00736918,109661.75538269,549116.894127981
2024-02-15,Mercado Bitcoin,USDT,USDT/BRL,5.0078115,5.02999,4.9917,5.02195909,147662.90252083,741557.0555702661
2024-02-16,Mercado Bitcoin,USDT,USDT/BRL,5.02199018,5.02998,5.00005,5.02203189,65419.96086595,328541.1297113529
2024-02-17,Mercado Bitcoin,USDT,USDT/BRL,5.02266762,5.02789999,4.95,5.01987696,78621.25237153,394669.0133461889
2024-02-18,Mercado Bitcoin,USDT,USDT/BRL,5.01304649,5.02691234,4.95001,5.01193726,105262.793631,527570.5174908995
2024-02-19,Mercado Bitcoin,USDT,USDT/BRL,5.01230518,5.02998,4.98431,5.01173528,254629.12832433,1276133.785738692
2024-02-20,Mercado Bitcoin,USDT,USDT/BRL,5.013,5.02991,4.95182,4.963,94072.94625583,466884.0322676843
2024-02-21,Mercado Bitcoin,USDT,USDT/BRL,4.97118758,5.0879,4.958,4.97660264,254070.28810793,1264406.866543485
2024-02-22,Mercado Bitcoin,USDT,USDT/BRL,4.99005031,5.01473318,4.96018122,5.0030686,107314.35475514,536901.0786047016
2024-02-23,Mercado Bitcoin,USDT,USDT/BRL,5.0030371,5.03841146,4.98881,5.03841146,105243.49244335,530260.018416998
2024-02-24,Mercado Bitcoin,USDT,USDT/BRL,5.02871234,5.0456,5.01375664,5.02338331,107033.06225389,537668.098544382
2024-02-25,Mercado Bitcoin,USDT,USDT/BRL,5.03,5.04193998,5.01086501,5.0324048,52679.8993208,265106.5782055107
2024-02-26,Mercado Bitcoin,USDT,USDT/BRL,5.03720279,5.04,4.97000007,5.00633112,331859.64347813,1661399.260616667
2024-02-27,Mercado Bitcoin,USDT,USDT/BRL,5.00065166,5.02000007,4.97000007,4.98,150011.5047413,747057.2936116741
2024-02-28,Mercado Bitcoin,USDT,USDT/BRL,4.97469068,5.01366852,4.9,5.00027723,278422.26287689,1392188.5013883875
2024-02-29,Mercado Bitcoin,USDT,USDT/BRL,5.00699,5.03,4.99,5.01731,218615.64990196,1096862.486409603
2024-03-01,Mercado Bitcoin,USDT,USDT/BRL,5.01647,5.02,4.89011,4.996,849569.74518425,4244450.446940513
2024-03-02,Mercado Bitcoin,USDT,USDT/BRL,5.0,5.02000007,5.0,5.01600277,87411.48695478,438456.26069499535
2024-03-03,Mercado Bitcoin,USDT,USDT/BRL,5.0198,5.03904579,5.0,5.02156428,114886.21897417,576908.5334649503
2024-03-04,Mercado Bitcoin,USDT,USDT/BRL,5.01916095,5.085,4.98000007,5.0011,374331.70398567,1872070.2848027344
2024-03-05,Mercado Bitcoin,USDT,USDT/BRL,5.00684,5.1,4.98,5.01622399,456609.98261891,2290457.9488864597
2024-03-06,Mercado Bitcoin,USDT,USDT/BRL,5.01471234,5.02000007,4.96111,4.98515835,295922.16265669,1475218.8401180562
2024-03-07,Mercado Bitcoin,USDT,USDT/BRL,4.99499666,5.01032333,4.9642,4.97705,164897.44736,820702.840383088
2024-03-08,Mercado Bitcoin,USDT,USDT/BRL,4.9954,5.04381932,4.97051,5.04,190266.94503568,958945.4029798271
2024-03-09,Mercado Bitcoin,USDT,USDT/BRL,5.04,5.07438,5.02299999,5.0302,109012.90751269,548356.7273703332
2024-03-10,Mercado Bitcoin,USDT,USDT/BRL,5.04985,5.26422,5.02004999,5.03885,125517.37420353,632463.2210054571
2024-03-11,Mercado Bitcoin,USDT,USDT/BRL,5.04945,5.1992,4.99,5.01374052,442466.45232052,2218411.980740039
2024-03-12,Mercado Bitcoin,USDT,USDT/BRL,5.01297155,5.05985989,4.99223,5.01807532,265109.01469439,1330337.003747436
2024-03-13,Mercado Bitcoin,USDT,USDT/BRL,5.01801738,5.095,5.0,5.02073393,265795.08450599,1334486.3992064411
2024-03-14,Mercado Bitcoin,USDT,USDT/BRL,5.02426,5.05583,5.0,5.04240825,340164.79645744,1715249.7760165664
2024-03-15,Mercado Bitcoin,USDT,USDT/BRL,5.03547275,5.14,5.01076006,5.04705198,577605.03229552,2915202.621905068
2024-03-16,Mercado Bitcoin,USDT,USDT/BRL,5.04689983,5.12917,5.03036,5.0474815,147768.69984378,745859.7787405323
2024-03-17,Mercado Bitcoin,USDT,USDT/BRL,5.04709,5.10554234,5.03612001,5.04944216,137800.48167805,695815.5618534533
2024-03-18,Mercado Bitcoin,USDT,USDT/BRL,5.04254142,5.09090421,5.0253,5.07744999,285046.79460024,1447310.8443925206
2024-03-19,Mercado Bitcoin,USDT,USDT/BRL,5.06481546,5.09899,5.04015708,5.0848,228701.03422817,1162899.018843399
2024-03-20,Mercado Bitcoin,USDT,USDT/BRL,5.08479998,5.09804781,5.01,5.02045197,221704.59234644,1113057.2574037316
2024-03-21,Mercado Bitcoin,USDT,USDT/BRL,5.02808,5.0299,4.99618,5.02701764,269822.40379663,1356401.983552862
2024-03-22,Mercado Bitcoin,USDT,USDT/BRL,5.0209,5.05989999,4.98298848,5.0533,302280.88056921,1527515.973780389
2024-03-23,Mercado Bitcoin,USDT,USDT/BRL,5.0533,5.05459,5.03421,5.04991499,60096.08810589,303480.13616629463
2024-03-24,Mercado Bitcoin,USDT,USDT/BRL,5.04380777,5.0698686,5.02541,5.04098384,83726.22079925,422062.5260332911
2024-03-25,Mercado Bitcoin,USDT,USDT/BRL,5.02811131,5.04901,4.90022,5.005,218714.13986267,1094664.2700126634
2024-03-26,Mercado Bitcoin,USDT,USDT/BRL,5.005,5.06866601,4.89010001,5.01164339,248817.94566989,1246986.8127298832
2024-03-27,Mercado Bitcoin,USDT,USDT/BRL,5.01312291,5.04927735,4.99929902,5.00898546,241796.41776831,1211154.7408815504
2024-03-28,Mercado Bitcoin,USDT,USDT/BRL,5.00964245,5.0999,4.96,5.03397887,269283.78616801,1355568.8896033606
2024-03-29,Mercado Bitcoin,USDT,USDT/BRL,5.04507401,5.1,5.02201234,5.05376823,134906.49705658,681786.1688451326
2024-03-30,Mercado Bitcoin,USDT,USDT/BRL,5.05530001,5.09933062,5.05,5.06572308,85910.61647709,435199.3927050231
2024-03-31,Mercado Bitcoin,USDT,USDT/BRL,5.07284434,5.09829,5.005,5.0676,141090.62142979,714990.8331576036
2024-04-01,Mercado Bitcoin,USDT,USDT/BRL,5.05188205,5.12,5.03534558,5.10053017,219436.75396512,1119243.7840059616
2024-04-02,Mercado Bitcoin,USDT,USDT/BRL,5.10053017,5.16,5.0779,5.10710182,331442.00936298,1692708.0892421321
2024-04-03,Mercado Bitcoin,USDT,USDT/BRL,5.10514611,5.1371,5.07161,5.0984781,370427.44040073,1888616.1925221772
2024-04-04,Mercado Bitcoin,USDT,USDT/BRL,5.09056448,5.10388,5.04469633,5.09146882,145411.92032386,740360.2583852574
2024-04-05,Mercado Bitcoin,USDT,USDT/BRL,5.08505,5.1104,5.05544838,5.10145103,210237.35461201,1072515.5692299136
2024-04-06,Mercado Bitcoin,USDT,USDT/BRL,5.10778563,5.11984929,5.08543207,5.1071,39908.07688353,203814.53945187604
2024-04-07,Mercado Bitcoin,USDT,USDT/BRL,5.11533959,5.1169,5.08329488,5.115,23596.85441747,120697.91034535905
2024-04-08,Mercado Bitcoin,USDT,USDT/BRL,5.10748652,5.11681234,5.04841,5.06124997,182581.28946147,924089.5458094265
2024-04-09,Mercado Bitcoin,USDT,USDT/BRL,5.06819,5.09793,5.03126942,5.04539741,105977.5907452,534699.061863872
2024-04-10,Mercado Bitcoin,USDT,USDT/BRL,5.05,5.119,5.03528277,5.08365019,205462.79505632,1044500.9771259923
2024-04-11,Mercado Bitcoin,USDT,USDT/BRL,5.08365019,5.14513825,5.06041,5.11079997,131621.88113414,672693.1061517064
2024-04-12,Mercado Bitcoin,USDT,USDT/BRL,5.105,5.2,5.05012,5.1849592,313369.47521947,1624807.9435383629
2024-04-13,Mercado Bitcoin,USDT,USDT/BRL,5.17550516,5.49,5.1552,5.32000997,411940.21242551,2191526.037147631
2024-04-14,Mercado Bitcoin,USDT,USDT/BRL,5.31890997,5.49984994,5.24,5.25115,111010.10090752,582930.6913805236
2024-04-15,Mercado Bitcoin,USDT,USDT/BRL,5.25111,5.35,5.17,5.24,302749.17084357,1586405.655220307
2024-04-16,Mercado Bitcoin,USDT,USDT/BRL,5.24741235,5.6399,5.23499775,5.30423653,301086.92208918,1597036.2508506924
2024-04-17,Mercado Bitcoin,USDT,USDT/BRL,5.30423654,5.33,5.24350535,5.27230229,196039.2488304,1033578.1805383977
2024-04-18,Mercado Bitcoin,USDT,USDT/BRL,5.27886236,5.30937,5.2640879,5.30276999,187691.92840769,995287.1253255269
2024-04-19,Mercado Bitcoin,USDT,USDT/BRL,5.29675322,5.49,5.21055749,5.25174999,410788.47894222,2157358.3901769193
2024-04-20,Mercado Bitcoin,USDT,USDT/BRL,5.28913999,5.28913999,5.236,5.26,56835.42273187,298954.3235696362
2024-04-21,Mercado Bitcoin,USDT,USDT/BRL,5.2599999,5.27,5.22071,5.24000003,62483.52432324,327413.66932828334
2024-04-22,Mercado Bitcoin,USDT,USDT/BRL,5.26667997,5.26938,5.15551,5.20375,301736.44282768,1570161.0143645396
2024-04-23,Mercado Bitcoin,USDT,USDT/BRL,5.19394001,5.22593197,5.05,5.16988,222921.17700653,1152475.7345825194
2024-04-24,Mercado Bitcoin,USDT,USDT/BRL,5.15425,5.20774,5.1508,5.19191997,163480.8267418,848779.3690728614
2024-04-25,Mercado Bitcoin,USDT,USDT/BRL,5.19214997,5.21766995,5.15266004,5.20326996,109184.66722763,568117.2990781236
2024-04-26,Mercado Bitcoin,USDT,USDT/BRL,5.2005,5.20537284,5.13413,5.1496413,130509.09198752,672075.010124432
2024-04-27,Mercado Bitcoin,USDT,USDT/BRL,5.15356127,5.17075065,5.14432,5.14916006,130567.64990242,672313.728005604
2024-04-28,Mercado Bitcoin,USDT,USDT/BRL,5.16546167,5.16798,5.14271,5.16415896,31756.40240905,163995.11003806113
2024-04-29,Mercado Bitcoin,USDT,USDT/BRL,5.16405893,5.16940591,5.13335,5.16911326,157487.05675538,814068.4333526073
2024-04-30,Mercado Bitcoin,USDT,USDT/BRL,5.14200003,5.249841,5.13401526,5.24221,335263.91067502,1757523.8251796968
2024-05-01,Mercado Bitcoin,USDT,USDT/BRL,5.24122,5.24699906,5.16063,5.22217023,136713.1803408,713939.500424347
2024-05-02,Mercado Bitcoin,USDT,USDT/BRL,5.21679872,5.23160997,5.1,5.15684204,170871.47735866,881157.217880046
2024-05-03,Mercado Bitcoin,USDT,USDT/BRL,5.15859,5.15995,4.9996,5.11854592,270050.91480606,1382268.0081728261
2024-05-04,Mercado Bitcoin,USDT,USDT/BRL,5.1155,5.12651,5.01011,5.1222,109489.01507315,560824.633007689
2024-05-05,Mercado Bitcoin,USDT,USDT/BRL,5.12,5.12611234,5.101,5.101,51086.33107546,260591.37481592147
2024-05-06,Mercado Bitcoin,USDT,USDT/BRL,5.12,5.1329,5.06761,5.11187995,210101.36316377,1074012.9458245444
2024-05-07,Mercado Bitcoin,USDT,USDT/BRL,5.09,5.13480146,5.03,5.132188,197211.75750084,1012127.8153047211
2024-05-08,Mercado Bitcoin,USDT,USDT/BRL,5.12642757,5.13999,5.06,5.13906997,108614.53629159,558177.7017615854
2024-05-09,Mercado Bitcoin,USDT,USDT/BRL,5.13907,5.21509,5.11060263,5.16879997,118885.6842305,614496.3210840379
2024-05-10,Mercado Bitcoin,USDT,USDT/BRL,5.16819997,5.20999,5.117,5.20567997,191793.2552583,998414.3072792295
2024-05-11,Mercado Bitcoin,USDT,USDT/BRL,5.18030003,5.20976997,5.18030003,5.19104634,35979.63142336,186771.9340147819
2024-05-12,Mercado Bitcoin,USDT,USDT/BRL,5.19104634,5.21,5.18021,5.20873998,40384.27415379,210351.18334812662
2024-05-13,Mercado Bitcoin,USDT,USDT/BRL,5.19004685,5.20979385,5.14,5.14651237,178413.85982071,918209.13654673
2024-05-14,Mercado Bitcoin,USDT,USDT/BRL,5.18941234,5.18998,5.13325,5.15700003,136585.93954472,704373.6943296992
2024-05-15,Mercado Bitcoin,USDT,USDT/BRL,5.15700003,5.18637721,5.0904,5.13,200060.93110321,1026312.5765594672
2024-05-16,Mercado Bitcoin,USDT,USDT/BRL,5.1499,5.17655354,5.10221234,5.14996,134945.36444707,694963.2290878326
2024-05-17,Mercado Bitcoin,USDT,USDT/BRL,5.14996,5.17357997,5.10661,5.14358,132234.04170418,680156.3722287862
2024-05-18,Mercado Bitcoin,USDT,USDT/BRL,5.14369,5.17,5.12,5.14881,72005.04187865,370740.2796752119
2024-05-19,Mercado Bitcoin,USDT,USDT/BRL,5.13736136,5.16358226,5.12399595,5.13600003,44392.41186613,227999.42867621605
2024-05-20,Mercado Bitcoin,USDT,USDT/BRL,5.15641235,5.16891235,5.05,5.0968,519866.57590232,2649655.9640589445
2024-05-21,Mercado Bitcoin,USDT,USDT/BRL,5.0979,5.13941235,5.01,5.11791558,259707.99278161,1329163.5825075293
2024-05-22,Mercado Bitcoin,USDT,USDT/BRL,5.11691628,5.17991235,5.08011235,5.16573312,368020.26130626,1901094.4526608016
2024-05-23,Mercado Bitcoin,USDT,USDT/BRL,5.16573312,5.21895377,5.09,5.17585916,463158.63547679,2397243.8659656444
2024-05-24,Mercado Bitcoin,USDT,USDT/BRL,5.1767339,5.21,5.1607,5.1955,222005.84854893,1153431.3861359658
2024-05-25,Mercado Bitcoin,USDT,USDT/BRL,5.19561235,5.20941235,5.18,5.19808521,43248.03629664,224806.97783510757
2024-05-26,Mercado Bitcoin,USDT,USDT/BRL,5.19823138,5.20161235,5.14022,5.19496025,58259.06769075,302653.54085550556
2024-05-27,Mercado Bitcoin,USDT,USDT/BRL,5.19905558,5.2193239,5.13012,5.19531234,278898.04976996,1448962.4795718074
2024-05-28,Mercado Bitcoin,USDT,USDT/BRL,5.19531234,5.21154273,5.15657449,5.19568,157980.54804668,820816.3738751743
2024-05-29,Mercado Bitcoin,USDT,USDT/BRL,5.1960299,5.24,5.1784581,5.23641235,179152.27233226,938115.1713712097
2024-05-30,Mercado Bitcoin,USDT,USDT/BRL,5.2366,5.24,5.221,5.237,106998.46768122,560350.9752465492
2024-05-31,Mercado Bitcoin,USDT,USDT/BRL,5.23556232,5.28875014,5.221,5.26155029,315023.40021646,1657511.462765701
2024-06-01,Mercado Bitcoin,USDT,USDT/BRL,5.27721235,5.28225821,5.2311001,5.27599997,53578.50461893,282680.1887621195
2024-06-02,Mercado Bitcoin,USDT,USDT/BRL,5.26510003,5.29854733,5.26,5.28999004,55366.50899879,292888.28115316946
2024-06-03,Mercado Bitcoin,USDT,USDT/BRL,5.28999004,5.29,5.2,5.2490001,363921.54569667,1910224.2297539755
2024-06-04,Mercado Bitcoin,USDT,USDT/BRL,5.24941211,5.30281,5.24026875,5.2821,237767.78256295,1255913.204275758
2024-06-05,Mercado Bitcoin,USDT,USDT/BRL,5.2814,5.313,5.2463,5.30081235,385654.9556662,2044284.5518340957
2024-06-06,Mercado Bitcoin,USDT,USDT/BRL,5.30006554,5.30877,5.26411235,5.28410408,154516.11960767,816479.258044657
2024-06-07,Mercado Bitcoin,USDT,USDT/BRL,5.28510315,5.39585603,5.2728,5.38995,260514.5984982,1404160.660175373
2024-06-08,Mercado Bitcoin,USDT,USDT/BRL,5.38995,5.4999,5.32429,5.39194912,207650.79301927,1119642.510687555
2024-06-09,Mercado Bitcoin,USDT,USDT/BRL,5.3918735,5.4183,5.38,5.40000001,66513.77889978,359174.40672394977
2024-06-10,Mercado Bitcoin,USDT,USDT/BRL,5.3904779,5.408,5.35160113,5.38216951,335108.20574295,1803609.1675005124
2024-06-11,Mercado Bitcoin,USDT,USDT/BRL,5.37940845,5.41016771,5.37097098,5.407679,259942.0651784,1405683.2470818649
2024-06-12,Mercado Bitcoin,USDT,USDT/BRL,5.40372141,5.4419,5.36516222,5.42368897,167762.58259993,909892.0688259542
2024-06-13,Mercado Bitcoin,USDT,USDT/BRL,5.42669485,5.45522037,5.3816,5.41232954,310581.7703746,1680970.8903839446
2024-06-14,Mercado Bitcoin,USDT,USDT/BRL,5.41228654,5.43,5.381,5.428423,169125.9012511,918086.9322472002
2024-06-15,Mercado Bitcoin,USDT,USDT/BRL,5.42,5.43,5.4165,5.41791057,69383.96255182,375916.1040979898
2024-06-16,Mercado Bitcoin,USDT,USDT/BRL,5.428,5.43398,5.4165,5.425,75916.73438609,411848.2840445382
2024-06-17,Mercado Bitcoin,USDT,USDT/BRL,5.4275,5.46561226,5.418,5.44606768,181272.65102779,987223.1260303659
2024-06-18,Mercado Bitcoin,USDT,USDT/BRL,5.4486,5.48921214,5.4,5.47,340242.35483929,1861125.6809709163
2024-06-19,Mercado Bitcoin,USDT,USDT/BRL,5.47201724,5.50950399,5.4569,5.48303398,175463.00760444,962069.6329281429
2024-06-20,Mercado Bitcoin,USDT,USDT/BRL,5.47452034,5.50659746,5.42000157,5.48356257,284398.41265008,1559516.4905753932
2024-06-21,Mercado Bitcoin,USDT,USDT/BRL,5.48,5.49201757,5.44,5.46834594,198006.33814227,1082767.1552745493
2024-06-22,Mercado Bitcoin,USDT,USDT/BRL,5.4682,5.47847299,5.4586,5.4784,38217.16034162,209368.891215531
2024-06-23,Mercado Bitcoin,USDT,USDT/BRL,5.47842208,5.48919995,5.471,5.48548,61846.18081101,339255.98791517917
2024-06-24,Mercado Bitcoin,USDT,USDT/BRL,5.48547999,5.4876,5.39070001,5.4442,331153.94838306,1802868.3257870553
2024-06-25,Mercado Bitcoin,USDT,USDT/BRL,5.4374756,5.49792997,5.3463,5.48305854,507969.08702403,2785224.2406631107
2024-06-26,Mercado Bitcoin,USDT,USDT/BRL,5.49168999,5.54,5.47858994,5.5240001,141003.76599172,778904.8174386378
2024-06-27,Mercado Bitcoin,USDT,USDT/BRL,5.5240001,5.54989965,5.4,5.51863965,203074.38031169,1120694.3270872717
2024-06-28,Mercado Bitcoin,USDT,USDT/BRL,5.52181997,5.62798482,5.435401,5.623,459935.51767424,2586217.4158822517
2024-06-29,Mercado Bitcoin,USDT,USDT/BRL,5.62671169,5.62999,5.5829,5.62746224,63505.12080433,357372.6693730055
2024-06-30,Mercado Bitcoin,USDT,USDT/BRL,5.6280023,5.63,5.56596,5.62378001,47721.75912678,268376.67501922045
2024-07-01,Mercado Bitcoin,USDT,USDT/BRL,5.61772247,5.65570001,5.51778002,5.61924059,516450.29616191,2902058.466910526
2024-07-02,Mercado Bitcoin,USDT,USDT/BRL,5.62727188,5.72549223,5.62027873,5.68917796,401928.83668196,2286644.6791394465
2024-07-03,Mercado Bitcoin,USDT,USDT/BRL,5.69186,5.72964635,5.55865585,5.60401,292519.0437832,1639279.6465514903
2024-07-04,Mercado Bitcoin,USDT,USDT/BRL,5.60225,5.61407216,5.4826,5.55107675,372338.74115479,2066880.9291486228
2024-07-05,Mercado Bitcoin,USDT,USDT/BRL,5.545,5.82,5.48405962,5.51731908,712152.84830624,3929174.497836364
2024-07-06,Mercado Bitcoin,USDT,USDT/BRL,5.51536042,5.63015,5.50106,5.5214969,74342.98852483,410484.5806765844
2024-07-07,Mercado Bitcoin,USDT,USDT/BRL,5.52518177,5.61799999,5.50321006,5.52164336,62245.28622739,343696.27138876746
2024-07-08,Mercado Bitcoin,USDT,USDT/BRL,5.51434145,5.559,5.4841,5.5059,418755.87573819,2305627.9762269002
2024-07-09,Mercado Bitcoin,USDT,USDT/BRL,5.50660001,5.52940537,5.436191,5.46728747,136327.17223604,745339.8405866333
2024-07-10,Mercado Bitcoin,USDT,USDT/BRL,5.45920008,5.54943718,5.40249832,5.4583058,203846.00479231,1112653.8302646934
2024-07-11,Mercado Bitcoin,USDT,USDT/BRL,5.4500007,5.55,5.40254832,5.47857479,174791.9409729,957610.721309298
2024-07-12,Mercado Bitcoin,USDT,USDT/BRL,5.47844379,5.5079544,5.44930329,5.46032948,169944.88177101,927955.0479093606
2024-07-13,Mercado Bitcoin,USDT,USDT/BRL,5.45755015,5.47995,5.45013001,5.46142847,85955.50150953,469439.82309727516
2024-07-14,Mercado Bitcoin,USDT,USDT/BRL,5.46724969,5.55,5.4371,5.46875378,66280.90293136,362473.9384476881
2024-07-15,Mercado Bitcoin,USDT,USDT/BRL,5.47328475,5.49472869,5.45,5.45237658,234983.95577737,1281221.0171562878
2024-07-16,Mercado Bitcoin,USDT,USDT/BRL,5.46118236,5.47626999,5.3528,5.4413752,192711.74747262,1048616.9234461773
2024-07-17,Mercado Bitcoin,USDT,USDT/BRL,5.44999978,5.51589,5.42690001,5.49324371,159345.41409691,875323.1937051963
2024-07-18,Mercado Bitcoin,USDT,USDT/BRL,5.49324371,5.59549932,5.46993003,5.55647753,213054.65256085,1183833.3896163201
2024-07-19,Mercado Bitcoin,USDT,USDT/BRL,5.55749931,5.5999535,5.51282,5.5738054,113798.17148863,634288.862753452
2024-07-20,Mercado Bitcoin,USDT,USDT/BRL,5.57803195,5.61452999,5.51360001,5.6,113370.17781066,634872.995739696
2024-07-21,Mercado Bitcoin,USDT,USDT/BRL,5.57326,5.64527231,5.48468,5.53621,133078.50248807,736750.536259478
2024-07-22,Mercado Bitcoin,USDT,USDT/BRL,5.57710998,5.6899999,5.51501,5.58309957,255309.70023629,1425419.4776060595
2024-07-23,Mercado Bitcoin,USDT,USDT/BRL,5.58,5.64804876,5.56027001,5.59399,326183.07153118,1824664.8403147056
2024-07-24,Mercado Bitcoin,USDT,USDT/BRL,5.59425,5.8,5.591,5.67593572,354038.41508732,2009499.2864463066
2024-07-25,Mercado Bitcoin,USDT,USDT/BRL,5.67916111,5.72852775,5.64093722,5.67198873,336175.39342949,1906783.0428353832
2024-07-26,Mercado Bitcoin,USDT,USDT/BRL,5.67178744,5.78045635,5.62036,5.68,262069.78182379,1488556.3607591272
2024-07-27,Mercado Bitcoin,USDT,USDT/BRL,5.67652437,5.70845949,5.66031,5.68759913,44491.74741328,253051.22387995105
2024-07-28,Mercado Bitcoin,USDT,USDT/BRL,5.68045,5.70687,5.67131,5.70289917,56672.39175438,323196.93589796853
2024-07-29,Mercado Bitcoin,USDT,USDT/BRL,5.70289917,5.77674093,5.59163,5.64889928,312815.08311735,1767060.8977947386
2024-07-30,Mercado Bitcoin,USDT,USDT/BRL,5.64889928,5.68443998,5.63240002,5.65759926,111854.57082514,632828.3371279297
2024-07-31,Mercado Bitcoin,USDT,USDT/BRL,5.65759926,5.8,5.59441,5.72935,203592.54646278,1166452.9560765286
2024-08-01,Mercado Bitcoin,USDT,USDT/BRL,5.69154,5.78265165,5.6661,5.75805,360742.18668226,2077171.5480257873
2024-08-02,Mercado Bitcoin,USDT,USDT/BRL,5.75775,5.79181774,5.695,5.76866486,285234.63199848,1645422.9984646633
2024-08-03,Mercado Bitcoin,USDT,USDT/BRL,5.77349909,5.79423796,5.69751,5.78059959,90044.014748,520508.3947342427
2024-08-04,Mercado Bitcoin,USDT,USDT/BRL,5.78505195,5.85323,5.70364,5.82349928,179920.03244604,1047764.1794070905
2024-08-05,Mercado Bitcoin,USDT,USDT/BRL,5.82199929,6.16967896,5.69051,5.7767295,1671828.30776697,9657699.904412534
2024-08-06,Mercado Bitcoin,USDT,USDT/BRL,5.77642948,5.79969999,5.60524,5.70460852,552872.51786935,3153921.2759113465
2024-08-07,Mercado Bitcoin,USDT,USDT/BRL,5.70474254,5.72262985,5.6201,5.65913,682159.07785203,3860426.902244759
2024-08-08,Mercado Bitcoin,USDT,USDT/BRL,5.66413475,5.68997122,5.5721,5.579,658768.47982838,3675269.348962532
2024-08-09,Mercado Bitcoin,USDT,USDT/BRL,5.57900001,5.63614027,5.5,5.56785,390298.27079654,2173122.2270545154
2024-08-10,Mercado Bitcoin,USDT,USDT/BRL,5.56628978,5.59349153,5.5451,5.55736951,124949.06147908,694388.1045669547
2024-08-11,Mercado Bitcoin,USDT,USDT/BRL,5.55348071,5.61890779,5.55,5.56466305,26180.59673845,145686.19929740322
2024-08-12,Mercado Bitcoin,USDT,USDT/BRL,5.56467797,5.66,5.40012,5.50943412,751457.42863774,4140105.1970642298
2024-08-13,Mercado Bitcoin,USDT,USDT/BRL,5.51193002,5.52499999,5.41012,5.4803,833335.66077604,4566929.421750932
2024-08-14,Mercado Bitcoin,USDT,USDT/BRL,5.4803,5.58486,5.4108,5.48769516,841977.18733719,4620514.135780712
2024-08-15,Mercado Bitcoin,USDT,USDT/BRL,5.49113343,5.52959988,5.39778,5.52,697956.28484248,3852718.692330489
2024-08-16,Mercado Bitcoin,USDT,USDT/BRL,5.5189,5.55088919,5.4201,5.48530001,619218.21222453,3396597.6657073963
2024-08-17,Mercado Bitcoin,USDT,USDT/BRL,5.48490002,5.57520223,5.4634581,5.50293101,48114.95573501,264773.2819589639
2024-08-18,Mercado Bitcoin,USDT,USDT/BRL,5.50640729,5.519,5.46989784,5.51547154,39164.25146207,216009.31432445048
2024-08-19,Mercado Bitcoin,USDT,USDT/BRL,5.51263176,5.53683983,5.3906,5.42119176,903398.83721845,4897498.332322243
2024-08-20,Mercado Bitcoin,USDT,USDT/BRL,5.42400551,5.51769999,5.27,5.49006984,485957.9051331,2667942.8384808134
2024-08-21,Mercado Bitcoin,USDT,USDT/BRL,5.50619999,5.52733987,5.40716002,5.48441923,570336.37960833,3127963.807892505
2024-08-22,Mercado Bitcoin,USDT,USDT/BRL,5.48818272,5.63535406,5.47472001,5.59904885,363724.21714425,2036509.6597186632
2024-08-23,Mercado Bitcoin,USDT,USDT/BRL,5.59940333,5.66938,5.47,5.49981763,1154524.95111115,6349676.680395991
2024-08-24,Mercado Bitcoin,USDT,USDT/BRL,5.49977843,5.61642,5.49500001,5.5207642,299694.23470559,1654541.201909019
2024-08-25,Mercado Bitcoin,USDT,USDT/BRL,5.5207642,5.57615,5.515,5.52786378,154067.81220421,851665.8787474944
2024-08-26,Mercado Bitcoin,USDT,USDT/BRL,5.52786377,5.53527999,5.4606,5.50730001,1438369.10234004,7921530.171700994
2024-08-27,Mercado Bitcoin,USDT,USDT/BRL,5.5069123,5.57431655,5.4118,5.54734495,1294462.11035836,7180827.850862792
2024-08-28,Mercado Bitcoin,USDT,USDT/BRL,5.54736014,5.59649998,5.4371,5.5897,966373.94671785,5401740.449968766
2024-08-29,Mercado Bitcoin,USDT,USDT/BRL,5.59,5.67664996,5.54294,5.64788427,780462.67620803,4407962.872277436
2024-08-30,Mercado Bitcoin,USDT,USDT/BRL,5.64995767,5.7036,5.57273,5.64910001,451957.08285684,2553150.7612861455
2024-08-31,Mercado Bitcoin,USDT,USDT/BRL,5.6582,5.7164499,5.6418,5.65480003,125978.8711787,712385.3245206788
2024-09-01,Mercado Bitcoin,USDT,USDT/BRL,5.65320003,5.7045,5.6503,5.68645038,113770.88515201,646952.4931055836
2024-09-02,Mercado Bitcoin,USDT,USDT/BRL,5.68650038,5.7081,5.62182448,5.65995,409477.0205227,2317619.462307456
2024-09-03,Mercado Bitcoin,USDT,USDT/BRL,5.65490002,5.67965,5.5,5.6796,964166.47356631,5476079.903267214
2024-09-04,Mercado Bitcoin,USDT,USDT/BRL,5.67025,5.75,5.56837,5.66158437,1117829.23448961,6328684.522315441
2024-09-05,Mercado Bitcoin,USDT,USDT/BRL,5.66158415,5.683,5.381,5.60490001,1448823.47837014,8120510.728405032
2024-09-06,Mercado Bitcoin,USDT,USDT/BRL,5.60490001,5.6869,5.5608,5.66152386,730298.73638009,4134603.7209437294
2024-09-07,Mercado Bitcoin,USDT,USDT/BRL,5.6571808,5.67966,5.63561001,5.66255969,362557.38552448,2053002.83658271
2024-09-08,Mercado Bitcoin,USDT,USDT/BRL,5.65838984,5.66894,5.63791,5.64839995,115799.17467486,654080.0524435205
2024-09-09,Mercado Bitcoin,USDT,USDT/BRL,5.64599334,5.66148,5.56,5.61127991,1609479.88887296,9031242.165981872
2024-09-10,Mercado Bitcoin,USDT,USDT/BRL,5.61047987,5.68699999,5.57065005,5.67083848,823333.96263162,4668993.917182272
2024-09-11,Mercado Bitcoin,USDT,USDT/BRL,5.67083848,5.68699977,5.530497,5.67392971,926764.86557324,5258398.704960163
2024-09-12,Mercado Bitcoin,USDT,USDT/BRL,5.67392883,5.68699999,5.56,5.65554031,717974.2542387,4060532.3363891565
2024-09-13,Mercado Bitcoin,USDT,USDT/BRL,5.64744657,5.6579099,5.466,5.59502439,1717817.93048445,9611233.218639823
2024-09-14,Mercado Bitcoin,USDT,USDT/BRL,5.59000012,5.6090895,5.57561362,5.59,143512.53995753,802235.0983625927
2024-09-15,Mercado Bitcoin,USDT,USDT/BRL,5.59,5.61719554,5.54995,5.60786252,177309.97379309,994329.9564564517
2024-09-16,Mercado Bitcoin,USDT,USDT/BRL,5.60083333,5.60959997,5.46170003,5.54318977,1396022.2254383,7738416.118742218
2024-09-17,Mercado Bitcoin,USDT,USDT/BRL,5.54520999,5.57879512,5.42132,5.491,1095723.62218607,6016618.409423711
2024-09-18,Mercado Bitcoin,USDT,USDT/BRL,5.4965526,5.52321998,5.3645375,5.48,1582494.27440257,8672068.623726085
2024-09-19,Mercado Bitcoin,USDT,USDT/BRL,5.48002,5.53821455,5.3600975,5.43133775,753693.29108615,4093562.823797945
2024-09-20,Mercado Bitcoin,USDT,USDT/BRL,5.43133775,5.54,5.39131,5.48133603,767871.60028882,4208962.269076867
2024-09-21,Mercado Bitcoin,USDT,USDT/BRL,5.48748525,5.53133983,5.46162005,5.50313,269129.85931237,1481056.6026776826
2024-09-22,Mercado Bitcoin,USDT,USDT/BRL,5.50829003,5.55756,5.50376001,5.52505529,176373.51654733,974473.4306157281
2024-09-23,Mercado Bitcoin,USDT,USDT/BRL,5.52505507,5.5956396,5.43,5.52209371,954539.1311368,5271054.531999389
2024-09-24,Mercado Bitcoin,USDT,USDT/BRL,5.51864216,5.53336603,5.43415,5.45300764,1431152.16489534,7804083.6891768295
2024-09-25,Mercado Bitcoin,USDT,USDT/BRL,5.45328096,5.51070996,5.39012,5.50267248,985688.78569345,5423922.554879965
2024-09-26,Mercado Bitcoin,USDT,USDT/BRL,5.49796985,5.52776712,5.41850001,5.44948814,850893.99431459,4636936.730414585
2024-09-27,Mercado Bitcoin,USDT,USDT/BRL,5.44123002,5.47456,5.4100975,5.44999856,820847.45723245,4473617.459896514
2024-09-28,Mercado Bitcoin,USDT,USDT/BRL,5.44775918,5.48256999,5.44311001,5.46223399,225910.57352558,1233976.413411817
2024-09-29,Mercado Bitcoin,USDT,USDT/BRL,5.46865317,5.48299126,5.45000001,5.46885,128025.71128982,700153.4111873321
2024-09-30,Mercado Bitcoin,USDT,USDT/BRL,5.47553381,5.49,5.0,5.45461932,1706595.54158951,9308829.012580004
2024-10-01,Mercado Bitcoin,USDT,USDT/BRL,5.45491911,5.49425997,5.38,5.46164996,945556.21336093,5164297.054880475
2024-10-02,Mercado Bitcoin,USDT,USDT/BRL,5.45000012,5.48692191,5.386331,5.47671652,1428758.4283851,7824904.887825915
2024-10-03,Mercado Bitcoin,USDT,USDT/BRL,5.47377367,5.51965999,5.3156,5.49538858,1554759.96996193,8544010.183569934
2024-10-04,Mercado Bitcoin,USDT,USDT/BRL,5.49094598,5.52869999,5.3671,5.4868967,1368129.61505041,7506785.869992364
2024-10-05,Mercado Bitcoin,USDT,USDT/BRL,5.48583123,5.5,5.47726912,5.49832177,234435.28572453,1289000.6351553537
2024-10-06,Mercado Bitcoin,USDT,USDT/BRL,5.49999945,5.51,5.49165004,5.50316926,114641.4812096,630891.4753135383
2024-10-07,Mercado Bitcoin,USDT,USDT/BRL,5.49981991,5.51905999,5.35,5.50392926,1512646.71856953,8325500.534377821
2024-10-08,Mercado Bitcoin,USDT,USDT/BRL,5.49705004,5.54999998,5.48210001,5.53332017,737620.86637779,4081492.4177411
2024-10-09,Mercado Bitcoin,USDT,USDT/BRL,5.53333001,5.6297,5.53333001,5.6197,674655.1789559,3791359.7091784715
2024-10-10,Mercado Bitcoin,USDT,USDT/BRL,5.61590036,5.62,5.50032,5.59391176,2210957.91639876,12367903.48940812
2024-10-11,Mercado Bitcoin,USDT,USDT/BRL,5.59481195,5.6594,5.5565,5.60528001,648334.49449482,3634096.38178527
2024-10-12,Mercado Bitcoin,USDT,USDT/BRL,5.60601001,5.64786998,5.60127372,5.63481384,216037.36633709,1217330.3417933849
2024-10-13,Mercado Bitcoin,USDT,USDT/BRL,5.63390864,5.65644864,5.63000002,5.65208464,87186.30526771,492784.3768219748
2024-10-14,Mercado Bitcoin,USDT,USDT/BRL,5.65351408,5.66046746,5.5801,5.5978434,805342.36459156,4508180.440369258
2024-10-15,Mercado Bitcoin,USDT,USDT/BRL,5.59422749,5.66895,5.5741,5.65124625,578641.14075839,3270043.576806573
2024-10-16,Mercado Bitcoin,USDT,USDT/BRL,5.64730007,5.68569995,5.6131997,5.67689414,583096.85182631,3310179.1011852277
2024-10-17,Mercado Bitcoin,USDT,USDT/BRL,5.67052709,5.7,5.62506,5.67023926,575164.42812522,3261319.9213110707
2024-10-18,Mercado Bitcoin,USDT,USDT/BRL,5.67000012,5.71692,5.46,5.69840003,917025.93713036,5225580.627654422
2024-10-19,Mercado Bitcoin,USDT,USDT/BRL,5.69910001,5.72999999,5.69294,5.72909995,192032.78321591,1100175.0087206308
2024-10-20,Mercado Bitcoin,USDT,USDT/BRL,5.72265269,5.73999999,5.71000001,5.71630041,309441.23348832,1768859.0498601894
2024-10-21,Mercado Bitcoin,USDT,USDT/BRL,5.71630069,5.74492999,5.6572299,5.71440616,2118775.42240575,12107543.32545202
2024-10-22,Mercado Bitcoin,USDT,USDT/BRL,5.71500606,5.73634995,5.66,5.70963252,1599600.66590829,9133131.98108363
2024-10-23,Mercado Bitcoin,USDT,USDT/BRL,5.70993248,5.73891996,5.6865396,5.71528986,743421.51190552,4248869.428699488
2024-10-24,Mercado Bitcoin,USDT,USDT/BRL,5.7106735,5.72999999,5.67,5.69082722,842167.13831908,4792627.674535725
2024-10-25,Mercado Bitcoin,USDT,USDT/BRL,5.68500002,5.75930686,5.67061,5.74839289,1159154.05784485,6663272.944529984
2024-10-26,Mercado Bitcoin,USDT,USDT/BRL,5.7445,5.76430129,5.73170001,5.75492,155788.86821301,896552.4734564155
2024-10-27,Mercado Bitcoin,USDT,USDT/BRL,5.75496999,5.77,5.73220001,5.75730001,261961.33653452,1508190.0054498054
2024-10-28,Mercado Bitcoin,USDT,USDT/BRL,5.7613,5.77,5.69,5.69705005,999675.36562071,5695200.591693234
2024-10-29,Mercado Bitcoin,USDT,USDT/BRL,5.69710009,5.73799992,5.62350003,5.70587939,1277167.26936428,7287362.399848223
2024-10-30,Mercado Bitcoin,USDT,USDT/BRL,5.70557937,5.77499999,5.67631,5.77279999,929432.49928887,5365427.922600464
2024-10-31,Mercado Bitcoin,USDT,USDT/BRL,5.76723403,5.82939998,5.76350004,5.82509955,1289931.47102685,7513979.231409342
2024-11-01,Mercado Bitcoin,USDT,USDT/BRL,5.8250991,5.89999999,5.76441001,5.88897663,2782491.09312572,16386025.02060052
2024-11-02,Mercado Bitcoin,USDT,USDT/BRL,5.88340003,5.91969998,5.843267,5.91893763,626510.34778033,3708275.6730613825
2024-11-03,Mercado Bitcoin,USDT,USDT/BRL,5.91300001,5.9638,5.90750001,5.92019917,500737.28080481,2964464.434208693
2024-11-04,Mercado Bitcoin,USDT,USDT/BRL,5.9149458,5.93054325,5.73022993,5.83609995,2554730.25901864,14909661.136922173
2024-11-05,Mercado Bitcoin,USDT,USDT/BRL,5.83609995,5.87428,5.71892601,5.79092999,3604948.1811098,20876002.534384694
2024-11-06,Mercado Bitcoin,USDT,USDT/BRL,5.78433405,5.88829999,5.63556,5.66300001,3118903.45673156,17662350.30665986
2024-11-07,Mercado Bitcoin,USDT,USDT/BRL,5.664,5.73,5.63550003,5.70199999,1869227.431396,10658334.795127718
2024-11-08,Mercado Bitcoin,USDT,USDT/BRL,5.698,5.79944997,5.66594905,5.77056999,2332012.97913683,13457044.11369749
2024-11-09,Mercado Bitcoin,USDT,USDT/BRL,5.76662671,5.78964948,5.75610001,5.77635719,259189.07783363,1497168.6933137581
2024-11-10,Mercado Bitcoin,USDT,USDT/BRL,5.77599998,5.80959999,5.74248065,5.78589148,1050767.20355153,6079625.010492222
2024-11-11,Mercado Bitcoin,USDT,USDT/BRL,5.78589148,5.84079998,5.72040801,5.77970205,1345252.17869982,7775156.774998317
2024-11-12,Mercado Bitcoin,USDT,USDT/BRL,5.77250796,5.84775,5.7205,5.7875198,2838799.03266782,16429605.609785855
2024-11-13,Mercado Bitcoin,USDT,USDT/BRL,5.78010055,5.87825994,5.74090001,5.8410501,1862504.00856869,10878979.225500548
2024-11-14,Mercado Bitcoin,USDT,USDT/BRL,5.84765751,5.8607,5.71,5.83059996,2278153.56595359,13283002.09052286
2024-11-15,Mercado Bitcoin,USDT,USDT/BRL,5.83059996,5.87,5.80110295,5.82881674,1105182.00082127,6441903.347133712
2024-11-16,Mercado Bitcoin,USDT,USDT/BRL,5.82881543,5.85562998,5.77265,5.84846418,1570616.58800442,9185694.855457667
2024-11-17,Mercado Bitcoin,USDT,USDT/BRL,5.84846418,5.8651,5.835,5.84500001,382005.51727109,2232822.2522695763
2024-11-18,Mercado Bitcoin,USDT,USDT/BRL,5.85852896,5.859999,5.720799,5.79298956,2532316.51427433,14669683.129806783
2024-11-19,Mercado Bitcoin,USDT,USDT/BRL,5.78521686,5.8382,5.76,5.8346827,1381482.30403761,8060510.899724384
2024-11-20,Mercado Bitcoin,USDT,USDT/BRL,5.82147465,5.85,5.79620001,5.80345031,535830.168622,3109663.758196698
2024-11-21,Mercado Bitcoin,USDT,USDT/BRL,5.81180687,5.92,5.7414199,5.82973828,1714810.57964208,9996896.879088422
2024-11-22,Mercado Bitcoin,USDT,USDT/BRL,5.82181279,5.85999999,5.8001,5.83694918,2166953.85390491,12648399.520648105
2024-11-23,Mercado Bitcoin,USDT,USDT/BRL,5.83694918,5.8740499,5.78,5.85507416,718331.83065533,4205886.139975518
2024-11-24,Mercado Bitcoin,USDT,USDT/BRL,5.85507416,5.87795,5.83660001,5.85151336,512826.44962384,3000810.821335267
2024-11-25,Mercado Bitcoin,USDT,USDT/BRL,5.85898999,5.86195481,5.7864,5.83225043,3663411.78624439,21365934.965590913
2024-11-26,Mercado Bitcoin,USDT,USDT/BRL,5.83913631,5.8593999,5.75163802,5.83904597,3633268.62398278,21214822.516794097
2024-11-27,Mercado Bitcoin,USDT,USDT/BRL,5.83254992,5.92859999,5.82211001,5.8914237,1899992.62414681,11193661.575723708
2024-11-28,Mercado Bitcoin,USDT,USDT/BRL,5.8944,5.98995,5.87510045,5.97014641,896119.44369875,5349964.279729289
2024-11-29,Mercado Bitcoin,USDT,USDT/BRL,5.96784689,6.02999995,5.8394,5.99149999,4627762.29043541,27727237.71686614
2024-11-30,Mercado Bitcoin,USDT,USDT/BRL,5.99149999,6.03495064,5.96632954,6.03038191,837987.92267992,5053387.209727468
2024-12-01,Mercado Bitcoin,USDT,USDT/BRL,6.03003998,6.04789979,5.725,6.01460925,2110239.34851232,12692265.105276173
2024-12-02,Mercado Bitcoin,USDT,USDT/BRL,6.01419832,6.15,5.985,6.08,1924792.00917511,11702735.415784668
2024-12-03,Mercado Bitcoin,USDT,USDT/BRL,6.08,6.1228,6.0514602,6.07471951,2794252.71465005,16974301.481555123
2024-12-04,Mercado Bitcoin,USDT,USDT/BRL,6.07471951,6.09739999,5.99029433,6.00490001,2490166.93548326,14953203.455785098
2024-12-05,Mercado Bitcoin,USDT,USDT/BRL,6.03057324,6.1499,5.95092604,6.055,2521671.68269449,15268722.038715137
2024-12-06,Mercado Bitcoin,USDT,USDT/BRL,6.05628913,6.10884999,6.0021554,6.10879999,1502422.37258034,9177997.774594557
2024-12-07,Mercado Bitcoin,USDT,USDT/BRL,6.10879999,6.1584,6.105,6.15158361,547138.73270036,3365769.6604757058
2024-12-08,Mercado Bitcoin,USDT,USDT/BRL,6.1515,6.1629,6.134,6.13869999,646471.76315998,3968496.2060454516
2024-12-09,Mercado Bitcoin,USDT,USDT/BRL,6.13400001,6.2,6.07,6.14000001,3180927.6257037,19530895.653629992
2024-12-10,Mercado Bitcoin,USDT,USDT/BRL,6.14000001,6.28,6.05,6.09308906,3522558.59502323,21463263.23854501
2024-12-11,Mercado Bitcoin,USDT,USDT/BRL,6.09404331,6.11366,5.97002,5.99520775,2057012.92856961,12332219.85121072
2024-12-12,Mercado Bitcoin,USDT,USDT/BRL,5.99520775,6.0676,5.90005,6.02274182,1596412.46810741,9614780.133639915
2024-12-13,Mercado Bitcoin,USDT,USDT/BRL,6.02999967,6.0858785,6.01493,6.06067592,1327338.77694265,8044570.163098571
2024-12-14,Mercado Bitcoin,USDT,USDT/BRL,6.06067592,6.09963963,6.03756639,6.09279688,499615.00191707,3044052.724881518
2024-12-15,Mercado Bitcoin,USDT,USDT/BRL,6.09279688,6.11277,6.06035,6.07566724,308005.35320922,1871338.0342378865
2024-12-16,Mercado Bitcoin,USDT,USDT/BRL,6.07094858,6.1489,6.04726819,6.12504942,1078670.28121841,6606908.780348059
2024-12-17,Mercado Bitcoin,USDT,USDT/BRL,6.12559672,6.26,6.0933046,6.14919999,2102151.20098464,12926548.144073235
2024-12-18,Mercado Bitcoin,USDT,USDT/BRL,6.14170001,6.3389,6.12876818,6.32461805,1519734.63521397,9611741.10508444
2024-12-19,Mercado Bitcoin,USDT,USDT/BRL,6.32461733,6.3499,6.15,6.19890563,2343216.05986248,14525375.225787943
2024-12-20,Mercado Bitcoin,USDT,USDT/BRL,6.19890563,6.26445316,6.08893219,6.15303591,4114551.21677973,25316981.390379872
2024-12-21,Mercado Bitcoin,USDT,USDT/BRL,6.14565644,6.19999,6.14,6.1563,348201.89967793,2143635.3549872404
2024-12-22,Mercado Bitcoin,USDT,USDT/BRL,6.1509589,6.1848,6.14000001,6.15854883,379404.9304821,2336583.7907167682
2024-12-23,Mercado Bitcoin,USDT,USDT/BRL,6.15824941,6.26239,6.14884999,6.22210006,824107.1975239,5127677.443159889
2024-12-24,Mercado Bitcoin,USDT,USDT/BRL,6.22469999,6.25243625,6.21561,6.23990007,462084.25633555,2883359.583454096
2024-12-25,Mercado Bitcoin,USDT,USDT/BRL,6.24512046,6.3,6.23556498,6.24607282,485073.10741263,3029801.951922969
2024-12-26,Mercado Bitcoin,USDT,USDT/BRL,6.24929992,6.26429998,6.17969,6.20411453,1194867.59518721,7413095.408727128
2024-12-27,Mercado Bitcoin,USDT,USDT/BRL,6.20381506,6.239,6.17191002,6.23309165,1095287.49689545,6827027.35124843
2024-12-28,Mercado Bitcoin,USDT,USDT/BRL,6.23176674,6.24749959,6.2223605,6.23120633,224421.25946033,1398415.1725357808
2024-12-29,Mercado Bitcoin,USDT,USDT/BRL,6.23709999,6.24369215,6.18,6.22930001,858778.05948871,5349586.174560802
2024-12-30,Mercado Bitcoin,USDT,USDT/BRL,6.2360182,6.25757524,6.18,6.21144564,1477614.72336014,9178123.531015148
2024-12-31,Mercado Bitcoin,USDT,USDT/BRL,6.21144564,6.23989999,6.20500001,6.23280858,416240.44532983,2594347.0189947854
2025-01-01,Mercado Bitcoin,USDT,USDT/BRL,6.2335,6.23724999,6.205,6.22729991,355430.55476477,2213372.6616979023
2025-01-02,Mercado Bitcoin,USDT,USDT/BRL,6.22076245,6.23999999,6.16585,6.17565274,1147926.01974398,7089192.469149204
2025-01-03,Mercado Bitcoin,USDT,USDT/BRL,6.18028628,6.21926999,6.07,6.18572301,1529752.20081677,9462623.388190435
2025-01-04,Mercado Bitcoin,USDT,USDT/BRL,6.18946999,6.2097,6.18161326,6.20350159,309723.08056148,1921367.6227228395
2025-01-05,Mercado Bitcoin,USDT,USDT/BRL,6.20562991,6.21859999,6.19953081,6.21280223,306517.00207586,1904329.5140298177
2025-01-06,Mercado Bitcoin,USDT,USDT/BRL,6.21592408,6.21592408,6.10000001,6.10000001,1058614.4466579,6457548.1351993345
2025-01-07,Mercado Bitcoin,USDT,USDT/BRL,6.10399995,6.14916246,6.06,6.13900001,2690768.7712365,16518629.51352856
2025-01-08,Mercado Bitcoin,USDT,USDT/BRL,6.14584999,6.18678989,6.12,6.15191371,2358296.04109613,14508033.747458003
2025-01-09,Mercado Bitcoin,USDT,USDT/BRL,6.15221371,6.1663,6.05730001,6.08200999,2775558.01798112,16880971.59318577
2025-01-10,Mercado Bitcoin,USDT,USDT/BRL,6.08200999,6.14530641,6.06663491,6.13992325,1049346.99357251,6442910.003153455
2025-01-11,Mercado Bitcoin,USDT,USDT/BRL,6.14530641,6.15920144,6.1323586,6.14551889,317584.0174506,1951718.5784047518
2025-01-12,Mercado Bitcoin,USDT,USDT/BRL,6.14265093,6.14981542,6.10919447,6.11600001,172086.58620133,1052481.5629282
2025-01-13,Mercado Bitcoin,USDT,USDT/BRL,6.11600001,6.16668,6.0901,6.10699985,2487346.83515973,15190226.749218447
2025-01-14,Mercado Bitcoin,USDT,USDT/BRL,6.10489978,6.11005,6.05321895,6.06553412,1256279.83866756,7620008.22570618
2025-01-15,Mercado Bitcoin,USDT,USDT/BRL,6.06664506,6.07952329,5.9851,5.98571,1509464.35029189,9035215.85618567
2025-01-16,Mercado Bitcoin,USDT,USDT/BRL,5.99979998,6.06,5.9851,6.02101323,1250600.76903357,7529883.7757993005
2025-01-17,Mercado Bitcoin,USDT,USDT/BRL,6.0165977,6.1205999,6.001,6.06181854,1267073.20229411,7680767.829203607
2025-01-18,Mercado Bitcoin,USDT,USDT/BRL,6.06520797,6.13,6.05243399,6.10525,1385063.64496356,8456159.818413774
2025-01-19,Mercado Bitcoin,USDT,USDT/BRL,6.11199038,6.18,6.09697963,6.13691978,3441148.98934692,21118055.298650123
2025-01-20,Mercado Bitcoin,USDT,USDT/BRL,6.13014498,6.1948,5.35,6.05275548,3289539.92848404,19910780.82881058
2025-01-21,Mercado Bitcoin,USDT,USDT/BRL,6.050403,6.09018998,6.0303,6.0506,1857601.36246731,11239602.803744705
2025-01-22,Mercado Bitcoin,USDT,USDT/BRL,6.0531,6.05915,5.91935,5.969,2427019.79099391,14486881.132442648
2025-01-23,Mercado Bitcoin,USDT,USDT/BRL,5.97010188,5.995,5.82898,5.93676433,1841067.78845576,10929985.575616142
2025-01-24,Mercado Bitcoin,USDT,USDT/BRL,5.933,5.96039261,5.87,5.92899999,1106223.45206687,6558798.836242238
2025-01-25,Mercado Bitcoin,USDT,USDT/BRL,5.92510013,5.96,5.91321537,5.92636863,611584.25652893,3624473.752494924
2025-01-26,Mercado Bitcoin,USDT,USDT/BRL,5.92636863,5.95389747,5.89631775,5.951151,608231.90199959,3619679.8918167623
2025-01-27,Mercado Bitcoin,USDT,USDT/BRL,5.95115101,5.97963897,5.9032,5.91360023,2846281.84868377,16831772.99502117
2025-01-28,Mercado Bitcoin,USDT,USDT/BRL,5.92020379,5.94147823,5.84086,5.87705751,1842341.55280064,10827547.258872064
2025-01-29,Mercado Bitcoin,USDT,USDT/BRL,5.88019997,5.89873996,5.8187,5.82,1846480.60331689,10746517.1113043
2025-01-30,Mercado Bitcoin,USDT,USDT/BRL,5.82219312,5.94331,5.79,5.85769996,1492848.24199351,8744657.087411452
2025-01-31,Mercado Bitcoin,USDT,USDT/BRL,5.85264,5.9702,5.82018978,5.84394207,1665896.31843831,9735401.579579756
2025-02-01,Mercado Bitcoin,USDT,USDT/BRL,5.84912546,5.90330648,5.84225533,5.89600001,629330.91186509,3710535.0626498796
2025-02-02,Mercado Bitcoin,USDT,USDT/BRL,5.89600001,5.9235,5.86000001,5.91026214,797871.33379188,4715628.736701451
2025-02-03,Mercado Bitcoin,USDT,USDT/BRL,5.91116218,5.98736484,5.81850001,5.82539999,3866900.92056747,22526244.584004734
2025-02-04,Mercado Bitcoin,USDT,USDT/BRL,5.82519999,5.86129999,5.7561001,5.79,2593528.37109723,15016529.26865296
2025-02-05,Mercado Bitcoin,USDT,USDT/BRL,5.79,5.84716206,5.7801,5.81000011,1927148.86022171,11196735.08987451
2025-02-06,Mercado Bitcoin,USDT,USDT/BRL,5.81000011,5.83869998,5.75369001,5.77148159,3189466.75470521,18407948.656698164
2025-02-07,Mercado Bitcoin,USDT,USDT/BRL,5.78223241,5.84720021,5.74007007,5.8403,2464896.41843984,14395734.552614197
2025-02-08,Mercado Bitcoin,USDT,USDT/BRL,5.84281054,5.8699,5.82814006,5.86629999,321288.14643347,1884772.6502097836
2025-02-09,Mercado Bitcoin,USDT,USDT/BRL,5.863,5.89979,5.85,5.85,189038.52906956,1105875.395056926
2025-02-10,Mercado Bitcoin,USDT,USDT/BRL,5.8509,5.88109999,5.74184,5.8111,2951104.74848754,17149164.80393594
2025-02-11,Mercado Bitcoin,USDT,USDT/BRL,5.79750012,5.8199,5.7515,5.77299999,1436694.20391184,8294035.624816109
2025-02-12,Mercado Bitcoin,USDT,USDT/BRL,5.76852009,5.80563,5.75315,5.76580015,1243483.8796133,7169679.539596947
2025-02-13,Mercado Bitcoin,USDT,USDT/BRL,5.76580015,5.81,5.76000001,5.76999999,1532127.0727849,8840373.1946476
2025-02-14,Mercado Bitcoin,USDT,USDT/BRL,5.76701023,5.78259167,5.70535,5.71879561,2082485.72180009,11909310.203718036
2025-02-15,Mercado Bitcoin,USDT,USDT/BRL,5.71500001,5.75602794,5.7024,5.74589815,1013637.19875701,5824256.105109086
2025-02-16,Mercado Bitcoin,USDT,USDT/BRL,5.74949864,5.77655,5.73345002,5.741,299271.15212445,1718115.6843464675
2025-02-17,Mercado Bitcoin,USDT,USDT/BRL,5.741,5.76066994,5.71572946,5.75012909,1034053.19255732,5945939.343131217
2025-02-18,Mercado Bitcoin,USDT,USDT/BRL,5.75817761,5.76015,5.7013,5.71159999,1071008.46128698,6117171.91677663
2025-02-19,Mercado Bitcoin,USDT,USDT/BRL,5.71149999,5.74529997,5.69533,5.72221496,827561.55926297,4735485.134735493
2025-02-20,Mercado Bitcoin,USDT,USDT/BRL,5.7261,5.73348,5.7001001,5.71400052,528736.8419965,3021202.590111159
2025-02-21,Mercado Bitcoin,USDT,USDT/BRL,5.7145507,5.75415999,5.70565007,5.7524,846146.96855346,4867375.821906923
2025-02-22,Mercado Bitcoin,USDT,USDT/BRL,5.74620001,5.76823998,5.74092001,5.76,684548.60358343,3942999.956640557
2025-02-23,Mercado Bitcoin,USDT,USDT/BRL,5.76,5.76339987,5.7419,5.74642011,263777.48914008,1515776.2681598624
2025-02-24,Mercado Bitcoin,USDT,USDT/BRL,5.74230003,5.85341613,5.72160003,5.80419999,1308547.40502938,7595070.835186053
2025-02-25,Mercado Bitcoin,USDT,USDT/BRL,5.80419999,5.84967255,5.71054001,5.77180012,3562222.01827104,20560433.472523432
2025-02-26,Mercado Bitcoin,USDT,USDT/BRL,5.77180012,5.83666999,5.71061,5.82655053,1625354.10237635,9470207.806638595
2025-02-27,Mercado Bitcoin,USDT,USDT/BRL,5.82695062,5.86753996,5.81,5.85159953,1477846.01290392,8647763.034520952
2025-02-28,Mercado Bitcoin,USDT,USDT/BRL,5.85159953,5.94493999,5.76,5.91999999,2352107.74778562,13924477.843369793
2025-03-01,Mercado Bitcoin,USDT,USDT/BRL,5.9173,5.94789677,5.91070003,5.92110758,571097.44959429,3381529.4377114186
2025-03-02,Mercado Bitcoin,USDT,USDT/BRL,5.9233133,5.94776569,5.90741,5.92606504,369189.80154286,2187842.7760476805
2025-03-03,Mercado Bitcoin,USDT,USDT/BRL,5.92606484,5.94,5.89062663,5.93999817,410922.48847609,2440878.8295598207
2025-03-04,Mercado Bitcoin,USDT,USDT/BRL,5.93923392,5.98,5.865,5.89359862,807814.20689414,4760932.694967697
2025-03-05,Mercado Bitcoin,USDT,USDT/BRL,5.90576728,5.9221,5.76370001,5.7761,1887524.94740631,10902532.848713586
2025-03-06,Mercado Bitcoin,USDT,USDT/BRL,5.78378863,5.89112002,5.7235,5.79480001,2192279.9117345,12703823.65444188
2025-03-07,Mercado Bitcoin,USDT,USDT/BRL,5.79998999,5.8390999,5.6564,5.82320001,1771797.30525034,10317530.085651752
2025-03-08,Mercado Bitcoin,USDT,USDT/BRL,5.83031432,5.85935,5.79950009,5.84393069,684566.17378099,4000557.2722946005
2025-03-09,Mercado Bitcoin,USDT,USDT/BRL,5.84419625,5.87999999,5.82050001,5.85120004,560711.5827469,3280835.635397125
2025-03-10,Mercado Bitcoin,USDT,USDT/BRL,5.85060004,5.89999999,5.79265,5.89131098,2623657.80947369,15456784.060715098
2025-03-11,Mercado Bitcoin,USDT,USDT/BRL,5.89131098,5.9128,5.80700007,5.83460001,2443085.4123791,14254426.17149795
2025-03-12,Mercado Bitcoin,USDT,USDT/BRL,5.84029997,5.86104952,5.80272001,5.81915001,538697.74005636,3134762.959435945
2025-03-13,Mercado Bitcoin,USDT,USDT/BRL,5.81560001,5.84989997,5.63010007,5.8120277,1261794.87564617,7333586.768973595
2025-03-14,Mercado Bitcoin,USDT,USDT/BRL,5.80707422,5.83082,5.72045,5.77536677,2390619.12571648,13806702.25838941
2025-03-15,Mercado Bitcoin,USDT,USDT/BRL,5.77509782,5.78969,5.76513565,5.77090001,153258.78298866,884441.1122818459
2025-03-16,Mercado Bitcoin,USDT,USDT/BRL,5.77060005,5.7897,5.77060005,5.78385002,140205.16798841,810925.6636738685
2025-03-17,Mercado Bitcoin,USDT,USDT/BRL,5.78385002,5.79313229,5.6776,5.7085097,1028737.5332011,5872558.187032551
2025-03-18,Mercado Bitcoin,USDT,USDT/BRL,5.70548938,5.72749997,5.6629,5.697,2574313.35222139,14665863.16760526
2025-03-19,Mercado Bitcoin,USDT,USDT/BRL,5.69759999,5.71836,5.642,5.65950046,2486962.33888867,14074964.500943104
2025-03-20,Mercado Bitcoin,USDT,USDT/BRL,5.66268844,5.72467,5.64570041,5.68523903,1615124.02477066,9182366.143916843
2025-03-21,Mercado Bitcoin,USDT,USDT/BRL,5.68385387,5.76302684,5.6819,5.7628,1406996.76123864,8108240.935666035
2025-03-22,Mercado Bitcoin,USDT,USDT/BRL,5.7628,5.76999999,5.74627,5.76534945,559375.55878585,3224995.570189443
2025-03-23,Mercado Bitcoin,USDT,USDT/BRL,5.76534945,5.76929996,5.74434478,5.75321956,77451.24547705,445594.0204249256
2025-03-24,Mercado Bitcoin,USDT,USDT/BRL,5.75960391,5.81714309,5.7101,5.77065056,1582327.21974113,9131057.456702394
2025-03-25,Mercado Bitcoin,USDT,USDT/BRL,5.77065056,5.77329999,5.69102035,5.72129999,2335026.98898711,13359389.888741683
2025-03-26,Mercado Bitcoin,USDT,USDT/BRL,5.72129999,5.7656499,5.69062,5.75929844,1115450.73366999,6424213.670322429
2025-03-27,Mercado Bitcoin,USDT,USDT/BRL,5.75929988,5.77999999,5.71925003,5.76330971,1173596.05460831,6763797.537141764
2025-03-28,Mercado Bitcoin,USDT,USDT/BRL,5.76330971,5.7994,5.68,5.7944,944397.10670633,5472214.595099159
2025-03-29,Mercado Bitcoin,USDT,USDT/BRL,5.7876,5.8177,5.781,5.8031,698409.62357822,4052940.8865867686
2025-03-30,Mercado Bitcoin,USDT,USDT/BRL,5.8031,5.8153,5.7901,5.8103,110438.32650398,641679.808486075
2025-03-31,Mercado Bitcoin,USDT,USDT/BRL,5.8103,5.82,5.7101,5.728,4980816.93582984,28530119.408433322
2025-04-01,Mercado Bitcoin,USDT,USDT/BRL,5.7263,5.7457,5.68,5.6936,3925282.55283084,22348988.74279767
2025-04-02,Mercado Bitcoin,USDT,USDT/BRL,5.6907,5.7271,5.6418,5.70190001,1653851.75201451,9430097.321350053
2025-04-03,Mercado Bitcoin,USDT,USDT/BRL,5.7069,5.70989999,5.6001,5.6611,5549092.68366919,31413968.591519654
2025-04-04,Mercado Bitcoin,USDT,USDT/BRL,5.6626,5.8792,5.6418,5.8558,1316217.46039151,7707506.204560605
2025-04-05,Mercado Bitcoin,USDT,USDT/BRL,5.854,5.8916,5.845,5.8797,398702.92567645,2344253.592099823
2025-04-06,Mercado Bitcoin,USDT,USDT/BRL,5.8736,5.9193,5.8634,5.893,292725.01829504,1725028.5328126708
2025-04-07,Mercado Bitcoin,USDT,USDT/BRL,5.8978,5.998,5.8354,5.9479,3679616.68060516,21885992.05457143
2025-04-08,Mercado Bitcoin,USDT,USDT/BRL,5.9447,6.0452,5.8636,6.02,1590270.91565702,9573430.91225526
2025-04-09,Mercado Bitcoin,USDT,USDT/BRL,6.0272,6.17,5.81,5.8398,1316347.43484684,7687205.750018577
2025-04-10,Mercado Bitcoin,USDT,USDT/BRL,5.8467,5.9686,5.8175,5.9091,1380778.24432826,8159156.72356012
2025-04-11,Mercado Bitcoin,USDT,USDT/BRL,5.9091,5.9278,5.8048,5.8924,951702.64959034,5607812.692446119
2025-04-12,Mercado Bitcoin,USDT,USDT/BRL,5.8845,5.9302,5.8805,5.8899,376953.41906877,2220217.9429731485
2025-04-13,Mercado Bitcoin,USDT,USDT/BRL,5.89,5.91,5.8652,5.9029,294317.25886084,1737325.3473296524
2025-04-14,Mercado Bitcoin,USDT,USDT/BRL,5.9029,5.9134,5.8361,5.876,4207349.28923117,24722384.423522357
2025-04-15,Mercado Bitcoin,USDT,USDT/BRL,5.8813,5.91,5.8339,5.9,1774989.11535638,10472435.780602641
2025-04-16,Mercado Bitcoin,USDT,USDT/BRL,5.9,5.9257,5.8569,5.8837,1243208.08112989,7314663.386943934
2025-04-17,Mercado Bitcoin,USDT,USDT/BRL,5.8785,5.97,5.8102,5.8319,3600016.34507658,20994935.32285211
2025-04-18,Mercado Bitcoin,USDT,USDT/BRL,5.8319,5.8987,5.8246,5.8648,1144759.06432524,6713782.960454667
2025-04-19,Mercado Bitcoin,USDT,USDT/BRL,5.8646,5.88,5.8474,5.8747,265123.00423436,1557518.1129755946
2025-04-20,Mercado Bitcoin,USDT,USDT/BRL,5.8744,5.9,5.8524,5.8598,73110.49370683,428412.87102328247
2025-04-21,Mercado Bitcoin,USDT,USDT/BRL,5.8598,5.8644,5.8301,5.836,107360.11412854,626553.6260541595
2025-04-22,Mercado Bitcoin,USDT,USDT/BRL,5.836,5.8417,5.7301,5.7383,6118520.99471048,35109909.02394714
2025-04-23,Mercado Bitcoin,USDT,USDT/BRL,5.742,5.7846,5.6533,5.7412,4042124.03943027,23206642.535177067
2025-04-24,Mercado Bitcoin,USDT,USDT/BRL,5.7457,5.8119,5.6736,5.7068,2908970.3217451,16600911.832134938
2025-04-25,Mercado Bitcoin,USDT,USDT/BRL,5.7054,5.7344,5.6755,5.7162,2727446.12704681,15590627.551424975
2025-04-26,Mercado Bitcoin,USDT,USDT/BRL,5.7141,5.781,5.707,5.7247,1132024.50723196,6480500.696550802
2025-04-27,Mercado Bitcoin,USDT,USDT/BRL,5.7247,5.7336,5.7063,5.7261,1005827.66365746,5759469.784868982
2025-04-28,Mercado Bitcoin,USDT,USDT/BRL,5.7255,5.81,5.6351,5.6797,3419466.91252741,19421546.22308193
2025-04-29,Mercado Bitcoin,USDT,USDT/BRL,5.6797,5.7,5.6022,5.6506,2128068.03219488,12024861.222720388
2025-04-30,Mercado Bitcoin,USDT,USDT/BRL,5.6506,5.7694,5.58,5.6938,1791099.74328887,10198163.71833817
2025-05-01,Mercado Bitcoin,USDT,USDT/BRL,5.6949,5.7062,5.6789,5.6926,341951.29598409,1946591.9475190307
2025-05-02,Mercado Bitcoin,USDT,USDT/BRL,5.6915,5.7118,5.6371,5.6876,1583704.39937032,9007477.141858632
2025-05-03,Mercado Bitcoin,USDT,USDT/BRL,5.6876,5.7,5.6796,5.6882,281308.23592451,1600137.5075857977
2025-05-04,Mercado Bitcoin,USDT,USDT/BRL,5.6903,5.7,5.6819,5.6949,253934.22978729,1446130.045215638
2025-05-05,Mercado Bitcoin,USDT,USDT/BRL,5.6949,5.7059,5.6315,5.6936,3618617.85391551,20602962.613053348
2025-05-06,Mercado Bitcoin,USDT,USDT/BRL,5.6955,5.7423,5.6934,5.7269,599407.93456751,3432749.300474673
2025-05-07,Mercado Bitcoin,USDT,USDT/BRL,5.7269,5.7726,5.7003,5.7525,733516.92385131,4219556.104454662
2025-05-08,Mercado Bitcoin,USDT,USDT/BRL,5.7544,5.7782,5.6569,5.6875,7238683.40197517,41170011.848733775
2025-05-09,Mercado Bitcoin,USDT,USDT/BRL,5.6875,5.6952,5.65,5.6826,6065846.98796892,34469782.09383218
2025-05-10,Mercado Bitcoin,USDT,USDT/BRL,5.6826,5.7056,5.6757,5.6918,1365878.47389171,7774307.097696834
2025-05-11,Mercado Bitcoin,USDT,USDT/BRL,5.6904,5.7078,5.6803,5.6878,174841.12693471,994461.3617792435
2025-05-12,Mercado Bitcoin,USDT,USDT/BRL,5.6905,5.7199,5.58,5.6898,5134917.78053484,29216655.187687133
2025-05-13,Mercado Bitcoin,USDT,USDT/BRL,5.6898,5.6972,5.6043,5.6257,4695539.66418513,26415697.488806285
2025-05-14,Mercado Bitcoin,USDT,USDT/BRL,5.6257,5.6625,5.6,5.6597,2250926.71818068,12739569.946887195
2025-05-15,Mercado Bitcoin,USDT,USDT/BRL,5.6597,5.7031,5.6203,5.697,2410364.12494354,13731844.419803347
2025-05-16,Mercado Bitcoin,USDT,USDT/BRL,5.6971,5.72,5.6421,5.6947,1074111.1701053,6116740.880398652
2025-05-17,Mercado Bitcoin,USDT,USDT/BRL,5.6984,5.7367,5.6911,5.7046,1878920.94946089,10718492.448294593
2025-05-18,Mercado Bitcoin,USDT,USDT/BRL,5.7048,5.7197,5.6841,5.6841,782118.27399121,4445638.481193437
2025-05-19,Mercado Bitcoin,USDT,USDT/BRL,5.6866,5.7068,5.11,5.6652,5729687.40406253,32459825.081495043
2025-05-20,Mercado Bitcoin,USDT,USDT/BRL,5.6639,5.7003,5.6442,5.6744,2663945.2377645,15116290.85717088
2025-05-21,Mercado Bitcoin,USDT,USDT/BRL,5.6744,5.681,5.6403,5.6562,1557512.32482375,8809601.211668095
2025-05-22,Mercado Bitcoin,USDT,USDT/BRL,5.655,5.75,5.6105,5.6909,2087347.98713191,11878888.659968987
2025-05-23,Mercado Bitcoin,USDT,USDT/BRL,5.6909,5.7355,5.6422,5.6989,1939530.0179424,11053187.619251944
2025-05-24,Mercado Bitcoin,USDT,USDT/BRL,5.6961,5.7116,5.6686,5.6915,1671330.38163657,9512376.867084537
2025-05-25,Mercado Bitcoin,USDT,USDT/BRL,5.6931,5.7058,5.6856,5.7004,149452.25544304,851937.6369275051
2025-05-26,Mercado Bitcoin,USDT,USDT/BRL,5.7012,5.8,5.675,5.7062,570011.47656283,3252599.487562821
2025-05-27,Mercado Bitcoin,USDT,USDT/BRL,5.7083,5.7206,5.6341,5.6751,3510224.284333,19920873.83601821
2025-05-28,Mercado Bitcoin,USDT,USDT/BRL,5.675,5.93,5.6582,5.715,3381129.26928943,19323153.773989093
2025-05-29,Mercado Bitcoin,USDT,USDT/BRL,5.715,5.7255,5.655,5.71,4068819.10653642,23232957.098322958
2025-05-30,Mercado Bitcoin,USDT,USDT/BRL,5.71,5.7793,5.6923,5.7745,2519999.07256135,14551734.644505516
2025-05-31,Mercado Bitcoin,USDT,USDT/BRL,5.7769,5.79,5.763,5.77,567489.85775264,3274416.4792327327
2025-06-01,Mercado Bitcoin,USDT,USDT/BRL,5.7697,5.79,5.7501,5.7506,162046.16744295,931862.6904974284
2025-06-02,Mercado Bitcoin,USDT,USDT/BRL,5.7506,5.7588,5.673,5.6963,5106839.3762952,29090089.139190346
2025-06-03,Mercado Bitcoin,USDT,USDT/BRL,5.6964,5.7253,5.6352,5.6677,4189950.26931684,23747381.141407054
2025-06-04,Mercado Bitcoin,USDT,USDT/BRL,5.6682,5.6783,5.6102,5.6652,4278183.54785609,24236765.435314316
2025-06-05,Mercado Bitcoin,USDT,USDT/BRL,5.6626,5.6702,5.5595,5.6228,5009892.28221592,28169622.324443676
2025-06-06,Mercado Bitcoin,USDT,USDT/BRL,5.6229,5.7043,5.5856,5.6241,4421635.52160584,24867720.337063406
2025-06-07,Mercado Bitcoin,USDT,USDT/BRL,5.6241,5.7224,5.6055,5.6295,925918.18828993,5212456.440978161
2025-06-08,Mercado Bitcoin,USDT,USDT/BRL,5.6322,5.6473,5.6213,5.6327,512727.44118334,2888039.857953399
2025-06-09,Mercado Bitcoin,USDT,USDT/BRL,5.6327,5.6425,5.5601,5.5832,4562575.65088481,25473772.37402007
2025-06-10,Mercado Bitcoin,USDT,USDT/BRL,5.5832,5.5962,5.5352,5.5794,4737109.16517214,26430226.876161437
2025-06-11,Mercado Bitcoin,USDT,USDT/BRL,5.5794,5.5876,5.5301,5.5623,3434681.40424974,19104728.374858327
2025-06-12,Mercado Bitcoin,USDT,USDT/BRL,5.5613,5.5776,5.5223,5.5641,4405857.67659709,24514632.69835387
2025-06-13,Mercado Bitcoin,USDT,USDT/BRL,5.5646,5.6162,5.5431,5.5894,4488751.16965617,25089425.787676197
2025-06-14,Mercado Bitcoin,USDT,USDT/BRL,5.5928,5.6028,5.5712,5.5813,381534.94792619,2129461.004860444
2025-06-15,Mercado Bitcoin,USDT,USDT/BRL,5.577,5.5927,5.57,5.5741,501914.28379576,2797720.4093059455
2025-06-16,Mercado Bitcoin,USDT,USDT/BRL,5.5741,5.5932,5.4908,5.5133,4342066.28508878,23939114.049579974
2025-06-17,Mercado Bitcoin,USDT,USDT/BRL,5.5154,5.5277,5.4653,5.5205,3895417.16630967,21504650.466612533
2025-06-18,Mercado Bitcoin,USDT,USDT/BRL,5.5143,5.5326,5.4776,5.5162,4207942.12223564,23211850.33467624
2025-06-19,Mercado Bitcoin,USDT,USDT/BRL,5.5162,5.5357,5.5112,5.5258,477736.89743053,2639878.547821623
2025-06-20,Mercado Bitcoin,USDT,USDT/BRL,5.5299,5.5598,5.5011,5.5571,2810142.93884407,15616245.325450381
2025-06-21,Mercado Bitcoin,USDT,USDT/BRL,5.5571,5.5634,5.5409,5.5563,597710.70647616,3321059.9983934877
2025-06-22,Mercado Bitcoin,USDT,USDT/BRL,5.552,5.5678,5.5362,5.5655,1000501.2776445,5568289.860730465
2025-06-23,Mercado Bitcoin,USDT,USDT/BRL,5.5698,5.5799,5.5107,5.5159,1250915.262411,6899923.495932835
2025-06-24,Mercado Bitcoin,USDT,USDT/BRL,5.5165,5.5396,5.4786,5.5217,1910588.08786335,10549694.24475506
2025-06-25,Mercado Bitcoin,USDT,USDT/BRL,5.5216,5.5858,5.1877,5.5808,1847912.00639792,10312827.325305512
2025-06-26,Mercado Bitcoin,USDT,USDT/BRL,5.5809,5.5839,5.467,5.5164,3910314.39965337,21570858.35424785
2025-06-27,Mercado Bitcoin,USDT,USDT/BRL,5.5169,5.5279,5.4505,5.5126,3264373.62523089,17995186.046447802
2025-06-28,Mercado Bitcoin,USDT,USDT/BRL,5.518,5.5284,5.41,5.5211,884824.32304798,4885203.569980202
2025-06-29,Mercado Bitcoin,USDT,USDT/BRL,5.5211,5.5289,5.5001,5.5114,1455556.4023993,8022153.556183501
2025-06-30,Mercado Bitcoin,USDT,USDT/BRL,5.5114,5.5899,5.4194,5.4647,6225285.98464335,34019320.320280515
2025-07-01,Mercado Bitcoin,USDT,USDT/BRL,5.465,5.4912,5.4401,5.4787,4061711.37076775,22252898.08702527
2025-07-02,Mercado Bitcoin,USDT,USDT/BRL,5.477,5.4899,5.4218,5.4463,1496843.55616263,8152259.059928532
2025-07-03,Mercado Bitcoin,USDT,USDT/BRL,5.4462,5.4998,5.4082,5.4361,2764217.07289666,15026560.429973532
2025-07-04,Mercado Bitcoin,USDT,USDT/BRL,5.4359,5.4711,5.4301,5.4617,743984.88139706,4063422.226726323
2025-07-05,Mercado Bitcoin,USDT,USDT/BRL,5.4614,5.4696,5.4525,5.459,1425721.00319546,7783010.956444016
2025-07-06,Mercado Bitcoin,USDT,USDT/BRL,5.4574,5.4703,5.4433,5.4701,1237244.48052325,6767851.032910231
2025-07-07,Mercado Bitcoin,USDT,USDT/BRL,5.4711,5.4998,5.4534,5.4797,2371524.30092307,12995241.711768147
2025-07-08,Mercado Bitcoin,USDT,USDT/BRL,5.4795,5.5137,5.4421,5.4676,1703500.05994175,9314056.927737512
2025-07-09,Mercado Bitcoin,USDT,USDT/BRL,5.4677,5.5425,5.4556,5.517,1488443.78194018,8211744.344963974
2025-07-10,Mercado Bitcoin,USDT,USDT/BRL,5.5141,5.5893,5.4826,5.487,2159303.25295793,11848096.948980162
2025-07-11,Mercado Bitcoin,USDT,USDT/BRL,5.4866,5.5796,5.4251,5.5643,2082166.99272384,11585801.797613263
2025-07-12,Mercado Bitcoin,USDT,USDT/BRL,5.5643,5.5899,5.5546,5.5572,550634.49516254,3059986.016517267
2025-07-13,Mercado Bitcoin,USDT,USDT/BRL,5.5595,5.5799,5.5515,5.5715,286782.42450951,1597808.278154735
2025-07-14,Mercado Bitcoin,USDT,USDT/BRL,5.5713,5.5937,5.5142,5.5899,1490100.06650608,8329510.361762337
2025-07-15,Mercado Bitcoin,USDT,USDT/BRL,5.5899,5.5989,5.5442,5.5796,1174923.59329617,6555603.68115531
2025-07-16,Mercado Bitcoin,USDT,USDT/BRL,5.5766,5.6545,5.5302,5.5785,1903004.09949313,10615908.369022427
2025-07-17,Mercado Bitcoin,USDT,USDT/BRL,5.5828,5.6196,5.55,5.5501,1489985.45226515,8269568.258616808
2025-07-18,Mercado Bitcoin,USDT,USDT/BRL,5.5525,5.6128,5.5396,5.6015,1993851.80948721,11168560.910842605
2025-07-19,Mercado Bitcoin,USDT,USDT/BRL,5.6015,5.6144,5.5802,5.6015,1938100.93155953,10856272.368130708
2025-07-20,Mercado Bitcoin,USDT,USDT/BRL,5.6015,5.6273,5.5823,5.6201,1451325.30144707,8156593.326662677
2025-07-21,Mercado Bitcoin,USDT,USDT/BRL,5.6253,5.6275,5.56,5.5861,1818606.04839297,10158915.246927971
2025-07-22,Mercado Bitcoin,USDT,USDT/BRL,5.586,5.595,5.5602,5.5687,683590.59322608,3806710.936498071
2025-07-23,Mercado Bitcoin,USDT,USDT/BRL,5.5651,5.5865,5.5246,5.543,1903992.24020034,10553828.987430485
2025-07-24,Mercado Bitcoin,USDT,USDT/BRL,5.5429,5.65,5.53,5.5372,1493465.86043396,8269619.162394924
2025-07-25,Mercado Bitcoin,USDT,USDT/BRL,5.5355,5.6,5.5355,5.5857,2196125.08793915,12266895.903701711
2025-07-26,Mercado Bitcoin,USDT,USDT/BRL,5.5819,5.6,5.5785,5.5904,1186252.02242185,6631623.30614711
2025-07-27,Mercado Bitcoin,USDT,USDT/BRL,5.5932,5.5999,5.5828,5.5889,1924366.10547981,10755089.726916108
2025-07-28,Mercado Bitcoin,USDT,USDT/BRL,5.5889,5.6147,5.5748,5.6001,1007214.96214313,5640504.509497743
2025-07-29,Mercado Bitcoin,USDT,USDT/BRL,5.604,5.62,5.5617,5.5892,2242439.04612023,12533440.31657519
2025-07-30,Mercado Bitcoin,USDT,USDT/BRL,5.5941,5.6337,5.5459,5.5916,2780392.16756402,15546840.844150973
2025-07-31,Mercado Bitcoin,USDT,USDT/BRL,5.5944,5.6299,5.5706,5.6234,1468128.00259337,8255871.009783557
2025-08-01,Mercado Bitcoin,USDT,USDT/BRL,5.6243,5.6456,5.54,5.5624,2536659.94816498,14109917.295672884
2025-08-02,Mercado Bitcoin,USDT,USDT/BRL,5.5677,5.5799,5.56,5.5759,1302645.92190134,7263423.395929681
2025-08-03,Mercado Bitcoin,USDT,USDT/BRL,5.5737,5.5897,5.5678,5.5745,1102139.73119757,6143877.9315608535
2025-08-04,Mercado Bitcoin,USDT,USDT/BRL,5.5749,5.5755,5.4679,5.5231,3685808.78126081,20357090.47978158
2025-08-05,Mercado Bitcoin,USDT,USDT/BRL,5.5231,5.5344,5.503,5.5191,1499702.00097302,8277005.313570195
2025-08-06,Mercado Bitcoin,USDT,USDT/BRL,5.5189,5.5297,5.4645,5.4873,2489716.04179057,13661818.836117396
2025-08-07,Mercado Bitcoin,USDT,USDT/BRL,5.4873,5.5009,5.4218,5.4401,2132121.9362872,11598956.545595998
2025-08-08,Mercado Bitcoin,USDT,USDT/BRL,5.4432,5.4638,5.3901,5.4628,1643989.25031284,8980784.476608982
2025-08-09,Mercado Bitcoin,USDT,USDT/BRL,5.4601,5.4702,5.44,5.4602,1362047.98517474,7437054.408651115
2025-08-10,Mercado Bitcoin,USDT,USDT/BRL,5.4638,5.4736,5.4487,5.4656,1308960.26849955,7154253.24351114
2025-08-11,Mercado Bitcoin,USDT,USDT/BRL,5.4656,5.4656,5.44,5.4498,1160255.67682002,6323161.387533745
2025-08-12,Mercado Bitcoin,USDT,USDT/BRL,5.4534,5.4549,5.3921,5.4175,1637874.47106588,8873184.946999406
2025-08-13,Mercado Bitcoin,USDT,USDT/BRL,5.4175,5.4191,5.3889,5.4025,1186740.79822702,6411367.162421476
2025-08-14,Mercado Bitcoin,USDT,USDT/BRL,5.4021,5.4398,5.386,5.4363,2314719.084736,12583507.360350316
2025-08-15,Mercado Bitcoin,USDT,USDT/BRL,5.4371,5.4489,5.3931,5.4284,1617586.87853657,8780908.611447915
2025-08-16,Mercado Bitcoin,USDT,USDT/BRL,5.4297,5.437,5.4222,5.43,1883198.95176029,10225770.308058374
2025-08-17,Mercado Bitcoin,USDT,USDT/BRL,5.4346,5.4439,5.4201,5.4301,631741.25426685,3430418.1847944222
2025-08-18,Mercado Bitcoin,USDT,USDT/BRL,5.4315,5.4543,5.4092,5.4528,3151076.74430603,17182191.271351922
2025-08-19,Mercado Bitcoin,USDT,USDT/BRL,5.4526,5.5227,5.445,5.5223,2570740.97294284,14196402.874882245
2025-08-20,Mercado Bitcoin,USDT,USDT/BRL,5.5201,5.53,5.4705,5.4985,2537434.74637253,13952084.952929355
2025-08-21,Mercado Bitcoin,USDT,USDT/BRL,5.4964,5.5032,5.4756,5.486,2009956.69991232,11026622.455718987
2025-08-22,Mercado Bitcoin,USDT,USDT/BRL,5.4889,5.4916,5.407,5.4302,2572586.39366236,13969658.634865347
2025-08-23,Mercado Bitcoin,USDT,USDT/BRL,5.4311,5.4547,5.4275,5.4495,1833977.61305889,9994261.00236442
2025-08-24,Mercado Bitcoin,USDT,USDT/BRL,5.4492,5.4593,5.44,5.4528,2634856.50662571,14367345.559328672
2025-08-25,Mercado Bitcoin,USDT,USDT/BRL,5.4528,5.4679,5.4092,5.4362,2525371.95579865,13728427.026112624
2025-08-26,Mercado Bitcoin,USDT,USDT/BRL,5.4367,5.4615,5.4069,5.4421,2515441.10948445,13689282.061925326
2025-08-27,Mercado Bitcoin,USDT,USDT/BRL,5.4426,5.4625,5.4228,5.43,1083373.05270559,5882715.676191353
2025-08-28,Mercado Bitcoin,USDT,USDT/BRL,5.4342,5.4375,5.4009,5.4272,1069712.92469151,5805545.984885762
2025-08-29,Mercado Bitcoin,USDT,USDT/BRL,5.4272,5.4671,5.4164,5.462,2671887.26544832,14593848.243878724
2025-08-30,Mercado Bitcoin,USDT,USDT/BRL,5.462,5.4764,5.4482,5.4694,1720542.97114754,9410337.726394355
2025-08-31,Mercado Bitcoin,USDT,USDT/BRL,5.4703,5.4794,5.4603,5.4687,626443.82927619,3425833.3691627006
2025-09-01,Mercado Bitcoin,USDT,USDT/BRL,5.4693,5.4725,5.4371,5.467,1129414.38760019,6174508.457010238
2025-09-02,Mercado Bitcoin,USDT,USDT/BRL,5.4667,5.5098,5.4477,5.4832,2202249.08219418,12075372.16748713
2025-09-03,Mercado Bitcoin,USDT,USDT/BRL,5.4832,5.4864,5.4416,5.4624,1016382.43779253,5551887.428197916
2025-09-04,Mercado Bitcoin,USDT,USDT/BRL,5.4638,5.48,5.4501,5.4624,828311.6014033,4524569.291505385
2025-09-05,Mercado Bitcoin,USDT,USDT/BRL,5.4625,5.4674,5.3923,5.4406,2322913.46540654,12638042.999890821
2025-09-06,Mercado Bitcoin,USDT,USDT/BRL,5.4419,5.4558,5.4356,5.4484,1975953.83326741,10765786.865174158
2025-09-07,Mercado Bitcoin,USDT,USDT/BRL,5.4524,5.4525,5.4326,5.4401,691971.42553613,3764393.7520591007
2025-09-08,Mercado Bitcoin,USDT,USDT/BRL,5.4437,5.4536,5.0274,5.4378,4340252.69266379,23601426.092167158
2025-09-09,Mercado Bitcoin,USDT,USDT/BRL,5.4379,5.4511,5.4206,5.4452,2035539.852123,11083921.60278016
2025-09-10,Mercado Bitcoin,USDT,USDT/BRL,5.4497,5.4498,5.4041,5.4183,1957282.86126271,10605145.727179743
2025-09-11,Mercado Bitcoin,USDT,USDT/BRL,5.4184,5.4295,5.383,5.4018,1115444.93336879,6025410.441071529
2025-09-12,Mercado Bitcoin,USDT,USDT/BRL,5.401,5.4112,5.3544,5.3765,2407404.73035429,12943411.532749841
2025-09-13,Mercado Bitcoin,USDT,USDT/BRL,5.3765,5.3871,5.3703,5.3738,2323159.64034121,12484195.275265595
2025-09-14,Mercado Bitcoin,USDT,USDT/BRL,5.3755,5.3815,5.37,5.3749,1016180.87976419,5461870.6106445445
2025-09-15,Mercado Bitcoin,USDT,USDT/BRL,5.3749,5.3809,5.3055,5.3282,5180433.78956039,27602387.31753567
2025-09-16,Mercado Bitcoin,USDT,USDT/BRL,5.3282,5.3336,5.3,5.3101,859644.64936882,4564799.052613371
2025-09-17,Mercado Bitcoin,USDT,USDT/BRL,5.3105,5.3224,5.287,5.3181,1487748.67742222,7911996.241399108
2025-09-18,Mercado Bitcoin,USDT,USDT/BRL,5.3181,5.3288,5.2791,5.3146,1472028.49204292,7823242.623811304
2025-09-19,Mercado Bitcoin,USDT,USDT/BRL,5.3156,5.352,5.3156,5.3501,986689.66315874,5278888.366865575
2025-09-20,Mercado Bitcoin,USDT,USDT/BRL,5.3501,5.3545,5.3433,5.3484,1008995.00090242,5396508.862826503
2025-09-21,Mercado Bitcoin,USDT,USDT/BRL,5.3458,5.3499,5.3327,5.3372,887947.45018346,4739153.131119163
2025-09-22,Mercado Bitcoin,USDT,USDT/BRL,5.3334,5.3751,5.3304,5.3517,4320684.56879937,23123007.606843587
2025-09-23,Mercado Bitcoin,USDT,USDT/BRL,5.3482,5.354,5.2863,5.2949,3588678.50093136,19001693.794581458
2025-09-24,Mercado Bitcoin,USDT,USDT/BRL,5.2949,5.3429,5.2908,5.3235,2041974.49108361,10870451.203283599
2025-09-25,Mercado Bitcoin,USDT,USDT/BRL,5.3235,5.38,5.3103,5.3768,1891538.62869041,10170424.898742598
2025-09-26,Mercado Bitcoin,USDT,USDT/BRL,5.3798,5.3798,5.345,5.3751,3106314.48803113,16696751.004616125
2025-09-27,Mercado Bitcoin,USDT,USDT/BRL,5.3715,5.3772,5.3634,5.3729,792536.50449876,4258219.385021388
2025-09-28,Mercado Bitcoin,USDT,USDT/BRL,5.3729,5.3756,5.3608,5.3651,458894.82152497,2462016.6069636163
2025-09-29,Mercado Bitcoin,USDT,USDT/BRL,5.3651,5.3657,5.3129,5.3273,3913276.56512995,20847198.245416783
2025-09-30,Mercado Bitcoin,USDT,USDT/BRL,5.3266,5.3371,5.3116,5.3313,1970913.48232385,10507531.04831314
2025-10-01,Mercado Bitcoin,USDT,USDT/BRL,5.3313,5.3436,5.2979,5.3285,1663752.99948871,8865307.857775591
2025-10-02,Mercado Bitcoin,USDT,USDT/BRL,5.3277,5.3717,5.3133,5.3491,3487134.9321128,18653033.46536458
2025-10-03,Mercado Bitcoin,USDT,USDT/BRL,5.3494,5.3659,5.3329,5.3596,2064021.46801677,11062329.45998268
2025-10-04,Mercado Bitcoin,USDT,USDT/BRL,5.3555,5.3625,5.3456,5.357,711691.36431669,3812530.6386445086
2025-10-05,Mercado Bitcoin,USDT,USDT/BRL,5.3569,5.3583,5.3294,5.3513,634310.41366339,3394385.316636899
2025-10-06,Mercado Bitcoin,USDT,USDT/BRL,5.3513,5.3516,5.3116,5.3191,5387080.80558143,28654421.512968183
2025-10-07,Mercado Bitcoin,USDT,USDT/BRL,5.3191,5.3714,5.315,5.3635,2612704.33294855,14013239.68976955
2025-10-08,Mercado Bitcoin,USDT,USDT/BRL,5.3631,5.379,5.3347,5.3459,4127530.06649166,22065362.98245777
2025-10-09,Mercado Bitcoin,USDT,USDT/BRL,5.3469,5.3993,5.3261,5.3813,8184353.06355137,44042459.14088899
2025-10-10,Mercado Bitcoin,USDT,USDT/BRL,5.3813,5.78,5.3658,5.6,4345723.48115751,24336051.49448205
2025-10-11,Mercado Bitcoin,USDT,USDT/BRL,5.6,5.6466,5.3688,5.6456,5875515.21685131,33170808.708255753
2025-10-12,Mercado Bitcoin,USDT,USDT/BRL,5.6429,5.65,5.55,5.5788,2153048.93816497,12011429.416234735
2025-10-13,Mercado Bitcoin,USDT,USDT/BRL,5.5788,5.5854,5.4636,5.4956,9025413.37739056,49600061.75678755
2025-10-14,Mercado Bitcoin,USDT,USDT/BRL,5.4937,5.5364,5.4667,5.5018,6752805.79735413,37152586.935882956
2025-10-15,Mercado Bitcoin,USDT,USDT/BRL,5.5051,5.5053,5.442,5.468,7105231.85991674,38851407.81002474
2025-10-16,Mercado Bitcoin,USDT,USDT/BRL,5.4621,5.4746,5.4286,5.4602,2760343.46961279,15072027.412779756
2025-10-17,Mercado Bitcoin,USDT,USDT/BRL,5.4603,5.4799,5.4115,5.4367,7388286.71873204,40167898.40373048
2025-10-18,Mercado Bitcoin,USDT,USDT/BRL,5.4333,5.4383,5.4231,5.4317,795172.18629651,4319136.764306754
2025-10-19,Mercado Bitcoin,USDT,USDT/BRL,5.4318,5.4324,5.4101,5.4312,1017572.28581501,5526638.598718482
2025-10-20,Mercado Bitcoin,USDT,USDT/BRL,5.4272,5.4338,5.368,5.3922,5636152.08218447,30391259.2575551
2025-10-21,Mercado Bitcoin,USDT,USDT/BRL,5.3926,5.4435,5.3757,5.4017,7468068.27606953,40340264.40684478
2025-10-22,Mercado Bitcoin,USDT,USDT/BRL,5.4019,5.4193,5.3838,5.4125,4220528.93703805,22843612.871718444
2025-10-23,Mercado Bitcoin,USDT,USDT/BRL,5.4143,5.4217,5.38,5.3938,3430425.32197278,18503028.10165678
2025-10-24,Mercado Bitcoin,USDT,USDT/BRL,5.3987,5.439,5.3705,5.4078,3685554.16955978,19930739.83814538
2025-10-25,Mercado Bitcoin,USDT,USDT/BRL,5.4078,5.4112,5.3943,5.4015,861046.97621234,4650945.242010955
2025-10-26,Mercado Bitcoin,USDT,USDT/BRL,5.3973,5.4038,5.3805,5.3856,412956.72753597,2224019.75181772
2025-10-27,Mercado Bitcoin,USDT,USDT/BRL,5.3856,5.392,5.3655,5.375,1887412.30297987,10144841.1285168
2025-10-28,Mercado Bitcoin,USDT,USDT/BRL,5.3776,5.39,5.3597,5.3682,2192237.17265134,11768367.590226922
2025-10-29,Mercado Bitcoin,USDT,USDT/BRL,5.3683,5.3738,5.3191,5.3646,3179133.08202669,17054777.33184038
2025-10-30,Mercado Bitcoin,USDT,USDT/BRL,5.3606,5.49,5.2304,5.399,4230191.27148207,22838802.674731694
2025-10-31,Mercado Bitcoin,USDT,USDT/BRL,5.399,5.4056,5.3717,5.3894,2027229.72156446,10925551.861399502
2025-11-01,Mercado Bitcoin,USDT,USDT/BRL,5.3885,5.3975,5.3707,5.3785,1618615.64006803,8705724.2201059
2025-11-02,Mercado Bitcoin,USDT,USDT/BRL,5.378,5.3867,5.3691,5.3747,1023700.61116867,5502083.67484825
2025-11-03,Mercado Bitcoin,USDT,USDT/BRL,5.3754,5.3842,5.3469,5.3637,5315950.99072861,28513166.328971043
2025-11-04,Mercado Bitcoin,USDT,USDT/BRL,5.3638,5.476,5.3626,5.4135,4820842.43591874,26097630.5268461
2025-11-05,Mercado Bitcoin,USDT,USDT/BRL,5.4181,5.4235,5.3601,5.3676,8047849.024045,43197634.421463944
2025-11-06,Mercado Bitcoin,USDT,USDT/BRL,5.3641,5.371,5.25,5.3638,1858996.16160425,9971283.611612877
2025-11-07,Mercado Bitcoin,USDT,USDT/BRL,5.363,5.3699,5.3321,5.3423,5576549.69200913,29791601.419620372
2025-11-08,Mercado Bitcoin,USDT,USDT/BRL,5.3483,5.3577,5.24,5.3577,753111.17723225,4034943.754257226
2025-11-09,Mercado Bitcoin,USDT,USDT/BRL,5.3538,5.3718,5.3305,5.3568,1062130.16493863,5689618.867543253
2025-11-10,Mercado Bitcoin,USDT,USDT/BRL,5.3568,5.3631,5.272,5.3096,6687564.05340339,35508290.09795064
2025-11-11,Mercado Bitcoin,USDT,USDT/BRL,5.3066,5.3853,5.2658,5.2929,10208758.63330068,54033938.57019718
2025-11-12,Mercado Bitcoin,USDT,USDT/BRL,5.2943,5.3068,5.2729,5.2973,3089119.54363213,16363992.958482483
2025-11-13,Mercado Bitcoin,USDT,USDT/BRL,5.2973,5.3089,5.2768,5.3089,2686998.03352209,14265003.860165425
2025-11-14,Mercado Bitcoin,USDT,USDT/BRL,5.3089,5.3315,5.2751,5.3157,5728096.28741873,30448841.435031738
2025-11-15,Mercado Bitcoin,USDT,USDT/BRL,5.3109,5.3211,5.31,5.3118,450397.4959724,2392421.4191061943
2025-11-16,Mercado Bitcoin,USDT,USDT/BRL,5.3176,5.33,5.3109,5.3189,677206.90740953,3601995.8198205493
2025-11-17,Mercado Bitcoin,USDT,USDT/BRL,5.3146,5.3353,5.2979,5.3279,3667029.64369866,19537567.23866209
2025-11-18,Mercado Bitcoin,USDT,USDT/BRL,5.3327,5.4098,5.3154,5.3325,2687243.37103455,14329725.276041737
2025-11-19,Mercado Bitcoin,USDT,USDT/BRL,5.3318,5.3499,5.3278,5.3371,2019836.09051214,10780067.198672343
2025-11-20,Mercado Bitcoin,USDT,USDT/BRL,5.3382,5.3525,5.332,5.3519,489805.39987677,2621389.519600485
2025-11-21,Mercado Bitcoin,USDT,USDT/BRL,5.3471,5.4531,5.3424,5.4255,4843193.93176429,26276748.676787157
2025-11-22,Mercado Bitcoin,USDT,USDT/BRL,5.42,5.4287,5.4173,5.4286,275059.00301344,1493185.3037587604
2025-11-23,Mercado Bitcoin,USDT,USDT/BRL,5.4286,5.4355,5.39,5.4264,588037.01357564,3190924.050466853
2025-11-24,Mercado Bitcoin,USDT,USDT/BRL,5.431,5.4356,5.3604,5.3975,4781407.35427272,25807646.19468701
2025-11-25,Mercado Bitcoin,USDT,USDT/BRL,5.3976,5.4233,5.36,5.3895,1885898.32592351,10164049.027564757
2025-11-26,Mercado Bitcoin,USDT,USDT/BRL,5.39,5.3996,5.3345,5.3484,5363744.03845515,28687448.615273524
2025-11-27,Mercado Bitcoin,USDT,USDT/BRL,5.3499,5.3723,5.3338,5.3656,3837844.48293359,20592338.357628472
2025-11-28,Mercado Bitcoin,USDT,USDT/BRL,5.3714,5.3867,5.3309,5.3568,4374192.45787594,23431674.158349834
2025-11-29,Mercado Bitcoin,USDT,USDT/BRL,5.3582,5.3723,5.3503,5.3691,379881.75747012,2039623.1440328213
2025-11-30,Mercado Bitcoin,USDT,USDT/BRL,5.3691,5.4502,5.3574,5.3673,694010.22176968,3724961.063304404
2025-12-01,Mercado Bitcoin,USDT,USDT/BRL,5.3745,5.3766,5.3345,5.3673,5990641.51595746,32153570.208598476
2025-12-02,Mercado Bitcoin,USDT,USDT/BRL,5.3675,5.3686,5.3311,5.3356,5102530.86177524,27225063.66608797
2025-12-03,Mercado Bitcoin,USDT,USDT/BRL,5.3356,5.3406,5.3007,5.3149,3121730.01976933,16591682.882072011
2025-12-04,Mercado Bitcoin,USDT,USDT/BRL,5.3149,5.3284,5.2943,5.3237,1739713.42611252,9261712.366595222
2025-12-05,Mercado Bitcoin,USDT,USDT/BRL,5.3237,5.4727,5.2911,5.4701,2645305.91223955,14470087.870541565
2025-12-06,Mercado Bitcoin,USDT,USDT/BRL,5.4701,5.4979,5.4666,5.4934,665274.14163534,3654616.969659577
2025-12-07,Mercado Bitcoin,USDT,USDT/BRL,5.4889,5.4992,5.4708,5.4914,430753.62886729,2365440.477561836
2025-12-08,Mercado Bitcoin,USDT,USDT/BRL,5.4784,5.4968,5.3943,5.4427,5620984.37159249,30593331.639266446
2025-12-09,Mercado Bitcoin,USDT,USDT/BRL,5.4378,5.4922,5.3569,5.4442,1738473.80837384,9464599.10754886
2025-12-10,Mercado Bitcoin,USDT,USDT/BRL,5.4442,5.4917,5.3715,5.4787,1949619.72431074,10681381.58358125
2025-12-11,Mercado Bitcoin,USDT,USDT/BRL,5.4789,5.4915,5.3826,5.4064,3340398.16458729,18059528.637024723
2025-12-12,Mercado Bitcoin,USDT,USDT/BRL,5.4064,5.49,5.3862,5.4372,4067842.32971563,22117672.315129824
2025-12-13,Mercado Bitcoin,USDT,USDT/BRL,5.4301,5.44,5.4296,5.4339,264947.93334583,1439700.5750079057
2025-12-14,Mercado Bitcoin,USDT,USDT/BRL,5.4382,5.4424,5.4291,5.4415,237449.41335438,1292080.9827678585
2025-12-15,Mercado Bitcoin,USDT,USDT/BRL,5.4376,5.4419,5.3859,5.4245,2673474.16636184,14502260.615429802
2025-12-16,Mercado Bitcoin,USDT,USDT/BRL,5.4278,5.5138,5.415,5.48,1832960.58509225,10044624.00630553
2025-12-17,Mercado Bitcoin,USDT,USDT/BRL,5.4837,5.5318,5.3475,5.53,1706365.85706488,9436203.189568786
2025-12-18,Mercado Bitcoin,USDT,USDT/BRL,5.5277,5.5567,5.507,5.5277,1210328.13170087,6690330.8136029
2025-12-19,Mercado Bitcoin,USDT,USDT/BRL,5.5278,5.5728,5.5,5.5621,1619027.07169358,9005190.47546686
2025-12-20,Mercado Bitcoin,USDT,USDT/BRL,5.5656,5.5685,5.5501,5.5666,318234.46931573,1771483.9968929426
2025-12-21,Mercado Bitcoin,USDT,USDT/BRL,5.5666,5.5684,5.5501,5.5528,269020.55840392,1493817.356705287
2025-12-22,Mercado Bitcoin,USDT,USDT/BRL,5.5508,5.6078,5.5226,5.5931,1346860.49301345,7533125.423473527
2025-12-23,Mercado Bitcoin,USDT,USDT/BRL,5.5931,5.6099,5.5075,5.5372,2470503.26131489,13679670.658552809
2025-12-24,Mercado Bitcoin,USDT,USDT/BRL,5.5373,5.5513,5.531,5.5388,378163.32499739,2094571.0244955437
2025-12-25,Mercado Bitcoin,USDT,USDT/BRL,5.5361,5.5471,5.53,5.536,339439.42570979,1879136.6607293976
2025-12-26,Mercado Bitcoin,USDT,USDT/BRL,5.5422,5.5704,5.3797,5.5503,1732039.12194238,9613336.73851679
2025-12-27,Mercado Bitcoin,USDT,USDT/BRL,5.5512,5.56,5.5401,5.5432,396418.72822783,2197428.2943125074
2025-12-28,Mercado Bitcoin,USDT,USDT/BRL,5.5401,5.5493,5.5353,5.538,245642.60320733,1360368.7365621936
2025-12-29,Mercado Bitcoin,USDT,USDT/BRL,5.538,5.5845,5.5225,5.5739,915470.00155148,5102738.241647795
2025-12-30,Mercado Bitcoin,USDT,USDT/BRL,5.5681,5.5749,5.4856,5.4908,3507804.51310805,19260653.020573683
2025-12-31,Mercado Bitcoin,USDT,USDT/BRL,5.4971,5.5102,5.4776,5.5049,730187.9133515,4019611.4442086727
2026-01-01,Mercado Bitcoin,USDT,USDT/BRL,5.5001,5.511,5.4928,5.5,392968.35249135,2161325.938702425
2026-01-02,Mercado Bitcoin,USDT,USDT/BRL,5.5,5.5057,5.4183,5.4355,3519780.68660687,19131767.922051642
2026-01-03,Mercado Bitcoin,USDT,USDT/BRL,5.4334,5.4435,5.4229,5.4357,635151.80196547,3452494.6499437047
2026-01-04,Mercado Bitcoin,USDT,USDT/BRL,5.4354,5.4445,5.43,5.4356,191877.88861736,1042971.451368522
2026-01-05,Mercado Bitcoin,USDT,USDT/BRL,5.434,5.4544,5.3462,5.4138,2776890.57306942,15033530.184483228
2026-01-06,Mercado Bitcoin,USDT,USDT/BRL,5.4149,5.4193,5.362,5.3781,1080017.98258745,5808444.712153564
2026-01-07,Mercado Bitcoin,USDT,USDT/BRL,5.378,5.4013,5.3702,5.3989,1161292.76830375,6269703.526795116
2026-01-08,Mercado Bitcoin,USDT,USDT/BRL,5.3995,5.4115,5.3746,5.3922,898807.71215233,4846550.945467793
2026-01-09,Mercado Bitcoin,USDT,USDT/BRL,5.3981,5.4005,5.3502,5.3907,683985.64715844,3687161.428137002
2026-01-10,Mercado Bitcoin,USDT,USDT/BRL,5.3861,5.3933,5.3773,5.3787,332355.46038699,1787640.314783503
2026-01-11,Mercado Bitcoin,USDT,USDT/BRL,5.3786,5.3899,5.3748,5.3822,614678.7742159,3308324.098584817
2026-01-12,Mercado Bitcoin,USDT,USDT/BRL,5.381,5.3839,5.3535,5.3814,1099003.09805557,5914175.271876244
2026-01-13,Mercado Bitcoin,USDT,USDT/BRL,5.3747,5.3896,5.3601,5.3772,727515.79687921,3911997.9429788883
2026-01-14,Mercado Bitcoin,USDT,USDT/BRL,5.3783,5.4116,5.3322,5.4001,1591873.7125227,8596277.234993832
2026-01-15,Mercado Bitcoin,USDT,USDT/BRL,5.4003,5.4045,5.3012,5.3736,2932692.30235408,15759115.355929885
2026-01-16,Mercado Bitcoin,USDT,USDT/BRL,5.3736,5.3901,5.3653,5.3899,1126066.87789168,6069387.8651483655
2026-01-17,Mercado Bitcoin,USDT,USDT/BRL,5.3851,5.3898,5.3634,5.3872,424813.40732798,2288554.787957294
2026-01-18,Mercado Bitcoin,USDT,USDT/BRL,5.3864,5.3899,5.3782,5.38,231222.7789989,1243978.551014082
2026-01-19,Mercado Bitcoin,USDT,USDT/BRL,5.3844,5.3901,5.358,5.3787,1120794.78387167,6028418.904010552
2026-01-20,Mercado Bitcoin,USDT,USDT/BRL,5.3786,5.406,5.36,5.3739,2260401.82124074,12147173.347165613
2026-01-21,Mercado Bitcoin,USDT,USDT/BRL,5.3831,5.4199,5.164,5.3226,990073.69697939,5269766.2595425015
2026-01-22,Mercado Bitcoin,USDT,USDT/BRL,5.3226,5.3289,5.246,5.29,3094153.77163793,16368073.45196465
2026-01-23,Mercado Bitcoin,USDT,USDT/BRL,5.2865,5.3021,5.2635,5.301,2123139.75095407,11254763.819807526
2026-01-24,Mercado Bitcoin,USDT,USDT/BRL,5.2957,5.31,5.2944,5.3021,754061.40058232,3998108.9520275192
2026-01-25,Mercado Bitcoin,USDT,USDT/BRL,5.3029,5.3108,5.1916,5.305,1215290.00749297,6447113.489750206
2026-01-26,Mercado Bitcoin,USDT,USDT/BRL,5.305,5.3079,5.26,5.283,2584667.34171384,13654797.566274218
2026-01-27,Mercado Bitcoin,USDT,USDT/BRL,5.2801,5.2913,5.086,5.1822,1630336.31977205,8448728.876322718
2026-01-28,Mercado Bitcoin,USDT,USDT/BRL,5.1821,5.2227,5.014,5.1946,2852437.0658352,14817269.58218753
2026-01-29,Mercado Bitcoin,USDT,USDT/BRL,5.1946,5.2393,5.1652,5.2029,4308463.24576464,22416503.421388846
2026-01-30,Mercado Bitcoin,USDT,USDT/BRL,5.2043,5.2779,5.1265,5.2741,2680822.52644767,14138926.086737657
2026-01-31,Mercado Bitcoin,USDT,USDT/BRL,5.2741,5.2801,5.2603,5.2759,976676.21765165,5152846.05670834
2026-02-01,Mercado Bitcoin,USDT,USDT/BRL,5.2793,5.2998,5.2626,5.2795,878547.70058795,4638292.5852540815
2026-02-02,Mercado Bitcoin,USDT,USDT/BRL,5.2795,5.2916,5.1603,5.264,2008637.34011683,10573466.958374994
2026-02-03,Mercado Bitcoin,USDT,USDT/BRL,5.2695,5.27,5.2036,5.2367,1287692.52786092,6743259.460649279
2026-02-04,Mercado Bitcoin,USDT,USDT/BRL,5.2367,5.2594,5.1033,5.2429,1530683.22948442,8025219.103863865
2026-02-05,Mercado Bitcoin,USDT,USDT/BRL,5.2426,5.2861,5.0828,5.2838,2165554.32911671,11442355.964186873
2026-02-06,Mercado Bitcoin,USDT,USDT/BRL,5.2798,5.3008,5.2113,5.2378,3391692.99390553,17765009.563478384
2026-02-07,Mercado Bitcoin,USDT,USDT/BRL,5.243,5.254,5.2189,5.2428,549135.19297436,2879005.9897259744
2026-02-08,Mercado Bitcoin,USDT,USDT/BRL,5.2427,5.2532,5.2338,5.2487,251170.63680102,1318319.321377514
2026-02-09,Mercado Bitcoin,USDT,USDT/BRL,5.2432,5.2487,5.1698,5.2012,3652068.34943018,18995137.899056252
2026-02-10,Mercado Bitcoin,USDT,USDT/BRL,5.2003,5.2134,5.1837,5.202,1131790.65627061,5887574.9939197125
2026-02-11,Mercado Bitcoin,USDT,USDT/BRL,5.202,5.2024,5.0226,5.1864,2937720.67300978,15236194.498497922
2026-02-12,Mercado Bitcoin,USDT,USDT/BRL,5.1871,5.2196,5.1615,5.2134,1703040.0302762,8878628.89384194
2026-02-13,Mercado Bitcoin,USDT,USDT/BRL,5.2123,5.2479,5.0798,5.2302,1149526.13544185,6012251.593587964
2026-02-14,Mercado Bitcoin,USDT,USDT/BRL,5.2302,5.2395,5.2271,5.2315,625860.45583665,3274188.974709434
2026-02-15,Mercado Bitcoin,USDT,USDT/BRL,5.2319,5.2404,5.2251,5.2373,691772.30189382,3623019.076708504
2026-02-16,Mercado Bitcoin,USDT,USDT/BRL,5.2373,5.2409,5.225,5.2342,398334.55655159,2084962.7359023325
2026-02-17,Mercado Bitcoin,USDT,USDT/BRL,5.234,5.2599,5.1666,5.2446,532071.336019,2790501.3288852475
2026-02-18,Mercado Bitcoin,USDT,USDT/BRL,5.2501,5.2516,5.205,5.2435,778021.37833758,4079555.097313101
2026-02-19,Mercado Bitcoin,USDT,USDT/BRL,5.2435,5.31,5.0566,5.2136,1559686.0907412,8131579.402688319
2026-02-20,Mercado Bitcoin,USDT,USDT/BRL,5.2136,5.239,5.1268,5.1883,956865.29983603,4964504.235139274
2026-02-21,Mercado Bitcoin,USDT,USDT/BRL,5.1939,5.1974,5.1828,5.1857,280282.59011795,1453461.4275746532
2026-02-22,Mercado Bitcoin,USDT,USDT/BRL,5.1869,5.1958,5.1779,5.1779,140397.87373884,726966.1504323396
2026-02-23,Mercado Bitcoin,USDT,USDT/BRL,5.1779,5.2485,5.1461,5.1791,1426615.92385443,7388586.531234479
2026-02-24,Mercado Bitcoin,USDT,USDT/BRL,5.1791,5.204,5.0263,5.1644,1445079.9457325,7462970.871740922
2026-02-25,Mercado Bitcoin,USDT,USDT/BRL,5.1645,5.1692,5.0947,5.1336,2171284.59592186,11146506.60162446
2026-02-26,Mercado Bitcoin,USDT,USDT/BRL,5.131,5.2,5.0746,5.1369,1363557.11163442,7004456.526754851
2026-02-27,Mercado Bitcoin,USDT,USDT/BRL,5.1426,5.173,5.1237,5.1461,1218641.80037838,6271252.568927182
2026-02-28,Mercado Bitcoin,USDT,USDT/BRL,5.1455,5.1603,5.0879,5.1509,520648.974167,2681810.8010368003
2026-03-01,Mercado Bitcoin,USDT,USDT/BRL,5.1447,5.1522,5.0852,5.1485,368894.71426949,1899254.4364164693
2026-03-02,Mercado Bitcoin,USDT,USDT/BRL,5.1522,5.3333,5.1473,5.1794,1257212.66812391,6511607.29328098
2026-03-03,Mercado Bitcoin,USDT,USDT/BRL,5.1727,5.3332,5.1119,5.2821,1560107.50114908,8240643.831819555
2026-03-04,Mercado Bitcoin,USDT,USDT/BRL,5.2865,5.2945,5.199,5.243,1383256.49540614,7252413.805414393
2026-03-05,Mercado Bitcoin,USDT,USDT/BRL,5.2394,5.3,5.16,5.2737,2350366.17186872,12395126.080584068
2026-03-06,Mercado Bitcoin,USDT,USDT/BRL,5.2765,5.3154,5.2459,5.2718,1477198.53456612,7787495.234525671
2026-03-07,Mercado Bitcoin,USDT,USDT/BRL,5.272,5.2862,5.2696,5.2816,313197.70818759,1654185.0155635753
2026-03-08,Mercado Bitcoin,USDT,USDT/BRL,5.2853,5.2967,5.2684,5.2967,420397.96804446,2226721.917341091
2026-03-09,Mercado Bitcoin,USDT,USDT/BRL,5.2967,5.3062,5.0613,5.1803,1614582.25665696,8364020.464160049
2026-03-10,Mercado Bitcoin,USDT,USDT/BRL,5.1801,5.2599,5.0,5.1749,1528383.12760924,7909229.847065056
2026-03-11,Mercado Bitcoin,USDT,USDT/BRL,5.1633,5.26,5.1469,5.1764,2739191.60676685,14179151.433267923
2026-03-12,Mercado Bitcoin,USDT,USDT/BRL,5.1751,5.2924,5.04,5.2591,1417846.84444507,7456598.339621068
2026-03-13,Mercado Bitcoin,USDT,USDT/BRL,5.2591,5.34,5.2221,5.3356,2403044.19982531,12821682.632587926
2026-03-14,Mercado Bitcoin,USDT,USDT/BRL,5.3399,5.3499,5.326,5.3458,360642.71758638,1927923.8396732702
2026-03-15,Mercado Bitcoin,USDT,USDT/BRL,5.3451,5.3459,5.3196,5.3209,316228.17596762,1682618.5015061093
2026-03-16,Mercado Bitcoin,USDT,USDT/BRL,5.3195,5.3195,5.0999,5.2395,1552871.26706354,8136269.003779417
2026-03-17,Mercado Bitcoin,USDT,USDT/BRL,5.2395,5.2474,5.1757,5.2036,1921649.70883818,9999496.424910353
2026-03-18,Mercado Bitcoin,USDT,USDT/BRL,5.2036,5.2745,5.1907,5.2603,3128298.27953268,16455787.439825756
2026-03-19,Mercado Bitcoin,USDT,USDT/BRL,5.2604,5.3077,5.18,5.2261,1968492.39503896,10287538.105713109
2026-03-20,Mercado Bitcoin,USDT,USDT/BRL,5.2261,5.3292,5.2221,5.3063,2508306.97682907,13309829.311148096
2026-03-21,Mercado Bitcoin,USDT,USDT/BRL,5.3068,5.3214,5.305,5.3113,669601.77601696,3556455.91295888
2026-03-22,Mercado Bitcoin,USDT,USDT/BRL,5.315,5.3229,5.3028,5.3127,533428.70367653,2833946.6740223016
2026-03-23,Mercado Bitcoin,USDT,USDT/BRL,5.3165,5.3437,5.2208,5.2394,1402358.26645303,7347515.901254006
2026-03-24,Mercado Bitcoin,USDT,USDT/BRL,5.2394,5.2815,5.22,5.2418,1581413.21486524,8289451.789680614
2026-03-25,Mercado Bitcoin,USDT,USDT/BRL,5.2401,5.2496,5.2056,5.2323,3293767.07194635,17233977.450544886
2026-03-26,Mercado Bitcoin,USDT,USDT/BRL,5.2322,5.2618,5.08,5.2377,4847400.84296984,25389231.395223133
2026-03-27,Mercado Bitcoin,USDT,USDT/BRL,5.239,5.2799,5.084,5.256,4724791.78213259,24833505.606888894
2026-03-28,Mercado Bitcoin,USDT,USDT/BRL,5.256,5.2618,5.249,5.2555,302287.81427874,1588673.607941918
2026-03-29,Mercado Bitcoin,USDT,USDT/BRL,5.2544,5.2599,5.2385,5.2436,242876.35436888,1273546.4517686593
2026-03-30,Mercado Bitcoin,USDT,USDT/BRL,5.2505,5.2621,5.2194,5.2575,1283624.27104615,6748654.605025134
2026-03-31,Mercado Bitcoin,USDT,USDT/BRL,5.2501,5.2599,5.1756,5.1844,1332278.06142814,6907062.381668049
2026-04-01,Mercado Bitcoin,USDT,USDT/BRL,5.1808,5.1845,5.1202,5.1591,6281383.53287689,32406285.78446516
2026-04-02,Mercado Bitcoin,USDT,USDT/BRL,5.1614,5.1999,5.14,5.1769,2518540.50355592,13038232.332858643
2026-04-03,Mercado Bitcoin,USDT,USDT/BRL,5.1755,5.1867,5.1694,5.1814,249497.80669175,1292747.9355926334
2026-04-04,Mercado Bitcoin,USDT,USDT/BRL,5.1791,5.1827,5.1601,5.1743,231048.00638106,1195511.6994175187
2026-04-05,Mercado Bitcoin,USDT,USDT/BRL,5.179,5.1842,5.1601,5.1701,253501.55625057,1310628.395971072
2026-04-06,Mercado Bitcoin,USDT,USDT/BRL,5.1701,5.1798,5.0,5.1481,916681.53255449,4719168.197743771
2026-04-07,Mercado Bitcoin,USDT,USDT/BRL,5.1484,5.171,5.13,5.1325,1053065.19345262,5404857.105395572
2026-04-08,Mercado Bitcoin,USDT,USDT/BRL,5.1326,5.158,5.07,5.1081,2996280.32580102,15305299.532224191
2026-04-09,Mercado Bitcoin,USDT,USDT/BRL,5.11,5.1152,5.0551,5.0701,2669561.03950739,13534941.426406419
2026-04-10,Mercado Bitcoin,USDT,USDT/BRL,5.0649,5.0799,4.8682,5.0287,5554158.50297207,27930196.863895647
2026-04-11,Mercado Bitcoin,USDT,USDT/BRL,5.0295,5.0315,5.0181,5.0249,285224.43311578,1433224.2539634828
2026-04-12,Mercado Bitcoin,USDT,USDT/BRL,5.0249,5.0563,5.0249,5.0376,427922.34261852,2155701.5931750564
2026-04-13,Mercado Bitcoin,USDT,USDT/BRL,5.0376,5.0484,4.9875,5.0,947692.59613599,4738462.98067995
2026-04-14,Mercado Bitcoin,USDT,USDT/BRL,5.0025,5.0086,4.976,4.9954,870078.88537052,4346392.063979896
2026-04-15,Mercado Bitcoin,USDT,USDT/BRL,4.9941,5.0198,4.963,5.0024,2686522.52627907,13439060.28545842
2026-04-16,Mercado Bitcoin,USDT,USDT/BRL,5.0024,5.0284,4.9098,5.0015,4171218.07942759,20862347.224257093
2026-04-17,Mercado Bitcoin,USDT,USDT/BRL,5.0007,5.0051,4.96,4.9988,778499.85662122,3891565.0832781545
2026-04-18,Mercado Bitcoin,USDT,USDT/BRL,4.9947,5.01,4.9878,4.9979,492036.9689,2459151.5668653096
2026-04-19,Mercado Bitcoin,USDT,USDT/BRL,4.9918,5.0007,4.9901,4.9914,10463.0768,52225.40153952
2026-04-20,Mercado Bitcoin,USDT,USDT/BRL,4.9952,5.0018,4.8283,4.9725,4721242.31179711,23476377.395411134
2026-04-21,Mercado Bitcoin,USDT,USDT/BRL,4.9721,4.9947,4.9555,4.9879,684532.35748602,3414378.945904519
2026-04-22,Mercado Bitcoin,USDT,USDT/BRL,4.9878,4.9903,4.8916,4.9754,4599801.11895538,22885850.487250596
2026-04-23,Mercado Bitcoin,USDT,USDT/BRL,4.9755,5.0369,4.944,5.0319,995525.5982604,5009385.257886507
2026-04-24,Mercado Bitcoin,USDT,USDT/BRL,5.0322,5.042,4.9816,5.0043,866402.70466921,4335739.054976127
2026-04-25,Mercado Bitcoin,USDT,USDT/BRL,5.0049,5.0133,4.97,5.0099,364740.44651954,1827313.1630182434
2026-04-26,Mercado Bitcoin,USDT,USDT/BRL,5.0071,5.0099,4.997,5.0028,168905.60269216,845000.9491483379
2026-04-27,Mercado Bitcoin,USDT,USDT/BRL,5.0028,5.005,4.825,4.9837,1378935.87717797,6872202.731091849
2026-04-28,Mercado Bitcoin,USDT,USDT/BRL,4.9825,5.024,4.9738,4.9833,4305699.59499644,21456592.79174576
2026-04-29,Mercado Bitcoin,USDT,USDT/BRL,4.9833,5.0147,4.9732,5.0079,4405090.65651793,22060253.498776145
2026-04-30,Mercado Bitcoin,USDT,USDT/BRL,5.0033,5.0085,4.9297,4.9634,4551821.02985101,22592508.499562502
2026-05-01,Mercado Bitcoin,USDT,USDT/BRL,4.9635,4.9744,4.949,4.9689,1456454.0320413,7236974.439810015
2026-05-02,Mercado Bitcoin,USDT,USDT/BRL,4.9688,4.9724,4.9603,4.9657,361166.40345061,1793444.0096146942
2026-05-03,Mercado Bitcoin,USDT,USDT/BRL,4.965,4.972,4.9557,4.9601,219645.50615899,1089463.6750992062
2026-05-04,Mercado Bitcoin,USDT,USDT/BRL,4.9601,4.9817,4.8239,4.9732,1049832.30792748,5221026.033784944
2026-05-05,Mercado Bitcoin,USDT,USDT/BRL,4.9728,4.9752,4.9068,4.9136,2876987.86129284,14136367.555248497
2026-05-06,Mercado Bitcoin,USDT,USDT/BRL,4.9136,4.9342,4.875,4.9264,755637.95974094,3722574.844867767
2026-05-07,Mercado Bitcoin,USDT,USDT/BRL,4.9295,4.94,4.8727,4.937,2317073.02004352,11439389.499954857
2026-05-08,Mercado Bitcoin,USDT,USDT/BRL,4.9399,4.9463,4.8954,4.9075,1351926.507882,6634579.337430915
2026-05-09,Mercado Bitcoin,USDT,USDT/BRL,4.9046,4.9112,4.8801,4.9054,1519303.59581509,7452791.858911343
2026-05-10,Mercado Bitcoin,USDT,USDT/BRL,4.9074,4.921,4.9049,4.9132,635523.58994152,3122454.502100676
2026-05-11,Mercado Bitcoin,USDT,USDT/BRL,4.9103,4.9221,4.7463,4.8984,1970912.29732935,9654316.797238087
2026-05-12,Mercado Bitcoin,USDT,USDT/BRL,4.9,4.9177,4.8922,4.9046,876969.35136116,4301183.880685946
2026-05-13,Mercado Bitcoin,USDT,USDT/BRL,4.9045,5.0235,4.8939,5.0163,1813471.09352078,9096915.04642829
2026-05-14,Mercado Bitcoin,USDT,USDT/BRL,5.0187,5.1,4.9738,4.9971,3255854.10435723,16269828.544883514
2026-05-15,Mercado Bitcoin,USDT,USDT/BRL,4.9971,5.0799,4.9954,5.0703,3974797.52017072,20153415.8665216
2026-05-16,Mercado Bitcoin,USDT,USDT/BRL,5.0689,5.075,5.0654,5.0662,407693.93132596,2065458.9948835785
2026-05-17,Mercado Bitcoin,USDT,USDT/BRL,5.0664,5.0751,5.0664,5.0708,104242.795075,528594.36526631
2026-05-18,Mercado Bitcoin,USDT,USDT/BRL,5.0709,5.0988,4.8875,5.006,6473395.49876314,32405817.86680828
2026-05-19,Mercado Bitcoin,USDT,USDT/BRL,5.0038,5.0542,4.9979,5.0511,4110682.55775347,20763468.66746855
2026-05-20,Mercado Bitcoin,USDT,USDT/BRL,5.0522,5.0584,4.9961,5.0035,671896.37298487,3361833.5022297967
2026-05-21,Mercado Bitcoin,USDT,USDT/BRL,5.0035,5.0251,4.9075,5.003,1066386.76299383,5335132.9752581315
2026-05-22,Mercado Bitcoin,USDT,USDT/BRL,5.0031,5.7772,4.8565,5.0542,2158583.9053193,10909914.774264805
2026-05-23,Mercado Bitcoin,USDT,USDT/BRL,5.0531,5.061,5.0473,5.054,244860.93747584,1237527.1780028956
2026-05-24,Mercado Bitcoin,USDT,USDT/BRL,5.0504,5.0556,5.0171,5.0211,392191.43977044,1969232.4382313562
2026-05-25,Mercado Bitcoin,USDT,USDT/BRL,5.0216,5.049,4.9745,5.0422,1390580.15882079,7011583.276806188
2026-05-26,Mercado Bitcoin,USDT,USDT/BRL,5.0384,5.06,5.0143,5.0464,969837.45345303,4894187.72510537
2026-05-27,Mercado Bitcoin,USDT,USDT/BRL,5.0464,5.0679,4.8952,5.0632,1074523.75604842,5440528.68162436
2026-05-28,Mercado Bitcoin,USDT,USDT/BRL,5.0623,5.074,5.0256,5.0501,943597.95665663,4765264.040911647
2026-05-29,Mercado Bitcoin,USDT,USDT/BRL,5.0521,5.0714,5.0324,5.05,752017.21805888,3797686.9511973434
2026-05-30,Mercado Bitcoin,USDT,USDT/BRL,5.0521,5.0599,5.0471,5.0552,258268.19632373,1305597.3860557198
2026-05-31,Mercado Bitcoin,USDT,USDT/BRL,5.0586,5.0611,5.0507,5.0565,131747.44785502,666180.9700789086
2026-06-01,Mercado Bitcoin,USDT,USDT/BRL,5.0556,5.0581,4.8667,5.0269,1322962.92886321,6650402.347102471
2026-06-02,Mercado Bitcoin,USDT,USDT/BRL,5.0288,5.0297,5.0042,5.0152,1050662.3725702,5269281.930914067
2026-06-03,Mercado Bitcoin,USDT,USDT/BRL,5.0152,5.091,4.9515,5.0733,1324850.69453262,6721365.0285723405
2026-06-04,Mercado Bitcoin,USDT,USDT/BRL,5.074,5.0812,5.0676,5.0769,893486.25143671,4536140.349919033
2026-06-05,Mercado Bitcoin,USDT,USDT/BRL,5.0727,5.1982,4.949,5.192,3268558.49468062,16970355.70438178
2026-06-06,Mercado Bitcoin,USDT,USDT/BRL,5.1956,5.2026,5.1832,5.2017,283988.60294481,1477223.5159380182
2026-06-07,Mercado Bitcoin,USDT,USDT/BRL,5.2017,5.2215,5.1849,5.1973,401069.30262411,2084477.4865282872
2026-06-08,Mercado Bitcoin,USDT,USDT/BRL,5.1962,5.2132,5.143,5.1935,1427307.81896627,7412723.157801324
2026-06-09,Mercado Bitcoin,USDT,USDT/BRL,5.197,5.197,5.0767,5.1828,1787176.55363993,9262578.64220503
2026-06-10,Mercado Bitcoin,USDT,USDT/BRL,5.1833,5.1984,5.03,5.1916,1334230.02201867,6926788.582312128
2026-06-11,Mercado Bitcoin,USDT,USDT/BRL,5.1915,5.1925,5.096,5.1052,1253890.75923705,6401363.104056988
2026-06-12,Mercado Bitcoin,USDT,USDT/BRL,5.1096,5.1305,5.0352,5.0828,1270049.40493563,6455407.11540682
2026-06-13,Mercado Bitcoin,USDT,USDT/BRL,5.0828,5.0859,5.072,5.0733,267623.81745905,1357735.9131149983
2026-06-14,Mercado Bitcoin,USDT,USDT/BRL,5.0773,5.0812,5.0541,5.0588,713337.62865325,3608632.395831061
2026-06-15,Mercado Bitcoin,USDT,USDT/BRL,5.0567,5.081,5.031,5.0699,1228234.97796891,6227028.5148045765
2026-06-16,Mercado Bitcoin,USDT,USDT/BRL,5.0695,5.1027,5.0475,5.0968,526838.77027962,2685191.844361167
2026-06-17,Mercado Bitcoin,USDT,USDT/BRL,5.0976,5.1251,5.055,5.1148,779394.42255749,3986446.5924970494
2026-06-18,Mercado Bitcoin,USDT,USDT/BRL,5.118,5.1856,5.1043,5.1725,1050749.56811035,5435002.141050786
2026-06-19,Mercado Bitcoin,USDT,USDT/BRL,5.1694,5.1792,5.006,5.159,849271.23863867,4381390.320136898
2026-06-20,Mercado Bitcoin,USDT,USDT/BRL,5.1634,5.172,5.1572,5.1651,325016.65469681,1678743.5231744933
2026-06-21,Mercado Bitcoin,USDT,USDT/BRL,5.1649,5.1702,5.1638,5.1695,115267.5636235,595875.6701516833
2026-06-22,Mercado Bitcoin,USDT,USDT/BRL,5.1665,5.1689,5.0623,5.1507,651112.29273665,3353684.086198663
2026-06-23,Mercado Bitcoin,USDT,USDT/BRL,5.1524,5.2143,5.0886,5.2137,732099.87267665,3816949.10617425
2026-06-24,Mercado Bitcoin,USDT,USDT/BRL,5.207,5.32,5.2039,5.2762,1222739.3239,6451417.22076118
2026-06-25,Mercado Bitcoin,USDT,USDT/BRL,5.2772,5.3053,5.1694,5.2308,3384296.3068,17702577.121609442
2026-06-26,Mercado Bitcoin,USDT,USDT/BRL,5.2335,5.2499,5.1314,5.2499,1085906.3495,5700899.74424005
2026-06-27,Mercado Bitcoin,USDT,USDT/BRL,5.2499,5.2519,5.223,5.2502,580211.9945,3046229.0135239004
2026-06-28,Mercado Bitcoin,USDT,USDT/BRL,5.2502,5.2502,5.2179,5.2292,223182.0398,1167063.5225221599
2026-06-29,Mercado Bitcoin,USDT,USDT/BRL,5.2294,5.2648,5.2168,5.2238,725872.4979,3791812.7545300196
2026-06-30,Mercado Bitcoin,USDT,USDT/BRL,5.225,5.2683,5.0245,5.248,1644994.7447,8632932.4201856
2026-07-01,Mercado Bitcoin,USDT,USDT/BRL,5.2485,5.2729,5.16,5.2651,1485894.9,7823385.23799
2026-07-02,Mercado Bitcoin,USDT,USDT/BRL,5.2637,5.2659,5.042,5.2577,1059928.6215,5572786.713260549
2026-07-03,Mercado Bitcoin,USDT,USDT/BRL,5.2581,5.2872,5.1589,5.2833,1672237.3368,8834931.521515438
2026-07-04,Mercado Bitcoin,USDT,USDT/BRL,5.2836,5.2874,5.2315,5.27,260742.3487,1374112.177649
2026-07-05,Mercado Bitcoin,USDT,USDT/BRL,5.2701,5.2738,5.2667,5.2687,108307.7909,570641.25791483
2026-07-06,Mercado Bitcoin,USDT,USDT/BRL,5.2717,5.2762,5.021,5.2265,1611938.8356,8424798.3242634
2026-07-07,Mercado Bitcoin,USDT,USDT/BRL,5.2258,5.2328,4.885,5.2259,3762990.3513,19665011.276858672
2026-07-08,Mercado Bitcoin,USDT,USDT/BRL,5.2229,5.245,5.0071,5.2089,3031060.7355,15788492.26514595
2026-07-09,Mercado Bitcoin,USDT,USDT/BRL,5.2072,5.2091,5.1424,5.1582,746529.0084,3850745.93112888
2026-07-10,Mercado Bitcoin,USDT,USDT/BRL,5.1582,5.167,5.0961,5.1555,1005782.1058,5185309.6464519
2026-07-11,Mercado Bitcoin,USDT,USDT/BRL,5.1544,5.1653,5.1413,5.16,934139.0644,4820157.572304
2026-07-12,Mercado Bitcoin,USDT,USDT/BRL,5.1599,5.1636,5.1503,5.1523,250798.3752,1292188.4685429602
2026-07-13,Mercado Bitcoin,USDT,USDT/BRL,5.1543,5.1733,4.977,5.1714,968106.6212,5006466.58087368
2026-07-14,Mercado Bitcoin,USDT,USDT/BRL,5.1733,5.1765,5.0998,5.1112,1027283.7034,5250652.46481808
2026-07-15,Mercado Bitcoin,USDT,USDT/BRL,5.1112,5.1137,4.9063,5.1095,1762100.86,9003454.34417
2026-07-16,Mercado Bitcoin,USDT,USDT/BRL,5.1099,5.141,4.9373,5.132,1130465.3533,5801548.1931356
2026-07-17,Mercado Bitcoin,USDT,USDT/BRL,5.132,5.1574,4.9955,5.1468,1887421.8932,9714182.99992176
2026-07-18,Mercado Bitcoin,USDT,USDT/BRL,5.1464,5.1557,5.1424,5.1529,270234.0039,1392488.79869631
2026-07-19,Mercado Bitcoin,USDT,USDT/BRL,5.153,5.1645,5.1401,5.1442,304263.1341,1565190.41443722
2026-07-20,Mercado Bitcoin,USDT,USDT/BRL,5.1453,5.1568,4.9325,5.1231,1604719.103,8221136.436579299
2026-07-21,Mercado Bitcoin,USDT,USDT/BRL,5.1231,5.1241,4.916,5.1003,1382021.325,7048723.3638975
2026-07-22,Mercado Bitcoin,USDT,USDT/BRL,5.1004,5.1098,4.9218,5.0869,1315997.4974,6694347.66952406
2026-07-23,Mercado Bitcoin,USDT,USDT/BRL,5.087,5.1125,5.0813,5.1051,1556504.8913,7946113.12057563
2026-07-24,Mercado Bitcoin,USDT,USDT/BRL,5.1116,5.1128,5.0718,5.1116,2266314.3145,11584492.249998199
2026-07-25,Mercado Bitcoin,USDT,USDT/BRL,5.1111,5.1177,5.0955,5.1096,887666.0312,4535618.35301952
2026-07-26,Mercado Bitcoin,USDT,USDT/BRL,5.1099,5.1131,5.0988,5.1032,144187.3961,735817.1197775201
2026-07-27,Mercado Bitcoin,USDT,USDT/BRL,5.103,5.129,5.0802,5.1278,1105345.6466,5667991.40663548
2026-07-28,Mercado Bitcoin,USDT,USDT/BRL,5.128,5.1385,4.9683,5.1373,1047710.1339,5382401.27088447
2026-07-29,Mercado Bitcoin,USDT,USDT/BRL,5.1374,5.1539,5.093,5.1341,2574809.5952,13219329.94271632
2026-07-30,Mercado Bitcoin,USDT,USDT/BRL,5.1323,5.1349,5.0756,5.0901,1068976.6536,5441198.06448936
2026-07-31,Mercado Bitcoin,USDT,USDT/BRL,5.0901,5.1119,5.0849,5.1037,1519906.3889,7757146.237028929
2026-08-01,Mercado Bitcoin,USDT,USDT/BRL,5.1035,5.1135,5.0735,5.1053,818302.1879,4177678.15988587
2026-08-02,Mercado Bitcoin,USDT,USDT/BRL,5.1054,5.108,5.0934,5.0953,359543.3472,1831981.21698816
2026-08-03,Mercado Bitcoin,USDT,USDT/BRL,5.0956,5.1388,5.0756,5.1004,1186325.4835,6050734.4960434
2026-08-04,Mercado Bitcoin,USDT,USDT/BRL,5.1005,5.25,5.07,5.1511,1004537.0212,5174470.64990332
2026-08-05,Mercado Bitcoin,USDT,USDT/BRL,5.1509,5.1575,5.08,5.1365,1239246.5022,6365389.6585503
2026-08-06,Mercado Bitcoin,USDT,USDT/BRL,5.1378,5.1435,5.1025,5.124,1383738.6728,7090276.9594272
2026-08-07,Mercado Bitcoin,USDT,USDT/BRL,5.1243,5.1327,5.0911,5.1036,1632973.2269,8334042.160806839
2026-08-08,Mercado Bitcoin,USDT,USDT/BRL,5.1039,5.1092,5.1016,5.1077,395306.9647,2019109.3835981903
2026-08-09,Mercado Bitcoin,USDT,USDT/BRL,5.1073,5.112,5.1019,5.1085,506287.0013,2586367.1461410504
2026-08-10,Mercado Bitcoin,USDT,USDT/BRL,5.1085,5.1388,4.9664,5.13,1335959.9597,6853474.593261
2026-08-11,Mercado Bitcoin,USDT,USDT/BRL,5.13,5.1878,5.0088,5.1727,1342099.3773,6942277.44895971
2026-08-12,Mercado Bitcoin,USDT,USDT/BRL,5.1727,5.2062,5.1369,5.2029,1352085.6855,7034766.613087949
2026-08-13,Mercado Bitcoin,USDT,USDT/BRL,5.2019,5.2519,5.0386,5.203,966470.1707,5028544.2981521
2026-08-14,Mercado Bitcoin,USDT,USDT/BRL,5.2032,5.2556,5.1871,5.2353,1319372.7659,6907312.241316269
2026-08-15,Mercado Bitcoin,USDT,USDT/BRL,5.2354,5.2447,5.2302,5.2348,393910.6969,2062043.7161321198
2026-08-16,Mercado Bitcoin,USDT,USDT/BRL,5.2351,5.2472,5.2337,5.2424,238569.5904,1250677.22071296
2026-08-17,Mercado Bitcoin,USDT,USDT/BRL,5.2423,5.2499,5.0405,5.2211,2502010.3252,13063246.108901719
2026-08-18,Mercado Bitcoin,USDT,USDT/BRL,5.2209,5.2386,5.1881,5.2383,979107.8526,5128860.66427458
2026-08-19,Mercado Bitcoin,USDT,USDT/BRL,5.2385,5.26,5.0422,5.1883,766848.5072,3978640.10990576
2026-08-20,Mercado Bitcoin,USDT,USDT/BRL,5.1892,5.2158,5.1801,5.2106,973641.6646,5073257.257564761
2026-08-21,Mercado Bitcoin,USDT,USDT/BRL,5.2108,5.2129,5.1457,5.1671,1471839.6077,7605142.43694667
2026-08-22,Mercado Bitcoin,USDT,USDT/BRL,5.1671,5.1703,5.1554,5.1605,959151.7998,4949702.8628679
2026-08-23,Mercado Bitcoin,USDT,USDT/BRL,5.1605,5.1633,5.1431,5.1611,480359.4903,2479183.3653873303
2026-08-24,Mercado Bitcoin,USDT,USDT/BRL,5.1605,5.2155,5.001,5.1744,1296152.7808,6706812.948971521
2026-08-25,Mercado Bitcoin,USDT,USDT/BRL,5.1744,5.1781,5.0149,5.1656,2438370.8341,12595648.380626962
2026-08-26,Mercado Bitcoin,USDT,USDT/BRL,5.1672,5.1777,5.0,5.1654,1476074.5203,7624515.327157619
2026-08-27,Mercado Bitcoin,USDT,USDT/BRL,5.1654,5.2188,5.08,5.183,1592427.5637,8253552.0626571
2026-08-28,Mercado Bitcoin,USDT,USDT/BRL,5.1829,5.242,5.1638,5.2159,1533111.1797,7996554.602197231
2026-08-29,Mercado Bitcoin,USDT,USDT/BRL,5.2159,5.22,5.2034,5.2091,540328.5078,2814625.22998098
2026-08-30,Mercado Bitcoin,USDT,USDT/BRL,5.2091,5.2176,5.2072,5.2152,296476.4258,1546183.8558321602
2026-08-31,Mercado Bitcoin,USDT,USDT/BRL,5.2153,5.2193,5.1408,5.2018,3778303.2107,19653977.64141926
2026-09-01,Mercado Bitcoin,USDT,USDT/BRL,5.2018,5.2182,5.1496,5.1673,1797349.5273,9287444.21241729
2026-09-02,Mercado Bitcoin,USDT,USDT/BRL,5.168,5.1831,5.0661,5.1177,1545079.6844,7907254.30085388
2026-09-03,Mercado Bitcoin,USDT,USDT/BRL,5.1189,5.1279,4.9502,5.1275,1364260.6844,6995246.659261
2026-09-04,Mercado Bitcoin,USDT,USDT/BRL,5.1275,5.1566,5.1213,5.1542,1964676.0245,10126333.165477902
2026-09-05,Mercado Bitcoin,USDT,USDT/BRL,5.1542,5.1636,5.1495,5.1608,1103216.7522,5693481.01475376
2026-09-06,Mercado Bitcoin,USDT,USDT/BRL,5.1622,5.1798,5.1592,5.1747,1082291.0783,5600531.642879009
2026-09-07,Mercado Bitcoin,USDT,USDT/BRL,5.1738,5.1931,5.1301,5.1849,1328507.3575,6888177.79790175
2026-09-08,Mercado Bitcoin,USDT,USDT/BRL,5.1849,5.19,4.93,5.1117,1563780.3491,7993576.01049447
2026-09-09,Mercado Bitcoin,USDT,USDT/BRL,5.1119,5.1633,5.0826,5.1275,1258150.0736,6451164.502384
2026-09-10,Mercado Bitcoin,USDT,USDT/BRL,5.1267,5.173,4.941,5.1255,2545774.3186,13048366.2699843
2026-09-11,Mercado Bitcoin,USDT,USDT/BRL,5.1248,5.1573,4.9347,5.1571,1152686.3151,5944518.59560221
2026-09-12,Mercado Bitcoin,USDT,USDT/BRL,5.1568,5.1568,5.1511,5.1551,280454.3141,1445770.0346169102
2020-05-26,Mercado Bitcoin,USDC,USDC/BRL,5.1,5.85,5.1,5.46,118906.89141002,649231.6270987092
2020-05-27,Mercado Bitcoin,USDC,USDC/BRL,5.4699,5.47,5.3001,5.38,145901.94918105,784952.486594049
2020-05-28,Mercado Bitcoin,USDC,USDC/BRL,5.3894,5.4897,5.3,5.4113,65643.17957376,355214.93762748747
2020-05-29,Mercado Bitcoin,USDC,USDC/BRL,5.4113,5.75,5.41,5.45,101060.1372633,550777.7480849851
2020-05-30,Mercado Bitcoin,USDC,USDC/BRL,5.45,5.54,5.31,5.3797,80939.69297341,435431.2662890537
2020-05-31,Mercado Bitcoin,USDC,USDC/BRL,5.3796,5.4049,5.36,5.39997,21450.81607084,115833.76325805386
2020-06-01,Mercado Bitcoin,USDC,USDC/BRL,5.39997,5.43,5.31,5.38999,52184.84233974,281275.77836277516
2020-06-02,Mercado Bitcoin,USDC,USDC/BRL,5.38989,5.3998,5.2004,5.3197,118215.89881542,628873.1169283898
2020-06-03,Mercado Bitcoin,USDC,USDC/BRL,5.3197,5.3198,5.1,5.1779,75697.47561049,391953.9589635562
2020-06-04,Mercado Bitcoin,USDC,USDC/BRL,5.1779,5.2299,5.11,5.18,35312.13176116,182916.84252280882
2020-06-05,Mercado Bitcoin,USDC,USDC/BRL,5.18,5.2174,5.05,5.07011,76977.2995177,390283.37605768593
2020-06-06,Mercado Bitcoin,USDC,USDC/BRL,5.10989,5.1189,5.06,5.06001,9638.04105858,48768.58413682539
2020-06-07,Mercado Bitcoin,USDC,USDC/BRL,5.06,5.0998,5.06,5.0857,9432.34213184,47970.062379898685
2020-06-08,Mercado Bitcoin,USDC,USDC/BRL,5.0857,5.0977,3.0,4.87,69841.93675976,340130.23202003125
2020-06-09,Mercado Bitcoin,USDC,USDC/BRL,4.87003,5.09,4.8052,5.02,47969.72923959,240808.0407827418
2020-06-10,Mercado Bitcoin,USDC,USDC/BRL,5.0246,5.0798,4.896,5.0203,63806.4190956,320327.36578564066
2020-06-11,Mercado Bitcoin,USDC,USDC/BRL,5.07809,5.49,4.9203,5.17999,196379.83167118,1017245.5642583957
2020-06-12,Mercado Bitcoin,USDC,USDC/BRL,5.13121,5.21,5.0503,5.14889,51005.07723529,262619.5321260123
2020-06-13,Mercado Bitcoin,USDC,USDC/BRL,5.14799,5.14799,5.07002,5.11445,8632.79191717,44151.982620770104
2020-06-14,Mercado Bitcoin,USDC,USDC/BRL,5.0898,5.12,5.07,5.1133,16679.21959142,85285.85353680787
2020-06-15,Mercado Bitcoin,USDC,USDC/BRL,5.1133,5.25,5.08,5.1754,81539.54429008,421999.75751888
2020-06-16,Mercado Bitcoin,USDC,USDC/BRL,5.17,5.2978,5.1125,5.22001,48939.28182148,255463.5405009438
2020-06-17,Mercado Bitcoin,USDC,USDC/BRL,5.22001,5.3,5.18,5.25036,31974.40508448,167877.1374793504
2020-06-18,Mercado Bitcoin,USDC,USDC/BRL,5.25049,5.49,5.24,5.3601,70573.31700843,378280.0364968857
2020-06-19,Mercado Bitcoin,USDC,USDC/BRL,5.3602,5.4345,5.32,5.37,47047.54711863,252645.32802704308
2020-06-20,Mercado Bitcoin,USDC,USDC/BRL,5.37788,5.389,5.3,5.32081,11383.16849525,60567.67676121115
2020-06-21,Mercado Bitcoin,USDC,USDC/BRL,5.32071,5.3881,5.32,5.38659,11543.98005687,62182.68753453537
2020-06-22,Mercado Bitcoin,USDC,USDC/BRL,5.38669,5.38669,5.27,5.28021,38516.75794779,203376.57048350025
2020-06-23,Mercado Bitcoin,USDC,USDC/BRL,5.28011,5.32849,5.21,5.23919,34416.15501747,180312.77520597866
2020-06-24,Mercado Bitcoin,USDC,USDC/BRL,5.21014,5.38,5.21,5.3694,37986.15525992,203962.86205261445
2020-06-25,Mercado Bitcoin,USDC,USDC/BRL,5.36,5.48,5.31,5.3799,49347.1653635,265482.81493909366
2020-06-26,Mercado Bitcoin,USDC,USDC/BRL,5.38,5.48,5.3601,5.45,63245.38269904,344687.335709768
2020-06-27,Mercado Bitcoin,USDC,USDC/BRL,5.45,5.5299,5.4201,5.5,19354.74411127,106451.092611985
2020-06-28,Mercado Bitcoin,USDC,USDC/BRL,5.4949,5.545,5.4512,5.4998,12568.32666856,69123.28301174627
2020-06-29,Mercado Bitcoin,USDC,USDC/BRL,5.4998,5.5459,5.44,5.46,35116.96713518,191738.64055808278
2020-06-30,Mercado Bitcoin,USDC,USDC/BRL,5.45001,5.54,5.4108,5.46001,21715.89793073,118569.0198607651
2020-07-01,Mercado Bitcoin,USDC,USDC/BRL,5.48,5.5,5.3302,5.39998,42241.82434475,228105.0066251631
2020-07-02,Mercado Bitcoin,USDC,USDC/BRL,5.35051,5.4487,5.3303,5.38626,34055.05040829,183429.3558121561
2020-07-03,Mercado Bitcoin,USDC,USDC/BRL,5.42986,5.44,5.3563,5.41998,15310.70772674,82983.72966477626
2020-07-04,Mercado Bitcoin,USDC,USDC/BRL,5.41972,5.42,5.35,5.41879,10904.74294435,59090.512019414346
2020-07-05,Mercado Bitcoin,USDC,USDC/BRL,5.37107,5.4188,5.367,5.37037,3740.4120342,20087.396576106657
2020-07-06,Mercado Bitcoin,USDC,USDC/BRL,5.40979,5.4186,5.3,5.35,45689.99126005,244441.4532412675
2020-07-07,Mercado Bitcoin,USDC,USDC/BRL,5.34201,5.42,5.3405,5.36831,33771.11653984,181293.82263198847
2020-07-08,Mercado Bitcoin,USDC,USDC/BRL,5.4,5.42,5.331,5.3698,43565.8234967,233939.75901257966
2020-07-09,Mercado Bitcoin,USDC,USDC/BRL,5.36,5.4,5.31,5.36999,28966.03581806,155547.322682624
2020-07-10,Mercado Bitcoin,USDC,USDC/BRL,5.36999,5.4499,5.3381,5.40999,35180.15654362,190324.29509941876
2020-07-11,Mercado Bitcoin,USDC,USDC/BRL,5.41999,5.43,5.3451,5.37001,12853.60883962,69024.00800484778
2020-07-12,Mercado Bitcoin,USDC,USDC/BRL,5.3799,5.4297,5.36,5.3999,16514.83109352,89178.43642189863
2020-07-13,Mercado Bitcoin,USDC,USDC/BRL,5.3999,5.4496,5.36,5.37401,24990.06821184,134296.87647111027
2020-07-14,Mercado Bitcoin,USDC,USDC/BRL,5.38001,5.4498,5.38001,5.41,24195.92310042,130899.94397327221
2020-07-15,Mercado Bitcoin,USDC,USDC/BRL,5.40011,5.432,5.36,5.42,33293.11398006,180448.6777719252
2020-07-16,Mercado Bitcoin,USDC,USDC/BRL,5.42989,5.50999,5.37,5.45,43052.58864611,234636.6081212995
2020-07-17,Mercado Bitcoin,USDC,USDC/BRL,5.38463,5.4785,5.3609,5.44999,15595.6033858,84995.88249657613
2020-07-18,Mercado Bitcoin,USDC,USDC/BRL,5.44999,5.47,5.3964,5.42999,6689.76658388,36325.36565280256
2020-07-19,Mercado Bitcoin,USDC,USDC/BRL,5.42,5.43,5.3965,5.40011,6206.87135224,33517.788057944745
2020-07-20,Mercado Bitcoin,USDC,USDC/BRL,5.41,5.49,5.3966,5.41001,24097.86013058,130369.6642850391
2020-07-21,Mercado Bitcoin,USDC,USDC/BRL,5.40501,5.47438,5.2781,5.28001,60956.25093832,321849.614516839
2020-07-22,Mercado Bitcoin,USDC,USDC/BRL,5.28001,5.48,5.20001,5.21979,119473.8171717,623628.2361346679
2020-07-23,Mercado Bitcoin,USDC,USDC/BRL,5.21969,5.33,5.01,5.228,77612.10616744,405756.0910433763
2020-07-24,Mercado Bitcoin,USDC,USDC/BRL,5.2233,5.31,5.2232,5.3,23682.52260884,125517.36982685201
2020-07-25,Mercado Bitcoin,USDC,USDC/BRL,5.30999,5.3297,5.23,5.24,27146.5930398,142248.14752855198
2020-07-26,Mercado Bitcoin,USDC,USDC/BRL,5.2499,5.2599,5.17,5.20009,43302.67442122,225177.80423104193
2020-07-27,Mercado Bitcoin,USDC,USDC/BRL,5.19999,5.22498,5.06,5.098,151363.69558534,771652.1200940633
2020-07-28,Mercado Bitcoin,USDC,USDC/BRL,5.09,5.18,5.0,5.13979,106727.74774679,548558.2105914737
2020-07-29,Mercado Bitcoin,USDC,USDC/BRL,5.13979,5.19,5.07,5.171,58429.95037735,302141.27340127685
2020-07-30,Mercado Bitcoin,USDC,USDC/BRL,5.1701,5.24,5.1199,5.19009,54633.37046148,283552.1096984227
2020-07-31,Mercado Bitcoin,USDC,USDC/BRL,5.19,5.24,5.11,5.19979,71732.59067269,372994.4076539467
2020-08-01,Mercado Bitcoin,USDC,USDC/BRL,5.19979,5.5,5.1781,5.28499,209092.7928935,1105053.3195142185
2020-08-02,Mercado Bitcoin,USDC,USDC/BRL,5.24021,5.2999,5.15,5.20011,71233.41043084,370421.56991551537
2020-08-03,Mercado Bitcoin,USDC,USDC/BRL,5.24979,5.34,5.18,5.31,53266.87447441,282847.10345911706
2020-08-04,Mercado Bitcoin,USDC,USDC/BRL,5.3,5.47209,5.2916,5.36999,98010.38856967,526314.8065152422
2020-08-05,Mercado Bitcoin,USDC,USDC/BRL,5.33001,5.4436,5.31,5.38479,61166.91900557,329371.0137920033
2020-08-06,Mercado Bitcoin,USDC,USDC/BRL,5.38479,5.4072,5.31,5.35,39834.60915275,213115.1589672125
2020-08-07,Mercado Bitcoin,USDC,USDC/BRL,5.35,5.4902,5.3337,5.44999,98633.6951108,537552.6520169089
2020-08-08,Mercado Bitcoin,USDC,USDC/BRL,5.42001,5.4999,5.42001,5.4401,12203.19345169,66386.59269653878
2020-08-09,Mercado Bitcoin,USDC,USDC/BRL,5.44,5.45,5.4106,5.43,10567.45020818,57381.254630417396
2020-08-10,Mercado Bitcoin,USDC,USDC/BRL,5.43,5.59999,5.42,5.53001,71956.09427145,397917.9208820612
2020-08-11,Mercado Bitcoin,USDC,USDC/BRL,5.53,5.5799,5.4306,5.43251,34023.81099493,184834.69346806715
2020-08-12,Mercado Bitcoin,USDC,USDC/BRL,5.46999,5.5499,5.4306,5.47522,30349.37097948,166169.4829742685
2020-08-13,Mercado Bitcoin,USDC,USDC/BRL,5.51999,5.5496,5.36,5.42009,28251.02027798,153123.0724984766
2020-08-14,Mercado Bitcoin,USDC,USDC/BRL,5.42009,5.5246,5.3711,5.4201,31482.57260426,170638.69177234962
2020-08-15,Mercado Bitcoin,USDC,USDC/BRL,5.4201,5.4998,5.4201,5.4785,3341.27627128,18305.18205220748
2020-08-16,Mercado Bitcoin,USDC,USDC/BRL,5.47989,5.5199,5.4401,5.4401,8664.37761467,47135.080661566266
2020-08-17,Mercado Bitcoin,USDC,USDC/BRL,5.45,5.51428,5.21,5.44,65051.33042786,353879.2375275584
2020-08-18,Mercado Bitcoin,USDC,USDC/BRL,5.44,5.5899,5.395,5.5199,78297.39348148,432193.78227842145
2020-08-19,Mercado Bitcoin,USDC,USDC/BRL,5.50012,5.6,5.47,5.53829,42877.24460809,237466.61504053875
2020-08-20,Mercado Bitcoin,USDC,USDC/BRL,5.56,5.7,5.5309,5.62705,34472.69659711,193979.58738676782
2020-08-21,Mercado Bitcoin,USDC,USDC/BRL,5.62851,5.71,5.59,5.65382,32448.22924235,183456.44745498325
2020-08-22,Mercado Bitcoin,USDC,USDC/BRL,5.6997,5.7995,5.658,5.67995,11584.26326678,65798.03614214706
2020-08-23,Mercado Bitcoin,USDC,USDC/BRL,5.68,5.74171,5.6611,5.69929,5561.15064347,31694.61025082214
2020-08-24,Mercado Bitcoin,USDC,USDC/BRL,5.69929,5.7399,5.6122,5.66185,15935.76771972,90225.92646389669
2020-08-25,Mercado Bitcoin,USDC,USDC/BRL,5.63072,5.7397,5.59,5.62626,29011.14419231,163224.24012342608
2020-08-26,Mercado Bitcoin,USDC,USDC/BRL,5.6594,5.69,5.6001,5.63878,22518.21465494,126975.25843198255
2020-08-27,Mercado Bitcoin,USDC,USDC/BRL,5.63,5.69,5.6158,5.6499,7678.35095463,43381.91505856404
2020-08-28,Mercado Bitcoin,USDC,USDC/BRL,5.6484,5.65,5.4611,5.58,33406.624058,186408.96224364
2020-08-29,Mercado Bitcoin,USDC,USDC/BRL,5.58,5.59246,5.49,5.53678,5819.12221678,32219.199507423167
2020-08-30,Mercado Bitcoin,USDC,USDC/BRL,5.52988,5.5482,5.4502,5.46,15449.65058955,84355.092218943
2020-08-31,Mercado Bitcoin,USDC,USDC/BRL,5.46,5.57,5.1022,5.49276,146346.7073275,803847.3401401988
2020-09-01,Mercado Bitcoin,USDC,USDC/BRL,5.49,5.59,5.4,5.47979,74710.6980089,409398.93584219017
2020-09-02,Mercado Bitcoin,USDC,USDC/BRL,5.46005,5.59,5.4,5.48999,36626.68501995,201080.13449267528
2020-09-03,Mercado Bitcoin,USDC,USDC/BRL,5.48,5.5643,5.38,5.4896,82049.45168447,450418.6699670665
2020-09-04,Mercado Bitcoin,USDC,USDC/BRL,5.48,5.5,5.32,5.44017,27867.88900196,151606.05371179275
2020-09-05,Mercado Bitcoin,USDC,USDC/BRL,5.45982,5.49,5.4,5.43,16944.90872375,92010.85436996249
2020-09-06,Mercado Bitcoin,USDC,USDC/BRL,5.4205,5.4898,5.4,5.44789,14859.85787215,80954.87110310726
2020-09-07,Mercado Bitcoin,USDC,USDC/BRL,5.41157,5.49,5.36,5.42797,12256.66973299,66528.83561057773
2020-09-08,Mercado Bitcoin,USDC,USDC/BRL,5.44055,5.4699,5.36,5.42169,15252.07524421,82692.02383078092
2020-09-09,Mercado Bitcoin,USDC,USDC/BRL,5.46161,5.54,5.376,5.41068,31591.38864994,170930.89474045736
2020-09-10,Mercado Bitcoin,USDC,USDC/BRL,5.41884,5.4689,5.36,5.46827,17736.54968106,96988.24252444998
2020-09-11,Mercado Bitcoin,USDC,USDC/BRL,5.42409,5.48,5.37,5.44995,18029.52241098,98259.99566372046
2020-09-12,Mercado Bitcoin,USDC,USDC/BRL,5.45,5.47,5.3808,5.41,4477.06941752,24220.9455487832
2020-09-13,Mercado Bitcoin,USDC,USDC/BRL,5.39099,5.4275,5.38,5.40995,4569.75308434,24722.135698625185
2020-09-14,Mercado Bitcoin,USDC,USDC/BRL,5.40001,5.4998,5.36,5.43,34000.21894608,184621.1888772144
2020-09-15,Mercado Bitcoin,USDC,USDC/BRL,5.42495,5.4688,5.36,5.41381,28417.82919928,153848.72789735405
2020-09-16,Mercado Bitcoin,USDC,USDC/BRL,5.41381,5.46899,5.3507,5.38,45874.51441748,246804.8875660424
2020-09-17,Mercado Bitcoin,USDC,USDC/BRL,5.38001,5.466,5.3307,5.35,67591.23006338,361613.080839083
2020-09-18,Mercado Bitcoin,USDC,USDC/BRL,5.36678,5.4369,5.3311,5.41,21630.13152671,117019.0115595011
2020-09-19,Mercado Bitcoin,USDC,USDC/BRL,5.41999,5.43,5.3616,5.39481,6475.64833745,34934.89240735863
2020-09-20,Mercado Bitcoin,USDC,USDC/BRL,5.37085,5.4355,5.3704,5.41553,5876.41114799,31823.880864274288
2020-09-21,Mercado Bitcoin,USDC,USDC/BRL,5.41,5.55,5.3801,5.51999,49127.55322402,271183.6025210581
2020-09-22,Mercado Bitcoin,USDC,USDC/BRL,5.49005,5.62319,5.44,5.55905,36469.85902235,202737.76979819476
2020-09-23,Mercado Bitcoin,USDC,USDC/BRL,5.51522,5.65,5.4522,5.61861,33361.16718403,187443.3875518628
2020-09-24,Mercado Bitcoin,USDC,USDC/BRL,5.6476,5.69,5.49,5.53899,35912.85475918,198920.94338255044
2020-09-25,Mercado Bitcoin,USDC,USDC/BRL,5.53999,5.6899,5.5001,5.62731,39138.53365643,220244.6618301651
2020-09-26,Mercado Bitcoin,USDC,USDC/BRL,5.63,5.67187,5.5402,5.58,1921.44541266,10721.6654026428
2020-09-27,Mercado Bitcoin,USDC,USDC/BRL,5.57995,5.59,5.5214,5.56313,2142.96427792,11921.58886342509
2020-09-28,Mercado Bitcoin,USDC,USDC/BRL,5.53672,5.61,5.5209,5.6001,20747.97262119,116190.72147592614
2020-09-29,Mercado Bitcoin,USDC,USDC/BRL,5.61,5.69,5.52,5.62,30799.36074716,173092.40739903922
2020-09-30,Mercado Bitcoin,USDC,USDC/BRL,5.59868,5.6909,5.5601,5.65472,16117.42656526,91139.53434710704
2020-10-01,Mercado Bitcoin,USDC,USDC/BRL,5.63589,5.7772,5.6002,5.75146,42015.11714359,241648.26564667214
2020-10-02,Mercado Bitcoin,USDC,USDC/BRL,5.74076,5.7988,5.6602,5.7699,23491.42660131,135543.18234689857
2020-10-03,Mercado Bitcoin,USDC,USDC/BRL,5.7559,5.79,5.73,5.75307,1464.78921589,8427.034894260281
2020-10-04,Mercado Bitcoin,USDC,USDC/BRL,5.75307,5.78495,5.7,5.74,5800.07752268,33292.4449801832
2020-10-05,Mercado Bitcoin,USDC,USDC/BRL,5.74728,5.78,5.6501,5.6605,34506.5837044,195324.5170587562
2020-10-06,Mercado Bitcoin,USDC,USDC/BRL,5.6605,5.7497,5.505,5.73949,43706.45424289,250852.75706252473
2020-10-07,Mercado Bitcoin,USDC,USDC/BRL,5.73,5.7461,5.5846,5.69,13959.84627176,79431.5252863144
2020-10-08,Mercado Bitcoin,USDC,USDC/BRL,5.65751,5.7289,5.61151,5.65933,15279.13035789,86469.6408083176
2020-10-09,Mercado Bitcoin,USDC,USDC/BRL,5.6593,5.67969,5.6,5.6009,27252.90354658,152640.78747403994
2020-10-10,Mercado Bitcoin,USDC,USDC/BRL,5.60989,5.6099,5.5204,5.565,20255.98457678,112724.5541697807
2020-10-11,Mercado Bitcoin,USDC,USDC/BRL,5.565,5.57,5.54,5.54151,2131.14232973,11809.746531622091
2020-10-12,Mercado Bitcoin,USDC,USDC/BRL,5.5549,5.61045,5.55,5.56003,12515.00556259,69583.80637816728
2020-10-13,Mercado Bitcoin,USDC,USDC/BRL,5.56002,5.679,5.5401,5.5807,13445.45171373,75035.03237881302
2020-10-14,Mercado Bitcoin,USDC,USDC/BRL,5.5807,5.699,5.55,5.60068,19987.7487349,111944.98458457972
2020-10-15,Mercado Bitcoin,USDC,USDC/BRL,5.63,5.7,5.60062,5.66,21959.4846857,124290.68332106201
2020-10-16,Mercado Bitcoin,USDC,USDC/BRL,5.63009,5.72889,5.60001,5.64171,24686.59308693,139274.59908446384
2020-10-17,Mercado Bitcoin,USDC,USDC/BRL,5.6699,5.7,5.65001,5.68991,1855.80554231,10559.366513245091
2020-10-18,Mercado Bitcoin,USDC,USDC/BRL,5.68908,5.69,5.68,5.68,4216.68619811,23950.7776052648
2020-10-19,Mercado Bitcoin,USDC,USDC/BRL,5.68,5.68978,5.61021,5.66,12811.34008004,72512.1848530264
2020-10-20,Mercado Bitcoin,USDC,USDC/BRL,5.6766,5.68999,5.6,5.62011,21725.57799292,122100.13813378963
2020-10-21,Mercado Bitcoin,USDC,USDC/BRL,5.6201,5.69,5.6,5.60408,77309.79701512,433250.28725649364
2020-10-22,Mercado Bitcoin,USDC,USDC/BRL,5.61893,5.6669,5.5501,5.59,62691.44942181,350445.2022679179
2020-10-23,Mercado Bitcoin,USDC,USDC/BRL,5.62986,5.66999,5.5804,5.62556,43339.30992722,243807.88835417174
2020-10-24,Mercado Bitcoin,USDC,USDC/BRL,5.65578,5.65578,5.5906,5.6254,15420.57987844,86746.93004817638
2020-10-25,Mercado Bitcoin,USDC,USDC/BRL,5.62,5.6299,5.6,5.62,17206.43633091,96700.17217971421
2020-10-26,Mercado Bitcoin,USDC,USDC/BRL,5.6279,5.6788,5.6,5.6152,38543.90608727,216431.7414612385
2020-10-27,Mercado Bitcoin,USDC,USDC/BRL,5.611,5.73989,5.611,5.65112,54689.31186945,309055.86409168626
2020-10-28,Mercado Bitcoin,USDC,USDC/BRL,5.69,5.8926,5.65923,5.83281,107962.23042488,629723.1772445444
2020-10-29,Mercado Bitcoin,USDC,USDC/BRL,5.79575,5.84,5.73,5.80061,41371.50572553,239979.96982656655
2020-10-30,Mercado Bitcoin,USDC,USDC/BRL,5.79753,5.8699,5.7511,5.8,37497.76437387,217487.033368446
2020-10-31,Mercado Bitcoin,USDC,USDC/BRL,5.76992,5.80418,5.7401,5.79,11048.80270814,63972.567680130596
2020-11-01,Mercado Bitcoin,USDC,USDC/BRL,5.76013,5.80418,5.74101,5.77066,14146.48031581,81634.52809923213
2020-11-02,Mercado Bitcoin,USDC,USDC/BRL,5.77003,5.80418,5.74114,5.80117,27837.05254273,161487.474099309
2020-11-03,Mercado Bitcoin,USDC,USDC/BRL,5.798,5.82998,5.7111,5.78988,52175.71687838,302091.1396397948
2020-11-04,Mercado Bitcoin,USDC,USDC/BRL,5.75622,5.83598,5.41,5.72498,103376.05437666,591825.8437852911
2020-11-05,Mercado Bitcoin,USDC,USDC/BRL,5.69023,5.76979,5.5,5.56,132208.62579923,735079.9594437188
2020-11-06,Mercado Bitcoin,USDC,USDC/BRL,5.57,5.63369,5.41,5.41051,121149.15806873,655478.7312224444
2020-11-07,Mercado Bitcoin,USDC,USDC/BRL,5.41064,5.5398,5.36,5.42,101071.61156469,547808.1346806198
2020-11-08,Mercado Bitcoin,USDC,USDC/BRL,5.42995,5.4399,5.409,5.4097,10015.35595021,54180.071083851035
2020-11-09,Mercado Bitcoin,USDC,USDC/BRL,5.409,5.46,5.3,5.45992,86267.67524475,471014.6054223155
2020-11-10,Mercado Bitcoin,USDC,USDC/BRL,5.45981,5.5328,5.42,5.505,43695.83249963,240545.55791046313
2020-11-11,Mercado Bitcoin,USDC,USDC/BRL,5.505,5.5194,5.4,5.47898,56814.7689248,311286.9826436007
2020-11-12,Mercado Bitcoin,USDC,USDC/BRL,5.47765,5.55,5.42,5.491,64083.33874045,351881.61302381096
2020-11-13,Mercado Bitcoin,USDC,USDC/BRL,5.49115,5.51,5.42,5.48937,58643.06217612,321913.46621772787
2020-11-14,Mercado Bitcoin,USDC,USDC/BRL,5.48,5.51989,5.44,5.5,15952.35187142,87737.93529281
2020-11-15,Mercado Bitcoin,USDC,USDC/BRL,5.5,5.50999,5.44,5.49946,20857.10939536,114702.8388354065
2020-11-16,Mercado Bitcoin,USDC,USDC/BRL,5.5,5.50999,5.421,5.46,54965.75601935,300113.027865651
2020-11-17,Mercado Bitcoin,USDC,USDC/BRL,5.47,5.51766,5.3701,5.3715,148324.08372702,796722.815739688
2020-11-18,Mercado Bitcoin,USDC,USDC/BRL,5.38,5.4599,5.3312,5.4,68220.93941332,368393.07283192803
2020-11-19,Mercado Bitcoin,USDC,USDC/BRL,5.3902,5.44999,5.38121,5.39148,40123.13929842,216323.10306464543
2020-11-20,Mercado Bitcoin,USDC,USDC/BRL,5.40488,5.46,5.37,5.39045,81529.06693511,439478.3588603637
2020-11-21,Mercado Bitcoin,USDC,USDC/BRL,5.43592,5.43989,5.37,5.375,45193.96196004,242917.54553521497
2020-11-22,Mercado Bitcoin,USDC,USDC/BRL,5.375,5.42,5.3725,5.4,32710.33725422,176635.821172788
2020-11-23,Mercado Bitcoin,USDC,USDC/BRL,5.4,5.51,5.38,5.46021,92609.12834701,505665.2886916275
2020-11-24,Mercado Bitcoin,USDC,USDC/BRL,5.4652,5.5165,5.39,5.46205,116527.82114479,636480.7854839001
2020-11-25,Mercado Bitcoin,USDC,USDC/BRL,5.46618,5.5,5.37,5.42188,81357.52135447,441110.71788137377
2020-11-26,Mercado Bitcoin,USDC,USDC/BRL,5.38292,5.48799,5.35,5.47002,81003.09758025,443088.5638259191
2020-11-27,Mercado Bitcoin,USDC,USDC/BRL,5.47,5.6,5.37,5.47001,88790.14833948,485682.99931843905
2020-11-28,Mercado Bitcoin,USDC,USDC/BRL,5.48,5.53,5.4,5.40907,38424.42383475,207840.39823183118
2020-11-29,Mercado Bitcoin,USDC,USDC/BRL,5.42884,5.47999,5.4,5.45678,29565.59277539,161332.93534489264
2020-11-30,Mercado Bitcoin,USDC,USDC/BRL,5.44421,5.51608,5.31,5.31852,150305.26798174,799401.5738662439
2020-12-01,Mercado Bitcoin,USDC,USDC/BRL,5.34568,5.36,5.283,5.32,75054.60948211,399290.5224448252
2020-12-02,Mercado Bitcoin,USDC,USDC/BRL,5.30714,5.39573,5.24001,5.28914,87203.76104457,461232.90069127694
2020-12-03,Mercado Bitcoin,USDC,USDC/BRL,5.26043,5.30988,5.2007,5.24988,103650.94184278,544155.0065615738
2020-12-04,Mercado Bitcoin,USDC,USDC/BRL,5.24,5.288,5.2,5.20052,57186.27371134,297398.3601612979
2020-12-05,Mercado Bitcoin,USDC,USDC/BRL,5.21,5.28799,5.20051,5.25,11050.61723512,58015.74048438
2020-12-06,Mercado Bitcoin,USDC,USDC/BRL,5.24011,5.2599,5.21,5.22951,24793.96556055,129660.29083855184
2020-12-07,Mercado Bitcoin,USDC,USDC/BRL,5.22872,5.24978,5.12,5.19,66250.83570264,343841.8372967017
2020-12-08,Mercado Bitcoin,USDC,USDC/BRL,5.19998,5.2,5.12,5.1849,22776.39746253,118093.3432034718
2020-12-09,Mercado Bitcoin,USDC,USDC/BRL,5.1635,5.28799,5.1601,5.21179,40878.66615364,213051.0234728794
2020-12-10,Mercado Bitcoin,USDC,USDC/BRL,5.21074,5.24973,5.1,5.105,47079.98086408,240343.3023111284
2020-12-11,Mercado Bitcoin,USDC,USDC/BRL,5.11,5.15989,5.05,5.1333,46627.37852179,239352.32216590462
2020-12-12,Mercado Bitcoin,USDC,USDC/BRL,5.14973,5.1599,5.10671,5.13052,26305.28064639,134959.76846191683
2020-12-13,Mercado Bitcoin,USDC,USDC/BRL,5.14898,5.17999,5.10002,5.1499,34592.69107714,178148.89977816326
2020-12-14,Mercado Bitcoin,USDC,USDC/BRL,5.1415,5.17,5.0901,5.14,57557.4289875,295845.18499575
2020-12-15,Mercado Bitcoin,USDC,USDC/BRL,5.14899,5.14939,5.11,5.13997,31308.81953255,160926.39313272102
2020-12-16,Mercado Bitcoin,USDC,USDC/BRL,5.11311,5.2,5.0,5.06999,113307.23273109,574466.5368742989
2020-12-17,Mercado Bitcoin,USDC,USDC/BRL,5.06999,5.07999,4.859,5.04993,192475.67122542,971988.6663913851
2020-12-18,Mercado Bitcoin,USDC,USDC/BRL,5.04993,5.2,4.97001,5.12999,65063.46263658,333774.912691029
2020-12-19,Mercado Bitcoin,USDC,USDC/BRL,5.12999,5.13,5.06,5.11968,70139.10710352,359089.78385574924
2020-12-20,Mercado Bitcoin,USDC,USDC/BRL,5.11969,5.1999,5.07,5.10001,77897.32563312,397277.1397021683
2020-12-21,Mercado Bitcoin,USDC,USDC/BRL,5.10002,5.2989,5.07,5.1844,155548.7539097,806426.9597694487
2020-12-22,Mercado Bitcoin,USDC,USDC/BRL,5.21637,5.2689,5.1,5.22001,64321.35131511,335758.09707838733
2020-12-23,Mercado Bitcoin,USDC,USDC/BRL,5.2299,5.3297,5.18,5.29955,74488.85293438,394757.4005683935
2020-12-24,Mercado Bitcoin,USDC,USDC/BRL,5.29982,5.32009,5.2311,5.24995,43420.94469034,227957.7885770505
2020-12-25,Mercado Bitcoin,USDC,USDC/BRL,5.25935,5.3,5.231,5.27998,39361.33530011,207827.0631578748
2020-12-26,Mercado Bitcoin,USDC,USDC/BRL,5.26086,5.34,5.25,5.30077,68504.53209551,363126.76859591657
2020-12-27,Mercado Bitcoin,USDC,USDC/BRL,5.30113,5.35,5.2317,5.29903,81948.78763803,434249.0841575501
2020-12-28,Mercado Bitcoin,USDC,USDC/BRL,5.28958,5.37994,5.25001,5.33001,78455.46025276,418168.38770181325
2020-12-29,Mercado Bitcoin,USDC,USDC/BRL,5.33003,5.4499,5.28,5.33,103143.50295065,549754.8707269646
2020-12-30,Mercado Bitcoin,USDC,USDC/BRL,5.32,5.33998,5.23,5.23163,94630.69152391,495072.7646972333
2020-12-31,Mercado Bitcoin,USDC,USDC/BRL,5.24937,5.31979,5.23,5.27,27602.32368415,145464.2458154705
2021-01-01,Mercado Bitcoin,USDC,USDC/BRL,5.2785,5.27999,5.22,5.2211,38728.1642841,202203.6185437145
2021-01-02,Mercado Bitcoin,USDC,USDC/BRL,5.23998,5.33,5.2,5.28996,75751.2345377,400721.0006550515
2021-01-03,Mercado Bitcoin,USDC,USDC/BRL,5.28998,5.33,5.2,5.24438,114372.89701354,599814.9336398689
2021-01-04,Mercado Bitcoin,USDC,USDC/BRL,5.24406,5.6802,5.23,5.42873,262847.19493993,1426926.4525862462
2021-01-05,Mercado Bitcoin,USDC,USDC/BRL,5.37064,5.65,5.27,5.34997,106927.15293158,572057.060369365
2021-01-06,Mercado Bitcoin,USDC,USDC/BRL,5.34999,5.45,4.71,5.39068,271531.38049655,1463738.7822151422
2021-01-07,Mercado Bitcoin,USDC,USDC/BRL,5.40884,5.6,5.19,5.54,238189.24675987,1319568.42704968
2021-01-08,Mercado Bitcoin,USDC,USDC/BRL,5.54,5.6499,5.3541,5.52915,143469.73812427,793265.7025498074
2021-01-09,Mercado Bitcoin,USDC,USDC/BRL,5.52899,5.56999,5.4503,5.47999,58103.75950115,318408.021028707
2021-01-10,Mercado Bitcoin,USDC,USDC/BRL,5.47999,6.0,5.1,5.47338,362591.13318075,1984599.0565288535
2021-01-11,Mercado Bitcoin,USDC,USDC/BRL,5.48592,5.63,5.2,5.60087,333611.03185831,1868512.0200042524
2021-01-12,Mercado Bitcoin,USDC,USDC/BRL,5.61,5.73909,5.5,5.55252,126173.53942113,700581.1011066128
2021-01-13,Mercado Bitcoin,USDC,USDC/BRL,5.51605,5.56,5.32,5.39499,143417.70642121,773737.0919653637
2021-01-14,Mercado Bitcoin,USDC,USDC/BRL,5.39499,5.41995,5.2751,5.28365,124479.62992703,657706.796663952
2021-01-15,Mercado Bitcoin,USDC,USDC/BRL,5.28432,5.45,5.2601,5.40913,125456.62398913,678611.1885183228
2021-01-16,Mercado Bitcoin,USDC,USDC/BRL,5.39118,5.40965,5.30101,5.38,59121.53492177,318073.8578791226
2021-01-17,Mercado Bitcoin,USDC,USDC/BRL,5.37994,5.6528,5.35,5.4,345280.42620626,1864514.3015138041
2021-01-18,Mercado Bitcoin,USDC,USDC/BRL,5.3903,5.45,5.31,5.36909,141104.62459575,757603.4288707954
2021-01-19,Mercado Bitcoin,USDC,USDC/BRL,5.34151,5.399,5.23,5.35572,280824.49614216,1504017.370478489
2021-01-20,Mercado Bitcoin,USDC,USDC/BRL,5.35575,5.5,5.35,5.35968,160167.09943771,858444.3995143056
2021-01-21,Mercado Bitcoin,USDC,USDC/BRL,5.35001,5.4966,5.3038,5.47,274017.51586082,1498875.8117586854
2021-01-22,Mercado Bitcoin,USDC,USDC/BRL,5.43071,5.5499,5.3701,5.5,201128.26140125,1106205.437706875
2021-01-23,Mercado Bitcoin,USDC,USDC/BRL,5.50102,5.5499,5.4951,5.52965,92945.27175633,513954.8219673902
2021-01-24,Mercado Bitcoin,USDC,USDC/BRL,5.53,5.54952,5.495,5.49992,71407.47842259,392735.4187259712
2021-01-25,Mercado Bitcoin,USDC,USDC/BRL,5.49501,5.50998,5.40001,5.49705,105678.49302612,580919.960089233
2021-01-26,Mercado Bitcoin,USDC,USDC/BRL,5.4981,5.5996,5.4007,5.42,114967.17165893,623122.0703914006
2021-01-27,Mercado Bitcoin,USDC,USDC/BRL,5.4477,5.5109,5.41,5.46,129050.79968599,704617.3662855054
2021-01-28,Mercado Bitcoin,USDC,USDC/BRL,5.45007,5.4998,5.4101,5.41968,138778.50121398,752135.067459383
2021-01-29,Mercado Bitcoin,USDC,USDC/BRL,5.41994,5.41999,5.2,5.41,322144.65928357,1742802.606724114
2021-01-30,Mercado Bitcoin,USDC,USDC/BRL,5.4099,5.519,5.35011,5.39,136787.11175464,737282.5323575096
2021-01-31,Mercado Bitcoin,USDC,USDC/BRL,5.39721,5.52,5.36003,5.49,93487.56276342,513246.71957117587
2021-02-01,Mercado Bitcoin,USDC,USDC/BRL,5.48998,5.53999,5.41,5.49999,106927.52813203,588100.3354508837
2021-02-02,Mercado Bitcoin,USDC,USDC/BRL,5.47303,5.51999,5.35001,5.3804,189405.08599519,1019075.1246885202
2021-02-03,Mercado Bitcoin,USDC,USDC/BRL,5.3804,5.40998,5.37,5.3709,155099.41687332,833023.4580849144
2021-02-04,Mercado Bitcoin,USDC,USDC/BRL,5.37,5.46,5.34004,5.42005,150813.93287928,817419.0569023415
2021-02-05,Mercado Bitcoin,USDC,USDC/BRL,5.42,5.47,5.4006,5.43558,77097.5387171,419069.8394998944
2021-02-06,Mercado Bitcoin,USDC,USDC/BRL,5.43466,5.44979,5.4007,5.4281,55351.45807227,300453.24956208875
2021-02-07,Mercado Bitcoin,USDC,USDC/BRL,5.42811,5.4999,5.40501,5.47207,91594.3938972,501210.93501305126
2021-02-08,Mercado Bitcoin,USDC,USDC/BRL,5.47797,5.55,5.3,5.34825,370836.33753476,1983325.4422202802
2021-02-09,Mercado Bitcoin,USDC,USDC/BRL,5.36985,5.42,5.2508,5.37306,323431.74505348,1737818.172077051
2021-02-10,Mercado Bitcoin,USDC,USDC/BRL,5.37313,5.4458,5.33451,5.39,231648.23209672,1248583.9710013208
2021-02-11,Mercado Bitcoin,USDC,USDC/BRL,5.39,5.48999,5.3717,5.42993,272061.64014236,1477275.6616582049
2021-02-12,Mercado Bitcoin,USDC,USDC/BRL,5.42207,5.4499,5.3902,5.44,79016.50574567,429849.7912564448
2021-02-13,Mercado Bitcoin,USDC,USDC/BRL,5.44,5.5209,5.39,5.47999,156495.82718539,857595.5680176653
2021-02-14,Mercado Bitcoin,USDC,USDC/BRL,5.47999,5.5198,5.3903,5.463,154124.19969923,841980.5029568935
2021-02-15,Mercado Bitcoin,USDC,USDC/BRL,5.46084,5.6,5.45001,5.54999,162298.12134593,900752.9504886981
2021-02-16,Mercado Bitcoin,USDC,USDC/BRL,5.54955,5.6,5.3802,5.58882,161132.68757989,900541.5870002408
2021-02-17,Mercado Bitcoin,USDC,USDC/BRL,5.57952,5.57999,5.39,5.55,174568.18719834,968853.438950787
2021-02-18,Mercado Bitcoin,USDC,USDC/BRL,5.5279,5.55,5.45,5.5475,67985.03092576,377146.95906065364
2021-02-19,Mercado Bitcoin,USDC,USDC/BRL,5.54,5.5598,5.42001,5.49,127039.27383065,697445.6133302685
2021-02-20,Mercado Bitcoin,USDC,USDC/BRL,5.48251,5.61,5.4355,5.571,131788.50784574,734193.7772086175
2021-02-21,Mercado Bitcoin,USDC,USDC/BRL,5.59,5.6192,5.51121,5.56048,29570.25895628,164424.8335212158
2021-02-22,Mercado Bitcoin,USDC,USDC/BRL,5.56049,5.98936,5.41,5.61993,468264.46390357,2631613.5086255902
2021-02-23,Mercado Bitcoin,USDC,USDC/BRL,5.61028,7.0,5.55,5.55294,913916.52377418,5074923.621526595
2021-02-24,Mercado Bitcoin,USDC,USDC/BRL,5.57767,5.66999,5.47002,5.53048,328630.77756141,1817485.9426878267
2021-02-25,Mercado Bitcoin,USDC,USDC/BRL,5.55657,5.76549,5.451,5.72114,192139.85868007,1099259.0310888956
2021-02-26,Mercado Bitcoin,USDC,USDC/BRL,5.76376,5.98,5.55001,5.70008,310455.58084876,1769621.6472843997
2021-02-27,Mercado Bitcoin,USDC,USDC/BRL,5.70999,5.79998,5.6154,5.69989,67055.91193032,382211.32185251167
2021-02-28,Mercado Bitcoin,USDC,USDC/BRL,5.7,5.8995,5.6402,5.70001,197200.84486934,1124046.7877636866
2021-03-01,Mercado Bitcoin,USDC,USDC/BRL,5.70949,5.79,5.6018,5.65031,272286.93185526,1538505.573931094
2021-03-02,Mercado Bitcoin,USDC,USDC/BRL,5.65969,5.77995,5.6221,5.7084,163898.95609024,935600.8009455261
2021-03-03,Mercado Bitcoin,USDC,USDC/BRL,5.72,5.74,5.58,5.66264,248865.90693468,1409238.0392445964
2021-03-04,Mercado Bitcoin,USDC,USDC/BRL,5.69239,5.75,5.45,5.75,235858.92181866,1356188.800457295
2021-03-05,Mercado Bitcoin,USDC,USDC/BRL,5.75,5.7999,5.7,5.75,125837.34149002,723564.713567615
2021-03-06,Mercado Bitcoin,USDC,USDC/BRL,5.75597,5.78989,5.7001,5.70637,102220.32971003,583307.0228474238
2021-03-07,Mercado Bitcoin,USDC,USDC/BRL,5.70061,5.8999,5.6202,5.63131,200292.53491708,1127909.3548039016
2021-03-08,Mercado Bitcoin,USDC,USDC/BRL,5.64949,5.76759,5.5,5.6852,342224.47293025,1945614.5735030572
2021-03-09,Mercado Bitcoin,USDC,USDC/BRL,5.6852,5.8,5.58,5.78,457445.17256783,2644033.0974420574
2021-03-10,Mercado Bitcoin,USDC,USDC/BRL,5.75019,5.79,5.67,5.70818,316547.77206989,1806911.6615739046
2021-03-11,Mercado Bitcoin,USDC,USDC/BRL,5.70001,5.716,5.5602,5.5803,312762.88556496,1745310.7303181465
2021-03-12,Mercado Bitcoin,USDC,USDC/BRL,5.5721,5.7,5.5611,5.57301,327350.60844869,1824328.2143906336
2021-03-13,Mercado Bitcoin,USDC,USDC/BRL,5.60869,5.689,5.50131,5.5791,315404.33993716,1759672.3529434097
2021-03-14,Mercado Bitcoin,USDC,USDC/BRL,5.57,5.66,5.54,5.61,164748.45728275,924238.8453562275
2021-03-15,Mercado Bitcoin,USDC,USDC/BRL,5.61,5.73449,5.55896,5.71301,282826.59336068,1615791.1561354983
2021-03-16,Mercado Bitcoin,USDC,USDC/BRL,5.71899,5.85,5.62,5.64717,309261.07042267,1746449.8390587892
2021-03-17,Mercado Bitcoin,USDC,USDC/BRL,5.64724,5.7594,5.6,5.62489,232345.92377466,1306920.2631808473
2021-03-18,Mercado Bitcoin,USDC,USDC/BRL,5.6249,5.63989,5.54101,5.60615,195941.32184798,1098476.441478053
2021-03-19,Mercado Bitcoin,USDC,USDC/BRL,5.59004,5.64,5.54,5.61764,146137.92153733,820950.2335449664
2021-03-20,Mercado Bitcoin,USDC,USDC/BRL,5.6194,5.61994,5.5501,5.58884,54934.22671166,307018.60361519386
2021-03-21,Mercado Bitcoin,USDC,USDC/BRL,5.58848,5.6499,5.57,5.60025,96402.02882069,539875.4619030692
2021-03-22,Mercado Bitcoin,USDC,USDC/BRL,5.60005,5.6497,5.57,5.58363,129965.76307472,725680.7336768989
2021-03-23,Mercado Bitcoin,USDC,USDC/BRL,5.58883,5.6498,5.54161,5.60128,111580.93300034,624996.0483961444
2021-03-24,Mercado Bitcoin,USDC,USDC/BRL,5.6008,5.72,5.54013,5.7191,249079.02662347,1424507.8611622874
2021-03-25,Mercado Bitcoin,USDC,USDC/BRL,5.7105,6.67,5.71,5.72998,389514.2854722,2231909.065469997
2021-03-26,Mercado Bitcoin,USDC,USDC/BRL,5.71998,5.98,5.7,5.78928,289879.51881094,1678193.7006617985
2021-03-27,Mercado Bitcoin,USDC,USDC/BRL,5.78907,5.82,5.7201,5.72947,56540.80557226,323948.84930209647
2021-03-28,Mercado Bitcoin,USDC,USDC/BRL,5.72897,5.75999,5.7104,5.72713,83840.21924134,480163.83482365555
2021-03-29,Mercado Bitcoin,USDC,USDC/BRL,5.73757,5.75,5.51978,5.74999,260368.43983157,1497115.9253471293
2021-03-30,Mercado Bitcoin,USDC,USDC/BRL,5.74,5.77,5.7018,5.7503,209504.32203131,1204712.702976642
2021-03-31,Mercado Bitcoin,USDC,USDC/BRL,5.75976,5.77998,5.641,5.66001,160185.86421397,906653.5933097122
2021-04-01,Mercado Bitcoin,USDC,USDC/BRL,5.66001,5.74879,5.65001,5.69928,131793.1752008,751126.2075584155
2021-04-02,Mercado Bitcoin,USDC,USDC/BRL,5.69831,5.73,5.691,5.71849,114138.55206955,652700.168624201
2021-04-03,Mercado Bitcoin,USDC,USDC/BRL,5.71919,5.76,5.65,5.68534,187645.56887972,1066828.8585746272
2021-04-04,Mercado Bitcoin,USDC,USDC/BRL,5.70332,5.78219,5.68,5.74959,111714.95279537,642315.1754427315
2021-04-05,Mercado Bitcoin,USDC,USDC/BRL,5.74875,5.78,5.65122,5.7102,243142.89544426,1388394.5615658136
2021-04-06,Mercado Bitcoin,USDC,USDC/BRL,5.71023,5.75,5.6109,5.625,208722.8952463,1174066.2857604376
2021-04-07,Mercado Bitcoin,USDC,USDC/BRL,5.63,5.739,5.61001,5.69003,126615.53886449,720446.2146051141
2021-04-08,Mercado Bitcoin,USDC,USDC/BRL,5.69977,5.7077,5.62,5.63969,109349.55306784,616697.5809411665
2021-04-09,Mercado Bitcoin,USDC,USDC/BRL,5.63969,5.73,5.62256,5.71007,90330.34690486,515792.6039510339
2021-04-10,Mercado Bitcoin,USDC,USDC/BRL,5.71046,5.73,5.6003,5.67001,164293.23131996,931544.2645164864
2021-04-11,Mercado Bitcoin,USDC,USDC/BRL,5.67778,5.75,5.63303,5.70994,102869.80265834,587380.4009909619
2021-04-12,Mercado Bitcoin,USDC,USDC/BRL,5.70994,5.74859,5.66112,5.71019,151438.62709502,864743.3340517122
2021-04-13,Mercado Bitcoin,USDC,USDC/BRL,5.7105,5.9,5.6161,5.86988,339817.5011552,1994687.9536808855
2021-04-14,Mercado Bitcoin,USDC,USDC/BRL,5.86987,5.89,5.7001,5.76994,283814.47076622,1637592.4674528434
2021-04-15,Mercado Bitcoin,USDC,USDC/BRL,5.76994,5.77999,5.7,5.73998,110667.8095394,635231.0133999652
2021-04-16,Mercado Bitcoin,USDC,USDC/BRL,5.73998,5.8789,5.55,5.67,298885.96592202,1694683.4267778536
2021-04-17,Mercado Bitcoin,USDC,USDC/BRL,5.66957,5.74,5.6059,5.71013,106351.1347001,607278.804785082
2021-04-18,Mercado Bitcoin,USDC,USDC/BRL,5.72787,6.6,5.6185,5.81825,595663.29619466,3465717.9730845806
2021-04-19,Mercado Bitcoin,USDC,USDC/BRL,5.80986,6.01989,5.69,5.72435,235687.25455267,1349156.3355985766
2021-04-20,Mercado Bitcoin,USDC,USDC/BRL,5.74378,5.96,5.63,5.69908,223104.4889441,1271490.3308515416
2021-04-21,Mercado Bitcoin,USDC,USDC/BRL,5.69994,5.73849,5.6321,5.69969,118498.32865903,675403.7388745868
2021-04-22,Mercado Bitcoin,USDC,USDC/BRL,5.69959,6.5,5.5002,5.58721,871518.63471174,4869357.631047781
2021-04-23,Mercado Bitcoin,USDC,USDC/BRL,5.58921,5.74,5.5003,5.64139,503395.74166793,2839851.7030880437
2021-04-24,Mercado Bitcoin,USDC,USDC/BRL,5.64,5.6756,5.54693,5.65989,138349.33948734,783042.0430710008
2021-04-25,Mercado Bitcoin,USDC,USDC/BRL,5.65,5.67,5.56001,5.5998,100560.58018142,563119.1368999158
2021-04-26,Mercado Bitcoin,USDC,USDC/BRL,5.5998,5.6399,5.51,5.53857,292869.74776729,1622079.5988914792
2021-04-27,Mercado Bitcoin,USDC,USDC/BRL,5.53846,5.55259,5.4905,5.51,169367.18313029,933213.1790478979
2021-04-28,Mercado Bitcoin,USDC,USDC/BRL,5.51,5.56,5.41,5.41001,267579.1241589,1447605.7374908905
2021-04-29,Mercado Bitcoin,USDC,USDC/BRL,5.43491,5.5,5.32451,5.35003,1122474.60549985,6005272.813662362
2021-04-30,Mercado Bitcoin,USDC,USDC/BRL,5.35908,5.47,5.3417,5.47,154319.14023432,844125.6970817304
2021-05-01,Mercado Bitcoin,USDC,USDC/BRL,5.47,5.5,5.4401,5.47141,132771.75208371,726448.6920683316
2021-05-02,Mercado Bitcoin,USDC,USDC/BRL,5.47607,5.50879,5.44013,5.5,96655.53453914,531605.43996527
2021-05-03,Mercado Bitcoin,USDC,USDC/BRL,5.48065,5.5988,5.41251,5.52973,442057.52046486,2444458.7326401505
2021-05-04,Mercado Bitcoin,USDC,USDC/BRL,5.52957,5.6,5.4502,5.54947,326435.58164691,1811544.4672820778
2021-05-05,Mercado Bitcoin,USDC,USDC/BRL,5.53184,5.55847,5.351,5.384,215696.194956,1161308.313643104
2021-05-06,Mercado Bitcoin,USDC,USDC/BRL,5.3901,5.39878,5.3,5.34,200560.67330287,1070993.995437326
2021-05-07,Mercado Bitcoin,USDC,USDC/BRL,5.34,5.37948,5.2709,5.32003,134144.88595455,713654.8176247847
2021-05-08,Mercado Bitcoin,USDC,USDC/BRL,5.33629,5.37979,5.295,5.30026,53962.38551015,286014.6734240276
2021-05-09,Mercado Bitcoin,USDC,USDC/BRL,5.30021,5.38083,5.27871,5.32598,86277.95675153,459514.67209951376
2021-05-10,Mercado Bitcoin,USDC,USDC/BRL,5.321,5.3999,5.27,5.36,142635.55934128,764526.5980692608
2021-05-11,Mercado Bitcoin,USDC,USDC/BRL,5.36001,5.3999,5.2302,5.29792,140770.89960564,745792.9644387123
2021-05-12,Mercado Bitcoin,USDC,USDC/BRL,5.29789,5.4,5.2404,5.38093,231868.0672447,1247665.8390790236
2021-05-13,Mercado Bitcoin,USDC,USDC/BRL,5.38985,5.7,5.25,5.35659,1076448.66094652,5766094.13273952
2021-05-14,Mercado Bitcoin,USDC,USDC/BRL,5.356,5.39989,5.2805,5.30043,342769.64324462,1816826.5001430814
2021-05-15,Mercado Bitcoin,USDC,USDC/BRL,5.31208,5.3398,5.25165,5.3398,242963.5970963,1297377.0157748228
2021-05-16,Mercado Bitcoin,USDC,USDC/BRL,5.3398,5.6,5.26001,5.38001,583617.23237317,3139866.5463399785
2021-05-17,Mercado Bitcoin,USDC,USDC/BRL,5.38001,5.601,5.2013,5.28879,614543.02291007,3250188.994136549
2021-05-18,Mercado Bitcoin,USDC,USDC/BRL,5.26789,5.35,5.25,5.30393,410326.60251645,2176343.576885075
2021-05-19,Mercado Bitcoin,USDC,USDC/BRL,5.31785,5.4987,5.20001,5.42701,1150168.52410652,6241976.082011325
2021-05-20,Mercado Bitcoin,USDC,USDC/BRL,5.42001,5.49,5.35001,5.39999,488372.17213934,2637204.845830715
2021-05-21,Mercado Bitcoin,USDC,USDC/BRL,5.39948,5.59068,5.3401,5.45002,238393.23167686,1299247.8805035206
2021-05-22,Mercado Bitcoin,USDC,USDC/BRL,5.47268,5.55,5.45003,5.49942,97283.72488435,535004.0623034921
2021-05-23,Mercado Bitcoin,USDC,USDC/BRL,5.49003,5.60099,5.47,5.50003,117377.90840329,645582.0175553471
2021-05-24,Mercado Bitcoin,USDC,USDC/BRL,5.50998,5.54,5.3201,5.40999,220509.69867293,1192955.2647235645
2021-05-25,Mercado Bitcoin,USDC,USDC/BRL,5.40999,5.48,5.32001,5.38003,146213.74526009,786634.3359116421
2021-05-26,Mercado Bitcoin,USDC,USDC/BRL,5.35341,5.4327,5.34001,5.37003,112562.74089926,604465.2955112532
2021-05-27,Mercado Bitcoin,USDC,USDC/BRL,5.37499,5.38,5.3101,5.34976,151226.60240949,809026.0285061932
2021-05-28,Mercado Bitcoin,USDC,USDC/BRL,5.3113,5.3712,5.2602,5.32001,211357.58289219,1124424.4545622796
2021-05-29,Mercado Bitcoin,USDC,USDC/BRL,5.30151,5.38999,5.29,5.29953,55843.00884921,295941.70068665384
2021-05-30,Mercado Bitcoin,USDC,USDC/BRL,5.29977,5.37999,5.29201,5.32572,22887.08436984,121890.20297014427
2021-05-31,Mercado Bitcoin,USDC,USDC/BRL,5.3202,5.37877,5.2501,5.29999,106678.99111178,565397.5861025229
2021-06-01,Mercado Bitcoin,USDC,USDC/BRL,5.29999,5.34016,5.1709,5.2,142344.15741897,740189.618578644
2021-06-02,Mercado Bitcoin,USDC,USDC/BRL,5.19004,5.21698,5.06104,5.06913,204603.29692471,1037160.7105399553
2021-06-03,Mercado Bitcoin,USDC,USDC/BRL,5.0611,5.1,5.00678,5.0836,128620.87790447,653857.0949151637
2021-06-04,Mercado Bitcoin,USDC,USDC/BRL,5.08188,5.1499,5.05,5.08419,129501.51341182,658410.2994732412
2021-06-05,Mercado Bitcoin,USDC,USDC/BRL,5.08522,5.18,5.01884,5.0801,157497.54514518,800103.2790920289
2021-06-06,Mercado Bitcoin,USDC,USDC/BRL,5.08001,5.1,5.06325,5.09,21156.50833793,107686.6274400637
2021-06-07,Mercado Bitcoin,USDC,USDC/BRL,5.09735,5.11997,5.0624,5.0765,155548.4258144,789641.5836468015
2021-06-08,Mercado Bitcoin,USDC,USDC/BRL,5.0765,5.2009,5.063,5.09,244749.97104277,1245777.352607699
2021-06-09,Mercado Bitcoin,USDC,USDC/BRL,5.09401,5.15,5.063,5.13999,110801.24839986,569517.3087627963
2021-06-10,Mercado Bitcoin,USDC,USDC/BRL,5.12999,5.17167,5.07011,5.08927,182960.85152607,931137.1728460822
2021-06-11,Mercado Bitcoin,USDC,USDC/BRL,5.08757,5.2999,5.0701,5.16,196129.99294469,1012030.7635946004
2021-06-12,Mercado Bitcoin,USDC,USDC/BRL,5.14647,5.25,5.14,5.17551,43200.86056292,223586.48585199812
2021-06-13,Mercado Bitcoin,USDC,USDC/BRL,5.19,5.23345,5.11003,5.13678,52955.81254973,272022.35878920206
2021-06-14,Mercado Bitcoin,USDC,USDC/BRL,5.1373,5.15,5.05139,5.08944,110421.39998529,561983.0899411343
2021-06-15,Mercado Bitcoin,USDC,USDC/BRL,5.08501,5.15,5.03122,5.07211,201753.42470054,1023315.562957856
2021-06-16,Mercado Bitcoin,USDC,USDC/BRL,5.07001,5.13,5.0,5.09167,151610.60183429,771951.1530415993
2021-06-17,Mercado Bitcoin,USDC,USDC/BRL,5.09246,5.12,5.0501,5.05163,81028.33866817,409325.18646628765
2021-06-18,Mercado Bitcoin,USDC,USDC/BRL,5.06609,5.14817,5.02964,5.13728,97717.05150918,501999.8543770802
2021-06-19,Mercado Bitcoin,USDC,USDC/BRL,5.13026,5.1999,5.08845,5.14043,108972.3154765,560164.559644865
2021-06-20,Mercado Bitcoin,USDC,USDC/BRL,5.14295,5.1999,5.11003,5.14003,133215.02141603,684729.2065290367
2021-06-21,Mercado Bitcoin,USDC,USDC/BRL,5.14,5.2197,5.08,5.09998,165407.93492536,843577.1599606376
2021-06-22,Mercado Bitcoin,USDC,USDC/BRL,5.09999,5.12999,5.0001,5.02967,239063.03016896,1202408.150949913
2021-06-23,Mercado Bitcoin,USDC,USDC/BRL,5.01855,5.05997,5.0,5.03,136471.83434675,686453.3267641525
2021-06-24,Mercado Bitcoin,USDC,USDC/BRL,5.00943,5.04589,4.92776,4.9508,78230.04555501,387301.30953374354
2021-06-25,Mercado Bitcoin,USDC,USDC/BRL,4.95184,5.03,4.93497,4.99081,139564.83320313,696541.5651985132
2021-06-26,Mercado Bitcoin,USDC,USDC/BRL,4.99249,5.0299,4.98,5.00124,41371.93181175,206910.96025419657
2021-06-27,Mercado Bitcoin,USDC,USDC/BRL,5.00062,5.02,4.96102,4.97999,60635.78168869,301965.5864518593
2021-06-28,Mercado Bitcoin,USDC,USDC/BRL,4.98006,5.01996,4.93211,4.97998,60252.6985736,300057.23384255654
2021-06-29,Mercado Bitcoin,USDC,USDC/BRL,4.97999,4.99927,4.9401,4.98037,89914.99591351,447809.94819776784
2021-06-30,Mercado Bitcoin,USDC,USDC/BRL,4.98616,5.036,4.971,5.02774,68664.03772459,345224.9290294301
2021-07-01,Mercado Bitcoin,USDC,USDC/BRL,5.01995,5.09998,4.99,5.06813,76205.59846199,386219.8797331654
2021-07-02,Mercado Bitcoin,USDC,USDC/BRL,5.07767,5.12998,5.06001,5.10888,79853.22505083,407960.5443976844
2021-07-03,Mercado Bitcoin,USDC,USDC/BRL,5.08843,5.09999,5.06,5.06089,21028.2548695,106421.68478650384
2021-07-04,Mercado Bitcoin,USDC,USDC/BRL,5.06288,5.09447,5.04,5.086,20012.11266289,101781.60500345854
2021-07-05,Mercado Bitcoin,USDC,USDC/BRL,5.07003,5.13798,4.97616,5.13,151707.04057983,778257.1181745279
2021-07-06,Mercado Bitcoin,USDC,USDC/BRL,5.13751,5.23127,5.1166,5.20135,96743.0786869,503194.6123281073
2021-07-07,Mercado Bitcoin,USDC,USDC/BRL,5.20144,5.27,5.2,5.24,113092.29986569,592603.6512962156
2021-07-08,Mercado Bitcoin,USDC,USDC/BRL,5.24525,5.3243,5.23,5.31,116407.73612685,618125.0788335734
2021-07-09,Mercado Bitcoin,USDC,USDC/BRL,5.31878,5.3243,5.276,5.29,18800.1153561,99452.610233769
2021-07-10,Mercado Bitcoin,USDC,USDC/BRL,5.28999,5.32429,5.2785,5.30708,39962.40438114,212083.67704306045
2021-07-11,Mercado Bitcoin,USDC,USDC/BRL,5.30519,5.30916,5.281,5.29,13604.82001437,71969.4978760173
2021-07-12,Mercado Bitcoin,USDC,USDC/BRL,5.2895,5.3243,5.2,5.25,84904.17176107,445746.9017456175
2021-07-13,Mercado Bitcoin,USDC,USDC/BRL,5.23635,5.31562,5.20002,5.23,51718.35791621,270487.01190177834
2021-07-14,Mercado Bitcoin,USDC,USDC/BRL,5.20074,5.27,5.11541,5.11543,58045.45457565,296927.4596999173
2021-07-15,Mercado Bitcoin,USDC,USDC/BRL,5.18979,5.25669,5.1154,5.20996,69444.97583272,361805.54628943786
2021-07-16,Mercado Bitcoin,USDC,USDC/BRL,5.16426,5.20998,4.7812,5.16885,136302.76594219,704528.5517402887
2021-07-17,Mercado Bitcoin,USDC,USDC/BRL,5.12641,5.2065,5.12002,5.19145,34978.27807544,181587.981714743
2021-07-18,Mercado Bitcoin,USDC,USDC/BRL,5.19002,5.2219,5.15,5.17329,47754.18785806,247046.2625042232
2021-07-19,Mercado Bitcoin,USDC,USDC/BRL,5.20994,5.2989,5.16002,5.27031,101675.40266243,535860.8914058314
2021-07-20,Mercado Bitcoin,USDC,USDC/BRL,5.27031,5.3693,5.21001,5.26748,126452.63056148,666086.7024299846
2021-07-21,Mercado Bitcoin,USDC,USDC/BRL,5.26713,5.32,5.20001,5.24835,127826.67227567,670879.1154380128
2021-07-22,Mercado Bitcoin,USDC,USDC/BRL,5.23013,5.25992,5.17002,5.21006,48606.18281898,253241.12885785496
2021-07-23,Mercado Bitcoin,USDC,USDC/BRL,5.21006,5.26998,5.14892,5.20002,213918.63372038,1112381.1737186504
2021-07-24,Mercado Bitcoin,USDC,USDC/BRL,5.17699,5.23999,5.1769,5.21989,20901.56599232,109103.87530765125
2021-07-25,Mercado Bitcoin,USDC,USDC/BRL,5.19233,5.23,5.1501,5.1502,32186.57975436,165767.32305090487
2021-07-26,Mercado Bitcoin,USDC,USDC/BRL,5.20996,5.20999,5.1,5.16001,149831.33118674,773131.1672368902
2021-07-27,Mercado Bitcoin,USDC,USDC/BRL,5.17971,5.2199,5.13084,5.15105,83268.86728877,428922.0988478187
2021-07-28,Mercado Bitcoin,USDC,USDC/BRL,5.16,5.21218,5.12011,5.1503,104437.96527962,537886.8525796268
2021-07-29,Mercado Bitcoin,USDC,USDC/BRL,5.15726,5.16,5.112,5.13,64612.9876745,331464.626770185
2021-07-30,Mercado Bitcoin,USDC,USDC/BRL,5.1484,5.22,5.1175,5.20715,51452.43659399,267920.5552103951
2021-07-31,Mercado Bitcoin,USDC,USDC/BRL,5.20101,5.23297,5.14,5.19999,73996.69614225,384782.0799727386
2021-08-01,Mercado Bitcoin,USDC,USDC/BRL,5.2,5.21989,5.14452,5.16749,57267.22983533,295927.8375017694
2021-08-02,Mercado Bitcoin,USDC,USDC/BRL,5.18,5.2,5.11018,5.17473,84831.24319131,438978.77907936764
2021-08-03,Mercado Bitcoin,USDC,USDC/BRL,5.163,5.28501,5.15948,5.23363,112697.44759611,589816.7426624291
2021-08-04,Mercado Bitcoin,USDC,USDC/BRL,5.2304,5.25001,5.18,5.20629,190223.81403998,990360.3407982076
2021-08-05,Mercado Bitcoin,USDC,USDC/BRL,5.19901,5.22672,5.18,5.21428,51954.30081677,270904.27166286745
2021-08-06,Mercado Bitcoin,USDC,USDC/BRL,5.21449,5.27,5.1802,5.2319,107474.98184701,562298.3575253717
2021-08-07,Mercado Bitcoin,USDC,USDC/BRL,5.22546,5.27989,5.18023,5.24603,75413.40554222,395620.9878766524
2021-08-08,Mercado Bitcoin,USDC,USDC/BRL,5.24596,5.2799,5.24,5.25999,20423.66888716,107428.29410977275
2021-08-09,Mercado Bitcoin,USDC,USDC/BRL,5.24505,5.2799,5.19001,5.24305,127034.05777725,666045.9166290106
2021-08-10,Mercado Bitcoin,USDC,USDC/BRL,5.24001,5.26989,5.22,5.22338,87920.7895599,459243.6937713905
2021-08-11,Mercado Bitcoin,USDC,USDC/BRL,5.22001,5.26781,5.1801,5.26781,186135.39782612,980525.9100224131
2021-08-12,Mercado Bitcoin,USDC,USDC/BRL,5.26005,5.3399,5.22327,5.32019,73655.60258676,391861.8003260547
2021-08-13,Mercado Bitcoin,USDC,USDC/BRL,5.32011,5.3465,5.24,5.26011,63601.96210207,334553.31687271944
2021-08-14,Mercado Bitcoin,USDC,USDC/BRL,5.26011,5.32889,5.2579,5.29,43166.7471452,228352.092398108
2021-08-15,Mercado Bitcoin,USDC,USDC/BRL,5.29649,5.36626,5.2695,5.31999,35689.68795175,189868.78300643046
2021-08-16,Mercado Bitcoin,USDC,USDC/BRL,5.31999,5.33657,5.2501,5.30989,131069.03508508,695962.1587079155
2021-08-17,Mercado Bitcoin,USDC,USDC/BRL,5.28051,5.379,5.25492,5.3499,180929.16026307,967952.9144913981
2021-08-18,Mercado Bitcoin,USDC,USDC/BRL,5.35,5.44979,5.32032,5.39757,246488.91095204,1330441.1510874026
2021-08-19,Mercado Bitcoin,USDC,USDC/BRL,5.40999,5.49,5.38031,5.39999,60321.44824243,325735.21729463956
2021-08-20,Mercado Bitcoin,USDC,USDC/BRL,5.39999,5.41932,5.3477,5.3836,121260.22804778,652816.5637180284
2021-08-21,Mercado Bitcoin,USDC,USDC/BRL,5.38075,5.4,5.35001,5.39107,45615.26957057,245915.11132381283
2021-08-22,Mercado Bitcoin,USDC,USDC/BRL,5.39961,5.4,5.38,5.39997,25124.1597967,135669.7091773861
2021-08-23,Mercado Bitcoin,USDC,USDC/BRL,5.39994,5.4,5.33511,5.38003,105280.50736736,566412.2880516178
2021-08-24,Mercado Bitcoin,USDC,USDC/BRL,5.38999,5.399,5.27,5.27959,129351.92902033,682925.150936444
2021-08-25,Mercado Bitcoin,USDC,USDC/BRL,5.30739,5.35364,5.25021,5.29,182320.67960005,964476.3950842646
2021-08-26,Mercado Bitcoin,USDC,USDC/BRL,5.29659,5.3998,5.25011,5.32325,157146.87333344,836532.0934722344
2021-08-27,Mercado Bitcoin,USDC,USDC/BRL,5.32323,5.35743,5.25,5.27995,148550.10800616,784337.1427671246
2021-08-28,Mercado Bitcoin,USDC,USDC/BRL,5.27,5.29299,5.25,5.26,32134.83366541,169029.22508005658
2021-08-29,Mercado Bitcoin,USDC,USDC/BRL,5.2501,5.29299,5.245,5.25003,38792.84474671,203663.5987055699
2021-08-30,Mercado Bitcoin,USDC,USDC/BRL,5.26782,5.29299,5.202,5.23532,146734.46827957,768201.8964733983
2021-08-31,Mercado Bitcoin,USDC,USDC/BRL,5.23,5.25,5.18,5.20616,86828.80977841,452044.67631596694
2021-09-01,Mercado Bitcoin,USDC,USDC/BRL,5.20846,5.28099,5.15055,5.24,139287.11920676,729864.5046434224
2021-09-02,Mercado Bitcoin,USDC,USDC/BRL,5.20001,5.27,5.12002,5.18412,166543.12792593,863379.5603433722
2021-09-03,Mercado Bitcoin,USDC,USDC/BRL,5.186,5.24999,5.11123,5.17,178918.34038424,925007.8197865208
2021-09-04,Mercado Bitcoin,USDC,USDC/BRL,5.16995,5.21,5.12504,5.19999,160362.88671029,833885.4072646409
2021-09-05,Mercado Bitcoin,USDC,USDC/BRL,5.19001,5.22781,5.16,5.18003,87096.88695723,451164.48734506016
2021-09-06,Mercado Bitcoin,USDC,USDC/BRL,5.18,5.19999,5.12071,5.16999,126249.16503119,652706.920719602
2021-09-07,Mercado Bitcoin,USDC,USDC/BRL,5.16999,5.4107,5.1,5.34989,468878.02650327,2508445.8652095795
2021-09-08,Mercado Bitcoin,USDC,USDC/BRL,5.34989,5.8898,5.16,5.36518,469237.74119724,2517544.944316608
2021-09-09,Mercado Bitcoin,USDC,USDC/BRL,5.36,5.4,5.2002,5.27757,147875.82591242,780425.0225606104
2021-09-10,Mercado Bitcoin,USDC,USDC/BRL,5.275,5.3657,5.2323,5.31845,228776.65971525,1216737.2258625713
2021-09-11,Mercado Bitcoin,USDC,USDC/BRL,5.31,5.35263,5.28156,5.33005,29383.45908412,156615.3060913138
2021-09-12,Mercado Bitcoin,USDC,USDC/BRL,5.34788,5.49989,5.29965,5.34987,133584.02837353,714657.1858746969
2021-09-13,Mercado Bitcoin,USDC,USDC/BRL,5.34998,5.37717,5.24357,5.28732,89906.37998794,475363.80103783496
2021-09-14,Mercado Bitcoin,USDC,USDC/BRL,5.26197,5.32716,5.23,5.27001,81437.28691696,429175.3164252484
2021-09-15,Mercado Bitcoin,USDC,USDC/BRL,5.28068,5.32999,5.24001,5.24301,131774.21103526,690893.5061999785
2021-09-16,Mercado Bitcoin,USDC,USDC/BRL,5.24746,5.29999,5.18,5.28615,259740.70186016,1373028.3111380849
2021-09-17,Mercado Bitcoin,USDC,USDC/BRL,5.28314,5.3497,5.257,5.31,162040.15275325,860433.2111197575
2021-09-18,Mercado Bitcoin,USDC,USDC/BRL,5.31,5.3356,5.27001,5.31634,54587.10195157,290203.59358920966
2021-09-19,Mercado Bitcoin,USDC,USDC/BRL,5.31022,5.35774,5.28001,5.33593,182812.01284645,975472.103707758
2021-09-20,Mercado Bitcoin,USDC,USDC/BRL,5.33593,5.44999,5.32,5.36001,434973.18922813,2331460.643994669
2021-09-21,Mercado Bitcoin,USDC,USDC/BRL,5.36002,5.4999,5.28881,5.31976,498588.58952914,2652371.6350335376
2021-09-22,Mercado Bitcoin,USDC,USDC/BRL,5.3099,5.34659,5.26727,5.33999,216446.0381783,1155819.6794117403
2021-09-23,Mercado Bitcoin,USDC,USDC/BRL,5.34,5.35001,5.2801,5.32232,313336.34883936,1667676.3161547026
2021-09-24,Mercado Bitcoin,USDC,USDC/BRL,5.3299,5.4,5.28564,5.37761,269911.99628715,1451481.4503537407
2021-09-25,Mercado Bitcoin,USDC,USDC/BRL,5.37761,5.4,5.34384,5.39,33586.99422423,181033.8988685997
2021-09-26,Mercado Bitcoin,USDC,USDC/BRL,5.38,5.4,5.3503,5.37,51074.35895963,274269.3076132131
2021-09-27,Mercado Bitcoin,USDC,USDC/BRL,5.37,5.4,5.31717,5.39,84988.64310382,458088.7863295897
2021-09-28,Mercado Bitcoin,USDC,USDC/BRL,5.4,5.49989,5.37001,5.47401,138206.8133214,756545.4781894768
2021-09-29,Mercado Bitcoin,USDC,USDC/BRL,5.46035,5.5,5.42683,5.47894,172687.75721877,946145.8605362077
2021-09-30,Mercado Bitcoin,USDC,USDC/BRL,5.47892,5.47892,5.39835,5.45532,93861.691602,512045.5634302227
2021-10-01,Mercado Bitcoin,USDC,USDC/BRL,5.43017,5.49,5.1888,5.35113,405398.48037251,2169339.9702757495
2021-10-02,Mercado Bitcoin,USDC,USDC/BRL,5.35113,5.35139,5.18,5.34979,107340.79239563,574250.6977502173
2021-10-03,Mercado Bitcoin,USDC,USDC/BRL,5.34979,5.3566,5.2901,5.32633,57001.15851687,303606.9806431601
2021-10-04,Mercado Bitcoin,USDC,USDC/BRL,5.30541,5.41171,5.25,5.40999,140723.74414339,761314.0485782984
2021-10-05,Mercado Bitcoin,USDC,USDC/BRL,5.4,5.47,5.33683,5.415,286914.57105982,1553642.4022889254
2021-10-06,Mercado Bitcoin,USDC,USDC/BRL,5.415,5.50999,5.24,5.42,425903.73854319,2308398.26290409
2021-10-07,Mercado Bitcoin,USDC,USDC/BRL,5.42,5.49,5.3,5.48265,247558.09694001,1357274.4001881457
2021-10-08,Mercado Bitcoin,USDC,USDC/BRL,5.48261,5.54793,5.4243,5.50363,113757.15332368,626077.281746805
2021-10-09,Mercado Bitcoin,USDC,USDC/BRL,5.50977,5.56,5.49,5.49899,55952.7775672,307683.76431425713
2021-10-10,Mercado Bitcoin,USDC,USDC/BRL,5.49799,5.54999,5.47949,5.52178,49837.58032093,275192.15426450485
2021-10-11,Mercado Bitcoin,USDC,USDC/BRL,5.52993,5.58771,5.48,5.54989,132982.09416866,738035.9946057044
2021-10-12,Mercado Bitcoin,USDC,USDC/BRL,5.54989,5.60968,5.49057,5.5665,184053.74858987,1024535.1915255112
2021-10-13,Mercado Bitcoin,USDC,USDC/BRL,5.56901,5.60698,5.49859,5.53999,188351.95879064,1043467.9681805577
2021-10-14,Mercado Bitcoin,USDC,USDC/BRL,5.53,5.54,5.46,5.52,158322.5181488,873940.3001813759
2021-10-15,Mercado Bitcoin,USDC,USDC/BRL,5.51162,5.56,5.44,5.49,97534.3314682,535463.4797604181
2021-10-16,Mercado Bitcoin,USDC,USDC/BRL,5.49,5.53794,5.45011,5.50998,112329.82533772,618935.0910143304
2021-10-17,Mercado Bitcoin,USDC,USDC/BRL,5.50081,5.52482,5.4822,5.5,28177.62367414,154976.93020777
2021-10-18,Mercado Bitcoin,USDC,USDC/BRL,5.49,5.6,5.46515,5.52002,160694.56905531,887037.2350766923
2021-10-19,Mercado Bitcoin,USDC,USDC/BRL,5.55899,5.61,5.47,5.55093,112738.24146407,625802.0866901501
2021-10-20,Mercado Bitcoin,USDC,USDC/BRL,5.58999,5.6,5.38,5.56,452507.32554371,2515940.7300230274
2021-10-21,Mercado Bitcoin,USDC,USDC/BRL,5.57,5.66999,5.53017,5.6663,212824.64671581,1205928.2956857942
2021-10-22,Mercado Bitcoin,USDC,USDC/BRL,5.66,5.72242,5.61416,5.66733,220515.79742675,1249735.794230543
2021-10-23,Mercado Bitcoin,USDC,USDC/BRL,5.65388,5.69908,5.63,5.67918,23570.79899432,133862.81023256225
2021-10-24,Mercado Bitcoin,USDC,USDC/BRL,5.66015,5.70939,5.64891,5.69398,70187.90173252,399648.5087069342
2021-10-25,Mercado Bitcoin,USDC,USDC/BRL,5.69649,5.72,5.55,5.5903,117410.80838303,656361.6421036526
2021-10-26,Mercado Bitcoin,USDC,USDC/BRL,5.59073,5.6497,5.54393,5.62034,103330.47605699,580752.4078021431
2021-10-27,Mercado Bitcoin,USDC,USDC/BRL,5.63085,5.69999,5.58,5.58745,401933.4504593,2245783.0577688157
2021-10-28,Mercado Bitcoin,USDC,USDC/BRL,5.58745,5.69,5.58,5.66155,115155.47723254,651958.4921258868
2021-10-29,Mercado Bitcoin,USDC,USDC/BRL,5.66216,5.68999,5.48,5.64999,309991.20349769,1751447.1998499134
2021-10-30,Mercado Bitcoin,USDC,USDC/BRL,5.64999,5.69,5.62335,5.6723,114626.53830502,650196.113227565
2021-10-31,Mercado Bitcoin,USDC,USDC/BRL,5.66882,5.68999,5.6203,5.68169,50973.95396023,289618.2044762992
2021-11-01,Mercado Bitcoin,USDC,USDC/BRL,5.68,5.6999,5.63707,5.6999,134610.28282513,767265.1510749586
2021-11-02,Mercado Bitcoin,USDC,USDC/BRL,5.6999,5.71,5.67,5.68999,127328.2641447,724496.5497007016
2021-11-03,Mercado Bitcoin,USDC,USDC/BRL,5.68267,5.71,5.61,5.62791,145010.9309373,816108.46833134
2021-11-04,Mercado Bitcoin,USDC,USDC/BRL,5.62791,5.69968,5.62,5.66246,85329.60951386,483175.50068785175
2021-11-05,Mercado Bitcoin,USDC,USDC/BRL,5.67138,5.6717,5.56267,5.60232,109032.88528889,610837.1139116542
2021-11-06,Mercado Bitcoin,USDC,USDC/BRL,5.60202,5.65885,5.5778,5.60074,43013.78786296,240909.0422355946
2021-11-07,Mercado Bitcoin,USDC,USDC/BRL,5.6071,5.62047,5.59,5.61,103087.88360364,578323.0270164205
2021-11-08,Mercado Bitcoin,USDC,USDC/BRL,5.61,5.61009,5.4,5.56543,302977.00995101,1686197.3404916497
2021-11-09,Mercado Bitcoin,USDC,USDC/BRL,5.56,5.57448,5.48154,5.5527,136073.07544249,755572.9660095142
2021-11-10,Mercado Bitcoin,USDC,USDC/BRL,5.5527,5.6,5.4558,5.5665,216020.41929037,1202477.6639798444
2021-11-11,Mercado Bitcoin,USDC,USDC/BRL,5.59283,5.6,5.46,5.51532,88614.74849913,488738.6946922217
2021-11-12,Mercado Bitcoin,USDC,USDC/BRL,5.51,5.53628,5.4701,5.5101,129493.63824431,713522.8960899726
2021-11-13,Mercado Bitcoin,USDC,USDC/BRL,5.51034,5.5478,5.48849,5.52176,74462.35510785,411163.2539403218
2021-11-14,Mercado Bitcoin,USDC,USDC/BRL,5.52789,5.55982,5.50001,5.51002,32501.13303293,179081.89303410496
2021-11-15,Mercado Bitcoin,USDC,USDC/BRL,5.51001,5.54,5.48849,5.52999,51632.67140301,285528.15653193125
2021-11-16,Mercado Bitcoin,USDC,USDC/BRL,5.52708,5.6298,5.5151,5.57469,191083.19934038,1065229.600530823
2021-11-17,Mercado Bitcoin,USDC,USDC/BRL,5.57469,5.6298,5.52359,5.59529,73902.2467191,413504.50204491307
2021-11-18,Mercado Bitcoin,USDC,USDC/BRL,5.59924,5.63,5.57458,5.62905,173965.52087366,979260.6152738758
2021-11-19,Mercado Bitcoin,USDC,USDC/BRL,5.62738,5.66,5.58636,5.65,215486.01307118,1217495.9738521671
2021-11-20,Mercado Bitcoin,USDC,USDC/BRL,5.64452,5.67234,5.64124,5.64948,100858.00076146,569795.258141853
2021-11-21,Mercado Bitcoin,USDC,USDC/BRL,5.65092,5.6897,5.64162,5.67919,43678.10853136,248056.2771902144
2021-11-22,Mercado Bitcoin,USDC,USDC/BRL,5.68,5.69,5.61214,5.67,99231.35669613,562641.792467057
2021-11-23,Mercado Bitcoin,USDC,USDC/BRL,5.66223,5.68999,5.60734,5.64132,201931.32365649,1139159.2147698302
2021-11-24,Mercado Bitcoin,USDC,USDC/BRL,5.64909,5.67936,5.61265,5.6544,101196.34533036,572204.6150359876
2021-11-25,Mercado Bitcoin,USDC,USDC/BRL,5.6575,5.68288,5.55266,5.62526,184800.48883227,1039550.7978086151
2021-11-26,Mercado Bitcoin,USDC,USDC/BRL,5.63872,5.75,5.615,5.69,421472.05604028,2398175.9988691933
2021-11-27,Mercado Bitcoin,USDC,USDC/BRL,5.6879,5.709,5.615,5.66056,155356.79219623,879406.4436342918
2021-11-28,Mercado Bitcoin,USDC,USDC/BRL,5.68119,5.709,5.615,5.63645,160572.51998403,905058.9802639858
2021-11-29,Mercado Bitcoin,USDC,USDC/BRL,5.63453,5.69484,5.615,5.65479,198173.1825239,1120627.7308043246
2021-11-30,Mercado Bitcoin,USDC,USDC/BRL,5.66044,5.75,5.62002,5.68997,191953.61082666,1092210.2869953706
2021-12-01,Mercado Bitcoin,USDC,USDC/BRL,5.67,5.74999,5.62,5.72,108446.65157096,620314.8469858912
2021-12-02,Mercado Bitcoin,USDC,USDC/BRL,5.70659,5.75955,5.6482,5.70545,88200.62480032,503224.2547669858
2021-12-03,Mercado Bitcoin,USDC,USDC/BRL,5.7,5.77763,5.62,5.72384,191630.15893133,1096860.368897504
2021-12-04,Mercado Bitcoin,USDC,USDC/BRL,5.73,5.9,5.72432,5.79,551834.06757588,3195119.251264345
2021-12-05,Mercado Bitcoin,USDC,USDC/BRL,5.8,5.99,5.73412,5.77001,243618.12813927,1405679.0355448693
2021-12-06,Mercado Bitcoin,USDC,USDC/BRL,5.77949,6.5,5.45,5.73138,889931.43091524,5100535.204518988
2021-12-07,Mercado Bitcoin,USDC,USDC/BRL,5.73138,6.99,5.61462,5.69,750631.27700078,4271091.966134438
2021-12-08,Mercado Bitcoin,USDC,USDC/BRL,5.6946,5.74069,5.57103,5.61019,230907.37487649,1295434.2454583356
2021-12-09,Mercado Bitcoin,USDC,USDC/BRL,5.59664,5.87,5.59007,5.66973,157256.02991168,891599.2304711496
2021-12-10,Mercado Bitcoin,USDC,USDC/BRL,5.68,5.87,5.61069,5.6819,124688.92040914,708469.9768726926
2021-12-11,Mercado Bitcoin,USDC,USDC/BRL,5.69868,5.72675,5.64677,5.66517,36728.70473272,208074.35619066335
2021-12-12,Mercado Bitcoin,USDC,USDC/BRL,5.65155,5.70592,5.64335,5.66,47998.57285127,271671.9223381882
2021-12-13,Mercado Bitcoin,USDC,USDC/BRL,5.66,5.75444,5.6216,5.73332,173323.07250109,993716.6380319494
2021-12-14,Mercado Bitcoin,USDC,USDC/BRL,5.7255,5.77219,5.67705,5.73632,261538.89347685,1500270.7854291243
2021-12-15,Mercado Bitcoin,USDC,USDC/BRL,5.73628,5.77999,5.6285,5.67652,199076.29579002,1130060.5745779644
2021-12-16,Mercado Bitcoin,USDC,USDC/BRL,5.67828,5.7482,5.66192,5.74332,295066.22684901,1694659.7619864559
2021-12-17,Mercado Bitcoin,USDC,USDC/BRL,5.73069,5.7555,5.63011,5.67071,183829.61861525,1042444.4565776841
2021-12-18,Mercado Bitcoin,USDC,USDC/BRL,5.6709,5.71694,5.6232,5.67861,138139.53533582,784440.5467533408
2021-12-19,Mercado Bitcoin,USDC,USDC/BRL,5.68968,5.70636,5.6478,5.68,27562.33140159,156554.0423610312
2021-12-20,Mercado Bitcoin,USDC,USDC/BRL,5.68,5.75303,5.65,5.73767,232767.07933244,1335540.6880733608
2021-12-21,Mercado Bitcoin,USDC,USDC/BRL,5.73,5.73803,5.65678,5.72567,135536.8352224,776039.191327839
2021-12-22,Mercado Bitcoin,USDC,USDC/BRL,5.7,5.73,5.644,5.68081,268639.06981406,1526087.5141904103
2021-12-23,Mercado Bitcoin,USDC,USDC/BRL,5.67121,5.7188,5.6,5.67065,782766.78520114,4438796.4705008445
2021-12-24,Mercado Bitcoin,USDC,USDC/BRL,5.67018,5.72381,5.63057,5.6959,300309.62762133,1710533.6079683334
2021-12-25,Mercado Bitcoin,USDC,USDC/BRL,5.69196,5.72307,5.65,5.70873,131455.71026969,750445.1568878874
2021-12-26,Mercado Bitcoin,USDC,USDC/BRL,5.71998,5.7385,5.6719,5.69542,83556.65830728,475890.26285644865
2021-12-27,Mercado Bitcoin,USDC,USDC/BRL,5.69604,5.72524,5.6719,5.67673,78070.38385938,443184.49016605824
2021-12-28,Mercado Bitcoin,USDC,USDC/BRL,5.68,5.72,5.65559,5.68591,154574.09791427,878894.409071727
2021-12-29,Mercado Bitcoin,USDC,USDC/BRL,5.68937,5.7599,5.68022,5.74021,84479.14107875,484928.0104116516
2021-12-30,Mercado Bitcoin,USDC,USDC/BRL,5.74878,5.76,5.60673,5.63,128364.52613697,722692.2821511411
2021-12-31,Mercado Bitcoin,USDC,USDC/BRL,5.6389,5.67025,5.601,5.64947,30828.20274594,174163.00656710565
2022-01-01,Mercado Bitcoin,USDC,USDC/BRL,5.65468,5.65787,5.60019,5.64,25923.05377957,146206.02331677478
2022-01-02,Mercado Bitcoin,USDC,USDC/BRL,5.64,5.67896,5.62058,5.63613,45827.56194644,258290.09671318886
2022-01-03,Mercado Bitcoin,USDC,USDC/BRL,5.63135,5.73278,5.62109,5.71517,142061.64921389,811906.4757377476
2022-01-04,Mercado Bitcoin,USDC,USDC/BRL,5.71036,5.71593,5.63762,5.711,72360.5634857,413251.1780668327
2022-01-05,Mercado Bitcoin,USDC,USDC/BRL,5.71099,5.78,5.6569,5.76943,82804.69865571,477735.91256521293
2022-01-06,Mercado Bitcoin,USDC,USDC/BRL,5.76497,5.79205,5.6005,5.72262,311675.94790295,1783603.0129883797
2022-01-07,Mercado Bitcoin,USDC,USDC/BRL,5.7227,5.75718,5.6491,5.68938,174990.78192197,995589.0548512175
2022-01-08,Mercado Bitcoin,USDC,USDC/BRL,5.68792,5.72999,5.67057,5.69483,84456.87322752,480967.5353622777
2022-01-09,Mercado Bitcoin,USDC,USDC/BRL,5.69001,5.73769,5.6,5.69001,105513.0029138,600370.0417095511
2022-01-10,Mercado Bitcoin,USDC,USDC/BRL,5.69691,5.75997,5.67431,5.68774,145913.31693565,829917.0092675738
2022-01-11,Mercado Bitcoin,USDC,USDC/BRL,5.70933,5.73999,5.6,5.64443,132193.49511298,746156.9296205576
2022-01-12,Mercado Bitcoin,USDC,USDC/BRL,5.64443,5.65494,5.57125,5.61469,192909.97304536,1083129.6965580524
2022-01-13,Mercado Bitcoin,USDC,USDC/BRL,5.58858,5.61678,5.55005,5.57382,92930.81635507,517979.6428162163
2022-01-14,Mercado Bitcoin,USDC,USDC/BRL,5.57158,5.94,5.5517,5.57,217743.47606242,1212831.1616676794
2022-01-15,Mercado Bitcoin,USDC,USDC/BRL,5.57,5.61355,5.56167,5.58181,29896.74426368,166877.94609845165
2022-01-16,Mercado Bitcoin,USDC,USDC/BRL,5.5899,5.62358,5.58,5.58591,23983.00736678,133966.92068017006
2022-01-17,Mercado Bitcoin,USDC,USDC/BRL,5.58248,5.60993,5.44184,5.5713,253515.72806291,1412412.1757568906
2022-01-18,Mercado Bitcoin,USDC,USDC/BRL,5.57,5.6202,5.5318,5.60979,124874.72806547,700521.0007543929
2022-01-19,Mercado Bitcoin,USDC,USDC/BRL,5.60001,5.64018,5.48,5.50838,169353.63168943,932864.1577254224
2022-01-20,Mercado Bitcoin,USDC,USDC/BRL,5.50215,5.52553,5.41082,5.49506,78968.61255123,433937.2640857619
2022-01-21,Mercado Bitcoin,USDC,USDC/BRL,5.4854,5.55,5.4504,5.51001,266353.60088849,1467611.0044315888
2022-01-22,Mercado Bitcoin,USDC,USDC/BRL,5.51,5.55999,5.47385,5.52798,210511.46814901,1163703.1856983644
2022-01-23,Mercado Bitcoin,USDC,USDC/BRL,5.52,5.55465,5.46419,5.51226,128866.412626,710345.1716617949
2022-01-24,Mercado Bitcoin,USDC,USDC/BRL,5.51966,5.59,5.41449,5.54066,383784.05417776,2126416.9576205476
2022-01-25,Mercado Bitcoin,USDC,USDC/BRL,5.55614,5.59,5.47,5.50118,89205.01523104,490732.8456886926
2022-01-26,Mercado Bitcoin,USDC,USDC/BRL,5.50118,5.53941,5.43152,5.4779,128613.72023686,704533.0980854954
2022-01-27,Mercado Bitcoin,USDC,USDC/BRL,5.47945,5.53026,5.41141,5.45636,211376.67162699,1153347.215998643
2022-01-28,Mercado Bitcoin,USDC,USDC/BRL,5.45269,5.49979,5.4,5.43715,210647.49095354,1145322.00543804
2022-01-29,Mercado Bitcoin,USDC,USDC/BRL,5.43513,5.45231,5.4,5.42118999,56600.16019532,306840.22188326524
2022-01-30,Mercado Bitcoin,USDC,USDC/BRL,5.41475,5.4354,5.37164,5.41253001,75025.98363868,406080.3879741245
2022-01-31,Mercado Bitcoin,USDC,USDC/BRL,5.41999999,5.45683,5.30896,5.34,139131.72789821,742963.4269764414
2022-02-01,Mercado Bitcoin,USDC,USDC/BRL,5.34,5.34893999,5.28081,5.2959,97836.24546147,518130.9723393989
2022-02-02,Mercado Bitcoin,USDC,USDC/BRL,5.296,5.66,5.2911,5.33740999,213524.62313693,1139668.4566420354
2022-02-03,Mercado Bitcoin,USDC,USDC/BRL,5.33740999,5.66,5.3164,5.36140999,199028.64073055,1067074.1427088918
2022-02-04,Mercado Bitcoin,USDC,USDC/BRL,5.33382001,5.38989,5.31,5.33084001,115304.84629717,614671.6879878542
2022-02-05,Mercado Bitcoin,USDC,USDC/BRL,5.34495999,5.36,5.3302,5.35921,55055.31492823,295052.9943165195
2022-02-06,Mercado Bitcoin,USDC,USDC/BRL,5.35180001,5.37739,5.31682,5.35193001,62841.53718359,336323.50872738624
2022-02-07,Mercado Bitcoin,USDC,USDC/BRL,5.36994999,5.38,5.25598,5.31301,152423.70767375,809828.6831077106
2022-02-08,Mercado Bitcoin,USDC,USDC/BRL,5.31301,5.34649,5.27189,5.28700001,99539.28431598,526264.197173979
2022-02-09,Mercado Bitcoin,USDC,USDC/BRL,5.28700001,5.33046,5.2645,5.28591,123350.10874191,652017.5732999495
2022-02-10,Mercado Bitcoin,USDC,USDC/BRL,5.27535001,5.31071,5.21001,5.28388001,159897.09915846,844877.0859003747
2022-02-11,Mercado Bitcoin,USDC,USDC/BRL,5.28500001,5.31999999,5.23131,5.29110001,196251.36181028,1038385.5824368862
2022-02-12,Mercado Bitcoin,USDC,USDC/BRL,5.29110001,5.31495999,5.26977,5.3,30533.08971896,161825.375510488
2022-02-13,Mercado Bitcoin,USDC,USDC/BRL,5.29198001,5.32878,5.26778,5.3,26115.40658167,138411.654882851
2022-02-14,Mercado Bitcoin,USDC,USDC/BRL,5.29132001,5.32721,5.2301,5.25168001,46314.81656393,243230.59631560807
2022-02-15,Mercado Bitcoin,USDC,USDC/BRL,5.26,5.26537999,5.15596,5.17883001,79807.76132706,413310.8293914958
2022-02-16,Mercado Bitcoin,USDC,USDC/BRL,5.18499,5.3999,5.14311,5.17501999,186196.50138376,963570.6167290207
2022-02-17,Mercado Bitcoin,USDC,USDC/BRL,5.15950001,5.23195,5.1515,5.21857999,67173.16692139,350548.5447608958
2022-02-18,Mercado Bitcoin,USDC,USDC/BRL,5.22038999,5.25688,5.14918,5.18,104690.07545576,542294.5908608368
2022-02-19,Mercado Bitcoin,USDC,USDC/BRL,5.18002,5.21649,5.15035,5.17239001,56859.58460798,294099.94739906554
2022-02-20,Mercado Bitcoin,USDC,USDC/BRL,5.17598001,5.21894,5.16771,5.18760001,44831.65096043,232568.67297064318
2022-02-21,Mercado Bitcoin,USDC,USDC/BRL,5.19938999,5.19989,5.10564,5.17119999,128653.17601065,665291.3024997415
2022-02-22,Mercado Bitcoin,USDC,USDC/BRL,5.15111,5.1799,5.07,5.10011001,116825.54562056,595823.1346431298
2022-02-23,Mercado Bitcoin,USDC,USDC/BRL,5.1,5.112,5.0401,5.06799999,193233.98720403,979309.8452176842
2022-02-24,Mercado Bitcoin,USDC,USDC/BRL,5.06,5.25,3.02,5.16483001,367617.44594796,1898681.6170315768
2022-02-25,Mercado Bitcoin,USDC,USDC/BRL,5.16012001,5.39,5.0995,5.19069999,105969.65698185,550056.6974359922
2022-02-26,Mercado Bitcoin,USDC,USDC/BRL,5.19,5.2184,5.18,5.18601,28120.46242311,145832.99933087267
2022-02-27,Mercado Bitcoin,USDC,USDC/BRL,5.18462,5.2171,5.17511,5.20199,11160.65428233,58057.61197013784
2022-02-28,Mercado Bitcoin,USDC,USDC/BRL,5.20637,5.24969,5.16,5.18,50330.47535665,260711.862347447
2022-03-01,Mercado Bitcoin,USDC,USDC/BRL,5.17002001,5.19,5.10881,5.13345001,80180.44478335,411602.3050748925
2022-03-02,Mercado Bitcoin,USDC,USDC/BRL,5.13345001,5.22,5.07804,5.11999,147025.96462294,752771.4686098065
2022-03-03,Mercado Bitcoin,USDC,USDC/BRL,5.12,5.20831,5.0413,5.15588,164258.84786315,846898.9085206578
2022-03-04,Mercado Bitcoin,USDC,USDC/BRL,5.06012,5.21,5.06,5.18,94016.43739669,487005.1457148542
2022-03-05,Mercado Bitcoin,USDC,USDC/BRL,5.11446001,5.17974999,5.078,5.10999999,42113.23334443,215198.621968905
2022-03-06,Mercado Bitcoin,USDC,USDC/BRL,5.10999999,5.12456,5.07806,5.11907999,27386.27449531,140192.5297695888
2022-03-07,Mercado Bitcoin,USDC,USDC/BRL,5.11895999,5.2199,5.0702,5.12818,111869.61672721,573687.5311081439
2022-03-08,Mercado Bitcoin,USDC,USDC/BRL,5.13836999,5.1399,5.07,5.12382999,89468.75219893,458422.67568475596
2022-03-09,Mercado Bitcoin,USDC,USDC/BRL,5.09482,5.1355,5.01,5.0372,115593.63091847,582268.2376625171
2022-03-10,Mercado Bitcoin,USDC,USDC/BRL,5.1,5.1098,5.0203,5.0375,100799.47380714,507777.3493034677
2022-03-11,Mercado Bitcoin,USDC,USDC/BRL,5.03781,5.15,3.6,5.08029001,311075.55550352,1580354.036979733
2022-03-12,Mercado Bitcoin,USDC,USDC/BRL,5.08048001,5.09884,5.0784,5.08979999,24623.83475232,125330.39387612
2022-03-13,Mercado Bitcoin,USDC,USDC/BRL,5.07842001,5.09,5.07840001,5.08376,10689.13461375,54340.9949839977
2022-03-14,Mercado Bitcoin,USDC,USDC/BRL,5.08402,5.2999,5.0502,5.09866,85921.37364331,438083.87094019895
2022-03-15,Mercado Bitcoin,USDC,USDC/BRL,5.1,5.1498,5.09001001,5.14302999,56786.6097179,292055.2368095851
2022-03-16,Mercado Bitcoin,USDC,USDC/BRL,5.1333,5.1438,5.07005,5.07005,55980.21900682,283822.50937552773
2022-03-17,Mercado Bitcoin,USDC,USDC/BRL,5.08,5.11980999,5.02134,5.06106999,66421.32615215,336162.9804846485
2022-03-18,Mercado Bitcoin,USDC,USDC/BRL,5.0454,5.08932999,5.00001,5.04,101601.24714784,512070.2856251136
2022-03-19,Mercado Bitcoin,USDC,USDC/BRL,5.04,5.06,5.02015,5.04341001,25536.51471024,128791.11391013666
2022-03-20,Mercado Bitcoin,USDC,USDC/BRL,5.05,5.08999,5.01201,5.0457,53232.80810982,268596.7798797188
2022-03-21,Mercado Bitcoin,USDC,USDC/BRL,5.04948999,5.05100999,4.115,4.9653,276445.12386364,1372632.9735201318
2022-03-22,Mercado Bitcoin,USDC,USDC/BRL,4.97008,4.9701,4.8708,4.93511,336323.88635601,1659795.3747944084
2022-03-23,Mercado Bitcoin,USDC,USDC/BRL,4.94,4.94915,4.75002,4.86420999,179704.27076268,874119.309089493
2022-03-24,Mercado Bitcoin,USDC,USDC/BRL,4.86307,4.86873,4.8,4.84107,121683.18257117,589076.8046498139
2022-03-25,Mercado Bitcoin,USDC,USDC/BRL,4.84233,4.845,4.77599,4.78722999,84378.25770951,403938.12581091496
2022-03-26,Mercado Bitcoin,USDC,USDC/BRL,4.78871999,4.79828999,4.77701001,4.79718,15246.17765807,73138.65853774025
2022-03-27,Mercado Bitcoin,USDC,USDC/BRL,4.79,4.79999,4.76,4.76002,73929.89501128,351907.778851593
2022-03-28,Mercado Bitcoin,USDC,USDC/BRL,4.76002,4.83999999,4.75,4.78208,287071.73444513,1372799.999855367
2022-03-29,Mercado Bitcoin,USDC,USDC/BRL,4.78664,4.81,4.75,4.79056001,107948.55045841,517134.0089635261
2022-03-30,Mercado Bitcoin,USDC,USDC/BRL,4.79998999,4.819,4.75583,4.79241001,87102.11525149,417429.0490234144
2022-03-31,Mercado Bitcoin,USDC,USDC/BRL,4.81,4.81728,4.711,4.78177,213119.02651197,1019086.1674041428
2022-04-01,Mercado Bitcoin,USDC,USDC/BRL,4.78216,4.7889,4.66652,4.70888,135843.27535469,639669.6824521926
2022-04-02,Mercado Bitcoin,USDC,USDC/BRL,4.70932,4.73627,4.6762,4.70999999,43102.90970266,203014.7042684995
2022-04-03,Mercado Bitcoin,USDC,USDC/BRL,4.71,4.7398,4.68734,4.71027999,19740.77169818,92984.56191709558
2022-04-04,Mercado Bitcoin,USDC,USDC/BRL,4.70979999,4.71153,4.61,4.63094,98273.42798261,455098.3485817879
2022-04-05,Mercado Bitcoin,USDC,USDC/BRL,4.63821,4.72398,4.6173,4.7,118010.29236503,554648.3741156411
2022-04-06,Mercado Bitcoin,USDC,USDC/BRL,4.69082001,4.77392,4.69000001,4.75346,103422.90439073,491616.6391051593
2022-04-07,Mercado Bitcoin,USDC,USDC/BRL,4.76,4.8,4.7341,4.79274,81268.50163625,389498.7985321209
2022-04-08,Mercado Bitcoin,USDC,USDC/BRL,4.78597001,4.8112,4.73011,4.74323,106896.02785603,507032.44620755716
2022-04-09,Mercado Bitcoin,USDC,USDC/BRL,4.76132999,4.76132999,4.74,4.75017,22953.21325563,109031.66501049594
2022-04-10,Mercado Bitcoin,USDC,USDC/BRL,4.75013999,4.75973,4.745,4.7482,34879.73148643,165615.94104386691
2022-04-11,Mercado Bitcoin,USDC,USDC/BRL,4.75667999,4.78999,4.70608,4.73424,143545.36827203,679578.2242881752
2022-04-12,Mercado Bitcoin,USDC,USDC/BRL,4.74,4.74947,4.65343,4.71040001,94225.90350021,443841.6967896482
2022-04-13,Mercado Bitcoin,USDC,USDC/BRL,4.71625999,4.73739,4.68054,4.73151,58990.57842848,279114.5117401374
2022-04-14,Mercado Bitcoin,USDC,USDC/BRL,4.73557,4.75982999,4.7,4.74000001,95822.81516016,454200.1448173865
2022-04-15,Mercado Bitcoin,USDC,USDC/BRL,4.74402,4.74923999,4.70576,4.74546,16588.09764219,78718.15383710696
2022-04-16,Mercado Bitcoin,USDC,USDC/BRL,4.74549,4.75,4.74090001,4.74978,15141.10464368,71916.9160144584
2022-04-17,Mercado Bitcoin,USDC,USDC/BRL,4.74325001,4.74999,4.74325,4.7451,14110.38298405,66955.17829761565
2022-04-18,Mercado Bitcoin,USDC,USDC/BRL,4.7451,4.76551,4.6814,4.68843,119342.51649977,559529.0346330167
2022-04-19,Mercado Bitcoin,USDC,USDC/BRL,4.68218,4.713,4.65605,4.70046,52643.50450642,247448.68719224696
2022-04-20,Mercado Bitcoin,USDC,USDC/BRL,4.70999,4.70999,4.61715,4.65883999,79581.23033887,370756.2183561288
2022-04-21,Mercado Bitcoin,USDC,USDC/BRL,4.65904,4.67,4.62393,4.66861999,67616.51325124,315675.805418839
2022-04-22,Mercado Bitcoin,USDC,USDC/BRL,4.66901,4.845,4.65001,4.82460001,110429.56741018,532778.4920314502
2022-04-23,Mercado Bitcoin,USDC,USDC/BRL,4.84126999,4.845,4.7993,4.83711001,31359.65500251,151690.1011227877
2022-04-24,Mercado Bitcoin,USDC,USDC/BRL,4.84367999,4.845,4.81533,4.8422,19558.83021757,94707.76767951746
2022-04-25,Mercado Bitcoin,USDC,USDC/BRL,4.8422,4.98998,4.67,4.87601001,184419.89912251,899233.274164549
2022-04-26,Mercado Bitcoin,USDC,USDC/BRL,4.87601001,5.04877,4.86981,5.02347,188570.7279837,947279.3949042774
2022-04-27,Mercado Bitcoin,USDC,USDC/BRL,5.02458,5.06538,4.95,4.99425999,88330.4337311,441145.1510825791
2022-04-28,Mercado Bitcoin,USDC,USDC/BRL,4.99282,5.06153,4.94112,4.96284001,113607.07524817,563813.7384606987
2022-04-29,Mercado Bitcoin,USDC,USDC/BRL,4.97476999,5.00789,4.91001,5.00431,102809.04179915,514488.3159659044
2022-04-30,Mercado Bitcoin,USDC,USDC/BRL,5.0,5.04694,4.99191,5.02,60079.2184528,301597.67663305596
2022-05-01,Mercado Bitcoin,USDC,USDC/BRL,5.02,5.0479,5.00715,5.01695999,41685.62550729,209135.1153281974
2022-05-02,Mercado Bitcoin,USDC,USDC/BRL,5.0113,5.19,4.98133,5.07298001,156599.21784001,794424.7016840061
2022-05-03,Mercado Bitcoin,USDC,USDC/BRL,5.07989999,5.08,4.98005001,4.99871,85515.65995797,427467.9845885042
2022-05-04,Mercado Bitcoin,USDC,USDC/BRL,4.98239,5.08,4.88839,4.92514,206492.17681221,1017002.879704888
2022-05-05,Mercado Bitcoin,USDC,USDC/BRL,4.92025,5.09535,4.92005,5.06415,98019.1790543,496383.8256078333
2022-05-06,Mercado Bitcoin,USDC,USDC/BRL,5.06984,5.13265999,5.03547001,5.10923001,116115.23402973,593259.4383228697
2022-05-07,Mercado Bitcoin,USDC,USDC/BRL,5.11179001,5.14482,5.07785,5.10716001,32417.98992506,165563.86174984934
2022-05-08,Mercado Bitcoin,USDC,USDC/BRL,5.12997,5.1599,5.09374,5.13483999,44787.6960425,229977.6526989937
2022-05-09,Mercado Bitcoin,USDC,USDC/BRL,5.13781999,5.2,5.09629,5.19969999,188195.86338749,978562.0289739732
2022-05-10,Mercado Bitcoin,USDC,USDC/BRL,5.1947,5.22,5.13,5.17837001,267949.15313831,1387539.858816322
2022-05-11,Mercado Bitcoin,USDC,USDC/BRL,5.17927001,5.28,5.13952,5.19500001,390470.16677202,2028492.5202853456
2022-05-12,Mercado Bitcoin,USDC,USDC/BRL,5.19505,5.52798,5.15000001,5.16730001,486897.04451186,2515943.1029751045
2022-05-13,Mercado Bitcoin,USDC,USDC/BRL,5.17998999,5.19393,5.1,5.11951,236775.07698956,1212172.3743988224
2022-05-14,Mercado Bitcoin,USDC,USDC/BRL,5.13713999,5.16154,5.09305,5.12380999,31384.59803857,160808.71696215935
2022-05-15,Mercado Bitcoin,USDC,USDC/BRL,5.12725999,5.12911999,5.10095001,5.12145,21988.97297679,112615.42565198115
2022-05-16,Mercado Bitcoin,USDC,USDC/BRL,5.12112999,5.1301,5.0553,5.06878001,245965.46081877,1246744.8109486196
2022-05-17,Mercado Bitcoin,USDC,USDC/BRL,5.06535001,5.09174999,4.95,4.95702001,91163.38616872,451898.72941770224
2022-05-18,Mercado Bitcoin,USDC,USDC/BRL,4.96929999,5.03336999,4.95000001,5.01360999,61606.82158715,308872.5761614829
2022-05-19,Mercado Bitcoin,USDC,USDC/BRL,5.00988999,5.01321999,4.89,4.93023001,78977.64415829,389377.95134830254
2022-05-20,Mercado Bitcoin,USDC,USDC/BRL,4.95846999,4.96444999,4.86525,4.89512,98959.7420627,484419.81256596406
2022-05-21,Mercado Bitcoin,USDC,USDC/BRL,4.89517,4.9,4.89511,4.89999999,18562.12739471,90954.42404845775
2022-05-22,Mercado Bitcoin,USDC,USDC/BRL,4.9,4.90910999,4.89999999,4.90003,54404.76361152,266584.97383935633
2022-05-23,Mercado Bitcoin,USDC,USDC/BRL,4.91,4.91,4.78855,4.852,109504.15075804,531314.1394780101
2022-05-24,Mercado Bitcoin,USDC,USDC/BRL,4.852,4.90999,4.75001,4.84602001,35265.0753976,170895.2610309283
2022-05-25,Mercado Bitcoin,USDC,USDC/BRL,4.84607001,4.89373999,4.75001,4.84777999,26586.11558486,128883.63914411145
2022-05-26,Mercado Bitcoin,USDC,USDC/BRL,4.84703999,4.88191999,4.7817,4.8177,76764.54172523,369828.53266964055
2022-05-27,Mercado Bitcoin,USDC,USDC/BRL,4.80674001,4.82548999,4.74,4.77568,105741.70389073,504988.5404368815
2022-05-28,Mercado Bitcoin,USDC,USDC/BRL,4.76505,4.78549999,4.765,4.78018999,13058.65078176,62422.83174987483
2022-05-29,Mercado Bitcoin,USDC,USDC/BRL,4.77878999,4.78237999,4.765,4.76501,14625.75122511,69691.8508451614
2022-05-30,Mercado Bitcoin,USDC,USDC/BRL,4.77619,4.81851,4.69663,4.75967001,82707.82075367,393661.9340336987
2022-05-31,Mercado Bitcoin,USDC,USDC/BRL,4.76996999,4.81712,4.72897,4.76249,71759.30686504,341752.9813516843
2022-06-01,Mercado Bitcoin,USDC,USDC/BRL,4.77645999,4.8674,4.7325,4.82001001,156611.65708621,754869.7548382196
2022-06-02,Mercado Bitcoin,USDC,USDC/BRL,4.82076001,4.84999999,4.76,4.80071,76376.23868875,366660.172835469
2022-06-03,Mercado Bitcoin,USDC,USDC/BRL,4.80071,4.86,4.77093,4.78079001,61961.71538627,296225.9499211429
2022-06-04,Mercado Bitcoin,USDC,USDC/BRL,4.80324,4.82429,4.7668,4.81308999,18158.04285267,87396.29429217703
2022-06-05,Mercado Bitcoin,USDC,USDC/BRL,4.79142,4.8243,4.79101,4.82407999,16612.56402344,80140.33768807081
2022-06-06,Mercado Bitcoin,USDC,USDC/BRL,4.81424,4.8243,4.76583,4.80770001,130109.11381317,625525.5877806685
2022-06-07,Mercado Bitcoin,USDC,USDC/BRL,4.81812,4.9899,4.8,4.85085001,120617.43169532,585097.0697454173
2022-06-08,Mercado Bitcoin,USDC,USDC/BRL,4.90997999,4.94999,4.8,4.88007,94248.18883203,459937.75887352467
2022-06-09,Mercado Bitcoin,USDC,USDC/BRL,4.88003,4.93359999,4.81011,4.92099999,156679.96479648,771022.1051966784
2022-06-10,Mercado Bitcoin,USDC,USDC/BRL,4.92099999,5.0,4.85639001,4.99874994,108571.06193586,542719.5893376163
2022-06-11,Mercado Bitcoin,USDC,USDC/BRL,4.98654,5.01999999,4.95082001,4.98763,78304.26820728,390552.7172386759
2022-06-12,Mercado Bitcoin,USDC,USDC/BRL,5.00297999,5.0398,4.98252,5.02999999,143763.56022325,723130.706485312
2022-06-13,Mercado Bitcoin,USDC,USDC/BRL,5.01838001,5.23,4.85,5.16550999,292279.19706254,1509771.112295729
2022-06-14,Mercado Bitcoin,USDC,USDC/BRL,5.14886001,5.19744,5.10754002,5.14111,152943.57352389,786299.7352794062
2022-06-15,Mercado Bitcoin,USDC,USDC/BRL,5.16075998,5.19985,5.02106,5.06854,144567.36889512,732745.4919396715
2022-06-16,Mercado Bitcoin,USDC,USDC/BRL,5.06982999,5.14615,5.05473,5.13056999,52461.60026083,269157.91192559054
2022-06-17,Mercado Bitcoin,USDC,USDC/BRL,5.12871999,5.19036,5.08163,5.16812,153853.02961211,795130.919398938
2022-06-18,Mercado Bitcoin,USDC,USDC/BRL,5.16812,5.2099,5.15342,5.20133999,62199.6319836,323521.4331995817
2022-06-19,Mercado Bitcoin,USDC,USDC/BRL,5.19151999,5.20699,5.15163001,5.17797999,97828.85568463,506555.8571796119
2022-06-20,Mercado Bitcoin,USDC,USDC/BRL,5.16765001,5.2,5.11505,5.18516,123288.20430352,639269.0654264397
2022-06-21,Mercado Bitcoin,USDC,USDC/BRL,5.18516,5.2,5.09307,5.13868001,197992.10309226,1017418.0622980556
2022-06-22,Mercado Bitcoin,USDC,USDC/BRL,5.14004001,5.2099,5.13005,5.19304001,94278.89532081,489594.0754995681
2022-06-23,Mercado Bitcoin,USDC,USDC/BRL,5.20805999,5.24975999,5.17051001,5.22265,33504.64322625,174983.02494557458
2022-06-24,Mercado Bitcoin,USDC,USDC/BRL,5.2227,5.39451,4.8251,5.21094,142610.33265626,743133.8868518114
2022-06-25,Mercado Bitcoin,USDC,USDC/BRL,5.21149001,5.28103,4.8251,5.23042001,59063.99610938,308929.5071210633
2022-06-26,Mercado Bitcoin,USDC,USDC/BRL,5.24601,5.2699,5.20102,5.20257,9708.19063139,50507.54133315067
2022-06-27,Mercado Bitcoin,USDC,USDC/BRL,5.20286,5.3199,5.02,5.24530001,90616.19635884,475309.1356671854
2022-06-28,Mercado Bitcoin,USDC,USDC/BRL,5.26552,5.30373,5.1711,5.2721,271611.10864455,1431960.9258849323
2022-06-29,Mercado Bitcoin,USDC,USDC/BRL,5.2689,5.2964,5.1848,5.20999999,150684.25957261,785064.9908664555
2022-06-30,Mercado Bitcoin,USDC,USDC/BRL,5.20969999,5.27999999,5.1724,5.26296999,174363.9606126,917672.2920416559
2022-07-01,Mercado Bitcoin,USDC,USDC/BRL,5.26244,5.33904,4.61,5.33699999,666308.18054187,3556086.752888878
2022-07-02,Mercado Bitcoin,USDC,USDC/BRL,5.33699999,5.36236,5.30375,5.33306001,94730.10136775,505201.3153475938
2022-07-03,Mercado Bitcoin,USDC,USDC/BRL,5.33051001,5.35749999,5.32461,5.32950001,14906.72508836,79445.39150748188
2022-07-04,Mercado Bitcoin,USDC,USDC/BRL,5.33130001,5.34999999,5.22871,5.2945,255792.05006579,1354291.0090733252
2022-07-05,Mercado Bitcoin,USDC,USDC/BRL,5.2945,5.389,5.24635,5.35,487442.22927424,2607815.9266171837
2022-07-06,Mercado Bitcoin,USDC,USDC/BRL,5.33282001,5.449,5.32383001,5.37969,113657.58344597,611442.5650884503
2022-07-07,Mercado Bitcoin,USDC,USDC/BRL,5.37214,5.38,5.29243,5.31803,144867.60688857,770410.279461622
2022-07-08,Mercado Bitcoin,USDC,USDC/BRL,5.31793,5.35005,5.23982,5.25092001,108703.34694437,570792.5796241647
2022-07-09,Mercado Bitcoin,USDC,USDC/BRL,5.26953999,5.2901,5.2277,5.25562,54506.40186354,286464.9357620581
2022-07-10,Mercado Bitcoin,USDC,USDC/BRL,5.2723,5.2901,5.25147,5.28638999,11556.47114401,61092.01337541831
2022-07-11,Mercado Bitcoin,USDC,USDC/BRL,5.27744,5.398,5.26111,5.39794316,110158.85001358,594631.21094427
2022-07-12,Mercado Bitcoin,USDC,USDC/BRL,5.37707,5.45999999,5.35524,5.43663191,218767.18580268,1189356.663195749
2022-07-13,Mercado Bitcoin,USDC,USDC/BRL,5.43667289,5.47919,5.15,5.40005001,322411.13516136,1741036.2536522136
2022-07-14,Mercado Bitcoin,USDC,USDC/BRL,5.4007,5.4888,5.38261,5.41325001,93746.0915454,507471.0309955975
2022-07-15,Mercado Bitcoin,USDC,USDC/BRL,5.41124,5.43662999,5.33449,5.39908001,134374.54647224,725498.9277110869
2022-07-16,Mercado Bitcoin,USDC,USDC/BRL,5.39472003,5.41926999,5.35399,5.39292,29830.36544844,160872.77443420104
2022-07-17,Mercado Bitcoin,USDC,USDC/BRL,5.39328001,5.4155,5.38235,5.39226001,15432.88280962,83218.11681333037
2022-07-18,Mercado Bitcoin,USDC,USDC/BRL,5.39226001,5.42999,5.31729,5.41459,144288.14571066,781261.1508834824
2022-07-19,Mercado Bitcoin,USDC,USDC/BRL,5.41105001,5.45715,5.36005082,5.40886001,91923.10297098,497199.1956548459
2022-07-20,Mercado Bitcoin,USDC,USDC/BRL,5.40689001,5.49,5.39,5.47901999,270524.0660178,1482206.765487606
2022-07-21,Mercado Bitcoin,USDC,USDC/BRL,5.47889999,5.52319417,5.40005001,5.49069,104720.91291916,574990.0693561026
2022-07-22,Mercado Bitcoin,USDC,USDC/BRL,5.48472767,5.53,5.4397,5.50957001,73233.05173355,403482.6255719456
2022-07-23,Mercado Bitcoin,USDC,USDC/BRL,5.50963001,5.52994998,5.4809,5.50881001,38900.7710316,214296.95685559613
2022-07-24,Mercado Bitcoin,USDC,USDC/BRL,5.50330091,5.52022999,5.48012,5.49323001,9355.33975179,51391.03307827878
2022-07-25,Mercado Bitcoin,USDC,USDC/BRL,5.49373001,5.52042009,5.32,5.38902,159684.51726507,860543.0572318076
2022-07-26,Mercado Bitcoin,USDC,USDC/BRL,5.39417,5.42365,5.35,5.37102,92045.73207835,494379.4679074594
2022-07-27,Mercado Bitcoin,USDC,USDC/BRL,5.39239,5.40177,5.2721,5.28565999,62641.47433725,331101.5346190141
2022-07-28,Mercado Bitcoin,USDC,USDC/BRL,5.28510999,5.30153,5.15115002,5.17808,155139.67972823,803325.6728071531
2022-07-29,Mercado Bitcoin,USDC,USDC/BRL,5.20418,5.23843,5.16966,5.19999999,104753.17582468,544716.5132408043
2022-07-30,Mercado Bitcoin,USDC,USDC/BRL,5.19026001,5.21449,5.16698,5.20790642,33524.01458096,174589.93076035517
2022-07-31,Mercado Bitcoin,USDC,USDC/BRL,5.21210725,5.21600453,5.16431,5.21600453,23750.29912962,123881.66784895299
2022-08-01,Mercado Bitcoin,USDC,USDC/BRL,5.22,5.35,4.7,4.78,177305.03345038,847518.0598928165
2022-08-02,Mercado Bitcoin,USDC,USDC/BRL,5.0212048,5.34,4.8,5.29,211592.08812614,1119322.1461872805
2022-08-03,Mercado Bitcoin,USDC,USDC/BRL,5.28938,5.31299,5.23967,5.28044,98088.64667643,517951.213456088
2022-08-04,Mercado Bitcoin,USDC,USDC/BRL,5.27989,5.30985,5.20935,5.23718998,57801.10803269,302715.3838217016
2022-08-05,Mercado Bitcoin,USDC,USDC/BRL,5.22166,5.28149,5.17,5.17535515,87819.60941532,454497.6678585648
2022-08-06,Mercado Bitcoin,USDC,USDC/BRL,5.18578999,5.27998,5.16000001,5.16015001,30511.31817501,157442.97878589103
2022-08-07,Mercado Bitcoin,USDC,USDC/BRL,5.16074,5.27681,5.16000001,5.18000001,32609.82701032,168918.90423955588
2022-08-08,Mercado Bitcoin,USDC,USDC/BRL,5.18000001,5.18944724,5.10016,5.13679,86404.14473838,443839.94665066304
2022-08-09,Mercado Bitcoin,USDC,USDC/BRL,5.12501,5.1915,5.11275,5.15003001,97675.53906719,503031.9574389559
2022-08-10,Mercado Bitcoin,USDC,USDC/BRL,5.15002,5.18622,5.06058,5.11951998,88724.43066883,454226.4955231999
2022-08-11,Mercado Bitcoin,USDC,USDC/BRL,5.11317999,5.17192,5.05005001,5.15999999,113753.04715449,586965.722179638
2022-08-12,Mercado Bitcoin,USDC,USDC/BRL,5.15000001,5.17339,5.04977,5.07649001,90109.73330562,457441.1609297442
2022-08-13,Mercado Bitcoin,USDC,USDC/BRL,5.09065999,5.11019,5.07289001,5.09078,15929.90699619,81095.65193806413
2022-08-14,Mercado Bitcoin,USDC,USDC/BRL,5.10040999,5.11176,5.06563,5.08955,31299.09396996,159298.3037148099
2022-08-15,Mercado Bitcoin,USDC,USDC/BRL,5.10698999,5.16,5.06774,5.09749,77919.7487724,397195.1401698212
2022-08-16,Mercado Bitcoin,USDC,USDC/BRL,5.11455,5.17464875,5.09047,5.15,78140.13947509,402421.71829671354
2022-08-17,Mercado Bitcoin,USDC,USDC/BRL,5.14682001,5.23716,5.14613,5.1769,90898.9881777,470574.9718971351
2022-08-18,Mercado Bitcoin,USDC,USDC/BRL,5.17689001,5.2326,5.1452,5.2035,77549.93945693,403531.1099641353
2022-08-19,Mercado Bitcoin,USDC,USDC/BRL,5.20350999,5.26995,5.16395,5.20975999,139191.58801653,725154.7661930815
2022-08-20,Mercado Bitcoin,USDC,USDC/BRL,5.20975999,5.23083997,5.18881001,5.21148,24080.66467445,125495.90233760267
2022-08-21,Mercado Bitcoin,USDC,USDC/BRL,5.21148001,5.26497,5.21148,5.21595,26948.40573931,140561.536915954
2022-08-22,Mercado Bitcoin,USDC,USDC/BRL,5.21806,5.267,5.18322,5.18322,45632.79320341,236524.8063877788
2022-08-23,Mercado Bitcoin,USDC,USDC/BRL,5.19951,5.221,5.10697,5.14499999,66344.48073052,341342.3526950805
2022-08-24,Mercado Bitcoin,USDC,USDC/BRL,5.14000001,5.16748,5.1107,5.14471999,67226.91317181,345863.64406100515
2022-08-25,Mercado Bitcoin,USDC,USDC/BRL,5.14898997,5.20274,5.11918,5.14,101186.91134255,520100.72430070693
2022-08-26,Mercado Bitcoin,USDC,USDC/BRL,5.138,5.15,5.1,5.10000001,79360.46153391,404738.35461654555
2022-08-27,Mercado Bitcoin,USDC,USDC/BRL,5.11916999,5.15,5.10005002,5.11999,24282.42019198,124325.74855873566
2022-08-28,Mercado Bitcoin,USDC,USDC/BRL,5.11999999,5.15,5.10065,5.12815001,30861.32577105,158261.50806142332
2022-08-29,Mercado Bitcoin,USDC,USDC/BRL,5.11748001,5.15,5.05005,5.05308002,70217.32592401,354813.766684443
2022-08-30,Mercado Bitcoin,USDC,USDC/BRL,5.05999999,5.15,5.05456001,5.14758999,50145.08458222,258126.33544313902
2022-08-31,Mercado Bitcoin,USDC,USDC/BRL,5.13872001,5.22,5.03,5.18987001,165870.86042928,860848.204074816
2022-09-01,Mercado Bitcoin,USDC,USDC/BRL,5.17888999,5.24788998,5.15206,5.22102001,189456.32421415,989155.2597431247
2022-09-02,Mercado Bitcoin,USDC,USDC/BRL,5.2312,5.24,5.15148,5.17317001,127312.23367008,658607.82912817
2022-09-03,Mercado Bitcoin,USDC,USDC/BRL,5.17401003,5.19856,5.16888,5.19389999,9770.95486358,50749.36236823862
2022-09-04,Mercado Bitcoin,USDC,USDC/BRL,5.16888001,5.19477999,5.14632,5.16432001,10038.26577968,51840.816831699674
2022-09-05,Mercado Bitcoin,USDC,USDC/BRL,5.16084,5.21753,5.15614563,5.17343992,131703.58668861,681360.5929820356
2022-09-06,Mercado Bitcoin,USDC,USDC/BRL,5.16437001,5.2855,5.14,5.25678,242444.24210643,1274476.043020239
2022-09-07,Mercado Bitcoin,USDC,USDC/BRL,5.25678999,5.275,5.218,5.24100001,107682.13033673,564362.0461716232
2022-09-08,Mercado Bitcoin,USDC,USDC/BRL,5.24778,5.255,5.18691,5.20377001,56989.75078125,296561.5559928428
2022-09-09,Mercado Bitcoin,USDC,USDC/BRL,5.20457001,5.21755999,5.14000001,5.16017001,243973.88417411,1258946.7203384559
2022-09-10,Mercado Bitcoin,USDC,USDC/BRL,5.17188,5.17599999,5.15345001,5.16479001,18893.84106327,97582.72157410467
2022-09-11,Mercado Bitcoin,USDC,USDC/BRL,5.16097,5.1761,5.13258,5.1681,30300.09397067,156593.91564981962
2022-09-12,Mercado Bitcoin,USDC,USDC/BRL,5.1681,5.16955999,5.0917,5.09919001,109046.80442002,556050.3757209898
2022-09-13,Mercado Bitcoin,USDC,USDC/BRL,5.0991,5.2099,5.090034,5.19340001,134741.85646953,699768.3587362757
2022-09-14,Mercado Bitcoin,USDC,USDC/BRL,5.20938,5.21,5.161,5.17216,76328.28156016,394782.08475419716
2022-09-15,Mercado Bitcoin,USDC,USDC/BRL,5.17104001,5.27581552,5.17003001,5.26416,111363.00054819,586232.65296576
2022-09-16,Mercado Bitcoin,USDC,USDC/BRL,5.26417,5.32397999,5.251,5.26969,185318.38762199,976570.4540677244
2022-09-17,Mercado Bitcoin,USDC,USDC/BRL,5.25641,5.28499,5.2464,5.26816,26046.00699703,137214.53222147355
2022-09-18,Mercado Bitcoin,USDC,USDC/BRL,5.26782,5.28509999,5.21810001,5.28233999,16242.9546429,85800.80886594683
2022-09-19,Mercado Bitcoin,USDC,USDC/BRL,5.28194999,5.34032,5.18011,5.21320999,133385.53887658,695366.8237929202
2022-09-20,Mercado Bitcoin,USDC,USDC/BRL,5.21,5.24997,5.12,5.17835,136918.94158091,709014.2011355053
2022-09-21,Mercado Bitcoin,USDC,USDC/BRL,5.16929001,5.24845,5.12954551,5.18424231,224479.45875123,1163755.9077840263
2022-09-22,Mercado Bitcoin,USDC,USDC/BRL,5.21094348,5.22648823,5.12001,5.14232999,49392.10901834,253990.52347435927
2022-09-23,Mercado Bitcoin,USDC,USDC/BRL,5.13179292,5.28036999,5.12396001,5.25516001,126969.65922222,667245.8756279382
2022-09-24,Mercado Bitcoin,USDC,USDC/BRL,5.26806999,5.26806999,5.21084001,5.23417999,12185.55023615,63781.36321319611
2022-09-25,Mercado Bitcoin,USDC,USDC/BRL,5.21495001,5.26,5.1985,5.23787999,13820.89557209,72392.19236092981
2022-09-26,Mercado Bitcoin,USDC,USDC/BRL,5.23517999,5.38547,5.21137,5.32823999,163245.4247578,869810.8003790461
2022-09-27,Mercado Bitcoin,USDC,USDC/BRL,5.31105001,5.39605,5.25,5.35054001,88082.19465189,471287.3066535454
2022-09-28,Mercado Bitcoin,USDC,USDC/BRL,5.34703001,5.39987,5.31505001,5.34727001,153568.25269401,821170.9121187814
2022-09-29,Mercado Bitcoin,USDC,USDC/BRL,5.34227001,5.42928,5.31013,5.36693001,68382.26972841,367002.8555573182
2022-09-30,Mercado Bitcoin,USDC,USDC/BRL,5.36600001,5.4,5.3,5.38059,117975.40655807,634777.2927722859
2022-10-01,Mercado Bitcoin,USDC,USDC/BRL,5.38999999,5.39,5.36524001,5.37259001,22907.73226812,123073.85353545613
2022-10-02,Mercado Bitcoin,USDC,USDC/BRL,5.36504001,5.40716,5.23518,5.37914001,102039.28007992,548883.5740694937
2022-10-03,Mercado Bitcoin,USDC,USDC/BRL,5.3772,5.4,5.13621,5.20153,143332.76304904,745549.666982473
2022-10-04,Mercado Bitcoin,USDC,USDC/BRL,5.17116001,5.29989,5.13493338,5.20332999,74120.26431973,385672.1942015781
2022-10-05,Mercado Bitcoin,USDC,USDC/BRL,5.19190001,5.29,5.16,5.22120999,91364.3206937,477032.3039355102
2022-10-06,Mercado Bitcoin,USDC,USDC/BRL,5.21015001,5.26279,5.19001,5.26188,44650.8867938,234947.6082025603
2022-10-07,Mercado Bitcoin,USDC,USDC/BRL,5.2634,5.30782,5.20595,5.24,118373.23560779,620275.7545848197
2022-10-08,Mercado Bitcoin,USDC,USDC/BRL,5.24,5.26199,5.21248,5.23001,30204.48064873,157969.7358376644
2022-10-09,Mercado Bitcoin,USDC,USDC/BRL,5.23,5.2884,5.155,5.21499001,76464.38078786,398760.98192952585
2022-10-10,Mercado Bitcoin,USDC,USDC/BRL,5.21515001,5.2585,5.18618001,5.22101,85275.97150003,445226.69996137166
2022-10-11,Mercado Bitcoin,USDC,USDC/BRL,5.22634,5.35,5.20001,5.32266,78828.94847969,419579.6909149068
2022-10-12,Mercado Bitcoin,USDC,USDC/BRL,5.29866001,5.3406,5.28538,5.28538,12272.62147334,64865.46808276176
2022-10-13,Mercado Bitcoin,USDC,USDC/BRL,5.28533,5.43,5.201,5.2696,101050.80593955,532497.3269790526
2022-10-14,Mercado Bitcoin,USDC,USDC/BRL,5.28203999,5.35908,5.225,5.34685999,83222.48214914,444978.9600717259
2022-10-15,Mercado Bitcoin,USDC,USDC/BRL,5.34758,5.35547999,5.32650001,5.33163001,22111.35558477,117889.56699754082
2022-10-16,Mercado Bitcoin,USDC,USDC/BRL,5.33082001,5.34599,5.3,5.30373001,21711.99608714,115154.56522436699
2022-10-17,Mercado Bitcoin,USDC,USDC/BRL,5.30706,5.34777,5.26151,5.29082999,40801.67914899,215874.74768383396
2022-10-18,Mercado Bitcoin,USDC,USDC/BRL,5.27061001,5.32174,5.2466,5.25539,65851.83814036,346077.09164446656
2022-10-19,Mercado Bitcoin,USDC,USDC/BRL,5.27473999,5.33765999,5.25535001,5.31934999,34630.69655896,184212.7953945969
2022-10-20,Mercado Bitcoin,USDC,USDC/BRL,5.31947999,5.31968999,5.22919,5.25655001,128052.26463718,673113.1329590911
2022-10-21,Mercado Bitcoin,USDC,USDC/BRL,5.26732999,5.34248,5.20414,5.20758,64632.85444043,336580.76012689446
2022-10-22,Mercado Bitcoin,USDC,USDC/BRL,5.20656,5.24755,5.20301,5.21402,17518.83717048,91343.56738362613
2022-10-23,Mercado Bitcoin,USDC,USDC/BRL,5.22954115,5.22954115,5.19404,5.21477999,23454.02160719,122307.56256220206
2022-10-24,Mercado Bitcoin,USDC,USDC/BRL,5.2194,5.31929999,5.19412,5.29171001,62221.44350499,329257.83543200506
2022-10-25,Mercado Bitcoin,USDC,USDC/BRL,5.28573001,5.34978,5.22637,5.29041,83289.42756954,440635.2205081701
2022-10-26,Mercado Bitcoin,USDC,USDC/BRL,5.28952,5.36926,5.21677,5.33669,130958.08253049,698882.6894596406
2022-10-27,Mercado Bitcoin,USDC,USDC/BRL,5.33669,5.35632,5.2834,5.31897,41160.12268423,218929.45775373885
2022-10-28,Mercado Bitcoin,USDC,USDC/BRL,5.31449001,5.37185,5.30005,5.30038,73754.01737127,390924.3185943321
2022-10-29,Mercado Bitcoin,USDC,USDC/BRL,5.30062,5.31969999,5.29,5.29056001,25898.24445709,137016.21645388452
2022-10-30,Mercado Bitcoin,USDC,USDC/BRL,5.29055,5.4,5.26666,5.38995,87007.38129164,468965.434792875
2022-10-31,Mercado Bitcoin,USDC,USDC/BRL,5.3895,5.4489,5.18001,5.23252,238452.98194271,1247709.997074869
2022-11-01,Mercado Bitcoin,USDC,USDC/BRL,5.21102,5.25,5.10291,5.24799383,140261.15647192,736089.6837533008
2022-11-02,Mercado Bitcoin,USDC,USDC/BRL,5.18488419,5.19607,5.16,5.17974999,76242.4834294,394917.0027810099
2022-11-03,Mercado Bitcoin,USDC,USDC/BRL,5.17963999,5.25,5.14,5.16881999,89652.69667816,463398.65074748005
2022-11-04,Mercado Bitcoin,USDC,USDC/BRL,5.1527,5.16998999,5.05,5.09889,91401.15296322,466044.4248326328
2022-11-05,Mercado Bitcoin,USDC,USDC/BRL,5.08601,5.10350999,5.05544,5.09000001,47211.55667729,240306.82395952166
2022-11-06,Mercado Bitcoin,USDC,USDC/BRL,5.09568999,5.11134,5.05957,5.09102001,48342.57917236,246113.037901494
2022-11-07,Mercado Bitcoin,USDC,USDC/BRL,5.1088,5.215,5.07872001,5.1977,103451.29025786,537708.7713732789
2022-11-08,Mercado Bitcoin,USDC,USDC/BRL,5.19365001,5.339,5.16191,5.20792,192714.26603672,1003640.4803779547
2022-11-09,Mercado Bitcoin,USDC,USDC/BRL,5.21261,5.33,5.05,5.29636999,212511.65453689,1125540.3496144316
2022-11-10,Mercado Bitcoin,USDC,USDC/BRL,5.26967001,5.4489,5.23,5.36437001,219610.05758787,1178069.6068187428
2022-11-11,Mercado Bitcoin,USDC,USDC/BRL,5.38161999,5.42321,5.28788,5.30798001,145524.68041079,772442.0945821118
2022-11-12,Mercado Bitcoin,USDC,USDC/BRL,5.30897,5.38968999,5.25196,5.32,64462.61214116,342941.0965909712
2022-11-13,Mercado Bitcoin,USDC,USDC/BRL,5.32805999,5.33911999,5.21600001,5.22419,75250.44166312,393122.6048320549
2022-11-14,Mercado Bitcoin,USDC,USDC/BRL,5.24412999,5.32,5.2166,5.30051001,81035.31922897,429528.5207367009
2022-11-15,Mercado Bitcoin,USDC,USDC/BRL,5.30051001,5.31984,5.27702,5.28570001,15857.83054289,83819.73505913198
2022-11-16,Mercado Bitcoin,USDC,USDC/BRL,5.28089001,5.36943,5.25,5.33196001,105613.01592433,563124.3774440208
2022-11-17,Mercado Bitcoin,USDC,USDC/BRL,5.33196001,5.4124,5.32183,5.37393999,142702.12280259,766872.6443867292
2022-11-18,Mercado Bitcoin,USDC,USDC/BRL,5.35071001,5.4084,5.32301,5.36022001,119686.26988613,641544.7387658944
2022-11-19,Mercado Bitcoin,USDC,USDC/BRL,5.36057001,5.41633398,5.34686,5.38002001,29558.73136158,159026.56619551496
2022-11-20,Mercado Bitcoin,USDC,USDC/BRL,5.39083,5.41873,5.36571001,5.39594,19931.34959051,107548.36650941653
2022-11-21,Mercado Bitcoin,USDC,USDC/BRL,5.39855,5.42,5.31002,5.35000001,104410.21988504,558594.6774290662
2022-11-22,Mercado Bitcoin,USDC,USDC/BRL,5.35000001,5.41,5.30372,5.38365001,123515.01857478,664961.6309852645
2022-11-23,Mercado Bitcoin,USDC,USDC/BRL,5.38381001,5.4,5.37,5.38463999,17761.29194114,95638.16286032717
2022-11-24,Mercado Bitcoin,USDC,USDC/BRL,5.38463999,5.4,5.32545,5.34463001,36310.07419109,194063.91218702612
2022-11-25,Mercado Bitcoin,USDC,USDC/BRL,5.36609999,5.4489,5.34272001,5.40891,56627.05438797,306290.64074963477
2022-11-26,Mercado Bitcoin,USDC,USDC/BRL,5.40358001,5.43948,5.3819,5.38191001,11915.39985914,64127.60977505816
2022-11-27,Mercado Bitcoin,USDC,USDC/BRL,5.40295999,5.40488,5.37174001,5.39211999,9630.12567786,51926.79317380121
2022-11-28,Mercado Bitcoin,USDC,USDC/BRL,5.38251001,5.41,5.34583,5.37989999,64929.90106292,349316.3740791043
2022-11-29,Mercado Bitcoin,USDC,USDC/BRL,5.37989999,5.3799,4.8,5.29666001,214013.82346325,1133558.4603249962
2022-11-30,Mercado Bitcoin,USDC,USDC/BRL,5.29831,5.349,5.21551638,5.22005001,71539.64396809,373440.51921102457
2022-12-01,Mercado Bitcoin,USDC,USDC/BRL,5.23843999,5.26125,5.16771,5.20275001,152434.67930623,793079.529284835
2022-12-02,Mercado Bitcoin,USDC,USDC/BRL,5.20904999,5.26432,5.19,5.24364,108976.46930141,571433.3734876455
2022-12-03,Mercado Bitcoin,USDC,USDC/BRL,5.23,5.26,5.2,5.23415001,19798.76838684,103629.72374996627
2022-12-04,Mercado Bitcoin,USDC,USDC/BRL,5.24798999,5.26808,5.19,5.22864999,39359.48172621,205796.9537341531
2022-12-05,Mercado Bitcoin,USDC,USDC/BRL,5.22763,5.28876,5.2,5.25989,82594.61763107,434438.6033314888
2022-12-06,Mercado Bitcoin,USDC,USDC/BRL,5.25989,5.30762,5.24711,5.26501,88948.41379907,468314.28813624155
2022-12-07,Mercado Bitcoin,USDC,USDC/BRL,5.27224,5.29993,5.24,5.24991,57595.24029375,302369.82797056105
2022-12-08,Mercado Bitcoin,USDC,USDC/BRL,5.24991,5.27995,5.20462,5.2397,97888.92384962,512908.5942948539
2022-12-09,Mercado Bitcoin,USDC,USDC/BRL,5.22715,5.3101471,5.21601,5.28373,75476.13020794,398795.49346359883
2022-12-10,Mercado Bitcoin,USDC,USDC/BRL,5.28891,5.29258,5.23166,5.24992,38046.65958498,199741.9190883782
2022-12-11,Mercado Bitcoin,USDC,USDC/BRL,5.24402,5.25,5.21356,5.25,11873.2536425,62334.581623125
2022-12-12,Mercado Bitcoin,USDC,USDC/BRL,5.26439,5.319,5.25,5.26,37731.97868638,198470.2078903588
2022-12-13,Mercado Bitcoin,USDC,USDC/BRL,5.2691,5.27315,5.17459,5.22892,99962.7388615,522697.1644876745
2022-12-14,Mercado Bitcoin,USDC,USDC/BRL,5.23063,5.3,5.18897,5.24,97028.98225159,508431.8669983316
2022-12-15,Mercado Bitcoin,USDC,USDC/BRL,5.2473,5.33447,5.22534,5.29587,112958.180854,598211.841239273
2022-12-16,Mercado Bitcoin,USDC,USDC/BRL,5.29605,5.33846,5.2754,5.31256,86516.1183957,459622.06994426006
2022-12-17,Mercado Bitcoin,USDC,USDC/BRL,5.32995,5.32995,5.27471,5.29238,86883.69053094,459821.5060921362
2022-12-18,Mercado Bitcoin,USDC,USDC/BRL,5.3,5.31158,5.28253,5.30568,6570.95327056,34863.37534854478
2022-12-19,Mercado Bitcoin,USDC,USDC/BRL,5.30568,5.4,5.27726,5.31995,136399.8420617,725640.339776141
2022-12-20,Mercado Bitcoin,USDC,USDC/BRL,5.32,5.32053,5.22,5.23,82878.18722444,433452.91918382124
2022-12-21,Mercado Bitcoin,USDC,USDC/BRL,5.24723,5.25632,5.21011,5.233,64485.33612353,337451.76393443247
2022-12-22,Mercado Bitcoin,USDC,USDC/BRL,5.233,5.25341,5.19564,5.20008,65393.48377201,340051.34709315374
2022-12-23,Mercado Bitcoin,USDC,USDC/BRL,5.20222139,5.21929,5.17,5.18855,125951.48956562,653505.6011856976
2022-12-24,Mercado Bitcoin,USDC,USDC/BRL,5.17575,5.25632,5.17,5.21876,71245.33942623,371812.327584032
2022-12-25,Mercado Bitcoin,USDC,USDC/BRL,5.19455,5.24073612,5.19455,5.22651,1667.60559782,8715.757333062209
2022-12-26,Mercado Bitcoin,USDC,USDC/BRL,5.20634,5.39,5.17368,5.24961,70654.38606639,370907.9716379816
2022-12-27,Mercado Bitcoin,USDC,USDC/BRL,5.2363286,5.34936928,5.2363286,5.30968,55800.78201595,296284.2962544494
2022-12-28,Mercado Bitcoin,USDC,USDC/BRL,5.29496,5.33971,5.28,5.30494,40324.28717256,213917.92399320044
2022-12-29,Mercado Bitcoin,USDC,USDC/BRL,5.32,5.34671,5.23321,5.31849,104295.45240918,554694.3206836997
2022-12-30,Mercado Bitcoin,USDC,USDC/BRL,5.32375,5.36244,5.30667,5.34241,107763.67218064,575717.719894573
2022-12-31,Mercado Bitcoin,USDC,USDC/BRL,5.3366,5.36433,5.32005,5.35609,37727.00850187,202069.25296678088
2023-01-01,Mercado Bitcoin,USDC,USDC/BRL,5.35447,5.3701,5.3173,5.34001,20964.51770919,111950.7342122517
2023-01-02,Mercado Bitcoin,USDC,USDC/BRL,5.34,5.35,5.3051,5.33324,118138.7867447,630062.5030183039
2023-01-03,Mercado Bitcoin,USDC,USDC/BRL,5.33324,5.42675,5.30189,5.39755,116163.46702587,626998.1214454847
2023-01-04,Mercado Bitcoin,USDC,USDC/BRL,5.4,5.48523,5.37524,5.44069,144088.63744366,783941.6088533466
2023-01-05,Mercado Bitcoin,USDC,USDC/BRL,5.44059,5.46963,5.36949,5.38,69204.45134977,372319.94826176256
2023-01-06,Mercado Bitcoin,USDC,USDC/BRL,5.38,5.3948,5.25207,5.25832,32724.47234733,172075.7474334123
2023-01-07,Mercado Bitcoin,USDC,USDC/BRL,5.27239,5.30536,5.26362,5.28,13129.11341488,69321.7188305664
2023-01-08,Mercado Bitcoin,USDC,USDC/BRL,5.28,5.3441,5.26304,5.32686,32802.58985013,174734.8037690635
2023-01-09,Mercado Bitcoin,USDC,USDC/BRL,5.3281,5.37051,5.27,5.28609,87051.13988363,460160.1600274577
2023-01-10,Mercado Bitcoin,USDC,USDC/BRL,5.27047582,5.29605,5.23191,5.23372,49206.12224524,257531.06611735752
2023-01-11,Mercado Bitcoin,USDC,USDC/BRL,5.23556,5.27744,5.2,5.20698,22798.64813109,118712.104845623
2023-01-12,Mercado Bitcoin,USDC,USDC/BRL,5.2069,5.22587,5.13513249,5.1697,96992.85293545,501423.9518203959
2023-01-13,Mercado Bitcoin,USDC,USDC/BRL,5.16995,5.202,5.1338,5.14983,81609.00229183,420272.48827253486
2023-01-14,Mercado Bitcoin,USDC,USDC/BRL,5.1385,5.15733,5.1,5.1526,43189.31127272,222537.24526381705
2023-01-15,Mercado Bitcoin,USDC,USDC/BRL,5.16602,5.16688,5.14,5.15,27884.58661958,143605.62109083703
2023-01-16,Mercado Bitcoin,USDC,USDC/BRL,5.15392,5.2,5.12001,5.17995,84340.24001165,436878.22624834644
2023-01-17,Mercado Bitcoin,USDC,USDC/BRL,5.18,5.18998,5.14,5.16,42172.14291111,217608.2574213276
2023-01-18,Mercado Bitcoin,USDC,USDC/BRL,5.16,5.2199,5.12,5.2,231115.11298997,1201798.587547844
2023-01-19,Mercado Bitcoin,USDC,USDC/BRL,5.18975,5.26,5.18533,5.19159,82873.98764846,430247.7655358684
2023-01-20,Mercado Bitcoin,USDC,USDC/BRL,5.20275,5.24669,5.15545,5.21289,106404.86513299,554676.8574031122
2023-01-21,Mercado Bitcoin,USDC,USDC/BRL,5.21289,5.23246,5.17,5.2012,39413.0333116,204995.0688602939
2023-01-22,Mercado Bitcoin,USDC,USDC/BRL,5.20471,5.2299,5.19798,5.22005,21623.4866384,112875.68142677992
2023-01-23,Mercado Bitcoin,USDC,USDC/BRL,5.22973,5.23355,5.1902,5.22099,53988.77285802,281874.8432039938
2023-01-24,Mercado Bitcoin,USDC,USDC/BRL,5.20857,5.23923,5.17705,5.19896,58530.68362204,304298.68292364106
2023-01-25,Mercado Bitcoin,USDC,USDC/BRL,5.19,5.19865,5.1102,5.11735,92719.69945773,474479.1540200146
2023-01-26,Mercado Bitcoin,USDC,USDC/BRL,5.13517,5.15581,5.1102,5.115001,46019.3732465,235389.14017522076
2023-01-27,Mercado Bitcoin,USDC,USDC/BRL,5.115001,5.15056,5.1,5.13359,33375.64397661,171336.87216188535
2023-01-28,Mercado Bitcoin,USDC,USDC/BRL,5.14,5.14991,5.12451,5.13277,14601.98332709,74948.62196178774
2023-01-29,Mercado Bitcoin,USDC,USDC/BRL,5.14812,5.16968,5.12704,5.135,29489.77655624,151430.0026162924
2023-01-30,Mercado Bitcoin,USDC,USDC/BRL,5.135,5.16862,5.1172,5.146,68661.12229511,353330.1353306361
2023-01-31,Mercado Bitcoin,USDC,USDC/BRL,5.15189,5.17879,5.10005,5.10439,137867.83563833,703731.2015539353
2023-02-01,Mercado Bitcoin,USDC,USDC/BRL,5.10452,5.1793,5.05,5.17017,135773.56793742,701972.4277430108
2023-02-02,Mercado Bitcoin,USDC,USDC/BRL,5.06025,5.16219,4.99001,5.0731,148587.4219983,753798.8505395758
2023-02-03,Mercado Bitcoin,USDC,USDC/BRL,5.0731,5.15,5.06,5.13988,99929.4814575,513625.5431537751
2023-02-04,Mercado Bitcoin,USDC,USDC/BRL,5.13986,5.155,5.07,5.1453,53274.24042784,274111.94927336514
2023-02-05,Mercado Bitcoin,USDC,USDC/BRL,5.155,5.26,5.1452,5.17912,113654.7310747,588631.4908036003
2023-02-06,Mercado Bitcoin,USDC,USDC/BRL,5.17903,5.23489,5.17,5.18559,54727.46400919,283794.1900914156
2023-02-07,Mercado Bitcoin,USDC,USDC/BRL,5.1885,5.2201,5.17005,5.20124,89817.97097571,467164.82335770194
2023-02-08,Mercado Bitcoin,USDC,USDC/BRL,5.21601,5.25,5.15471,5.21432,75141.92706418,391814.053129295
2023-02-09,Mercado Bitcoin,USDC,USDC/BRL,5.21432,5.3,5.20157,5.2999,173186.83208437,917872.8913639525
2023-02-10,Mercado Bitcoin,USDC,USDC/BRL,5.29056,5.3093,5.22202,5.22845,121779.09066766,636715.8866013269
2023-02-11,Mercado Bitcoin,USDC,USDC/BRL,5.22782,5.26356,5.2275,5.25658,25864.46045927,135958.6055609895
2023-02-12,Mercado Bitcoin,USDC,USDC/BRL,5.24761,5.26,5.24633,5.26,5205.00786967,27378.3413944642
2023-02-13,Mercado Bitcoin,USDC,USDC/BRL,5.26,5.2775,5.19495,5.19651,58894.4274913,306045.4814028153
2023-02-14,Mercado Bitcoin,USDC,USDC/BRL,5.19490001,5.24773,5.16021,5.21873,51238.24702213,267398.5768818005
2023-02-15,Mercado Bitcoin,USDC,USDC/BRL,5.2085,5.2571,5.16,5.19973999,170801.36533012,888122.6896536245
2023-02-16,Mercado Bitcoin,USDC,USDC/BRL,5.19585999,5.24652,5.17156001,5.2285,108320.49758548,566353.7216256822
2023-02-17,Mercado Bitcoin,USDC,USDC/BRL,5.22925,5.2501,5.16965001,5.2,72623.34907585,377641.41519442
2023-02-18,Mercado Bitcoin,USDC,USDC/BRL,5.2,5.20799,5.19001,5.20799,33165.59210422,172726.0720228567
2023-02-19,Mercado Bitcoin,USDC,USDC/BRL,5.204,5.23294999,5.1802,5.23294999,50051.07514048,261914.77315586407
2023-02-20,Mercado Bitcoin,USDC,USDC/BRL,5.22705,5.24635999,5.18,5.19219999,36772.70961551,190931.26249792392
2023-02-21,Mercado Bitcoin,USDC,USDC/BRL,5.19,5.2217,5.18174001,5.21454,35362.68511934,184400.1360622032
2023-02-22,Mercado Bitcoin,USDC,USDC/BRL,5.21622,5.25,5.19049001,5.19585001,102462.71817687,532380.9152639172
2023-02-23,Mercado Bitcoin,USDC,USDC/BRL,5.19502001,5.21907999,5.15855,5.16449,137052.79603956,707807.7946183472
2023-02-24,Mercado Bitcoin,USDC,USDC/BRL,5.16111,5.2399,5.16110001,5.23794,79716.54719323,417550.49120530713
2023-02-25,Mercado Bitcoin,USDC,USDC/BRL,5.22131001,5.2499,5.21,5.23919999,59423.6567717,311332.4219640541
2023-02-26,Mercado Bitcoin,USDC,USDC/BRL,5.22597001,5.24564999,5.21135,5.23403999,58490.76060343,306142.9800438692
2023-02-27,Mercado Bitcoin,USDC,USDC/BRL,5.22908999,5.23501,5.20212,5.2257,37241.60587422,194613.45981691143
2023-02-28,Mercado Bitcoin,USDC,USDC/BRL,5.22184999,5.26,5.20111,5.23505001,126556.90302397,662531.7164412031
2023-03-01,Mercado Bitcoin,USDC,USDC/BRL,5.23505001,5.252,5.18001,5.19715,85753.94502505,445676.11538693856
2023-03-02,Mercado Bitcoin,USDC,USDC/BRL,5.19635001,5.25,5.19037001,5.21425001,124000.98388712,646572.1314734253
2023-03-03,Mercado Bitcoin,USDC,USDC/BRL,5.21653,5.28708,5.2148,5.24500001,98944.44379421,518963.6086900759
2023-03-04,Mercado Bitcoin,USDC,USDC/BRL,5.25334999,5.27688,5.237,5.245,38761.15258136,203302.24528923322
2023-03-05,Mercado Bitcoin,USDC,USDC/BRL,5.25309999,5.25576999,5.24,5.24989999,24811.17690249,130256.19737227049
2023-03-06,Mercado Bitcoin,USDC,USDC/BRL,5.24500001,5.24999999,5.2,5.2,51602.10744292,268330.95870318403
2023-03-07,Mercado Bitcoin,USDC,USDC/BRL,5.20477999,5.24999999,5.18,5.23457001,37842.72486149,198090.39265663695
2023-03-08,Mercado Bitcoin,USDC,USDC/BRL,5.24076,5.24076,5.1577,5.18314,60898.74249461,315646.7081735129
2023-03-09,Mercado Bitcoin,USDC,USDC/BRL,5.18154,5.22481,5.16,5.20030001,116817.57636991,607486.4435646188
2023-03-10,Mercado Bitcoin,USDC,USDC/BRL,5.20030001,5.25989,5.19193,5.22432999,169354.65672266,884764.6120623478
2023-03-11,Mercado Bitcoin,USDC,USDC/BRL,5.22754999,5.26,0.022,4.95,1627845.47010945,8057835.077041778
2023-03-12,Mercado Bitcoin,USDC,USDC/BRL,4.97961,5.0625,4.82309,5.04075001,187823.75427055,946772.5912175125
2023-03-13,Mercado Bitcoin,USDC,USDC/BRL,5.04468001,5.45,5.03889001,5.18773,382825.04835854,1985992.9881210488
2023-03-14,Mercado Bitcoin,USDC,USDC/BRL,5.18001,5.25,5.132,5.24075,86525.19577304,453456.9197475594
2023-03-15,Mercado Bitcoin,USDC,USDC/BRL,5.24989999,5.32612,5.18836,5.27016001,198818.64784706,1047806.0871258482
2023-03-16,Mercado Bitcoin,USDC,USDC/BRL,5.27239001,5.3445,5.25300001,5.25300001,85848.27654047,450960.9975255717
2023-03-17,Mercado Bitcoin,USDC,USDC/BRL,5.26513999,5.31083,5.24045,5.3,46365.09461764,245735.001473492
2023-03-18,Mercado Bitcoin,USDC,USDC/BRL,5.30301,5.30301,5.26033001,5.26033001,9868.29787123,51910.503439650274
2023-03-19,Mercado Bitcoin,USDC,USDC/BRL,5.27228999,5.28982,5.2603,5.27006,15479.78647661,81579.4035189233
2023-03-20,Mercado Bitcoin,USDC,USDC/BRL,5.26535,5.3099,5.2603,5.27342001,37569.82578874,198121.47108655557
2023-03-21,Mercado Bitcoin,USDC,USDC/BRL,5.27342,5.29733,5.25666554,5.26931001,70848.71815543,373323.8597720761
2023-03-22,Mercado Bitcoin,USDC,USDC/BRL,5.27244,5.3,5.23381,5.28998885,77204.5145859,408411.0213290734
2023-03-23,Mercado Bitcoin,USDC,USDC/BRL,5.28170001,5.31,5.24085,5.29408,43661.08046314,231145.25285830023
2023-03-24,Mercado Bitcoin,USDC,USDC/BRL,5.29408001,5.34014,5.277,5.28203001,47576.79663484,251302.06760489187
2023-03-25,Mercado Bitcoin,USDC,USDC/BRL,5.28203001,5.31577999,5.28200001,5.29937,12078.55636692,64008.73925416484
2023-03-26,Mercado Bitcoin,USDC,USDC/BRL,5.28939,5.30874999,5.28011001,5.28834,2560.42340959,13540.38953387118
2023-03-27,Mercado Bitcoin,USDC,USDC/BRL,5.28632,5.30421999,5.23926,5.25399,73027.3560718,383684.99852767645
2023-03-28,Mercado Bitcoin,USDC,USDC/BRL,5.24355001,5.26277477,5.19,5.19971998,31358.7941278,163056.94837502835
2023-03-29,Mercado Bitcoin,USDC,USDC/BRL,5.19505001,5.22649,5.13872,5.16011999,150528.97011128,776747.5477453285
2023-03-30,Mercado Bitcoin,USDC,USDC/BRL,5.16122,5.19995,5.12544,5.13485,65258.06618427,335090.38114629884
2023-03-31,Mercado Bitcoin,USDC,USDC/BRL,5.14345998,5.15910956,5.1,5.11005,49954.47658415,255269.8730688357
2023-04-01,Mercado Bitcoin,USDC,USDC/BRL,5.1101,5.1275,5.10023,5.1193,19337.65161799,98995.2399279762
2023-04-02,Mercado Bitcoin,USDC,USDC/BRL,5.11951,5.12896999,5.107,5.123,25332.79657723,129779.91686514931
2023-04-03,Mercado Bitcoin,USDC,USDC/BRL,5.1208,5.13941999,5.09274,5.10540999,75666.83152757,386310.19759250287
2023-04-04,Mercado Bitcoin,USDC,USDC/BRL,5.09555,5.11551,5.07,5.10474999,77577.74738991,396015.0052128656
2023-04-05,Mercado Bitcoin,USDC,USDC/BRL,5.10005001,5.10253999,5.03949001,5.0536,247882.26500297,1252697.8144190093
2023-04-06,Mercado Bitcoin,USDC,USDC/BRL,5.05325,5.1147,5.0448,5.0915,79248.01879337,403491.28768644336
2023-04-07,Mercado Bitcoin,USDC,USDC/BRL,5.09172,5.10454015,5.071924,5.09,33698.70229915,171526.39470267348
2023-04-08,Mercado Bitcoin,USDC,USDC/BRL,5.09005001,5.10409,5.08670001,5.08675,4965.6393059,25258.96573928683
2023-04-09,Mercado Bitcoin,USDC,USDC/BRL,5.08764,5.10536673,5.0803,5.0803,2894.79688432,14706.436611410898
2023-04-10,Mercado Bitcoin,USDC,USDC/BRL,5.0803,5.1145,5.07529,5.08747999,39685.49734228,201899.1736220477
2023-04-11,Mercado Bitcoin,USDC,USDC/BRL,5.08,5.08029999,4.99291,5.01032,142472.5802401,713833.2182285779
2023-04-12,Mercado Bitcoin,USDC,USDC/BRL,5.01182,5.04695,4.94684,4.96973,159441.58458254,792381.6261473866
2023-04-13,Mercado Bitcoin,USDC,USDC/BRL,4.96882,4.99627862,4.94,4.96599999,61175.65181753,303798.28631409747
2023-04-14,Mercado Bitcoin,USDC,USDC/BRL,4.96692,4.99248,4.93145,4.94035001,89161.46719745,440488.8553605368
2023-04-15,Mercado Bitcoin,USDC,USDC/BRL,4.94721999,4.99185,4.93023001,4.98983,59978.02935687,299280.17022579064
2023-04-16,Mercado Bitcoin,USDC,USDC/BRL,4.99184999,5.0035,4.96427,5.00337999,69454.87404581,347509.12700877606
2023-04-17,Mercado Bitcoin,USDC,USDC/BRL,5.0,5.04379999,4.96760636,4.98002323,39116.78804902,194802.51316710594
2023-04-18,Mercado Bitcoin,USDC,USDC/BRL,4.98749999,5.03338,4.95012001,5.00005001,108560.58041039,542808.3311665764
2023-04-19,Mercado Bitcoin,USDC,USDC/BRL,5.00776999,5.11571,4.9893,5.11,135236.49190453,691058.4736321484
2023-04-20,Mercado Bitcoin,USDC,USDC/BRL,5.116,5.12995,5.05889782,5.08932999,28242.10994708,143733.41713455156
2023-04-21,Mercado Bitcoin,USDC,USDC/BRL,5.07755,5.12995,5.07755,5.11796999,27288.42216923,139661.32573656985
2023-04-22,Mercado Bitcoin,USDC,USDC/BRL,5.11095001,5.12951999,5.09126,5.11453,25297.55707142,129385.11456848973
2023-04-23,Mercado Bitcoin,USDC,USDC/BRL,5.11453,5.18951,5.11453,5.12488001,60424.14756361,309666.5059700351
2023-04-24,Mercado Bitcoin,USDC,USDC/BRL,5.13,5.13199,5.09,5.09000001,49628.59039133,252609.52558815558
2023-04-25,Mercado Bitcoin,USDC,USDC/BRL,5.09,5.10136,5.06037,5.07590001,35171.42349267,178526.6288581579
2023-04-26,Mercado Bitcoin,USDC,USDC/BRL,5.08049999,5.10709,5.0384,5.08799999,110626.04096852,562865.2953415693
2023-04-27,Mercado Bitcoin,USDC,USDC/BRL,5.08506999,5.08507,5.0,5.00540001,167673.57318219,839273.3048828696
2023-04-28,Mercado Bitcoin,USDC,USDC/BRL,5.00540001,5.03734999,4.98998,5.02301999,70154.66467685,352388.28306356445
2023-04-29,Mercado Bitcoin,USDC,USDC/BRL,5.01145,5.03303,5.00403,5.01300001,14006.35913764,70213.87849705291
2023-04-30,Mercado Bitcoin,USDC,USDC/BRL,5.02267999,5.03108,4.99958,5.01105001,31565.14098816,158174.50006437057
2023-05-01,Mercado Bitcoin,USDC,USDC/BRL,5.01389001,5.04791616,4.98588,5.02975999,136062.13806503,684359.8981933439
2023-05-02,Mercado Bitcoin,USDC,USDC/BRL,5.03545,5.07663999,5.01521,5.06179999,92317.27662468,467291.58989563247
2023-05-03,Mercado Bitcoin,USDC,USDC/BRL,5.06005,5.0618,5.00001,5.01305,66360.20168464,332667.0090551845
2023-05-04,Mercado Bitcoin,USDC,USDC/BRL,5.01550999,5.03632001,5.0013,5.006999,37492.82445713,187726.53456402547
2023-05-05,Mercado Bitcoin,USDC,USDC/BRL,5.00699901,5.01198928,4.96,4.9751,81647.62065471,406205.0775192478
2023-05-06,Mercado Bitcoin,USDC,USDC/BRL,4.97507003,5.00996348,4.96510001,4.99474001,7605.47345867,37987.36257901213
2023-05-07,Mercado Bitcoin,USDC,USDC/BRL,5.00375138,5.02667,4.98495,5.0022,42411.21540323,212149.38169003712
2023-05-08,Mercado Bitcoin,USDC,USDC/BRL,5.00596001,5.03752,4.96016913,5.0364,158081.77371569,796163.0451417012
2023-05-09,Mercado Bitcoin,USDC,USDC/BRL,5.03749998,5.0375,4.98905,5.00197001,119216.37093322,596316.7121090022
2023-05-10,Mercado Bitcoin,USDC,USDC/BRL,5.00170001,5.02122686,4.96576,4.98076,139069.95699749,692674.0790148183
2023-05-11,Mercado Bitcoin,USDC,USDC/BRL,4.98249,5.01292999,4.96152002,4.97050999,36609.35773972,181967.17837276208
2023-05-12,Mercado Bitcoin,USDC,USDC/BRL,4.97353999,4.99687,4.9503,4.96465496,49177.57420178,244149.6876816351
2023-05-13,Mercado Bitcoin,USDC,USDC/BRL,4.96807,4.98156035,4.9657,4.97649999,15916.73293549,79209.62129429865
2023-05-14,Mercado Bitcoin,USDC,USDC/BRL,4.97099,4.98622,4.97,4.97638063,6405.40106301,31875.713777344376
2023-05-15,Mercado Bitcoin,USDC,USDC/BRL,4.97598364,4.98529999,4.9136,4.92944999,58619.47997935,288961.7949980121
2023-05-16,Mercado Bitcoin,USDC,USDC/BRL,4.92944999,5.18,4.92944999,4.98769,89582.73626593,446810.91784621635
2023-05-17,Mercado Bitcoin,USDC,USDC/BRL,4.99,5.00243028,4.95,4.96438529,98320.91528769,488102.9055535444
2023-05-18,Mercado Bitcoin,USDC,USDC/BRL,4.96558461,4.99999995,4.96334876,4.99492,110646.92320207,552672.5296404834
2023-05-19,Mercado Bitcoin,USDC,USDC/BRL,4.99414173,5.02156992,4.94915,5.01106999,45525.74877922,228132.71347982847
2023-05-20,Mercado Bitcoin,USDC,USDC/BRL,5.00686411,5.02,5.00019999,5.00629995,18766.25293984,93949.49115440834
2023-05-21,Mercado Bitcoin,USDC,USDC/BRL,5.00011,5.01940999,4.98785003,5.01868,24499.35550969,122954.42550937101
2023-05-22,Mercado Bitcoin,USDC,USDC/BRL,5.01999999,5.01999999,4.976,4.98710003,33847.99367059,168803.3302500392
2023-05-23,Mercado Bitcoin,USDC,USDC/BRL,4.98780004,5.00496975,4.97550001,4.99254999,32657.08371255,163042.12296252066
2023-05-24,Mercado Bitcoin,USDC,USDC/BRL,4.993,5.0242,4.956,4.98325003,172466.72358711,859444.8054894676
2023-05-25,Mercado Bitcoin,USDC,USDC/BRL,4.99084999,5.05318999,4.97488,5.02412002,62580.33371909,314411.10749636113
2023-05-26,Mercado Bitcoin,USDC,USDC/BRL,5.02111999,5.03403999,5.00049998,5.01539001,30054.30766269,150734.07440892188
2023-05-27,Mercado Bitcoin,USDC,USDC/BRL,5.01544,5.03932995,5.01236,5.02325002,2075.31777521,10424.840055829987
2023-05-28,Mercado Bitcoin,USDC,USDC/BRL,5.02921998,5.05459,5.01457001,5.01729002,13924.13293794,69861.41322667964
2023-05-29,Mercado Bitcoin,USDC,USDC/BRL,5.01729002,5.04412,5.00212,5.02965002,106050.78313138,533398.323497761
2023-05-30,Mercado Bitcoin,USDC,USDC/BRL,5.03080001,5.08,5.02271,5.06177,50584.69353275,256048.084183268
2023-05-31,Mercado Bitcoin,USDC,USDC/BRL,5.06404999,5.13918,5.03264,5.08029997,88993.36731753,452113.00131344673
2023-06-01,Mercado Bitcoin,USDC,USDC/BRL,5.08045001,5.09348998,5.01021,5.03502173,179033.3911083,901437.0146258795
2023-06-02,Mercado Bitcoin,USDC,USDC/BRL,5.03502173,5.04845,4.98020002,4.98787004,61785.19653291,308176.53070201364
2023-06-03,Mercado Bitcoin,USDC,USDC/BRL,4.98787004,5.00150723,4.98,5.001325,59711.75503602,298637.8932555227
2023-06-04,Mercado Bitcoin,USDC,USDC/BRL,5.001325,5.01002099,4.99029002,5.00264,6653.5459052,33285.29488718973
2023-06-05,Mercado Bitcoin,USDC,USDC/BRL,5.00185002,5.25,4.95,4.98827,205929.33895277,1027231.143617934
2023-06-06,Mercado Bitcoin,USDC,USDC/BRL,4.99919999,5.00379999,4.93013898,4.94800001,66971.84016633,331376.66581271926
2023-06-07,Mercado Bitcoin,USDC,USDC/BRL,4.95176,4.95421,4.9136,4.95015002,92447.76823444,457630.32177466847
2023-06-08,Mercado Bitcoin,USDC,USDC/BRL,4.95015002,4.97319428,4.94986,4.95709997,24244.11175368,120180.48564684378
2023-06-09,Mercado Bitcoin,USDC,USDC/BRL,4.96349475,4.96626599,4.89359,4.92529999,30420.0331733,149827.78908425415
2023-06-10,Mercado Bitcoin,USDC,USDC/BRL,4.91561004,4.95555,4.91109,4.94995,52025.48843023,257523.566455217
2023-06-11,Mercado Bitcoin,USDC,USDC/BRL,4.9499,4.95618999,4.94410001,4.95010001,9367.3730248,46369.43330373621
2023-06-12,Mercado Bitcoin,USDC,USDC/BRL,4.95015001,4.96579999,4.9,4.9,96012.06768251,470459.131644299
2023-06-13,Mercado Bitcoin,USDC,USDC/BRL,4.90006,4.9235,4.89,4.89502445,38477.07149144,188346.2057149968
2023-06-14,Mercado Bitcoin,USDC,USDC/BRL,4.9,4.94305999,4.83953,4.87,42403.30207794,206504.08111956783
2023-06-15,Mercado Bitcoin,USDC,USDC/BRL,4.87419999,4.87841,4.8232,4.84,101463.62162971,491083.9286877964
2023-06-16,Mercado Bitcoin,USDC,USDC/BRL,4.84,4.8996,4.82999999,4.84320995,76522.8856194,370616.40103459
2023-06-17,Mercado Bitcoin,USDC,USDC/BRL,4.8486,4.87233993,4.84199178,4.87233993,14459.32638268,70450.75329523422
2023-06-18,Mercado Bitcoin,USDC,USDC/BRL,4.86400001,4.87427998,4.8586,4.87000001,18975.9759902,92413.00326203376
2023-06-19,Mercado Bitcoin,USDC,USDC/BRL,4.87000001,4.8703,4.8,4.81395999,36586.56706324,176126.27001388915
2023-06-20,Mercado Bitcoin,USDC,USDC/BRL,4.80428001,4.83868,4.79335,4.81436999,67142.97678814,323251.13248808787
2023-06-21,Mercado Bitcoin,USDC,USDC/BRL,4.81042998,4.8336,4.77502,4.78,36639.78900585,175138.191447963
2023-06-22,Mercado Bitcoin,USDC,USDC/BRL,4.77502,4.80238,4.76000001,4.78020002,54198.66915387,259080.47937330275
2023-06-23,Mercado Bitcoin,USDC,USDC/BRL,4.78025001,4.81228999,4.7282697,4.80260003,81750.22189255,392613.6181136673
2023-06-24,Mercado Bitcoin,USDC,USDC/BRL,4.81228999,4.81881,4.8,4.80131976,2652.60856293,12736.021908741013
2023-06-25,Mercado Bitcoin,USDC,USDC/BRL,4.80159961,4.81972999,4.78564002,4.8175,1850.12843128,8912.9937176914
2023-06-26,Mercado Bitcoin,USDC,USDC/BRL,4.81972999,4.81972999,4.77925,4.79,32570.0141177,156010.367623783
2023-06-27,Mercado Bitcoin,USDC,USDC/BRL,4.78509,4.84997803,4.77791,4.83000001,54454.43821113,263014.9371043023
2023-06-28,Mercado Bitcoin,USDC,USDC/BRL,4.83000001,4.8997,4.82550106,4.88741749,36100.03196603,176435.9276203341
2023-06-29,Mercado Bitcoin,USDC,USDC/BRL,4.87791003,4.9852,4.87269002,4.88004001,26926.860223,131404.1552319175
2023-06-30,Mercado Bitcoin,USDC,USDC/BRL,4.88456943,4.89877,4.77,4.82099,95910.5050767,462383.58586972
2023-07-01,Mercado Bitcoin,USDC,USDC/BRL,4.82142,4.83499958,4.81290003,4.81947002,19245.47472712,92752.98846802251
2023-07-02,Mercado Bitcoin,USDC,USDC/BRL,4.82798999,4.83918006,4.81295001,4.82905998,18007.8395293,86960.93719720466
2023-07-03,Mercado Bitcoin,USDC,USDC/BRL,4.82905997,4.83401999,4.79015001,4.80305001,155124.40847478,745070.2916760362
2023-07-04,Mercado Bitcoin,USDC,USDC/BRL,4.81052,4.87547996,4.79298,4.87181,80658.99442298,392955.2956198182
2023-07-05,Mercado Bitcoin,USDC,USDC/BRL,4.87135989,4.91288,4.83331,4.85905002,104171.73811547,506175.6861734092
2023-07-06,Mercado Bitcoin,USDC,USDC/BRL,4.85905002,4.95501962,4.84,4.93259972,66026.91759067,325684.3552202019
2023-07-07,Mercado Bitcoin,USDC,USDC/BRL,4.92744867,4.94942974,4.8708,4.90038999,42426.89722566,207908.34247138305
2023-07-08,Mercado Bitcoin,USDC,USDC/BRL,4.90332999,5.1,4.89327002,4.92494999,78518.12740199,386697.8507632494
2023-07-09,Mercado Bitcoin,USDC,USDC/BRL,4.92494999,4.92745987,4.90974,4.91229001,20185.31933881,99156.14253669618
2023-07-10,Mercado Bitcoin,USDC,USDC/BRL,4.9204105,4.9279399,4.88112,4.89015,69743.75370208,341057.4171662265
2023-07-11,Mercado Bitcoin,USDC,USDC/BRL,4.89875999,5.085,4.88384,4.89858999,47534.66534898,232852.83585651327
2023-07-12,Mercado Bitcoin,USDC,USDC/BRL,4.89598999,4.89767999,4.82004,4.86,96937.90461772,471118.2164421193
2023-07-13,Mercado Bitcoin,USDC,USDC/BRL,4.86,4.8607,4.79,4.79987,144783.7651451,694943.2508070113
2023-07-14,Mercado Bitcoin,USDC,USDC/BRL,4.79987,4.84079,4.78,4.82584001,88905.12164463,429041.8931265725
2023-07-15,Mercado Bitcoin,USDC,USDC/BRL,4.82999999,4.84189,4.8239,4.84189,6430.30010189,31134.805760340176
2023-07-16,Mercado Bitcoin,USDC,USDC/BRL,4.83933,4.84308473,4.83,4.83005001,11745.6957205,56732.29773225798
2023-07-17,Mercado Bitcoin,USDC,USDC/BRL,4.83000001,4.90389521,4.8,4.83442947,176646.40407739,853984.5816412624
2023-07-18,Mercado Bitcoin,USDC,USDC/BRL,4.83442946,4.85,4.82011996,4.82746,34776.93751501,167884.2747762102
2023-07-19,Mercado Bitcoin,USDC,USDC/BRL,4.82005001,4.8584,4.80453,4.81721,153948.36006281,741601.579578169
2023-07-20,Mercado Bitcoin,USDC,USDC/BRL,4.81576001,4.8493,4.80557763,4.8220897,86321.70193437,416250.98978419567
2023-07-21,Mercado Bitcoin,USDC,USDC/BRL,4.82514984,4.83,4.79012,4.81539937,48965.74630255,235789.62389687906
2023-07-22,Mercado Bitcoin,USDC,USDC/BRL,4.81082,4.83077,4.80542,4.82724498,7108.57302513,34314.823450522206
2023-07-23,Mercado Bitcoin,USDC,USDC/BRL,4.82586999,4.82766592,4.80928001,4.82517,3056.24298402,14746.891959203784
2023-07-24,Mercado Bitcoin,USDC,USDC/BRL,4.81479002,4.82991717,4.75920001,4.77200001,67112.39112274,320260.3311088392
2023-07-25,Mercado Bitcoin,USDC,USDC/BRL,4.772,4.7834,4.75514,4.77347,141909.75417889,677401.954280306
2023-07-26,Mercado Bitcoin,USDC,USDC/BRL,4.77492001,4.78470999,4.75596003,4.76982,30759.60034516,146717.75691835108
2023-07-27,Mercado Bitcoin,USDC,USDC/BRL,4.77116,4.78,4.74041,4.7683,50359.06132279,240127.11210545956
2023-07-28,Mercado Bitcoin,USDC,USDC/BRL,4.77171,4.78375,4.74,4.77976988,50848.08907827,243042.1646318719
2023-07-29,Mercado Bitcoin,USDC,USDC/BRL,4.77933,4.78483999,4.77,4.7799,3227.77983901,15428.464852483898
2023-07-30,Mercado Bitcoin,USDC,USDC/BRL,4.77999942,4.78589553,4.77468001,4.77468002,2124.60716257,10144.319369471872
2023-07-31,Mercado Bitcoin,USDC,USDC/BRL,4.77485001,4.80413,4.7335334,4.76,128321.3583489,610809.665740764
2023-08-01,Mercado Bitcoin,USDC,USDC/BRL,4.76,4.83305776,4.7521,4.80521,191777.50480886,921531.183882582
2023-08-02,Mercado Bitcoin,USDC,USDC/BRL,4.80521,4.84811999,4.80348994,4.84007828,55136.23020875,266863.67027445073
2023-08-03,Mercado Bitcoin,USDC,USDC/BRL,4.83488,4.93724,4.82972,4.92540002,69426.99999885,341955.7471828758
2023-08-04,Mercado Bitcoin,USDC,USDC/BRL,4.92515001,4.92999999,4.87664998,4.90383984,88803.50712068,435478.1761501143
2023-08-05,Mercado Bitcoin,USDC,USDC/BRL,4.90383984,4.92324999,4.9004,4.92218998,24288.88429147,119554.50288485302
2023-08-06,Mercado Bitcoin,USDC,USDC/BRL,4.919,4.93,4.919,4.919,14961.18278209,73594.0581051007
2023-08-07,Mercado Bitcoin,USDC,USDC/BRL,4.919,4.93734988,4.90548,4.92243998,40378.5861373,198761.1667381193
2023-08-08,Mercado Bitcoin,USDC,USDC/BRL,4.90866414,4.95,4.89971998,4.91428001,76864.68023032,377734.56153090374
2023-08-09,Mercado Bitcoin,USDC,USDC/BRL,4.91472003,4.95286488,4.91091,4.92948,64853.53434183,319694.20046736416
2023-08-10,Mercado Bitcoin,USDC,USDC/BRL,4.93527976,4.93616995,4.85091,4.90730557,62709.58423114,307735.0919898575
2023-08-11,Mercado Bitcoin,USDC,USDC/BRL,4.90730557,4.93306999,4.89746997,4.92294996,32634.51360792,160658.07746072923
2023-08-12,Mercado Bitcoin,USDC,USDC/BRL,4.92294996,4.94618,4.92196,4.93135002,14702.02198047,72500.81638743117
2023-08-13,Mercado Bitcoin,USDC,USDC/BRL,4.93646999,4.94704971,4.93131,4.94134,7062.23402478,34896.89947600641
2023-08-14,Mercado Bitcoin,USDC,USDC/BRL,4.94134,4.98999999,4.93144679,4.96836693,32448.70415833,161217.06866160026
2023-08-15,Mercado Bitcoin,USDC,USDC/BRL,4.96903491,5.01,4.9688883,5.00352003,39058.43651457,195429.66944113438
2023-08-16,Mercado Bitcoin,USDC,USDC/BRL,5.00699999,5.02,4.98170002,5.01945,24546.20649295,123208.45618103788
2023-08-17,Mercado Bitcoin,USDC,USDC/BRL,5.01082001,5.08,4.99447997,5.04313,117914.81252154,594659.728471754
2023-08-18,Mercado Bitcoin,USDC,USDC/BRL,5.03533002,5.04655,4.98474001,5.01836,81001.33881438,406493.878652532
2023-08-19,Mercado Bitcoin,USDC,USDC/BRL,5.0145,5.02679999,5.00001,5.02,38199.99451829,191763.97248181578
2023-08-20,Mercado Bitcoin,USDC,USDC/BRL,5.02,5.03518999,5.01076,5.02372,39997.89629247,200938.2315624074
2023-08-21,Mercado Bitcoin,USDC,USDC/BRL,5.02371999,5.02746,4.98865,5.00047,74491.02234503,372490.12250565214
2023-08-22,Mercado Bitcoin,USDC,USDC/BRL,4.99457736,5.01225,4.95201,4.95959002,52563.55678193,260693.69163136336
2023-08-23,Mercado Bitcoin,USDC,USDC/BRL,4.95415002,4.96966,4.88004999,4.89186001,35518.81160067,173753.05407204168
2023-08-24,Mercado Bitcoin,USDC,USDC/BRL,4.90091454,4.9268,4.89012,4.90833852,40446.18250041,198523.55555371233
2023-08-25,Mercado Bitcoin,USDC,USDC/BRL,4.90924929,4.9264,4.86855,4.90150999,68483.27527647,335671.4579155377
2023-08-26,Mercado Bitcoin,USDC,USDC/BRL,4.89279998,4.91940635,4.89279997,4.91939009,4665.47257278,22951.279539700736
2023-08-27,Mercado Bitcoin,USDC,USDC/BRL,4.91336003,4.92203999,4.9057,4.90994997,14833.75512245,72832.99551846074
2023-08-28,Mercado Bitcoin,USDC,USDC/BRL,4.91741178,4.93058,4.89505001,4.90562001,65326.21181846,320465.5718741358
2023-08-29,Mercado Bitcoin,USDC,USDC/BRL,4.90855001,4.9167797,4.86816,4.88445879,61400.59220059,299908.6622853773
2023-08-30,Mercado Bitcoin,USDC,USDC/BRL,4.88461,4.90683,4.86871,4.906,69267.18032678,339824.78668318264
2023-08-31,Mercado Bitcoin,USDC,USDC/BRL,4.90599999,4.99139,4.89,4.98295995,49279.75825982,245559.06175436475
2023-09-01,Mercado Bitcoin,USDC,USDC/BRL,4.98198988,4.98254,4.92928,4.96659997,69013.19987125,342760.9564101543
2023-09-02,Mercado Bitcoin,USDC,USDC/BRL,4.96809,4.98890815,4.9625,4.98392,39114.92558229,194945.6599080868
2023-09-03,Mercado Bitcoin,USDC,USDC/BRL,4.97645001,4.99795994,4.97285003,4.9839,13221.84037349,65896.33023743682
2023-09-04,Mercado Bitcoin,USDC,USDC/BRL,4.98237994,4.99705976,4.93753,4.95315,99486.05851748,492769.3707458561
2023-09-05,Mercado Bitcoin,USDC,USDC/BRL,4.9609796,5.00277,4.95236,4.99041,72743.50036628,363019.89166288736
2023-09-06,Mercado Bitcoin,USDC,USDC/BRL,4.97904023,5.02,4.97904023,4.99048998,50766.16623322,253348.04390989878
2023-09-07,Mercado Bitcoin,USDC,USDC/BRL,4.99048998,5.00978981,4.99048998,5.00681969,33897.89937622,169720.67004649702
2023-09-08,Mercado Bitcoin,USDC,USDC/BRL,5.00504,5.0277,4.99264,5.00195002,89702.87174692,448689.2811285639
2023-09-09,Mercado Bitcoin,USDC,USDC/BRL,5.01079,5.02,4.99439999,5.01494999,7911.99860349,39678.277317452186
2023-09-10,Mercado Bitcoin,USDC,USDC/BRL,5.01495,5.03097999,5.00486,5.00495,44739.67171553,223919.81995264188
2023-09-11,Mercado Bitcoin,USDC,USDC/BRL,5.00495,5.02099757,4.95201,4.95564949,68370.49614084,338820.2143314007
2023-09-12,Mercado Bitcoin,USDC,USDC/BRL,4.95564948,4.99435912,4.94396566,4.9617,52456.44834597,260273.15975819936
2023-09-13,Mercado Bitcoin,USDC,USDC/BRL,4.96683834,4.98191,4.93141001,4.94444,39620.67663308,195902.0583716661
2023-09-14,Mercado Bitcoin,USDC,USDC/BRL,4.94993989,4.94993989,4.8947,4.91493592,28257.15762375,138882.1190020707
2023-09-15,Mercado Bitcoin,USDC,USDC/BRL,4.90253995,4.9196,4.88845,4.89563913,60473.75637298,296057.6880376478
2023-09-16,Mercado Bitcoin,USDC,USDC/BRL,4.89007,4.91229999,4.88529483,4.90344998,22838.14787226,111985.71572747035
2023-09-17,Mercado Bitcoin,USDC,USDC/BRL,4.89779,4.91720999,4.89779,4.90257854,6092.28702768,29867.91564142436
2023-09-18,Mercado Bitcoin,USDC,USDC/BRL,4.9,4.96315,4.8660409,4.89000918,74663.75637465,365106.454085322
2023-09-19,Mercado Bitcoin,USDC,USDC/BRL,4.88712,4.91309,4.8669,4.89335655,51572.21643336,252361.2430821998
2023-09-20,Mercado Bitcoin,USDC,USDC/BRL,4.89196666,4.90988,4.86877995,4.89820999,21622.63359732,105912.19989650245
2023-09-21,Mercado Bitcoin,USDC,USDC/BRL,4.90533999,4.97,4.89487998,4.95842002,24808.96505717,123013.26901495218
2023-09-22,Mercado Bitcoin,USDC,USDC/BRL,4.96196879,4.96994999,4.93703,4.96375,24276.54106979,120502.68073517011
2023-09-23,Mercado Bitcoin,USDC,USDC/BRL,4.96694939,4.96999999,4.96156,4.96563987,1374.14868731,6823.5275090147
2023-09-24,Mercado Bitcoin,USDC,USDC/BRL,4.9637,4.97,4.95497001,4.9641,9903.65134395,49162.715636502195
2023-09-25,Mercado Bitcoin,USDC,USDC/BRL,4.9641,4.99712,4.96130995,4.98020999,34628.82075249,172458.79905347
2023-09-26,Mercado Bitcoin,USDC,USDC/BRL,4.98901987,5.01604,4.7215,4.99390004,114427.7652304,571440.8213612051
2023-09-27,Mercado Bitcoin,USDC,USDC/BRL,4.99130001,5.0887,4.99130001,5.05,58011.30673019,292957.0989874595
2023-09-28,Mercado Bitcoin,USDC,USDC/BRL,5.05285992,5.07305,5.04232999,5.04232999,29813.38118004,150328.90602741728
2023-09-29,Mercado Bitcoin,USDC,USDC/BRL,5.05208991,5.05208991,5.00495,5.04247989,90267.90213628,455174.0812346799
2023-09-30,Mercado Bitcoin,USDC,USDC/BRL,5.03304998,5.05102999,5.02874,5.03390002,11491.04883296,57844.79095005832
2023-10-01,Mercado Bitcoin,USDC,USDC/BRL,5.03696923,5.1,5.02644,5.02892,67658.18124885,340247.58084596676
2023-10-02,Mercado Bitcoin,USDC,USDC/BRL,5.031723,5.09514,4.99789,5.05875001,155150.4888535,784867.5370391479
2023-10-03,Mercado Bitcoin,USDC,USDC/BRL,5.06690999,5.16995,5.03181,5.155,128417.84192148,661993.9751052294
2023-10-04,Mercado Bitcoin,USDC,USDC/BRL,5.15551,5.1879,5.137,5.1686,56202.90082822,290490.31322073785
2023-10-05,Mercado Bitcoin,USDC,USDC/BRL,5.16999999,5.20479,5.15981001,5.18651792,75405.49211904,391091.93614181975
2023-10-06,Mercado Bitcoin,USDC,USDC/BRL,5.18369,5.22859893,5.17546,5.1799,62676.82039235,324659.66195033374
2023-10-07,Mercado Bitcoin,USDC,USDC/BRL,5.1799,5.19686,5.1799,5.19224967,22263.67554599,115598.56200665365
2023-10-08,Mercado Bitcoin,USDC,USDC/BRL,5.19224967,5.20354318,5.18617997,5.18935,13655.61134988,70863.74675849978
2023-10-09,Mercado Bitcoin,USDC,USDC/BRL,5.20136101,5.22255,5.16158,5.16949991,56215.96272123,290608.4142279618
2023-10-10,Mercado Bitcoin,USDC,USDC/BRL,5.16924986,5.17068,5.08052792,5.08052792,80729.06951822,410146.29164293763
2023-10-11,Mercado Bitcoin,USDC,USDC/BRL,5.08575946,5.09365999,5.06508,5.07987707,81829.46177488,415683.6065206544
2023-10-12,Mercado Bitcoin,USDC,USDC/BRL,5.08547974,5.10052995,5.07987707,5.0988099,7720.05182478,39363.07667270133
2023-10-13,Mercado Bitcoin,USDC,USDC/BRL,5.09644192,5.12503946,5.08274,5.11999999,15354.1462202,78613.22849388255
2023-10-14,Mercado Bitcoin,USDC,USDC/BRL,5.11999999,5.135027,5.11280004,5.12266987,2143.01292564,10977.94774519658
2023-10-15,Mercado Bitcoin,USDC,USDC/BRL,5.12266987,5.13419988,5.11402002,5.13074914,859.7511877,4411.167666905753
2023-10-16,Mercado Bitcoin,USDC,USDC/BRL,5.125479,5.12852958,5.04174946,5.05000001,52924.72484203,267269.8609814987
2023-10-17,Mercado Bitcoin,USDC,USDC/BRL,5.05648999,5.08930999,5.03774048,5.05605003,37610.96639524,190162.92777098218
2023-10-18,Mercado Bitcoin,USDC,USDC/BRL,5.05605003,5.10498,5.05003001,5.09079998,26223.1941529,133497.03626911945
2023-10-19,Mercado Bitcoin,USDC,USDC/BRL,5.08193999,5.09969999,5.05145003,5.08442999,12448.33377044,63292.68154795492
2023-10-20,Mercado Bitcoin,USDC,USDC/BRL,5.07274137,5.1,5.045,5.07356879,60905.17044918,309006.5719405899
2023-10-21,Mercado Bitcoin,USDC,USDC/BRL,5.0735,5.08320989,5.06261002,5.07496972,10661.7272017,54107.94271152784
2023-10-22,Mercado Bitcoin,USDC,USDC/BRL,5.06747002,5.07962993,5.06435,5.06435,7942.77643332,40224.99983008415
2023-10-23,Mercado Bitcoin,USDC,USDC/BRL,5.07481983,5.07976998,5.02510308,5.03105999,43710.18155537,219908.54557885797
2023-10-24,Mercado Bitcoin,USDC,USDC/BRL,5.03650999,5.05766,5.00571,5.01952001,137282.62227204,689092.8695197764
2023-10-25,Mercado Bitcoin,USDC,USDC/BRL,5.01952001,5.04317,4.99456,5.03168001,98220.82115094,494215.74235096993
2023-10-26,Mercado Bitcoin,USDC,USDC/BRL,5.0422,5.04691,5.00927,5.01726002,25005.36531343,125458.4196725671
2023-10-27,Mercado Bitcoin,USDC,USDC/BRL,5.01726002,5.04866974,4.96987945,5.04866974,69318.51255045,349966.2767352672
2023-10-28,Mercado Bitcoin,USDC,USDC/BRL,5.04816965,5.05306985,5.03,5.05062941,24249.02920456,122472.86006449965
2023-10-29,Mercado Bitcoin,USDC,USDC/BRL,5.05062941,5.05247904,5.03015001,5.04095999,19739.02683072,99503.64449519601
2023-10-30,Mercado Bitcoin,USDC,USDC/BRL,5.03240003,5.07948997,5.00662,5.06266999,92708.56941186,469352.89217725553
2023-10-31,Mercado Bitcoin,USDC,USDC/BRL,5.05389002,5.08209,5.03498004,5.05149002,88485.24992777,446982.3569273359
2023-11-01,Mercado Bitcoin,USDC,USDC/BRL,5.05776,5.06904999,4.99,4.99,105184.21900959,524869.2528578541
2023-11-02,Mercado Bitcoin,USDC,USDC/BRL,4.99142915,5.01568999,4.97012,4.99802999,37608.85541685,187970.18726299025
2023-11-03,Mercado Bitcoin,USDC,USDC/BRL,4.99802999,5.01249,4.8701,4.94537194,102279.37746988,505809.56338021276
2023-11-04,Mercado Bitcoin,USDC,USDC/BRL,4.94537194,4.9552999,4.93312,4.94823983,21395.69743644,105871.04224562131
2023-11-05,Mercado Bitcoin,USDC,USDC/BRL,4.94808979,4.95879992,4.94000001,4.94881,17287.10888793,85550.61733567687
2023-11-06,Mercado Bitcoin,USDC,USDC/BRL,4.94113001,4.94881,4.91295188,4.92128,67556.02255737,332462.10269113386
2023-11-07,Mercado Bitcoin,USDC,USDC/BRL,4.92128,4.926,4.891,4.9009899,67166.50269368,329182.35132004844
2023-11-08,Mercado Bitcoin,USDC,USDC/BRL,4.9009899,4.94994999,4.89492999,4.94627,47542.18840836,235156.50025861882
2023-11-09,Mercado Bitcoin,USDC,USDC/BRL,4.94037001,4.99995245,4.91,4.96736001,104689.19812155,520028.9362279546
2023-11-10,Mercado Bitcoin,USDC,USDC/BRL,4.96736,5.69,4.93833001,4.94492001,178331.17474955,881833.3944258565
2023-11-11,Mercado Bitcoin,USDC,USDC/BRL,4.94492001,4.97312,4.94222999,4.9649,38248.66778983,189900.81070972697
2023-11-12,Mercado Bitcoin,USDC,USDC/BRL,4.9649,4.97958,4.95575,4.95589999,32885.12735876,162975.40234842742
2023-11-13,Mercado Bitcoin,USDC,USDC/BRL,4.9559,4.99207,4.94065,4.94731828,87171.30749221,431264.2030477115
2023-11-14,Mercado Bitcoin,USDC,USDC/BRL,4.94731828,4.95925,4.9,4.91904999,116064.03751063,570924.8025560242
2023-11-15,Mercado Bitcoin,USDC,USDC/BRL,4.91894997,4.92,4.90000001,4.904,27902.60606903,136834.38016252313
2023-11-16,Mercado Bitcoin,USDC,USDC/BRL,4.904,4.92254998,4.87535,4.91474995,113864.19034095,559614.0237849745
2023-11-17,Mercado Bitcoin,USDC,USDC/BRL,4.91000001,4.9411,4.89469,4.93848999,60697.81452523,299755.54944772494
2023-11-18,Mercado Bitcoin,USDC,USDC/BRL,4.93839001,4.9516,4.93385,4.94899999,30831.64834823,152585.82736707377
2023-11-19,Mercado Bitcoin,USDC,USDC/BRL,4.94899999,4.96269999,4.94510001,4.95189,26811.07173968,132765.47803700398
2023-11-20,Mercado Bitcoin,USDC,USDC/BRL,4.9506,4.97989999,4.88055469,4.89877998,112302.58924534,550145.6758972348
2023-11-21,Mercado Bitcoin,USDC,USDC/BRL,4.89877998,4.94883,4.88884925,4.945,74700.57122469,369394.324706092
2023-11-22,Mercado Bitcoin,USDC,USDC/BRL,4.94500001,4.9508,4.89613,4.92016999,71117.64589282,349910.9070812997
2023-11-23,Mercado Bitcoin,USDC,USDC/BRL,4.92216,4.94306,4.88718,4.9411,86658.2593424,428187.1252367326
2023-11-24,Mercado Bitcoin,USDC,USDC/BRL,4.94153,4.94153,4.90516,4.9351596,45224.90979048,223192.1477116214
2023-11-25,Mercado Bitcoin,USDC,USDC/BRL,4.933,4.94485,4.93025,4.93399619,31280.94452028,154340.06108266293
2023-11-26,Mercado Bitcoin,USDC,USDC/BRL,4.93399619,4.94995,4.93399619,4.94994999,14796.68891072,73242.87012565158
2023-11-27,Mercado Bitcoin,USDC,USDC/BRL,4.94995,4.9586,4.91000001,4.9482,83820.03483506,414758.2963708439
2023-11-28,Mercado Bitcoin,USDC,USDC/BRL,4.9431,4.9495,4.88932,4.90668999,46505.3231712,228187.2036858421
2023-11-29,Mercado Bitcoin,USDC,USDC/BRL,4.90668999,4.93238,4.89127098,4.91264,98805.75095687,485397.0843807578
2023-11-30,Mercado Bitcoin,USDC,USDC/BRL,4.914,4.96167996,4.90481001,4.94339999,143772.78992277,710726.4082664932
2023-12-01,Mercado Bitcoin,USDC,USDC/BRL,4.9434,4.958,4.88875,4.9222,117551.8510071,578613.7210271476
2023-12-02,Mercado Bitcoin,USDC,USDC/BRL,4.9222,4.93699,4.91434605,4.93344999,71055.52695047,350548.88872324093
2023-12-03,Mercado Bitcoin,USDC,USDC/BRL,4.93344999,4.94111999,4.924,4.93296999,21111.24581698,104141.14206667538
2023-12-04,Mercado Bitcoin,USDC,USDC/BRL,4.93423948,4.98084,4.86413771,4.97922997,187992.66463264,936058.709879
2023-12-05,Mercado Bitcoin,USDC,USDC/BRL,4.97014303,4.99959,4.95387,4.97194996,136235.68790999,677357.0230546473
2023-12-06,Mercado Bitcoin,USDC,USDC/BRL,4.96437248,4.97485997,4.92114511,4.92971004,71547.09961613,352706.4553105162
2023-12-07,Mercado Bitcoin,USDC,USDC/BRL,4.92971004,4.9434,4.91734563,4.94,65284.66973547,322506.26849322184
2023-12-08,Mercado Bitcoin,USDC,USDC/BRL,4.943,4.97829,4.93014999,4.9507,56719.64812447,280801.9619698136
2023-12-09,Mercado Bitcoin,USDC,USDC/BRL,4.95005,4.97644,4.95005,4.97105,26886.81414285,133655.6974448145
2023-12-10,Mercado Bitcoin,USDC,USDC/BRL,4.97105,4.9799,4.96208,4.978,44593.17268519,221984.8136268758
2023-12-11,Mercado Bitcoin,USDC,USDC/BRL,4.97764999,5.01544,4.9561,4.9932,249868.39517696,1247642.8707975966
2023-12-12,Mercado Bitcoin,USDC,USDC/BRL,4.98735,4.99994999,4.95810004,4.99245,40301.81593454,201204.80096239422
2023-12-13,Mercado Bitcoin,USDC,USDC/BRL,4.99999999,5.05,4.9392,4.95698,212157.05802381,1051658.2934828657
2023-12-14,Mercado Bitcoin,USDC,USDC/BRL,4.95188002,4.95837,4.9134,4.9406,79226.7936038,391427.8964789343
2023-12-15,Mercado Bitcoin,USDC,USDC/BRL,4.9406,4.98709999,4.94,4.98572999,108808.08454205,542487.7302557541
2023-12-16,Mercado Bitcoin,USDC,USDC/BRL,4.97436,4.98994999,4.97436,4.98010001,31631.64769648,157528.76900955653
2023-12-17,Mercado Bitcoin,USDC,USDC/BRL,4.9867095,5.0037,4.98010001,4.99511375,61308.96909124,306245.2745059779
2023-12-18,Mercado Bitcoin,USDC,USDC/BRL,4.99971916,5.02791,4.93169996,4.93981,121714.36615719,601245.8430869487
2023-12-19,Mercado Bitcoin,USDC,USDC/BRL,4.93169997,4.97657999,4.8911,4.91423,38184.01031447,187645.0090076779
2023-12-20,Mercado Bitcoin,USDC,USDC/BRL,4.90909001,4.95888,4.9,4.95885999,25021.64863267,124078.85228838546
2023-12-21,Mercado Bitcoin,USDC,USDC/BRL,4.95885999,4.95958,4.9,4.90854001,63497.06945451,311677.9059352112
2023-12-22,Mercado Bitcoin,USDC,USDC/BRL,4.91799999,4.95378,4.88005001,4.89742,70705.19865014,346273.05397316866
2023-12-23,Mercado Bitcoin,USDC,USDC/BRL,4.89742,4.9205,4.8965,4.91767999,17896.55058156,88009.50868496047
2023-12-24,Mercado Bitcoin,USDC,USDC/BRL,4.91993987,4.93574,4.90641,4.92224,53077.73079451,261261.3296259689
2023-12-25,Mercado Bitcoin,USDC,USDC/BRL,4.9212,4.94,4.91124,4.92488001,23978.31132042,118090.30609549317
2023-12-26,Mercado Bitcoin,USDC,USDC/BRL,4.93643982,4.93984998,4.85,4.85085,82852.42105036,401904.66665213887
2023-12-27,Mercado Bitcoin,USDC,USDC/BRL,4.852,4.96,4.84035,4.85685001,114382.7607696,555539.9127876593
2023-12-28,Mercado Bitcoin,USDC,USDC/BRL,4.90762998,4.93,4.8568,4.89265,59183.60072656,289564.6440948038
2023-12-29,Mercado Bitcoin,USDC,USDC/BRL,4.91947999,4.9593,4.89,4.928,61659.44927111,303857.7660080301
2023-12-30,Mercado Bitcoin,USDC,USDC/BRL,4.9289,4.96,4.9016,4.935,21448.91079155,105850.37475629924
2023-12-31,Mercado Bitcoin,USDC,USDC/BRL,4.9531,4.9838,4.92565,4.95000001,31605.00185005,156444.75947379752
2024-01-01,Mercado Bitcoin,USDC,USDC/BRL,4.9837,4.99999999,4.9155,4.9289647,54624.75368737,269243.48267124157
2024-01-02,Mercado Bitcoin,USDC,USDC/BRL,4.95999999,4.95999999,4.8,4.94924988,145049.85541513,717887.9795073495
2024-01-03,Mercado Bitcoin,USDC,USDC/BRL,4.88670001,4.9998,4.51,4.96354992,277712.90549195,1378441.869837536
2024-01-04,Mercado Bitcoin,USDC,USDC/BRL,4.96354992,4.9998,4.92824997,4.92845,141462.41462194,697190.4373435002
2024-01-05,Mercado Bitcoin,USDC,USDC/BRL,4.95359996,4.95839966,4.89015,4.90191004,59977.77872722,294005.67571985815
2024-01-06,Mercado Bitcoin,USDC,USDC/BRL,4.93117999,4.95405112,4.90191004,4.90525,37937.44255145,186092.64007550012
2024-01-07,Mercado Bitcoin,USDC,USDC/BRL,4.94545237,4.94894539,4.90525,4.92005,19147.55073284,94206.90698310945
2024-01-08,Mercado Bitcoin,USDC,USDC/BRL,4.92005,4.96999,4.89015,4.8915,151143.67300983,739319.2765275834
2024-01-09,Mercado Bitcoin,USDC,USDC/BRL,4.8915,4.98,4.8901,4.93241004,80549.82585528,397304.76976883464
2024-01-10,Mercado Bitcoin,USDC,USDC/BRL,4.94648866,4.95,4.90891001,4.934,76920.04597058,379523.50681884174
2024-01-11,Mercado Bitcoin,USDC,USDC/BRL,4.91172001,4.94988,4.89296994,4.90210001,69029.07937384,338387.4506887918
2024-01-12,Mercado Bitcoin,USDC,USDC/BRL,4.91979994,4.92604959,4.87,4.89525003,60523.8039927,296279.1533109788
2024-01-13,Mercado Bitcoin,USDC,USDC/BRL,4.91869971,4.92504486,4.8701,4.91255201,32181.29246227,158092.27296992234
2024-01-14,Mercado Bitcoin,USDC,USDC/BRL,4.92,4.93722033,4.89710004,4.9006,35280.99451056,172898.0416984503
2024-01-15,Mercado Bitcoin,USDC,USDC/BRL,4.92,4.96592993,4.87274501,4.92765954,143372.16593283,706489.2212293727
2024-01-16,Mercado Bitcoin,USDC,USDC/BRL,4.92624925,4.9773,4.90550004,4.95005,41820.47782604,207013.4562627893
2024-01-17,Mercado Bitcoin,USDC,USDC/BRL,4.95005,4.99,4.94348,4.97109976,72730.24614989,361549.3091804591
2024-01-18,Mercado Bitcoin,USDC,USDC/BRL,4.97109977,4.99,4.95095357,4.98999999,96790.98205166,482986.9994698736
2024-01-19,Mercado Bitcoin,USDC,USDC/BRL,4.9559,4.98909999,4.8904,4.97,57092.976868,283752.09503395995
2024-01-20,Mercado Bitcoin,USDC,USDC/BRL,4.97999998,4.98939999,4.97,4.97500001,20198.44146139,100487.24647239967
2024-01-21,Mercado Bitcoin,USDC,USDC/BRL,4.97500001,4.98999999,4.96528562,4.975,18004.01803683,89569.98973322923
2024-01-22,Mercado Bitcoin,USDC,USDC/BRL,4.98369999,5.04182998,4.96533562,4.99191,104711.93768574,522712.56885282235
2024-01-23,Mercado Bitcoin,USDC,USDC/BRL,5.03819997,5.04998999,4.98,5.03896937,46176.1788406,232680.35080142552
2024-01-24,Mercado Bitcoin,USDC,USDC/BRL,5.03620326,5.08,4.9416,4.9731,49653.77825954,246933.20466251834
2024-01-25,Mercado Bitcoin,USDC,USDC/BRL,4.9731,4.99928999,4.92929857,4.96409999,23190.54912036,115120.2046564736
2024-01-26,Mercado Bitcoin,USDC,USDC/BRL,4.93824258,4.96999999,4.929,4.9465,17052.97786417,84352.55500511691
2024-01-27,Mercado Bitcoin,USDC,USDC/BRL,4.96339999,4.96988999,4.9465,4.95310001,4656.36877046,23063.460203529114
2024-01-28,Mercado Bitcoin,USDC,USDC/BRL,4.9629,4.99820323,4.95300001,4.97678,8091.88367479,40271.52483502137
2024-01-29,Mercado Bitcoin,USDC,USDC/BRL,4.96,4.98849998,4.7232,4.98,99561.98269878,495818.67383992445
2024-01-30,Mercado Bitcoin,USDC,USDC/BRL,4.98,5.09999,4.544,4.97219482,69053.98999676,343349.89136222197
2024-01-31,Mercado Bitcoin,USDC,USDC/BRL,4.97219482,5.01240387,4.9501,4.98995,190882.05666463,952491.9186536706
2024-02-01,Mercado Bitcoin,USDC,USDC/BRL,4.97620001,5.0099,4.9301,4.94625003,83897.11842808,414976.1245418042
2024-02-02,Mercado Bitcoin,USDC,USDC/BRL,4.95724998,5.00855,4.93,4.99925001,36704.84152795,183496.67937565243
2024-02-03,Mercado Bitcoin,USDC,USDC/BRL,4.99925001,5.0199,4.98515,5.00334998,17184.77093999,85981.42333890357
2024-02-04,Mercado Bitcoin,USDC,USDC/BRL,5.00334998,5.01957999,4.9855,5.01799996,18494.09207181,92803.3532765789
2024-02-05,Mercado Bitcoin,USDC,USDC/BRL,5.01729996,5.04299992,4.989,4.99911,115372.14970977,576758.0673356083
2024-02-06,Mercado Bitcoin,USDC,USDC/BRL,5.01879975,5.02,4.95841,5.00589999,62270.52082143,311719.9995572912
2024-02-07,Mercado Bitcoin,USDC,USDC/BRL,5.00549999,5.035,4.98000001,5.00948999,50321.61338793,252085.61854748533
2024-02-08,Mercado Bitcoin,USDC,USDC/BRL,5.00827999,5.03497999,4.98,5.00212,27165.88536116,135887.01848276565
2024-02-09,Mercado Bitcoin,USDC,USDC/BRL,5.03428999,5.035,4.98,5.00599999,70103.68397955,350939.0413005905
2024-02-10,Mercado Bitcoin,USDC,USDC/BRL,4.98190001,5.00884,4.98,4.98790001,16256.1881075,81084.24082396112
2024-02-11,Mercado Bitcoin,USDC,USDC/BRL,4.98790001,5.01446774,4.98,4.98840001,15944.17595711,79535.92750388928
2024-02-12,Mercado Bitcoin,USDC,USDC/BRL,4.98355002,5.0999,4.98055,4.98055001,83602.1418369,416384.6483617937
2024-02-13,Mercado Bitcoin,USDC,USDC/BRL,4.98055001,5.04858,4.98055,5.00149857,42332.22712313,211724.5734212499
2024-02-14,Mercado Bitcoin,USDC,USDC/BRL,5.00149857,5.04858,4.98,5.01066932,34110.23891146,170915.12761152282
2024-02-15,Mercado Bitcoin,USDC,USDC/BRL,5.00005002,5.04977999,4.98005735,5.01,82536.78447959,413509.2902427459
2024-02-16,Mercado Bitcoin,USDC,USDC/BRL,5.01,5.09998,4.9804,5.00235001,121888.35872701,609728.232496942
2024-02-17,Mercado Bitcoin,USDC,USDC/BRL,5.00235001,5.04415833,4.80141,5.02005987,88497.14679546,444260.9752373878
2024-02-18,Mercado Bitcoin,USDC,USDC/BRL,5.02005987,5.03344973,4.99525001,4.99810001,84264.87625844,421164.2788699577
2024-02-19,Mercado Bitcoin,USDC,USDC/BRL,4.99790001,5.01,4.995,5.00999999,88232.48098543,442044.72885467944
2024-02-20,Mercado Bitcoin,USDC,USDC/BRL,5.01,5.01,4.89569,4.96074271,80600.35236111,399837.6103988077
2024-02-21,Mercado Bitcoin,USDC,USDC/BRL,4.96074271,4.99946,4.95789,4.978,61087.98972571,304096.0128545844
2024-02-22,Mercado Bitcoin,USDC,USDC/BRL,4.99527999,4.99527999,4.96,4.99,42538.32806829,212266.25706076712
2024-02-23,Mercado Bitcoin,USDC,USDC/BRL,4.989,5.04214144,4.98000001,5.02999999,68571.17968325,344913.0331210357
2024-02-24,Mercado Bitcoin,USDC,USDC/BRL,5.01465146,5.04089416,4.9005,5.03147673,41747.79394234,210053.05374971867
2024-02-25,Mercado Bitcoin,USDC,USDC/BRL,5.03147673,5.03980353,5.00313001,5.03845129,4928.88585279,24833.95128325253
2024-02-26,Mercado Bitcoin,USDC,USDC/BRL,5.03845884,5.03964991,4.9882,5.0,62587.61193835,312938.05969175
2024-02-27,Mercado Bitcoin,USDC,USDC/BRL,5.00994999,5.01996254,4.96029996,4.97500001,74956.88010631,372910.479278461
2024-02-28,Mercado Bitcoin,USDC,USDC/BRL,4.97912992,5.01924335,4.95805,4.99710001,93325.52608663,466356.98734075396
2024-02-29,Mercado Bitcoin,USDC,USDC/BRL,5.00004936,5.03,4.98450944,5.01762999,88949.44028218,446315.3791535804
2024-03-01,Mercado Bitcoin,USDC,USDC/BRL,5.01471364,5.0485207,4.9801,5.00010001,107447.11468737,537246.3192227898
2024-03-02,Mercado Bitcoin,USDC,USDC/BRL,5.00350998,5.01999999,4.9994,5.01,44305.40707061,221970.08942375612
2024-03-03,Mercado Bitcoin,USDC,USDC/BRL,5.0099,5.09998,5.0085,5.01320999,66759.04508464,334677.1117411777
2024-03-04,Mercado Bitcoin,USDC,USDC/BRL,5.00855441,5.09999,4.98015,4.98505001,210982.93072032,1051760.4608971605
2024-03-05,Mercado Bitcoin,USDC,USDC/BRL,4.98505001,5.09999,4.98,5.00619894,300580.64193522,1504766.491040618
2024-03-06,Mercado Bitcoin,USDC,USDC/BRL,5.005,5.08,4.95402,4.99929999,116498.29457959,582409.9229267613
2024-03-07,Mercado Bitcoin,USDC,USDC/BRL,4.99869999,4.9999,4.96,4.9825,122041.25839379,608070.5699470587
2024-03-08,Mercado Bitcoin,USDC,USDC/BRL,4.9825,5.03838,4.96,5.03012999,141813.46730941,713340.1748989479
2024-03-09,Mercado Bitcoin,USDC,USDC/BRL,5.02,5.03583637,5.00504999,5.03,18454.12812561,92824.26447181831
2024-03-10,Mercado Bitcoin,USDC,USDC/BRL,5.03583637,5.09999,5.013,5.03029001,64478.68165406,324346.4681823883
2024-03-11,Mercado Bitcoin,USDC,USDC/BRL,5.03029001,5.13808999,4.98434012,5.01989998,165971.19245993,833158.7857101788
2024-03-12,Mercado Bitcoin,USDC,USDC/BRL,5.01989998,5.05,4.97,5.00000001,95512.88031415,477564.4025258788
2024-03-13,Mercado Bitcoin,USDC,USDC/BRL,5.02331998,5.10998,4.98529,4.9959538,43226.35939227,215956.894465977
2024-03-14,Mercado Bitcoin,USDC,USDC/BRL,4.99615457,5.07,4.99559702,5.03050001,45917.44238824,230987.69439321573
2024-03-15,Mercado Bitcoin,USDC,USDC/BRL,5.04989,5.17,5.01509,5.04989997,90347.77465785,456247.22453424346
2024-03-16,Mercado Bitcoin,USDC,USDC/BRL,5.0411,5.26,5.0281,5.04451999,38725.4606928,195351.36058678885
2024-03-17,Mercado Bitcoin,USDC,USDC/BRL,5.04879999,5.2,5.02820001,5.07119999,35125.43964897,178128.12919660227
2024-03-18,Mercado Bitcoin,USDC,USDC/BRL,5.04010001,5.2899,4.97,5.04694,118524.17665721,598184.4081383395
2024-03-19,Mercado Bitcoin,USDC,USDC/BRL,5.06633999,5.19999999,5.04416,5.06600001,47796.44995324,242136.81594107833
2024-03-20,Mercado Bitcoin,USDC,USDC/BRL,5.15673999,5.2,4.97,5.03284999,98769.62394427,497092.700880223
2024-03-21,Mercado Bitcoin,USDC,USDC/BRL,5.0159,5.09999999,4.99348,5.02999999,41368.1216004,208081.6512363308
2024-03-22,Mercado Bitcoin,USDC,USDC/BRL,5.02999999,5.25,5.0175,5.04784999,70386.06069322,355298.27576640993
2024-03-23,Mercado Bitcoin,USDC,USDC/BRL,5.03551999,5.06979,5.03022,5.06569999,21150.52813396,107142.23015669589
2024-03-24,Mercado Bitcoin,USDC,USDC/BRL,5.055,5.07055998,5.0323,5.05448999,36292.93027842,183442.2528000418
2024-03-25,Mercado Bitcoin,USDC,USDC/BRL,5.03259001,5.05887999,4.95,4.9802,173698.61874935,865053.8610955128
2024-03-26,Mercado Bitcoin,USDC,USDC/BRL,4.98251,5.04742214,4.9825,5.01500001,49284.75641168,247163.05389742274
2024-03-27,Mercado Bitcoin,USDC,USDC/BRL,5.03019999,5.03988,4.95,5.02254999,137635.32056546,691280.2779296979
2024-03-28,Mercado Bitcoin,USDC,USDC/BRL,5.02,5.05299999,4.99547248,5.02999999,115475.23634219,580840.4376464634
2024-03-29,Mercado Bitcoin,USDC,USDC/BRL,5.02999999,5.09259999,5.02091001,5.07395468,24375.85218597,123681.96927799072
2024-03-30,Mercado Bitcoin,USDC,USDC/BRL,5.03890001,5.08615454,5.0374,5.06010001,12665.25313375,64087.44750874091
2024-03-31,Mercado Bitcoin,USDC,USDC/BRL,5.06719999,5.0681,5.055,5.05500001,22185.07010264,112145.52959069588
2024-04-01,Mercado Bitcoin,USDC,USDC/BRL,5.06635869,5.13574523,5.0367,5.09999999,136122.80612054,694226.3098535258
2024-04-02,Mercado Bitcoin,USDC,USDC/BRL,5.09000001,5.14995157,5.031,5.11558999,92191.47392761,471613.7811874277
2024-04-03,Mercado Bitcoin,USDC,USDC/BRL,5.10723999,5.13,5.06539002,5.07317,97266.94540592,493451.7494249512
2024-04-04,Mercado Bitcoin,USDC,USDC/BRL,5.07318001,5.09999999,5.0401,5.0801,102201.97696022,519196.26315561356
2024-04-05,Mercado Bitcoin,USDC,USDC/BRL,5.09999999,5.11974821,5.0,5.09025784,70827.42172717,360529.83873371343
2024-04-06,Mercado Bitcoin,USDC,USDC/BRL,5.09024102,5.11994949,5.09,5.09135153,23927.20345701,121821.80392946916
2024-04-07,Mercado Bitcoin,USDC,USDC/BRL,5.09135153,5.11999,5.09135153,5.11838114,17898.77882841,91612.77198436504
2024-04-08,Mercado Bitcoin,USDC,USDC/BRL,5.11812048,5.11924472,5.0499,5.07629,89520.23911115,454430.69459753967
2024-04-09,Mercado Bitcoin,USDC,USDC/BRL,5.07659,5.08507735,5.02994744,5.06699999,94498.83209942,478825.58130277286
2024-04-10,Mercado Bitcoin,USDC,USDC/BRL,5.04230001,5.12,5.0401,5.08,66554.54705828,338097.0990560624
2024-04-11,Mercado Bitcoin,USDC,USDC/BRL,5.0805,5.12919,5.0805,5.1191,54064.10242138,276759.54670528637
2024-04-12,Mercado Bitcoin,USDC,USDC/BRL,5.1156,5.27988,5.0401,5.186,169066.95111413,876781.2084778781
2024-04-13,Mercado Bitcoin,USDC,USDC/BRL,5.1583,5.62,5.14318,5.253,52233.78749026,274384.0856863358
2024-04-14,Mercado Bitcoin,USDC,USDC/BRL,5.52,5.5203,5.253,5.3,53597.19883801,284065.153841453
2024-04-15,Mercado Bitcoin,USDC,USDC/BRL,5.3,5.35,5.20443885,5.22867321,57785.05965785,302139.19337125204
2024-04-16,Mercado Bitcoin,USDC,USDC/BRL,5.22867321,5.34605781,5.2193,5.30988205,73623.06809503,390929.80774372746
2024-04-17,Mercado Bitcoin,USDC,USDC/BRL,5.3,5.32955,5.24442092,5.26458743,151800.77452793,799168.4494440045
2024-04-18,Mercado Bitcoin,USDC,USDC/BRL,5.27213537,5.32875966,5.25196994,5.28542104,63810.21718022,337263.8644513043
2024-04-19,Mercado Bitcoin,USDC,USDC/BRL,5.29,5.3295,5.14163999,5.24552,138995.22988048,729102.2582426555
2024-04-20,Mercado Bitcoin,USDC,USDC/BRL,5.24552,5.29359,5.2455,5.251,17189.95459988,90264.45160396988
2024-04-21,Mercado Bitcoin,USDC,USDC/BRL,5.28009,5.29145,5.25,5.25,27600.41492115,144902.1783360375
2024-04-22,Mercado Bitcoin,USDC,USDC/BRL,5.2663,5.2944,5.1111,5.17758,87397.19775604,452505.98315771756
2024-04-23,Mercado Bitcoin,USDC,USDC/BRL,5.18154,5.26460621,4.95,5.14065,78576.9630465,403936.6650849902
2024-04-24,Mercado Bitcoin,USDC,USDC/BRL,5.14314999,5.19786,5.13745,5.17692,73899.78351015,382573.2672493657
2024-04-25,Mercado Bitcoin,USDC,USDC/BRL,5.1764,5.21678,5.14518998,5.19995,87142.07394949,453134.4274336506
2024-04-26,Mercado Bitcoin,USDC,USDC/BRL,5.1935,5.19995,5.1237,5.16279999,34158.36954202,176352.82992995717
2024-04-27,Mercado Bitcoin,USDC,USDC/BRL,5.1452,5.17234999,5.1316,5.14294,7845.73079043,40350.122711334065
2024-04-28,Mercado Bitcoin,USDC,USDC/BRL,5.1671,5.1672,5.1475,5.14751,4710.4552461,24247.11548385221
2024-04-29,Mercado Bitcoin,USDC,USDC/BRL,5.16328,5.1999,5.12011,5.15021,60765.96373602,312957.4740928876
2024-04-30,Mercado Bitcoin,USDC,USDC/BRL,5.13383,5.2333,5.086,5.16351,95470.21104343,492961.3894248612
2024-05-01,Mercado Bitcoin,USDC,USDC/BRL,5.16388,5.24423616,5.086,5.21638214,80440.9995692,419610.99347652256
2024-05-02,Mercado Bitcoin,USDC,USDC/BRL,5.21539441,5.23,5.1108,5.14999999,115658.13802332,595639.4096635167
2024-05-03,Mercado Bitcoin,USDC,USDC/BRL,5.15,5.1840824,5.0754521,5.12127217,246772.20944789,1263787.64857489
2024-05-04,Mercado Bitcoin,USDC,USDC/BRL,5.10304793,5.12822981,5.08165,5.1022,12784.9111555,65231.1736975921
2024-05-05,Mercado Bitcoin,USDC,USDC/BRL,5.1101267,5.12148136,5.0002,5.1,50237.22333742,256209.839020842
2024-05-06,Mercado Bitcoin,USDC,USDC/BRL,5.1,5.11964391,5.06625006,5.07674116,44961.14423306,228256.09152867232
2024-05-07,Mercado Bitcoin,USDC,USDC/BRL,5.09968999,5.15,5.0765,5.11001,51544.84619225,263394.6794908594
2024-05-08,Mercado Bitcoin,USDC,USDC/BRL,5.08001,5.14285,5.08001,5.13595999,28333.54414903,145519.94912431668
2024-05-09,Mercado Bitcoin,USDC,USDC/BRL,5.13595999,5.19995,5.07721,5.1103,30816.88773347,157483.54138435173
2024-05-10,Mercado Bitcoin,USDC,USDC/BRL,5.15985,5.2944,5.1111,5.1871,87795.57750657,455404.4400843292
2024-05-11,Mercado Bitcoin,USDC,USDC/BRL,5.24239,5.2907,5.17746,5.18265,25538.67207212,132357.99881457273
2024-05-12,Mercado Bitcoin,USDC,USDC/BRL,5.22004,5.24575,5.18136,5.1868,2544.80795294,13199.409890309193
2024-05-13,Mercado Bitcoin,USDC,USDC/BRL,5.18689,5.26555,5.1468,5.18009,41878.08442509,216932.24634956443
2024-05-14,Mercado Bitcoin,USDC,USDC/BRL,5.18,5.20119,5.1408,5.15185653,37679.02194159,194116.9152337937
2024-05-15,Mercado Bitcoin,USDC,USDC/BRL,5.16916,5.1874,5.03,5.1156,61691.0549857,315586.7608848469
2024-05-16,Mercado Bitcoin,USDC,USDC/BRL,5.13,5.24994772,5.06015039,5.1638896,58681.44922324,303024.5253568171
2024-05-17,Mercado Bitcoin,USDC,USDC/BRL,5.24051893,5.24051893,5.0201,5.131,50564.41648086,259446.02096329269
2024-05-18,Mercado Bitcoin,USDC,USDC/BRL,5.131,5.14479,5.10123,5.13899999,10429.10710845,53595.18132603348
2024-05-19,Mercado Bitcoin,USDC,USDC/BRL,5.139,5.1832996,5.1325,5.148,9762.57874644,50257.75538667312
2024-05-20,Mercado Bitcoin,USDC,USDC/BRL,5.1406,5.2325736,5.0379,5.0999,101274.19130117,516488.24821683683
2024-05-21,Mercado Bitcoin,USDC,USDC/BRL,5.05386918,5.1299896,5.012,5.1077604,79485.49639646,405992.8708681811
2024-05-22,Mercado Bitcoin,USDC,USDC/BRL,5.1042004,5.17094492,5.0778,5.15927381,70003.72645844,361168.3925194335
2024-05-23,Mercado Bitcoin,USDC,USDC/BRL,5.16543205,5.21744216,5.14931,5.18521201,88920.16111873,461069.88736397383
2024-05-24,Mercado Bitcoin,USDC,USDC/BRL,5.18027235,5.21821235,5.1508,5.18841958,35456.07814014,183961.01005231237
2024-05-25,Mercado Bitcoin,USDC,USDC/BRL,5.1881832,5.21851235,5.17771235,5.1917,9903.24948919,51414.70037302773
2024-05-26,Mercado Bitcoin,USDC,USDC/BRL,5.1917,5.21341235,5.1835,5.20140001,17845.21050493,92820.07809879501
2024-05-27,Mercado Bitcoin,USDC,USDC/BRL,5.2014,5.21231235,5.1835,5.1835,31756.98200702,164612.31623338818
2024-05-28,Mercado Bitcoin,USDC,USDC/BRL,5.1835,5.21999,5.16169918,5.19,100829.26107879,523303.8649989202
2024-05-29,Mercado Bitcoin,USDC,USDC/BRL,5.1999999,5.24548705,5.12,5.22238,113294.76808122,591668.3309320017
2024-05-30,Mercado Bitcoin,USDC,USDC/BRL,5.22187352,5.2496,5.2191,5.22081235,20575.15471037,107419.02181506036
2024-05-31,Mercado Bitcoin,USDC,USDC/BRL,5.22081235,5.28991235,5.2,5.28866151,88915.77077069,470245.4145069312
2024-06-01,Mercado Bitcoin,USDC,USDC/BRL,5.2268,5.28826,5.2259,5.28,28079.15557683,148257.9414456624
2024-06-02,Mercado Bitcoin,USDC,USDC/BRL,5.2799,5.28,5.25855725,5.28,3771.8236415,19915.22882712
2024-06-03,Mercado Bitcoin,USDC,USDC/BRL,5.27837893,5.2877999,5.2371,5.25531756,90119.82023714,473608.2737962852
2024-06-04,Mercado Bitcoin,USDC,USDC/BRL,5.24984631,5.29699,5.24,5.28399279,92428.21692915,488390.0318461846
2024-06-05,Mercado Bitcoin,USDC,USDC/BRL,5.27688594,5.32861235,5.2617,5.2946,111629.55893295,591033.8627263971
2024-06-06,Mercado Bitcoin,USDC,USDC/BRL,5.2946,5.32821235,5.26636,5.27828258,73123.09118303,385964.33838713885
2024-06-07,Mercado Bitcoin,USDC,USDC/BRL,5.27989989,5.39925987,5.2161,5.39925987,53398.42283975,288311.9615599536
2024-06-08,Mercado Bitcoin,USDC,USDC/BRL,5.39886173,5.40969,5.35539972,5.40131235,26043.6403268,140669.83613610288
2024-06-09,Mercado Bitcoin,USDC,USDC/BRL,5.40131235,5.4088,5.3577695,5.39021076,25660.94751382,138317.9154007878
2024-06-10,Mercado Bitcoin,USDC,USDC/BRL,5.38819719,5.4898,5.3432408,5.37727,384431.3935645,2067191.3996725788
2024-06-11,Mercado Bitcoin,USDC,USDC/BRL,5.37318262,5.48695957,5.3713,5.40725687,29251.62501398,158171.05031550722
2024-06-12,Mercado Bitcoin,USDC,USDC/BRL,5.40719334,5.45439456,5.38019663,5.45439456,42188.36825942,230112.0063294571
2024-06-13,Mercado Bitcoin,USDC,USDC/BRL,5.41915544,5.45362883,5.38348047,5.4,33454.68012513,180655.272675702
2024-06-14,Mercado Bitcoin,USDC,USDC/BRL,5.41,5.4459,5.37138154,5.4,92033.70589285,496982.0118213901
2024-06-15,Mercado Bitcoin,USDC,USDC/BRL,5.45254562,5.519,5.40569979,5.4545,104261.07058262,568692.0094929008
2024-06-16,Mercado Bitcoin,USDC,USDC/BRL,5.45184957,5.45788,5.41045,5.42,25148.3561644,136304.090411048
2024-06-17,Mercado Bitcoin,USDC,USDC/BRL,5.42001,5.4992151,5.41156541,5.47475323,44658.01936606,244491.63576973954
2024-06-18,Mercado Bitcoin,USDC,USDC/BRL,5.47064,5.4995,5.423,5.46038167,55905.53883187,305265.57948901615
2024-06-19,Mercado Bitcoin,USDC,USDC/BRL,5.48738886,5.5184,5.45093,5.46,45899.77191718,250612.7546678028
2024-06-20,Mercado Bitcoin,USDC,USDC/BRL,5.45245,5.51444403,5.4111181,5.48,88429.93471043,484596.0422131564
2024-06-21,Mercado Bitcoin,USDC,USDC/BRL,5.48,5.50946467,5.45049257,5.4650003,27538.00072405,150495.18221833347
2024-06-22,Mercado Bitcoin,USDC,USDC/BRL,5.465,5.48916,5.465,5.4882199,9918.81574841,54436.64197485715
2024-06-23,Mercado Bitcoin,USDC,USDC/BRL,5.47015846,5.49885676,5.465,5.47145,21573.68855582,118039.35824874134
2024-06-24,Mercado Bitcoin,USDC,USDC/BRL,5.47178526,5.55,5.40047746,5.4273,79451.23640864,431205.6953606119
2024-06-25,Mercado Bitcoin,USDC,USDC/BRL,5.42689001,5.49985072,5.42503001,5.48694578,39557.8989581,217052.0467538132
2024-06-26,Mercado Bitcoin,USDC,USDC/BRL,5.48899999,5.56,5.47681786,5.53469999,26547.34064533,146931.56600423454
2024-06-27,Mercado Bitcoin,USDC,USDC/BRL,5.5347,5.55,5.49849,5.53392,52949.10963753,293016.13680532
2024-06-28,Mercado Bitcoin,USDC,USDC/BRL,5.53238,5.62961,5.31023,5.62477427,207947.63741542,1169658.5204415435
2024-06-29,Mercado Bitcoin,USDC,USDC/BRL,5.62477427,5.6599,5.50366953,5.6132,29947.00053897,168098.50342534643
2024-06-30,Mercado Bitcoin,USDC,USDC/BRL,5.63905,5.6599,5.59154,5.63349,28316.10379845,159518.48758753008
2024-07-01,Mercado Bitcoin,USDC,USDC/BRL,5.615,5.6747,5.57771274,5.66974661,128272.07001514,727270.1341260226
2024-07-02,Mercado Bitcoin,USDC,USDC/BRL,5.63622002,5.72948849,5.584,5.68857455,92760.31019962,527673.9398516638
2024-07-03,Mercado Bitcoin,USDC,USDC/BRL,5.6896788,5.77,5.55625603,5.59463596,83362.58365467,466383.308232925
2024-07-04,Mercado Bitcoin,USDC,USDC/BRL,5.59468192,5.6218,5.50289004,5.53501893,82147.62880956,454688.68051552796
2024-07-05,Mercado Bitcoin,USDC,USDC/BRL,5.54409,5.7,5.4933,5.51655163,125332.00848508,691400.495699542
2024-07-06,Mercado Bitcoin,USDC,USDC/BRL,5.51098186,5.5685999,5.4977,5.51999999,33406.10138979,184401.67933757976
2024-07-07,Mercado Bitcoin,USDC,USDC/BRL,5.51999999,5.66,5.49757,5.51017009,40079.56192312,220845.2033290787
2024-07-08,Mercado Bitcoin,USDC,USDC/BRL,5.50044001,5.54695997,5.48177974,5.51584702,39588.12381636,218362.03477986032
2024-07-09,Mercado Bitcoin,USDC,USDC/BRL,5.50664354,5.52305166,5.43404,5.45377367,52899.12661851,288499.86391802604
2024-07-10,Mercado Bitcoin,USDC,USDC/BRL,5.45374875,5.56,5.41,5.44192,76560.79981192,416637.7477124837
2024-07-11,Mercado Bitcoin,USDC,USDC/BRL,5.45352999,5.55966,5.4032375,5.488,41825.65611064,229539.2007351923
2024-07-12,Mercado Bitcoin,USDC,USDC/BRL,5.48324347,5.6,5.44281,5.46118925,58851.66215424,321400.06470136734
2024-07-13,Mercado Bitcoin,USDC,USDC/BRL,5.45104,5.47162656,5.45104,5.46983703,1997.05272338,10923.55293720627
2024-07-14,Mercado Bitcoin,USDC,USDC/BRL,5.46101311,5.769,5.45515,5.4655001,11151.7735175,60950.0192750736
2024-07-15,Mercado Bitcoin,USDC,USDC/BRL,5.46824464,5.49469,5.44562298,5.4555,88662.91327479,483700.52337061684
2024-07-16,Mercado Bitcoin,USDC,USDC/BRL,5.45984741,5.49935599,5.43005296,5.4404792,110439.01671567,600841.173310055
2024-07-17,Mercado Bitcoin,USDC,USDC/BRL,5.44247662,5.51254999,5.434,5.4892816,43018.86945627,236142.6885591049
2024-07-18,Mercado Bitcoin,USDC,USDC/BRL,5.49422416,5.59277847,5.4788,5.55910169,48638.69719877,270387.4637970806
2024-07-19,Mercado Bitcoin,USDC,USDC/BRL,5.55927039,5.6099,5.5308006,5.57243235,49810.05009264,277563.1344913476
2024-07-20,Mercado Bitcoin,USDC,USDC/BRL,5.57070094,5.60697459,5.55435001,5.58999999,11822.11557226,66085.62593071224
2024-07-21,Mercado Bitcoin,USDC,USDC/BRL,5.59,5.6199,5.573,5.573,19436.63263074,108320.35365111404
2024-07-22,Mercado Bitcoin,USDC,USDC/BRL,5.57683857,5.5982,5.5344,5.57098652,53068.98202943,295646.5835160768
2024-07-23,Mercado Bitcoin,USDC,USDC/BRL,5.5745,5.769,5.56499245,5.61689989,65591.50861643,368420.93753255974
2024-07-24,Mercado Bitcoin,USDC,USDC/BRL,5.60500001,5.71213777,5.6,5.67573261,62082.26165361,352362.3169699468
2024-07-25,Mercado Bitcoin,USDC,USDC/BRL,5.67367419,5.72069,5.63913,5.67234957,57658.10030696,327056.9004832014
2024-07-26,Mercado Bitcoin,USDC,USDC/BRL,5.67134943,5.7289,5.60570001,5.6853,49364.99666432,280654.8155356585
2024-07-27,Mercado Bitcoin,USDC,USDC/BRL,5.68530998,5.72017695,5.6795,5.6895,14201.19058569,80797.67383728325
2024-07-28,Mercado Bitcoin,USDC,USDC/BRL,5.6864411,5.7193695,5.6859,5.69880011,2876.35835997,16391.791338196454
2024-07-29,Mercado Bitcoin,USDC,USDC/BRL,5.6988,5.699,5.601,5.64469886,80460.55062464,454175.5783858777
2024-07-30,Mercado Bitcoin,USDC,USDC/BRL,5.64469887,5.68928985,5.61292,5.65961355,40352.1534683,228377.5945408702
2024-07-31,Mercado Bitcoin,USDC,USDC/BRL,5.65864585,5.71988999,5.63099001,5.69013,68452.14666768,389501.613318166
2024-08-01,Mercado Bitcoin,USDC,USDC/BRL,5.69002,5.78,5.60907169,5.76995,196680.29177094,1134835.4495037352
2024-08-02,Mercado Bitcoin,USDC,USDC/BRL,5.76995,5.79999998,5.602,5.77691051,94487.52047057,545845.950070276
2024-08-03,Mercado Bitcoin,USDC,USDC/BRL,5.77886859,5.79254671,5.7423765,5.78540322,20077.90008401,116158.74779686973
2024-08-04,Mercado Bitcoin,USDC,USDC/BRL,5.78551386,5.85,5.7709,5.82548704,22938.74268617,133629.3482321781
2024-08-05,Mercado Bitcoin,USDC,USDC/BRL,5.81548354,6.17,5.7302401,5.776905,772321.60083658,4461628.517480844
2024-08-06,Mercado Bitcoin,USDC,USDC/BRL,5.77586122,5.81757742,5.6701,5.71276,93935.19958333,536629.2507716643
2024-08-07,Mercado Bitcoin,USDC,USDC/BRL,5.71275999,5.76704312,5.62702023,5.675,115824.50004048,657304.037729724
2024-08-08,Mercado Bitcoin,USDC,USDC/BRL,5.6763,5.77,5.57558255,5.58015411,168536.52687318,940459.7931165007
2024-08-09,Mercado Bitcoin,USDC,USDC/BRL,5.57116938,5.60183413,5.51439,5.5465621,63955.67737567,354734.13621171867
2024-08-10,Mercado Bitcoin,USDC,USDC/BRL,5.54800823,5.66558,5.54405011,5.555588,38071.87826229,211511.67001143922
2024-08-11,Mercado Bitcoin,USDC,USDC/BRL,5.55256001,5.57654992,5.54656516,5.56400308,16394.46694108,91218.86455512731
2024-08-12,Mercado Bitcoin,USDC,USDC/BRL,5.55716173,6.03,5.49464584,5.52232,134241.23597229,741323.0622344963
2024-08-13,Mercado Bitcoin,USDC,USDC/BRL,5.51798119,5.56297999,5.45217049,5.46389351,43274.94968359,236449.71672174396
2024-08-14,Mercado Bitcoin,USDC,USDC/BRL,5.46785396,5.59178167,5.4,5.49194713,144326.03167779,792630.9354571278
2024-08-15,Mercado Bitcoin,USDC,USDC/BRL,5.48705483,5.52449994,5.45161,5.51965226,33387.97211726,184289.99575385114
2024-08-16,Mercado Bitcoin,USDC,USDC/BRL,5.52015007,5.62302751,5.4226,5.49251846,167802.3975939,921657.7664167554
2024-08-17,Mercado Bitcoin,USDC,USDC/BRL,5.48747965,5.54883342,5.48747965,5.50000021,7597.95223037,41788.738862604965
2024-08-18,Mercado Bitcoin,USDC,USDC/BRL,5.50457999,5.52314,5.49453303,5.5149991,15417.70259915,85028.6159583799
2024-08-19,Mercado Bitcoin,USDC,USDC/BRL,5.51235311,5.51717,5.4,5.42750005,108872.19612294,590903.8499008666
2024-08-20,Mercado Bitcoin,USDC,USDC/BRL,5.42750005,5.50761999,5.4051,5.47951693,75452.15337511,413441.3518238719
2024-08-21,Mercado Bitcoin,USDC,USDC/BRL,5.48269954,5.52468,5.46730002,5.48657336,62896.37760821,345085.5898257055
2024-08-22,Mercado Bitcoin,USDC,USDC/BRL,5.48657336,5.6,5.481,5.5998,44561.2284116,249533.9668592777
2024-08-23,Mercado Bitcoin,USDC,USDC/BRL,5.5998,5.5998,5.47840099,5.50250366,129595.66501737,713100.6210782124
2024-08-24,Mercado Bitcoin,USDC,USDC/BRL,5.50257952,5.59553735,5.47434001,5.51539,132527.43873281,730940.5103125529
2024-08-25,Mercado Bitcoin,USDC,USDC/BRL,5.51460684,5.53,5.4,5.51445705,89359.64478226,492769.92315502936
2024-08-26,Mercado Bitcoin,USDC,USDC/BRL,5.52241997,5.52765404,5.4,5.5096814,58071.67518066,319956.42860972404
2024-08-27,Mercado Bitcoin,USDC,USDC/BRL,5.50822346,5.7207,5.4,5.55323398,216194.74328268,1200579.9946947552
2024-08-28,Mercado Bitcoin,USDC,USDC/BRL,5.55615021,5.60459999,5.52572,5.59562099,222850.93433076,1246989.3657823121
2024-08-29,Mercado Bitcoin,USDC,USDC/BRL,5.5971175,5.68509999,5.53305002,5.65613997,210896.36204112,1192859.3428683695
2024-08-30,Mercado Bitcoin,USDC,USDC/BRL,5.65638669,5.71707364,5.60718834,5.6453,171494.77654378,968139.4620226012
2024-08-31,Mercado Bitcoin,USDC,USDC/BRL,5.646,5.71721161,5.62215099,5.66809975,27139.92323403,153831.79209782463
2024-09-01,Mercado Bitcoin,USDC,USDC/BRL,5.6680317,5.69854998,5.63485,5.69,23360.53189132,132921.4264616108
2024-09-02,Mercado Bitcoin,USDC,USDC/BRL,5.69,5.69954999,5.52440001,5.6424,103732.97416087,585302.9334052929
2024-09-03,Mercado Bitcoin,USDC,USDC/BRL,5.64341,5.69798819,5.59961,5.68609,40461.27558396,230066.45448519912
2024-09-04,Mercado Bitcoin,USDC,USDC/BRL,5.69153062,5.69968,5.6097,5.65634377,86739.41162189,490627.9305409431
2024-09-05,Mercado Bitcoin,USDC,USDC/BRL,5.65634288,5.67303,5.53705,5.60897944,82768.12205131,464244.69487320835
2024-09-06,Mercado Bitcoin,USDC,USDC/BRL,5.6094163,5.77967,5.5601,5.65316601,211563.73181254,1196004.8976314068
2024-09-07,Mercado Bitcoin,USDC,USDC/BRL,5.66978798,5.69554988,5.63315,5.65050935,120192.2142016,679147.2301433436
2024-09-08,Mercado Bitcoin,USDC,USDC/BRL,5.66097174,5.76985999,5.63001001,5.64232803,153023.44727055,863408.4857818512
2024-09-09,Mercado Bitcoin,USDC,USDC/BRL,5.64238574,5.75471994,5.52,5.58101009,272113.93817875,1518670.63460524
2024-09-10,Mercado Bitcoin,USDC,USDC/BRL,5.61570967,5.70116998,5.53255014,5.65790001,36666.53581173,207455.5933358525
2024-09-11,Mercado Bitcoin,USDC,USDC/BRL,5.6681358,5.69939,5.62300001,5.67550001,59209.66713983,336044.4664442019
2024-09-12,Mercado Bitcoin,USDC,USDC/BRL,5.67550001,5.6994,5.62641001,5.64690001,64366.8466935,363473.14723719365
2024-09-13,Mercado Bitcoin,USDC,USDC/BRL,5.659,5.66,5.5401,5.57980012,46441.77140185,259135.80164105518
2024-09-14,Mercado Bitcoin,USDC,USDC/BRL,5.57980001,5.61815,5.57450001,5.59029999,7135.37846894,39888.9061835615
2024-09-15,Mercado Bitcoin,USDC,USDC/BRL,5.58270001,5.65799237,5.58100001,5.60943999,14533.4414308,81524.46755425233
2024-09-16,Mercado Bitcoin,USDC,USDC/BRL,5.60492132,5.61757,5.5027,5.54119135,51889.5861546,287530.1259549493
2024-09-17,Mercado Bitcoin,USDC,USDC/BRL,5.54256126,5.57433,5.49420131,5.49439322,72074.95515403,396008.14493010653
2024-09-18,Mercado Bitcoin,USDC,USDC/BRL,5.50049843,5.5555,5.4238,5.48485384,204854.1571868,1123595.1106859837
2024-09-19,Mercado Bitcoin,USDC,USDC/BRL,5.4800001,5.4800001,5.401,5.42582741,88842.64353047,482044.8504444833
2024-09-20,Mercado Bitcoin,USDC,USDC/BRL,5.43000011,5.54133,5.41019,5.4927783,30442.03025366,167211.32318524714
2024-09-21,Mercado Bitcoin,USDC,USDC/BRL,5.47168147,5.54908,5.46452794,5.50340001,21508.11776032,118367.77549722628
2024-09-22,Mercado Bitcoin,USDC,USDC/BRL,5.51759071,5.53,5.51201012,5.52315257,27782.07289617,153444.62731640867
2024-09-23,Mercado Bitcoin,USDC,USDC/BRL,5.51746595,5.58812264,5.5084196,5.51669012,71011.48002115,391748.33023925556
2024-09-24,Mercado Bitcoin,USDC,USDC/BRL,5.50697001,5.53446,5.4417,5.45258044,32362.71066211,176460.28314160043
2024-09-25,Mercado Bitcoin,USDC,USDC/BRL,5.44421317,5.50724,5.4412001,5.49535976,54906.23495759,301729.5141590454
2024-09-26,Mercado Bitcoin,USDC,USDC/BRL,5.49279389,5.50207981,5.43170989,5.47213999,28806.86343347,157635.18938075987
2024-09-27,Mercado Bitcoin,USDC,USDC/BRL,5.45835,5.51575531,5.42711109,5.4500958,68867.77302045,375335.9604941078
2024-09-28,Mercado Bitcoin,USDC,USDC/BRL,5.45906508,5.49858393,5.45000001,5.46952255,23344.255896,127681.93403614244
2024-09-29,Mercado Bitcoin,USDC,USDC/BRL,5.46952256,5.48661,5.45361666,5.47478131,15082.98125602,82576.02387953862
2024-09-30,Mercado Bitcoin,USDC,USDC/BRL,5.47478131,5.4989,5.4313,5.45889998,148011.78994881,807981.5571913231
2024-10-01,Mercado Bitcoin,USDC,USDC/BRL,5.4509,5.49,5.43,5.4612,145833.47377867,796425.7670000726
2024-10-02,Mercado Bitcoin,USDC,USDC/BRL,5.46109999,5.49877194,5.4302,5.47016944,321694.64875763,1759724.2366455218
2024-10-03,Mercado Bitcoin,USDC,USDC/BRL,5.47585834,5.51537998,5.45601,5.49165043,71425.70294985,392244.99231759604
2024-10-04,Mercado Bitcoin,USDC,USDC/BRL,5.49165053,5.52,5.45775048,5.48499999,88904.05015302,487638.7142002742
2024-10-05,Mercado Bitcoin,USDC,USDC/BRL,5.4849999,5.5049,5.47157001,5.49577797,37558.75581202,206414.58277230896
2024-10-06,Mercado Bitcoin,USDC,USDC/BRL,5.49577798,5.51165589,5.48897665,5.49220014,8125.46455993,44626.677593612585
2024-10-07,Mercado Bitcoin,USDC,USDC/BRL,5.49944018,5.50954998,5.43,5.49940001,102355.70176776,562894.9473251763
2024-10-08,Mercado Bitcoin,USDC,USDC/BRL,5.4995,5.59987716,5.49670116,5.53058012,64797.35525211,358366.9647858971
2024-10-09,Mercado Bitcoin,USDC,USDC/BRL,5.53058031,5.6314122,5.53058031,5.62859611,103934.51984431,585005.434090401
2024-10-10,Mercado Bitcoin,USDC,USDC/BRL,5.61977074,5.63725,5.5644,5.5946421,257008.68401722,1437871.603668336
2024-10-11,Mercado Bitcoin,USDC,USDC/BRL,5.59458249,5.65119735,5.5707,5.61476485,104255.85305089,585372.0991169024
2024-10-12,Mercado Bitcoin,USDC,USDC/BRL,5.60450244,5.65663317,5.60024145,5.62542661,29277.50062,164698.43106203948
2024-10-13,Mercado Bitcoin,USDC,USDC/BRL,5.63140001,5.65999999,5.62540003,5.65978703,22210.9006665,125708.96751687507
2024-10-14,Mercado Bitcoin,USDC,USDC/BRL,5.64380011,5.659,5.56325,5.5918697,152676.11748414,853744.9552732027
2024-10-15,Mercado Bitcoin,USDC,USDC/BRL,5.59706593,5.6734,5.57030001,5.64085724,163958.74851411,924867.8936171565
2024-10-16,Mercado Bitcoin,USDC,USDC/BRL,5.63985011,5.68765111,5.58,5.6755295,88636.4652585,503058.87335034186
2024-10-17,Mercado Bitcoin,USDC,USDC/BRL,5.68110961,5.69999999,5.6,5.66720001,117093.87012862,663594.381963854
2024-10-18,Mercado Bitcoin,USDC,USDC/BRL,5.67317999,5.71280737,5.64221001,5.68750001,62072.72348913,353038.6154651541
2024-10-19,Mercado Bitcoin,USDC,USDC/BRL,5.70681182,5.73435866,5.68861003,5.72936323,26453.83549202,151563.63236044833
2024-10-20,Mercado Bitcoin,USDC,USDC/BRL,5.73435867,5.74303627,5.70620001,5.73293383,25629.10971132,146929.99009680797
2024-10-21,Mercado Bitcoin,USDC,USDC/BRL,5.71160001,5.74,5.68280001,5.72035782,284770.39698498,1628988.5672975348
2024-10-22,Mercado Bitcoin,USDC,USDC/BRL,5.72035531,5.73612,5.6852,5.70260199,343704.29407828,1960008.7913823447
2024-10-23,Mercado Bitcoin,USDC,USDC/BRL,5.70899999,5.73999999,5.6918,5.72000001,152371.23054374,871563.4402339051
2024-10-24,Mercado Bitcoin,USDC,USDC/BRL,5.72000001,5.72999999,5.67490002,5.69532923,142772.37134121,813135.6597360076
2024-10-25,Mercado Bitcoin,USDC,USDC/BRL,5.68700009,5.77,5.67635597,5.75611416,225053.62339391,1295434.3483769926
2024-10-26,Mercado Bitcoin,USDC,USDC/BRL,5.75611416,5.7683,5.73780003,5.75750117,24343.88649877,140159.9549990155
2024-10-27,Mercado Bitcoin,USDC,USDC/BRL,5.76065999,5.81,5.68001,5.76058962,75547.02437939,435195.404461801
2024-10-28,Mercado Bitcoin,USDC,USDC/BRL,5.76348843,5.76452,5.68,5.70704795,164159.47943831,936866.0206014742
2024-10-29,Mercado Bitcoin,USDC,USDC/BRL,5.70524399,5.74824997,5.62690007,5.69780112,107860.58283631,614568.14968858
2024-10-30,Mercado Bitcoin,USDC,USDC/BRL,5.7039416,5.77879998,5.6823,5.75914613,105749.40284321,609026.2641342839
2024-10-31,Mercado Bitcoin,USDC,USDC/BRL,5.76843779,5.84684252,5.6742,5.83125372,102734.43854347,599070.5769287208
2024-11-01,Mercado Bitcoin,USDC,USDC/BRL,5.83125366,5.98539914,5.68,5.88917133,400511.98328843,2358683.689303661
2024-11-02,Mercado Bitcoin,USDC,USDC/BRL,5.88895279,5.98282634,5.87874749,5.91120006,49308.21920954,291470.74834992597
2024-11-03,Mercado Bitcoin,USDC,USDC/BRL,5.92026995,5.95,5.90250001,5.91819997,93906.68167164,555758.5206518994
2024-11-04,Mercado Bitcoin,USDC,USDC/BRL,5.91010003,5.92794983,5.65,5.82645002,669241.18349817,3899300.3069777363
2024-11-05,Mercado Bitcoin,USDC,USDC/BRL,5.83532025,5.84129549,5.74950001,5.78553806,866409.11272133,5012642.897180085
2024-11-06,Mercado Bitcoin,USDC,USDC/BRL,5.77660001,5.87220932,5.65,5.66538731,300947.49351605,1704984.1107421368
2024-11-07,Mercado Bitcoin,USDC,USDC/BRL,5.66538717,5.75677558,5.6,5.70413039,164250.5274985,936906.4254777246
2024-11-08,Mercado Bitcoin,USDC,USDC/BRL,5.69455002,5.82639998,5.67380002,5.76351192,117114.22719927,674989.2444645809
2024-11-09,Mercado Bitcoin,USDC,USDC/BRL,5.76351192,5.78205304,5.75,5.77003613,70748.48158914,408221.29491197766
2024-11-10,Mercado Bitcoin,USDC,USDC/BRL,5.76003754,5.80733441,5.74441007,5.76949103,95880.45875654,553181.4467481425
2024-11-11,Mercado Bitcoin,USDC,USDC/BRL,5.76891336,5.84479,5.655,5.7685809,232834.60027925,1343125.2280300162
2024-11-12,Mercado Bitcoin,USDC,USDC/BRL,5.76501165,5.82551623,5.65,5.77213305,254286.96433412,1467778.1910171453
2024-11-13,Mercado Bitcoin,USDC,USDC/BRL,5.77213305,5.89995765,5.71,5.83240643,286104.96044125,1668680.4109324422
2024-11-14,Mercado Bitcoin,USDC,USDC/BRL,5.83240643,5.85989999,5.75,5.82767531,345300.38163636,2012298.5085957928
2024-11-15,Mercado Bitcoin,USDC,USDC/BRL,5.82069002,5.85829999,5.79134002,5.82016003,47614.88595172,277126.2560492093
2024-11-16,Mercado Bitcoin,USDC,USDC/BRL,5.82791588,5.85881562,5.79330001,5.83156542,45848.14571481,267366.4611216072
2024-11-17,Mercado Bitcoin,USDC,USDC/BRL,5.84185801,5.87919384,5.81520001,5.86087239,45400.86919186,266088.7007285739
2024-11-18,Mercado Bitcoin,USDC,USDC/BRL,5.86087239,5.86087239,5.74,5.77104691,293256.00165539,1692394.1421922934
2024-11-19,Mercado Bitcoin,USDC,USDC/BRL,5.78083479,5.8189,5.75812819,5.8189,85399.49268641,496931.1079929512
2024-11-20,Mercado Bitcoin,USDC,USDC/BRL,5.8189,5.82754999,5.78500002,5.80206086,44108.90455689,255922.5487070071
2024-11-21,Mercado Bitcoin,USDC,USDC/BRL,5.81073813,5.84704996,5.74,5.81346827,71452.05124194,415384.23272143234
2024-11-22,Mercado Bitcoin,USDC,USDC/BRL,5.81346849,5.95,5.78500003,5.82386264,254236.03428464,1480635.7418120739
2024-11-23,Mercado Bitcoin,USDC,USDC/BRL,5.83116645,5.8713498,5.80385238,5.84849917,21567.01953577,126134.69585432463
2024-11-24,Mercado Bitcoin,USDC,USDC/BRL,5.84189576,5.88,5.8315,5.85,77119.90457221,451151.44174742844
2024-11-25,Mercado Bitcoin,USDC,USDC/BRL,5.85,5.87374995,5.78010001,5.82840539,361899.04531447,2109294.3463467113
2024-11-26,Mercado Bitcoin,USDC,USDC/BRL,5.83814587,5.86936,5.79,5.83162998,439852.87492947,2565059.2122278875
2024-11-27,Mercado Bitcoin,USDC,USDC/BRL,5.83513818,5.93989,5.82550003,5.89574762,247958.89729561,1461903.078588417
2024-11-28,Mercado Bitcoin,USDC,USDC/BRL,5.89332834,5.99,5.87722011,5.96962695,137078.03478809,818304.7307240197
2024-11-29,Mercado Bitcoin,USDC,USDC/BRL,5.96957448,6.02769999,5.90005,5.99,380915.41804404,2281683.3540837998
2024-11-30,Mercado Bitcoin,USDC,USDC/BRL,5.98999986,6.03790904,5.961,6.02361031,145899.05588463,878839.0572459234
2024-12-01,Mercado Bitcoin,USDC,USDC/BRL,6.01400012,6.03,5.9501,5.99277001,183294.27930043,1098440.4599961806
2024-12-02,Mercado Bitcoin,USDC,USDC/BRL,5.99576046,6.1,5.88920001,6.07617489,280352.10066579,1703468.3944242257
2024-12-03,Mercado Bitcoin,USDC,USDC/BRL,6.07617489,6.11539984,6.02140001,6.07059702,275866.68149071,1674675.4545747933
2024-12-04,Mercado Bitcoin,USDC,USDC/BRL,6.06165286,6.09819969,6.01238889,6.02443617,107478.48382671,647497.2654623918
2024-12-05,Mercado Bitcoin,USDC,USDC/BRL,6.01066299,6.1685,5.90478618,6.03158569,580881.7261921,3503637.9072827683
2024-12-06,Mercado Bitcoin,USDC,USDC/BRL,6.03840993,6.13764996,6.00030006,6.09580773,147953.83061757,901898.1043616938
2024-12-07,Mercado Bitcoin,USDC,USDC/BRL,6.0957,6.14602205,6.02,6.12537334,101781.68607256,623450.8263691084
2024-12-08,Mercado Bitcoin,USDC,USDC/BRL,6.12804643,6.16790121,6.1,6.13612816,128399.93366465,787878.4487017909
2024-12-09,Mercado Bitcoin,USDC,USDC/BRL,6.13325783,6.19,6.0453,6.135,629943.76309147,3864704.9865661683
2024-12-10,Mercado Bitcoin,USDC,USDC/BRL,6.15689996,6.1644,6.04440001,6.10085947,426841.32142376,2604098.91799546
2024-12-11,Mercado Bitcoin,USDC,USDC/BRL,6.10085947,6.1121802,5.5,5.99109111,644147.24214275,3859144.8159324466
2024-12-12,Mercado Bitcoin,USDC,USDC/BRL,5.99280122,6.06442,5.87000001,6.02723448,201786.64016128,1216215.3951834196
2024-12-13,Mercado Bitcoin,USDC,USDC/BRL,6.02923174,6.08709985,6.01,6.04874856,202988.50574435,1227826.4318176887
2024-12-14,Mercado Bitcoin,USDC,USDC/BRL,6.05166151,6.09899999,6.02645002,6.09899999,44686.36780198,272542.15677741234
2024-12-15,Mercado Bitcoin,USDC,USDC/BRL,6.09899999,6.10999999,6.05142236,6.0597794,32174.74094692,194971.8323904823
2024-12-16,Mercado Bitcoin,USDC,USDC/BRL,6.07192816,6.1496,6.04980001,6.11282534,363162.50174493,2219948.943204202
2024-12-17,Mercado Bitcoin,USDC,USDC/BRL,6.12436716,6.25215,6.0995,6.14957443,240952.09148212,1481752.8206334661
2024-12-18,Mercado Bitcoin,USDC,USDC/BRL,6.14856287,6.34975,6.13043001,6.33429999,213750.78444896,1353961.5917975395
2024-12-19,Mercado Bitcoin,USDC,USDC/BRL,6.33419999,6.35669999,6.0801,6.21455,278899.66468509,1733235.9111687262
2024-12-20,Mercado Bitcoin,USDC,USDC/BRL,6.20360382,6.28239995,6.0541,6.14824025,947755.44549629,5827028.177156971
2024-12-21,Mercado Bitcoin,USDC,USDC/BRL,6.15705648,6.16852456,6.13747001,6.15781024,33247.56784167,204732.21371053022
2024-12-22,Mercado Bitcoin,USDC,USDC/BRL,6.15651999,6.1866,6.14100001,6.16334473,67787.57642845,417798.2019397596
2024-12-23,Mercado Bitcoin,USDC,USDC/BRL,6.15390289,6.2925,6.1507098,6.22371003,132491.46454824,824588.4567982708
2024-12-24,Mercado Bitcoin,USDC,USDC/BRL,6.23315222,6.26945,6.22256334,6.24939639,52391.53799673,327415.4884233123
2024-12-25,Mercado Bitcoin,USDC,USDC/BRL,6.24939639,6.35,6.23250001,6.25028211,67574.16736643,422357.60938854323
2024-12-26,Mercado Bitcoin,USDC,USDC/BRL,6.25028211,6.3,6.17714001,6.20999999,207735.87192707,1290039.762589746
2024-12-27,Mercado Bitcoin,USDC,USDC/BRL,6.20999999,6.25,6.20300002,6.24,124398.88432585,776249.038193304
2024-12-28,Mercado Bitcoin,USDC,USDC/BRL,6.23100001,6.26985,6.22330148,6.25414999,32600.17386129,203886.37702858512
2024-12-29,Mercado Bitcoin,USDC,USDC/BRL,6.23919724,6.26195,6.22850178,6.25509999,34208.98338363,213980.61162085418
2024-12-30,Mercado Bitcoin,USDC,USDC/BRL,6.25499999,6.26398718,6.19534999,6.23120703,93486.22920864,582532.048653069
2024-12-31,Mercado Bitcoin,USDC,USDC/BRL,6.23120703,6.24835622,6.21230005,6.23904599,71198.21953016,444208.9660547844
2025-01-01,Mercado Bitcoin,USDC,USDC/BRL,6.23904599,6.24959998,6.21,6.23012018,56406.24589645,351417.69083751534
2025-01-02,Mercado Bitcoin,USDC,USDC/BRL,6.23106076,6.25,6.1609,6.18700482,309290.09951565,1913579.3364816064
2025-01-03,Mercado Bitcoin,USDC,USDC/BRL,6.17,6.2331,6.16271001,6.18787296,118752.54985689,734825.6921905015
2025-01-04,Mercado Bitcoin,USDC,USDC/BRL,6.1809009,6.22285,6.17485002,6.19999999,35239.24707327,218483.33150188156
2025-01-05,Mercado Bitcoin,USDC,USDC/BRL,6.19999999,6.22745,6.1965,6.21752411,27694.12856023,172188.91202866964
2025-01-06,Mercado Bitcoin,USDC,USDC/BRL,6.21370901,6.3,6.0946,6.1,449851.21415051,2744092.406318111
2025-01-07,Mercado Bitcoin,USDC,USDC/BRL,6.1,6.19845,6.07005001,6.13585063,161033.33146871,988076.4683432832
2025-01-08,Mercado Bitcoin,USDC,USDC/BRL,6.13491394,6.2448702,6.11744152,6.15104665,439074.62515516,2700768.5021606525
2025-01-09,Mercado Bitcoin,USDC,USDC/BRL,6.14991515,6.17849999,6.04025888,6.0839599,299607.74181039,1822801.4869039664
2025-01-10,Mercado Bitcoin,USDC,USDC/BRL,6.07700003,6.14465,6.06424738,6.14325785,113122.60889922,694941.3551326131
2025-01-11,Mercado Bitcoin,USDC,USDC/BRL,6.14325783,6.17619362,6.12950001,6.15288145,38030.46571675,233996.947043452
2025-01-12,Mercado Bitcoin,USDC,USDC/BRL,6.15286782,6.15899994,6.10360001,6.11948763,13115.94813081,80262.88234221342
2025-01-13,Mercado Bitcoin,USDC,USDC/BRL,6.12421143,6.2827,6.10131,6.11000003,263991.23451088,1612986.450781214
2025-01-14,Mercado Bitcoin,USDC,USDC/BRL,6.11000002,6.11334958,6.04020001,6.06556647,129472.00083112,785321.0270450537
2025-01-15,Mercado Bitcoin,USDC,USDC/BRL,6.06560628,6.07765521,5.98919768,5.99345156,216147.46932753,1295469.3872311367
2025-01-16,Mercado Bitcoin,USDC,USDC/BRL,5.99432691,6.0607898,5.97410001,6.02000001,102291.63196268,615795.6254382499
2025-01-17,Mercado Bitcoin,USDC,USDC/BRL,6.02893716,6.06679592,6.01,6.06679592,140384.4649083,851683.8989370576
2025-01-18,Mercado Bitcoin,USDC,USDC/BRL,6.06679592,6.12319997,6.05058641,6.11005,98475.87448604,601692.5169034287
2025-01-19,Mercado Bitcoin,USDC,USDC/BRL,6.11675105,6.15995,6.10237954,6.13402516,209933.67427074,1287738.4399079639
2025-01-20,Mercado Bitcoin,USDC,USDC/BRL,6.13402516,6.26,6.05005815,6.07949999,272670.7501143,1657701.8225931795
2025-01-21,Mercado Bitcoin,USDC,USDC/BRL,6.06454687,6.10309999,6.03208228,6.04002253,295254.49478512,1783343.8005858923
2025-01-22,Mercado Bitcoin,USDC,USDC/BRL,6.04999918,6.07475,5.92000001,5.97753339,375180.42172466,2242653.4981334363
2025-01-23,Mercado Bitcoin,USDC,USDC/BRL,5.97723016,5.9925,5.89,5.9354022,271879.52219324,1613714.3141607055
2025-01-24,Mercado Bitcoin,USDC,USDC/BRL,5.9354023,5.95615,5.86070001,5.92370393,134001.32803433,793784.1935021799
2025-01-25,Mercado Bitcoin,USDC,USDC/BRL,5.93188999,5.95276761,5.91377646,5.92615006,42164.09401159,249870.74825662974
2025-01-26,Mercado Bitcoin,USDC,USDC/BRL,5.93016686,5.95678529,5.9036007,5.95347655,64326.49861393,382966.3010416398
2025-01-27,Mercado Bitcoin,USDC,USDC/BRL,5.95792069,5.98081,5.9001,5.91330007,574575.28407802,3397636.0675588255
2025-01-28,Mercado Bitcoin,USDC,USDC/BRL,5.91330018,5.94675,5.85007001,5.88115,314393.53955896,1848995.5651771775
2025-01-29,Mercado Bitcoin,USDC,USDC/BRL,5.88115,5.89999996,5.82434238,5.83285,104589.74268411,610056.280615011
2025-01-30,Mercado Bitcoin,USDC,USDC/BRL,5.82728,5.9,5.78573745,5.85476699,131921.61775759,772370.3329145357
2025-01-31,Mercado Bitcoin,USDC,USDC/BRL,5.85476699,5.87113226,5.80002,5.85544923,200166.17887295,1172062.8979536572
2025-02-01,Mercado Bitcoin,USDC,USDC/BRL,5.85539873,5.90497375,5.84073552,5.89101797,93929.29544408,553339.1673705144
2025-02-02,Mercado Bitcoin,USDC,USDC/BRL,5.89101797,5.92819999,5.88020003,5.91029369,157320.94099529,929812.9648693247
2025-02-03,Mercado Bitcoin,USDC,USDC/BRL,5.91226443,5.98299236,5.81360002,5.82306297,911459.43661374,5307485.6940025315
2025-02-04,Mercado Bitcoin,USDC,USDC/BRL,5.82301287,5.84141614,5.75671,5.78552,618780.95220658,3579969.5746102124
2025-02-05,Mercado Bitcoin,USDC,USDC/BRL,5.79939997,5.82,5.7737,5.80589905,406432.25030496,2359704.6159349293
2025-02-06,Mercado Bitcoin,USDC,USDC/BRL,5.81464441,5.84635,5.75505,5.78172707,514987.2457779,2977515.6996188276
2025-02-07,Mercado Bitcoin,USDC,USDC/BRL,5.78434995,5.84,5.74591,5.84,356619.91322202,2082660.2932165968
2025-02-08,Mercado Bitcoin,USDC,USDC/BRL,5.83683616,5.8693428,5.8195,5.86791607,88127.11950264,517122.5407323516
2025-02-09,Mercado Bitcoin,USDC,USDC/BRL,5.855799,5.8699,5.81554549,5.83835,11258.79012824,65732.75734521
2025-02-10,Mercado Bitcoin,USDC,USDC/BRL,5.8698,5.87,5.77310001,5.81405,99769.3809578,580064.169357697
2025-02-11,Mercado Bitcoin,USDC,USDC/BRL,5.79714741,5.81709,5.7512,5.76242376,80338.90342772,462946.8059642392
2025-02-12,Mercado Bitcoin,USDC,USDC/BRL,5.77194636,5.81419999,5.75180001,5.75941001,77920.22271746,448774.5107003685
2025-02-13,Mercado Bitcoin,USDC,USDC/BRL,5.76663999,5.81736999,5.76000001,5.77381107,150280.48873581,867691.1494678301
2025-02-14,Mercado Bitcoin,USDC,USDC/BRL,5.76491461,5.7826,5.7,5.71335006,137441.11645221,785249.210928701
2025-02-15,Mercado Bitcoin,USDC,USDC/BRL,5.71335006,5.75429999,5.7012,5.74991584,43431.43156044,249727.0762832499
2025-02-16,Mercado Bitcoin,USDC,USDC/BRL,5.74991584,5.77535149,5.73000001,5.77214477,38447.32396698,221923.51995649925
2025-02-17,Mercado Bitcoin,USDC,USDC/BRL,5.76751009,5.7753,5.72000001,5.75999999,71231.05282819,410290.8635780639
2025-02-18,Mercado Bitcoin,USDC,USDC/BRL,5.75989999,5.76,5.7,5.71826257,104736.37818375,598910.1110855022
2025-02-19,Mercado Bitcoin,USDC,USDC/BRL,5.71819999,5.74,5.70120001,5.7259,67176.64412289,384646.7465832558
2025-02-20,Mercado Bitcoin,USDC,USDC/BRL,5.7259001,5.73169995,5.70310001,5.70999999,66975.02860141,382427.4126443008
2025-02-21,Mercado Bitcoin,USDC,USDC/BRL,5.70999999,5.84,5.70672045,5.74999999,160096.65005739,920555.7362290261
2025-02-22,Mercado Bitcoin,USDC,USDC/BRL,5.74580012,5.77000999,5.74440009,5.75585578,16500.2030095,94972.78886340397
2025-02-23,Mercado Bitcoin,USDC,USDC/BRL,5.76209997,5.76412594,5.7446757,5.75858915,17399.55068765,100196.86380477632
2025-02-24,Mercado Bitcoin,USDC,USDC/BRL,5.75476318,5.80792798,5.72080019,5.79813901,239963.66438532,1391342.6834550716
2025-02-25,Mercado Bitcoin,USDC,USDC/BRL,5.79813906,5.84745,5.7315,5.77560222,810042.37813806,4678482.557468259
2025-02-26,Mercado Bitcoin,USDC,USDC/BRL,5.76749004,5.8493,5.75215,5.82540003,248833.37452959,1449553.9474496748
2025-02-27,Mercado Bitcoin,USDC,USDC/BRL,5.83059999,5.87191,5.79475,5.85000009,270499.16660814,1582420.1490025439
2025-02-28,Mercado Bitcoin,USDC,USDC/BRL,5.85460529,5.93999999,5.8301,5.91460006,541494.15665606,3202721.371447582
2025-03-01,Mercado Bitcoin,USDC,USDC/BRL,5.92156663,5.94195,5.91313001,5.92,31538.90781253,186710.3342501776
2025-03-02,Mercado Bitcoin,USDC,USDC/BRL,5.92,5.94149999,5.90000001,5.90940001,96220.55881185,568605.7712049519
2025-03-03,Mercado Bitcoin,USDC,USDC/BRL,5.91638809,5.94584999,5.88853001,5.93122605,78753.9565304,467107.5185136761
2025-03-04,Mercado Bitcoin,USDC,USDC/BRL,5.93984498,5.9561,5.89,5.89000055,138834.87817353,817737.5088012748
2025-03-05,Mercado Bitcoin,USDC,USDC/BRL,5.89998142,5.91009999,5.75596,5.77247566,407561.25448809,2352637.421491565
2025-03-06,Mercado Bitcoin,USDC,USDC/BRL,5.7733292,5.80518,5.68,5.79343611,533495.45869482,3090771.8549235836
2025-03-07,Mercado Bitcoin,USDC,USDC/BRL,5.79231417,5.83820724,5.75181,5.83,139833.62028717,815230.0062742011
2025-03-08,Mercado Bitcoin,USDC,USDC/BRL,5.83,5.85532768,5.81280007,5.8381,56758.7631075,331363.33489789575
2025-03-09,Mercado Bitcoin,USDC,USDC/BRL,5.83000012,5.88999995,5.81572,5.88994995,106582.30999918,627764.4714505548
2025-03-10,Mercado Bitcoin,USDC,USDC/BRL,5.88994995,5.89999999,5.7802,5.89314578,645966.79891295,3806776.51503396
2025-03-11,Mercado Bitcoin,USDC,USDC/BRL,5.88591161,5.91181951,5.81590001,5.82730001,310398.96300831,1808787.8802423147
2025-03-12,Mercado Bitcoin,USDC,USDC/BRL,5.82750003,5.86,5.80258614,5.82000003,50220.28468993,292282.05840200116
2025-03-13,Mercado Bitcoin,USDC,USDC/BRL,5.82000003,5.86802999,5.80182,5.80890001,113511.29151412,659375.7424114847
2025-03-14,Mercado Bitcoin,USDC,USDC/BRL,5.80631001,5.84353,5.71650001,5.77438696,124190.96459667,717126.6865168329
2025-03-15,Mercado Bitcoin,USDC,USDC/BRL,5.77837999,5.7886,5.7601,5.77400001,42235.43483084,243867.4011356245
2025-03-16,Mercado Bitcoin,USDC,USDC/BRL,5.77400001,5.79961415,5.77400001,5.793,17553.1570043,101685.43852590989
2025-03-17,Mercado Bitcoin,USDC,USDC/BRL,5.79335,5.80102633,5.67285,5.70295575,123946.73773995,706862.7606877899
2025-03-18,Mercado Bitcoin,USDC,USDC/BRL,5.70295999,5.72429999,5.6602,5.70669999,206951.40461734,1181009.5786602602
2025-03-19,Mercado Bitcoin,USDC,USDC/BRL,5.70669999,5.7070163,5.64000001,5.66,156344.7043407,884911.026568362
2025-03-20,Mercado Bitcoin,USDC,USDC/BRL,5.66,5.70342,5.6453,5.69330391,73818.52345712,420271.288228848
2025-03-21,Mercado Bitcoin,USDC,USDC/BRL,5.7023,5.76243534,5.69012,5.74925057,154741.59731038,889648.2165394126
2025-03-22,Mercado Bitcoin,USDC,USDC/BRL,5.75473712,5.7979488,5.75337205,5.76324897,38174.66755516,220010.1134673683
2025-03-23,Mercado Bitcoin,USDC,USDC/BRL,5.76124859,5.77069213,5.758,5.76000001,21704.58450164,125018.40694649225
2025-03-24,Mercado Bitcoin,USDC,USDC/BRL,5.76244866,5.79365,5.71000001,5.77131192,265977.21838043,1535037.4908874186
2025-03-25,Mercado Bitcoin,USDC,USDC/BRL,5.77131184,5.77159945,5.65,5.72311511,83495.12970835,477852.2384452678
2025-03-26,Mercado Bitcoin,USDC,USDC/BRL,5.71931643,5.75626952,5.70362122,5.75626952,262408.81929544,1510495.8882895291
2025-03-27,Mercado Bitcoin,USDC,USDC/BRL,5.75592884,5.77674998,5.73131012,5.76379819,310393.11815852,1789043.292630534
2025-03-28,Mercado Bitcoin,USDC,USDC/BRL,5.76378413,5.8373,5.7226,5.794,258777.86912923,1499358.9737347586
2025-03-29,Mercado Bitcoin,USDC,USDC/BRL,5.7999,5.8196,5.7949,5.8153,87121.43648927,506637.28961605177
2025-03-30,Mercado Bitcoin,USDC,USDC/BRL,5.8127,5.8179,5.8001,5.8026,8293.81764632,48125.70627453643
2025-03-31,Mercado Bitcoin,USDC,USDC/BRL,5.8122,5.8122,5.641,5.7152,715767.91051718,4090756.7621877873
2025-04-01,Mercado Bitcoin,USDC,USDC/BRL,5.7194,5.742,5.6405,5.6939,368808.81542296,2099960.5141367917
2025-04-02,Mercado Bitcoin,USDC,USDC/BRL,5.6939,5.729,5.6613,5.707,179190.86224865,1022642.2508530455
2025-04-03,Mercado Bitcoin,USDC,USDC/BRL,5.7003,5.707,5.5,5.6557,445316.07694443,2518574.136374613
2025-04-04,Mercado Bitcoin,USDC,USDC/BRL,5.6595,5.866,5.6462,5.847,242275.62139444,1416585.558293291
2025-04-05,Mercado Bitcoin,USDC,USDC/BRL,5.8493,5.8917,5.8492,5.8833,74654.88764313,439217.1004708267
2025-04-06,Mercado Bitcoin,USDC,USDC/BRL,5.8825,5.9048,5.8547,5.8897,89096.81437734,524753.5076382194
2025-04-07,Mercado Bitcoin,USDC,USDC/BRL,5.8973,5.95,5.8001,5.95,685513.10298296,4078802.962748612
2025-04-08,Mercado Bitcoin,USDC,USDC/BRL,5.9468,6.0469,5.801,6.0434,407137.48137013,2460494.6549122436
2025-04-09,Mercado Bitcoin,USDC,USDC/BRL,6.0429,6.1198,5.8108,5.8447,171265.70225814,1000996.6499881508
2025-04-10,Mercado Bitcoin,USDC,USDC/BRL,5.8459,5.9694,5.735,5.9161,154641.13013904,914872.3900155746
2025-04-11,Mercado Bitcoin,USDC,USDC/BRL,5.9161,5.9281,5.777,5.8888,164872.35098355,970900.3004719291
2025-04-12,Mercado Bitcoin,USDC,USDC/BRL,5.8986,5.9199,5.854,5.8801,69988.40737053,411538.83417945344
2025-04-13,Mercado Bitcoin,USDC,USDC/BRL,5.889,5.9097,5.8774,5.9005,19771.74548359,116663.18422592279
2025-04-14,Mercado Bitcoin,USDC,USDC/BRL,5.9099,6.0,5.8446,5.8793,176564.7608755,1038077.1986153271
2025-04-15,Mercado Bitcoin,USDC,USDC/BRL,5.8776,5.9099,5.8433,5.9024,191989.16792994,1133196.864789678
2025-04-16,Mercado Bitcoin,USDC,USDC/BRL,5.9024,5.95,5.8597,5.8864,297582.1921962,1751687.8161437118
2025-04-17,Mercado Bitcoin,USDC,USDC/BRL,5.8842,5.9003,5.81,5.8333,284444.3233921,1659249.071643137
2025-04-18,Mercado Bitcoin,USDC,USDC/BRL,5.8236,5.8599,5.8236,5.8599,156953.64369101,919732.6566649494
2025-04-19,Mercado Bitcoin,USDC,USDC/BRL,5.8576,5.99,5.85,5.8712,33346.21873728,195782.31945031835
2025-04-20,Mercado Bitcoin,USDC,USDC/BRL,5.864,5.8944,5.8302,5.8695,18551.35515914,108887.17910657224
2025-04-21,Mercado Bitcoin,USDC,USDC/BRL,5.8518,5.8599,5.8259,5.8268,43248.45616943,252000.10440803473
2025-04-22,Mercado Bitcoin,USDC,USDC/BRL,5.8268,5.8359,5.7114,5.7451,738134.66124707,4240657.442330541
2025-04-23,Mercado Bitcoin,USDC,USDC/BRL,5.7451,5.7464,5.5801,5.7341,314202.10911842,1801666.313895932
2025-04-24,Mercado Bitcoin,USDC,USDC/BRL,5.7296,5.7562,5.6,5.7007,241502.94045346,1376735.8126430395
2025-04-25,Mercado Bitcoin,USDC,USDC/BRL,5.6983,5.7153,5.6702,5.7107,129469.62002133,739362.1590558093
2025-04-26,Mercado Bitcoin,USDC,USDC/BRL,5.7149,5.7363,5.7101,5.7257,30299.09276637,173483.51545240468
2025-04-27,Mercado Bitcoin,USDC,USDC/BRL,5.7257,5.7299,5.7201,5.7261,15019.24172135,86001.68002062223
2025-04-28,Mercado Bitcoin,USDC,USDC/BRL,5.7299,5.7299,5.5512,5.6785,295701.84829651,1679142.9455517319
2025-04-29,Mercado Bitcoin,USDC,USDC/BRL,5.6784,5.68,5.62,5.64,295499.76258881,1666618.6610008883
2025-04-30,Mercado Bitcoin,USDC,USDC/BRL,5.64,5.7054,5.6159,5.6886,189022.01787447,1075270.6508807102
2025-05-01,Mercado Bitcoin,USDC,USDC/BRL,5.6953,5.7,5.6,5.697,98419.1525421,560693.9120323437
2025-05-02,Mercado Bitcoin,USDC,USDC/BRL,5.6999,5.7,5.58,5.6814,169058.84506235,960490.9223372353
2025-05-03,Mercado Bitcoin,USDC,USDC/BRL,5.6907,5.6989,5.6736,5.6876,45947.20127246,261329.30195724347
2025-05-04,Mercado Bitcoin,USDC,USDC/BRL,5.6881,5.6999,5.6843,5.6999,17905.00235001,102056.722894822
2025-05-05,Mercado Bitcoin,USDC,USDC/BRL,5.6998,5.7198,5.54,5.6948,291803.3100972,1661761.4903415344
2025-05-06,Mercado Bitcoin,USDC,USDC/BRL,5.6948,5.7491,5.6902,5.7289,153531.22012128,879565.006952801
2025-05-07,Mercado Bitcoin,USDC,USDC/BRL,5.7299,5.7752,5.62,5.7562,168284.16435115,968677.3068380895
2025-05-08,Mercado Bitcoin,USDC,USDC/BRL,5.7562,5.7729,5.617,5.6862,731952.01880609,4162025.569335189
2025-05-09,Mercado Bitcoin,USDC,USDC/BRL,5.6794,5.6922,5.6482,5.6788,177076.92870202,1005584.4627130311
2025-05-10,Mercado Bitcoin,USDC,USDC/BRL,5.6788,5.6997,5.6665,5.6892,36614.56248259,208307.56887595102
2025-05-11,Mercado Bitcoin,USDC,USDC/BRL,5.6904,5.6999,5.686,5.6936,14529.33281384,82724.20930887942
2025-05-12,Mercado Bitcoin,USDC,USDC/BRL,5.6936,5.7168,5.675,5.6946,530104.7953663,3018734.7676929324
2025-05-13,Mercado Bitcoin,USDC,USDC/BRL,5.6946,5.6999,5.6,5.6315,498557.2005544,2807624.8749221037
2025-05-14,Mercado Bitcoin,USDC,USDC/BRL,5.6247,5.6613,5.6,5.6603,341684.18739872,1934035.005932975
2025-05-15,Mercado Bitcoin,USDC,USDC/BRL,5.6603,5.7059,5.6205,5.6994,218823.33635192,1247161.7232041329
2025-05-16,Mercado Bitcoin,USDC,USDC/BRL,5.697,5.7338,5.6775,5.6997,81551.08330445,464816.7095103737
2025-05-17,Mercado Bitcoin,USDC,USDC/BRL,5.6987,5.7118,5.69,5.7098,36154.41144381,206434.45846186636
2025-05-18,Mercado Bitcoin,USDC,USDC/BRL,5.7018,5.7099,5.6938,5.6949,30811.7802849,175470.007544477
2025-05-19,Mercado Bitcoin,USDC,USDC/BRL,5.69,5.6987,5.6402,5.6601,769476.15320408,4355311.974750413
2025-05-20,Mercado Bitcoin,USDC,USDC/BRL,5.66,5.6939,5.6442,5.6606,218387.21006685,1236202.641304411
2025-05-21,Mercado Bitcoin,USDC,USDC/BRL,5.6794,5.6794,5.6436,5.6554,255586.04585746,1445441.3237422793
2025-05-22,Mercado Bitcoin,USDC,USDC/BRL,5.6554,5.6999,5.61,5.6869,337280.36787169,1918079.724049514
2025-05-23,Mercado Bitcoin,USDC,USDC/BRL,5.6899,5.7299,5.65,5.6915,576361.07446569,3280359.055321474
2025-05-24,Mercado Bitcoin,USDC,USDC/BRL,5.6895,5.6994,5.68,5.6902,38548.09199524,219346.35307131463
2025-05-25,Mercado Bitcoin,USDC,USDC/BRL,5.6902,5.7005,5.6811,5.695,35976.9244409,204888.58469092552
2025-05-26,Mercado Bitcoin,USDC,USDC/BRL,5.6949,5.7163,5.6707,5.7,92094.69151557,524939.741638749
2025-05-27,Mercado Bitcoin,USDC,USDC/BRL,5.6957,5.7153,5.6501,5.6731,1362004.1012185,7726785.466622672
2025-05-28,Mercado Bitcoin,USDC,USDC/BRL,5.676,5.7299,5.6686,5.7152,529351.81676682,3025351.50318573
2025-05-29,Mercado Bitcoin,USDC,USDC/BRL,5.7103,5.7152,5.6313,5.7132,966795.4161418,5523495.571501331
2025-05-30,Mercado Bitcoin,USDC,USDC/BRL,5.7021,5.7724,5.6808,5.7724,371040.68285585,2141795.237717109
2025-05-31,Mercado Bitcoin,USDC,USDC/BRL,5.772,5.7805,5.7501,5.7599,38622.05271385,222459.1614265046
2025-06-01,Mercado Bitcoin,USDC,USDC/BRL,5.7599,5.781,5.7436,5.7459,69150.22881249,397330.29973368626
2025-06-02,Mercado Bitcoin,USDC,USDC/BRL,5.7459,5.7601,5.58,5.6905,718247.37320435,4087186.6772193536
2025-06-03,Mercado Bitcoin,USDC,USDC/BRL,5.6905,5.7199,5.6364,5.6532,592901.56916751,3351791.1508177677
2025-06-04,Mercado Bitcoin,USDC,USDC/BRL,5.6625,5.6699,5.607,5.6526,277930.01144603,1571027.182699829
2025-06-05,Mercado Bitcoin,USDC,USDC/BRL,5.6526,5.6653,5.5913,5.6177,930597.35351223,5227816.752825654
2025-06-06,Mercado Bitcoin,USDC,USDC/BRL,5.6177,5.6381,5.5801,5.6068,745564.23317516,4180229.542566487
2025-06-07,Mercado Bitcoin,USDC,USDC/BRL,5.6067,5.6305,5.5966,5.6305,31484.64659349,177274.30264464545
2025-06-08,Mercado Bitcoin,USDC,USDC/BRL,5.6267,5.6412,5.6198,5.6352,24116.62379267,135901.998396454
2025-06-09,Mercado Bitcoin,USDC,USDC/BRL,5.6334,5.6398,5.5459,5.5739,1434984.76135131,7998461.561296066
2025-06-10,Mercado Bitcoin,USDC,USDC/BRL,5.5739,5.5956,5.5413,5.5777,446563.90855344,2490799.512738522
2025-06-11,Mercado Bitcoin,USDC,USDC/BRL,5.5775,5.5849,5.5301,5.5631,332675.32182279,1850706.0828323632
2025-06-12,Mercado Bitcoin,USDC,USDC/BRL,5.5608,5.5715,5.535,5.5597,220319.12521291,1224908.2404462157
2025-06-13,Mercado Bitcoin,USDC,USDC/BRL,5.565,5.6132,5.54,5.5942,637447.07743313,3566006.440576416
2025-06-14,Mercado Bitcoin,USDC,USDC/BRL,5.5949,5.5975,5.5661,5.5785,19791.35100666,110406.0515906528
2025-06-15,Mercado Bitcoin,USDC,USDC/BRL,5.5785,5.5917,5.5513,5.583,118698.20111919,662692.0568484378
2025-06-16,Mercado Bitcoin,USDC,USDC/BRL,5.5769,5.5807,5.4915,5.5157,762937.71795508,4208135.570924834
2025-06-17,Mercado Bitcoin,USDC,USDC/BRL,5.5105,5.527,5.4715,5.5175,172344.63132612,950911.5033418671
2025-06-18,Mercado Bitcoin,USDC,USDC/BRL,5.5232,5.5308,5.48,5.5119,248529.51910646,1369869.856362897
2025-06-19,Mercado Bitcoin,USDC,USDC/BRL,5.51,5.5365,5.5038,5.519,73675.86193865,406617.0820394094
2025-06-20,Mercado Bitcoin,USDC,USDC/BRL,5.5248,5.55,5.4932,5.5499,973278.19262261,5401596.641236223
2025-06-21,Mercado Bitcoin,USDC,USDC/BRL,5.5499,5.5565,5.5354,5.5468,27455.05049138,152287.6740655866
2025-06-22,Mercado Bitcoin,USDC,USDC/BRL,5.5458,5.562,5.5356,5.5517,74797.2842384,415252.0829063253
2025-06-23,Mercado Bitcoin,USDC,USDC/BRL,5.5615,5.5759,5.5013,5.515,1329078.07479836,7329865.582512955
2025-06-24,Mercado Bitcoin,USDC,USDC/BRL,5.517,5.6213,5.4837,5.5269,389748.37222367,2154100.278443002
2025-06-25,Mercado Bitcoin,USDC,USDC/BRL,5.5215,5.5795,5.5151,5.5722,104671.97800577,583253.1958437515
2025-06-26,Mercado Bitcoin,USDC,USDC/BRL,5.5722,5.5798,5.4901,5.5148,315446.0744891,1739622.0115924887
2025-06-27,Mercado Bitcoin,USDC,USDC/BRL,5.5181,5.52,5.4713,5.5187,292395.03157864,1613640.4607730405
2025-06-28,Mercado Bitcoin,USDC,USDC/BRL,5.5146,5.5296,5.5011,5.5166,100854.07642605,556371.5980119475
2025-06-29,Mercado Bitcoin,USDC,USDC/BRL,5.5133,5.5239,5.5007,5.5129,40193.0968716,221580.52374344363
2025-06-30,Mercado Bitcoin,USDC,USDC/BRL,5.5126,5.5656,5.434,5.4668,1584453.64352938,8661891.178446414
2025-07-01,Mercado Bitcoin,USDC,USDC/BRL,5.4668,5.4833,5.4341,5.4816,492464.5797601,2699493.840412964
2025-07-02,Mercado Bitcoin,USDC,USDC/BRL,5.4833,5.487,5.4168,5.4448,253373.74886176,1379569.3878025108
2025-07-03,Mercado Bitcoin,USDC,USDC/BRL,5.442,5.4561,5.4102,5.4299,229433.40117183,1245800.4250229197
2025-07-04,Mercado Bitcoin,USDC,USDC/BRL,5.43,5.4691,5.4201,5.4553,113810.70666209,620871.5480536997
2025-07-05,Mercado Bitcoin,USDC,USDC/BRL,5.4625,5.4689,5.4513,5.4601,36219.65823446,197762.95592597505
2025-07-06,Mercado Bitcoin,USDC,USDC/BRL,5.4655,5.4694,5.4391,5.4652,54751.03439321,299225.3531657713
2025-07-07,Mercado Bitcoin,USDC,USDC/BRL,5.468,5.4998,5.4481,5.4776,323477.34340972,1771879.4962610821
2025-07-08,Mercado Bitcoin,USDC,USDC/BRL,5.4776,5.4828,5.4423,5.4674,146310.51326184,799938.100207784
2025-07-09,Mercado Bitcoin,USDC,USDC/BRL,5.4696,5.5445,5.4545,5.5019,286577.25960005,1576719.424593515
2025-07-10,Mercado Bitcoin,USDC,USDC/BRL,5.504,5.5985,5.49,5.4912,223689.94900356,1228326.2479683487
2025-07-11,Mercado Bitcoin,USDC,USDC/BRL,5.4921,5.6,5.4272,5.5683,685372.57841427,3816360.1283841794
2025-07-12,Mercado Bitcoin,USDC,USDC/BRL,5.5679,5.5871,5.5238,5.5549,44943.0446336,249654.11863518466
2025-07-13,Mercado Bitcoin,USDC,USDC/BRL,5.5627,5.582,5.5469,5.5701,55062.21629674,306702.0509944715
2025-07-14,Mercado Bitcoin,USDC,USDC/BRL,5.5701,5.6249,5.5101,5.5806,309331.8551613,1726257.3509131505
2025-07-15,Mercado Bitcoin,USDC,USDC/BRL,5.5862,5.5999,5.5255,5.5808,174432.21773063,973471.3207110998
2025-07-16,Mercado Bitcoin,USDC,USDC/BRL,5.5747,5.5985,5.535,5.5715,157817.38388365,879279.554307756
2025-07-17,Mercado Bitcoin,USDC,USDC/BRL,5.5715,5.6497,5.5401,5.5401,265218.07683505,1469334.6674738606
2025-07-18,Mercado Bitcoin,USDC,USDC/BRL,5.5434,5.6,5.531,5.596,159763.49769549,894036.533103962
2025-07-19,Mercado Bitcoin,USDC,USDC/BRL,5.5937,5.7,5.5836,5.6001,109132.03986264,611150.3364347703
2025-07-20,Mercado Bitcoin,USDC,USDC/BRL,5.6071,5.618,5.5901,5.6135,67708.1693191,380079.8084727678
2025-07-21,Mercado Bitcoin,USDC,USDC/BRL,5.618,5.618,5.4512,5.5764,195213.23613453,1088587.089980593
2025-07-22,Mercado Bitcoin,USDC,USDC/BRL,5.5765,5.622,5.5501,5.569,445505.87714702,2481022.229831754
2025-07-23,Mercado Bitcoin,USDC,USDC/BRL,5.566,5.5851,5.5212,5.5315,327196.68672673,1809888.4726289073
2025-07-24,Mercado Bitcoin,USDC,USDC/BRL,5.5355,5.5476,5.5239,5.5395,242118.53582324,1341215.629192838
2025-07-25,Mercado Bitcoin,USDC,USDC/BRL,5.5395,5.5928,5.5304,5.579,322998.48418377,1802008.5432612528
2025-07-26,Mercado Bitcoin,USDC,USDC/BRL,5.5834,5.5972,5.5756,5.5921,36318.46789741,203096.50432910648
2025-07-27,Mercado Bitcoin,USDC,USDC/BRL,5.5919,5.5972,5.5738,5.5742,100445.75874066,559904.748372187
2025-07-28,Mercado Bitcoin,USDC,USDC/BRL,5.5749,5.6194,5.5703,5.6,320412.53231771,1794310.180979176
2025-07-29,Mercado Bitcoin,USDC,USDC/BRL,5.5981,5.6064,5.5626,5.5973,182258.99825216,1020158.2909168152
2025-07-30,Mercado Bitcoin,USDC,USDC/BRL,5.595,5.6363,5.5521,5.5946,577271.23858843,3229601.67140683
2025-07-31,Mercado Bitcoin,USDC,USDC/BRL,5.5946,5.6266,5.5608,5.6234,290429.89942453,1633203.496423902
2025-08-01,Mercado Bitcoin,USDC,USDC/BRL,5.6234,5.7577,5.54,5.5711,748346.58738085,4169113.672957454
2025-08-02,Mercado Bitcoin,USDC,USDC/BRL,5.5709,5.5838,5.563,5.5726,60304.87017014,336054.91951012216
2025-08-03,Mercado Bitcoin,USDC,USDC/BRL,5.5682,5.68,5.5674,5.5734,86984.4032532,484798.8730913849
2025-08-04,Mercado Bitcoin,USDC,USDC/BRL,5.5721,5.5757,5.5013,5.5251,315481.4047542,1743066.3094074305
2025-08-05,Mercado Bitcoin,USDC,USDC/BRL,5.5233,5.5375,5.5012,5.5162,280046.67012737,1544793.4417565984
2025-08-06,Mercado Bitcoin,USDC,USDC/BRL,5.5151,5.5301,5.4627,5.4869,417149.82267112,2288859.3620141684
2025-08-07,Mercado Bitcoin,USDC,USDC/BRL,5.4869,5.4989,5.4209,5.4426,210682.42924679,1146660.1894185792
2025-08-08,Mercado Bitcoin,USDC,USDC/BRL,5.4424,5.4567,5.42,5.456,338388.77898356,1846249.1781343033
2025-08-09,Mercado Bitcoin,USDC,USDC/BRL,5.4527,5.4847,5.4394,5.4572,119515.41070877,652219.4993198997
2025-08-10,Mercado Bitcoin,USDC,USDC/BRL,5.4586,5.4752,5.4394,5.4552,89281.73826359,487049.7385755361
2025-08-11,Mercado Bitcoin,USDC,USDC/BRL,5.4472,5.4774,5.43,5.4474,259622.82435727,1414269.3734037925
2025-08-12,Mercado Bitcoin,USDC,USDC/BRL,5.4523,5.4567,5.392,5.4173,355816.86151188,1927566.6838683076
2025-08-13,Mercado Bitcoin,USDC,USDC/BRL,5.4173,5.4417,5.3813,5.4047,215444.35492563,1164412.1050665525
2025-08-14,Mercado Bitcoin,USDC,USDC/BRL,5.404,5.4396,5.3851,5.4373,459918.97707121,2500717.45402929
2025-08-15,Mercado Bitcoin,USDC,USDC/BRL,5.4283,5.44,5.3915,5.4236,297474.61337693,1613383.3131111178
2025-08-16,Mercado Bitcoin,USDC,USDC/BRL,5.4213,5.4383,5.4152,5.4316,78549.24406161,426648.07404504094
2025-08-17,Mercado Bitcoin,USDC,USDC/BRL,5.4362,5.4372,5.4103,5.4286,47315.03099679,256854.37726917423
2025-08-18,Mercado Bitcoin,USDC,USDC/BRL,5.424,5.4588,5.4103,5.4401,337344.36961066,1835187.1051189515
2025-08-19,Mercado Bitcoin,USDC,USDC/BRL,5.4515,5.5224,5.4361,5.521,234698.19554801,1295768.7376205632
2025-08-20,Mercado Bitcoin,USDC,USDC/BRL,5.5238,5.5298,5.4702,5.4934,422316.72473044,2319954.6956341993
2025-08-21,Mercado Bitcoin,USDC,USDC/BRL,5.4938,5.4999,5.4672,5.4909,272989.35887949,1498957.2706713916
2025-08-22,Mercado Bitcoin,USDC,USDC/BRL,5.4894,5.4947,5.41,5.4256,369175.83678993,2003000.4200874444
2025-08-23,Mercado Bitcoin,USDC,USDC/BRL,5.426,5.4549,5.41,5.45,112523.7761812,613254.58018754
2025-08-24,Mercado Bitcoin,USDC,USDC/BRL,5.45,5.4598,5.44,5.4485,125626.76792913,684477.4450618648
2025-08-25,Mercado Bitcoin,USDC,USDC/BRL,5.45,5.5345,5.4021,5.4391,837175.70450131,4553482.374353075
2025-08-26,Mercado Bitcoin,USDC,USDC/BRL,5.4307,5.4706,5.4084,5.4443,352192.27234274,1917440.3883155794
2025-08-27,Mercado Bitcoin,USDC,USDC/BRL,5.4411,5.4598,5.4231,5.4314,193958.94359517,1053468.6062428064
2025-08-28,Mercado Bitcoin,USDC,USDC/BRL,5.4267,5.4358,5.4022,5.4269,196387.35235666,1065774.522504358
2025-08-29,Mercado Bitcoin,USDC,USDC/BRL,5.4221,5.4633,5.4187,5.4557,461025.14632033,2515214.8907798245
2025-08-30,Mercado Bitcoin,USDC,USDC/BRL,5.4586,5.4699,5.4523,5.4688,26228.91650722,143440.69859468474
2025-08-31,Mercado Bitcoin,USDC,USDC/BRL,5.4688,5.4743,5.45,5.4607,105724.9253302,577332.0997506231
2025-09-01,Mercado Bitcoin,USDC,USDC/BRL,5.4663,5.4698,5.4198,5.4604,330261.95836448,1803362.3974534066
2025-09-02,Mercado Bitcoin,USDC,USDC/BRL,5.4637,5.5084,5.4448,5.4768,586760.42356483,3213569.487779861
2025-09-03,Mercado Bitcoin,USDC,USDC/BRL,5.4834,5.488,5.4256,5.4579,436251.82338749,2381018.826866582
2025-09-04,Mercado Bitcoin,USDC,USDC/BRL,5.4611,5.4788,5.4504,5.4599,204463.87204256,1116352.2949651734
2025-09-05,Mercado Bitcoin,USDC,USDC/BRL,5.4598,5.4599,5.3932,5.4425,250732.38310725,1364610.995061208
2025-09-06,Mercado Bitcoin,USDC,USDC/BRL,5.446,5.4522,5.4341,5.45,36263.94460112,197638.498076104
2025-09-07,Mercado Bitcoin,USDC,USDC/BRL,5.45,5.45,5.433,5.4442,15172.02936965,82599.56229424854
2025-09-08,Mercado Bitcoin,USDC,USDC/BRL,5.4428,5.4499,5.4,5.4395,180190.58166196,980146.6689502314
2025-09-09,Mercado Bitcoin,USDC,USDC/BRL,5.437,5.4498,5.42,5.4487,147656.27390318,804534.7396162568
2025-09-10,Mercado Bitcoin,USDC,USDC/BRL,5.4487,5.4487,5.4014,5.4159,127997.13201364,693219.6672726729
2025-09-11,Mercado Bitcoin,USDC,USDC/BRL,5.4174,5.4487,5.382,5.4002,263600.70827284,1423496.5448149906
2025-09-12,Mercado Bitcoin,USDC,USDC/BRL,5.4022,5.4049,5.3501,5.3746,358665.78320688,1927685.118423697
2025-09-13,Mercado Bitcoin,USDC,USDC/BRL,5.3764,5.383,5.37,5.3769,62660.22227384,336917.7491442103
2025-09-14,Mercado Bitcoin,USDC,USDC/BRL,5.3769,5.3818,5.37,5.3744,35715.38424185,191948.76106939864
2025-09-15,Mercado Bitcoin,USDC,USDC/BRL,5.3746,5.3792,5.3143,5.3296,270237.71603173,1440258.9313627083
2025-09-16,Mercado Bitcoin,USDC,USDC/BRL,5.3277,5.331,5.3,5.3075,247329.85646618,1312703.2131942504
2025-09-17,Mercado Bitcoin,USDC,USDC/BRL,5.308,5.3199,5.285,5.3197,213624.95921427,1136420.6955321522
2025-09-18,Mercado Bitcoin,USDC,USDC/BRL,5.3174,5.3199,5.2767,5.3163,164396.11741494,873979.0790130455
2025-09-19,Mercado Bitcoin,USDC,USDC/BRL,5.3163,5.3499,5.3117,5.347,334531.26728754,1788738.6861864766
2025-09-20,Mercado Bitcoin,USDC,USDC/BRL,5.3499,5.35,5.327,5.3468,98652.38207005,527474.5564521434
2025-09-21,Mercado Bitcoin,USDC,USDC/BRL,5.3419,5.3478,5.3266,5.3277,40256.46433004,214474.3650111541
2025-09-22,Mercado Bitcoin,USDC,USDC/BRL,5.3263,5.3685,5.3194,5.3463,342479.92327623,1831000.4138117086
2025-09-23,Mercado Bitcoin,USDC,USDC/BRL,5.3473,5.3499,5.1773,5.2907,462625.61605083,2447613.3468401264
2025-09-24,Mercado Bitcoin,USDC,USDC/BRL,5.2901,5.3399,5.2891,5.3205,304798.03175202,1621677.9279366224
2025-09-25,Mercado Bitcoin,USDC,USDC/BRL,5.3211,5.3783,5.3201,5.3727,265732.88464022,1427703.0693065103
2025-09-26,Mercado Bitcoin,USDC,USDC/BRL,5.3731,5.3849,5.3421,5.3679,209707.53923347,1125689.0998513435
2025-09-27,Mercado Bitcoin,USDC,USDC/BRL,5.368,5.3749,5.3601,5.3671,59773.51012663,320810.4062006358
2025-09-28,Mercado Bitcoin,USDC,USDC/BRL,5.3705,5.3736,5.36,5.3601,49771.12804666,266778.22344290226
2025-09-29,Mercado Bitcoin,USDC,USDC/BRL,5.362,5.362,5.2701,5.323,328393.21587812,1748037.0881192328
2025-09-30,Mercado Bitcoin,USDC,USDC/BRL,5.3185,5.336,5.291,5.3296,279653.52840926,1490441.445009992
2025-10-01,Mercado Bitcoin,USDC,USDC/BRL,5.3247,5.3397,5.21,5.328,843931.97750825,4496469.576163957
2025-10-02,Mercado Bitcoin,USDC,USDC/BRL,5.323,5.3696,5.3092,5.3433,1576855.27526983,8425610.792349283
2025-10-03,Mercado Bitcoin,USDC,USDC/BRL,5.3397,5.3686,5.3246,5.3673,859200.37138061,4611586.153311148
2025-10-04,Mercado Bitcoin,USDC,USDC/BRL,5.3548,5.3595,5.3017,5.3505,222763.60140194,1191896.64930108
2025-10-05,Mercado Bitcoin,USDC,USDC/BRL,5.3495,5.3546,5.3283,5.3442,79527.88048235,425012.89887377486
2025-10-06,Mercado Bitcoin,USDC,USDC/BRL,5.3481,5.3497,5.27,5.3121,257507.56751444,1367905.9493934566
2025-10-07,Mercado Bitcoin,USDC,USDC/BRL,5.3184,5.3684,5.3046,5.3641,188620.78765816,1011780.767077136
2025-10-08,Mercado Bitcoin,USDC,USDC/BRL,5.36,5.3774,5.329,5.3431,543962.26730893,2906444.790458344
2025-10-09,Mercado Bitcoin,USDC,USDC/BRL,5.3431,5.396,5.3319,5.3806,240556.79664212,1294339.900012591
2025-10-10,Mercado Bitcoin,USDC,USDC/BRL,5.3749,5.72,5.368,5.6198,1019897.58370663,5731620.440914519
2025-10-11,Mercado Bitcoin,USDC,USDC/BRL,5.6198,5.6399,5.49,5.6346,572550.1423321,3226091.0319844503
2025-10-12,Mercado Bitcoin,USDC,USDC/BRL,5.6399,5.6427,5.5445,5.579,217725.12380197,1214688.4656911907
2025-10-13,Mercado Bitcoin,USDC,USDC/BRL,5.5814,5.5814,5.4379,5.4916,640096.13288197,3515151.9233346265
2025-10-14,Mercado Bitcoin,USDC,USDC/BRL,5.4916,5.5365,5.4,5.4953,469411.53328274,2579557.198848641
2025-10-15,Mercado Bitcoin,USDC,USDC/BRL,5.491,5.4944,5.3947,5.4654,312741.93019849,1709259.7453068271
2025-10-16,Mercado Bitcoin,USDC,USDC/BRL,5.4626,5.4698,5.4266,5.4528,152003.10963097,828842.5561957532
2025-10-17,Mercado Bitcoin,USDC,USDC/BRL,5.4509,5.5368,5.4149,5.4281,562374.74449916,3052626.35061589
2025-10-18,Mercado Bitcoin,USDC,USDC/BRL,5.4324,5.4353,5.422,5.4235,24117.2784088,130800.05945012679
2025-10-19,Mercado Bitcoin,USDC,USDC/BRL,5.4235,5.4298,5.42,5.4225,20199.66513532,109532.6841962727
2025-10-20,Mercado Bitcoin,USDC,USDC/BRL,5.4281,5.4299,5.375,5.3907,365812.53634779,1971985.6396900313
2025-10-21,Mercado Bitcoin,USDC,USDC/BRL,5.3909,5.4099,5.3761,5.394,100855.21525584,544013.031090001
2025-10-22,Mercado Bitcoin,USDC,USDC/BRL,5.3985,5.4174,5.3873,5.4111,74286.66328833,401972.5637194825
2025-10-23,Mercado Bitcoin,USDC,USDC/BRL,5.4111,5.4199,5.38,5.3903,182829.65088461,985506.6671633133
2025-10-24,Mercado Bitcoin,USDC,USDC/BRL,5.3901,5.4099,5.3704,5.408,198563.46149759,1073831.1997789668
2025-10-25,Mercado Bitcoin,USDC,USDC/BRL,5.408,5.408,5.3935,5.4017,15598.52333023,84258.54347290339
2025-10-26,Mercado Bitcoin,USDC,USDC/BRL,5.4017,5.4019,5.3812,5.3885,56956.91716854,306912.3481626778
2025-10-27,Mercado Bitcoin,USDC,USDC/BRL,5.3851,5.39,5.35,5.3728,98850.28178484,531102.7939735884
2025-10-28,Mercado Bitcoin,USDC,USDC/BRL,5.3673,5.3862,5.35,5.3629,275542.20076251,1477705.268469265
2025-10-29,Mercado Bitcoin,USDC,USDC/BRL,5.3699,5.3699,5.322,5.3579,394513.27998601,2113762.702837043
2025-10-30,Mercado Bitcoin,USDC,USDC/BRL,5.3669,5.4033,5.3543,5.4021,119508.47499735,645596.7327831844
2025-10-31,Mercado Bitcoin,USDC,USDC/BRL,5.402,5.4025,5.3614,5.388,198523.32172835,1069643.65747235
2025-11-01,Mercado Bitcoin,USDC,USDC/BRL,5.3888,5.396,5.372,5.372,74729.92746273,401449.17032978556
2025-11-02,Mercado Bitcoin,USDC,USDC/BRL,5.372,5.38,5.3416,5.3688,105435.21623555,566060.5889254209
2025-11-03,Mercado Bitcoin,USDC,USDC/BRL,5.3694,5.3799,5.3416,5.3679,355769.37412179,1909734.4233483565
2025-11-04,Mercado Bitcoin,USDC,USDC/BRL,5.3646,5.4196,5.3,5.4117,337842.3388452,1828301.3851285689
2025-11-05,Mercado Bitcoin,USDC,USDC/BRL,5.4117,5.4257,5.3454,5.3692,536776.17993789,2882058.6653225194
2025-11-06,Mercado Bitcoin,USDC,USDC/BRL,5.3692,5.3717,5.3256,5.3634,660355.47447758,3541750.551813053
2025-11-07,Mercado Bitcoin,USDC,USDC/BRL,5.3673,5.3721,5.335,5.3478,328491.59568003,1756707.3553776646
2025-11-08,Mercado Bitcoin,USDC,USDC/BRL,5.3385,5.3597,5.33,5.3597,132542.84247163,710389.8727951953
2025-11-09,Mercado Bitcoin,USDC,USDC/BRL,5.36,5.3666,5.3412,5.3543,15620.92627052,83639.12553024523
2025-11-10,Mercado Bitcoin,USDC,USDC/BRL,5.3555,5.3663,5.3,5.31,665068.96148778,3531516.1855001114
2025-11-11,Mercado Bitcoin,USDC,USDC/BRL,5.31,5.31,5.2555,5.2802,431520.47956861,2278514.4362181746
2025-11-12,Mercado Bitcoin,USDC,USDC/BRL,5.2814,5.3094,5.2751,5.3023,823535.21271347,4366630.758370631
2025-11-13,Mercado Bitcoin,USDC,USDC/BRL,5.3001,5.31,5.2802,5.31,883333.20028364,4690499.293506128
2025-11-14,Mercado Bitcoin,USDC,USDC/BRL,5.3072,5.3275,5.28,5.3132,349666.57643716,1857848.4539259188
2025-11-15,Mercado Bitcoin,USDC,USDC/BRL,5.3152,5.327,5.2983,5.3121,73451.73048342,390182.9375009754
2025-11-16,Mercado Bitcoin,USDC,USDC/BRL,5.3121,5.39,5.3065,5.3105,346775.86537579,1841553.2330781328
2025-11-17,Mercado Bitcoin,USDC,USDC/BRL,5.3215,5.339,5.2975,5.3241,137266.69118267,730821.5905256533
2025-11-18,Mercado Bitcoin,USDC,USDC/BRL,5.3327,5.35,5.3163,5.3305,806661.02818354,4299906.61073236
2025-11-19,Mercado Bitcoin,USDC,USDC/BRL,5.3361,5.35,5.33,5.3401,739390.04857417,3948416.798390925
2025-11-20,Mercado Bitcoin,USDC,USDC/BRL,5.34,5.3558,5.34,5.3549,39502.25417732,211530.62089413084
2025-11-21,Mercado Bitcoin,USDC,USDC/BRL,5.3512,5.4331,5.298,5.4222,1229712.50911256,6667747.166910123
2025-11-22,Mercado Bitcoin,USDC,USDC/BRL,5.4267,5.4297,5.4215,5.4228,54745.73142587,296875.1523762078
2025-11-23,Mercado Bitcoin,USDC,USDC/BRL,5.425,5.4388,5.4228,5.4258,51714.64658668,280593.32945000834
2025-11-24,Mercado Bitcoin,USDC,USDC/BRL,5.4299,5.433,5.3598,5.3999,1511807.90249125,8163611.492662501
2025-11-25,Mercado Bitcoin,USDC,USDC/BRL,5.3999,5.4047,5.3603,5.3892,502733.53864731,2709331.586478083
2025-11-26,Mercado Bitcoin,USDC,USDC/BRL,5.3938,5.3999,5.3357,5.3515,277958.08041555,1487492.6673438156
2025-11-27,Mercado Bitcoin,USDC,USDC/BRL,5.3389,5.3741,5.3205,5.3675,739354.51243572,3968485.3454987267
2025-11-28,Mercado Bitcoin,USDC,USDC/BRL,5.3677,5.3864,5.3,5.3506,2705574.34256599,14476446.077333586
2025-11-29,Mercado Bitcoin,USDC,USDC/BRL,5.3552,5.369,5.3502,5.369,56784.762552,304877.390141688
2025-11-30,Mercado Bitcoin,USDC,USDC/BRL,5.369,5.38,5.359,5.367,107704.60305181,578050.6045790643
2025-12-01,Mercado Bitcoin,USDC,USDC/BRL,5.3678,5.379,5.327,5.3592,3194809.02136552,17121620.507302098
2025-12-02,Mercado Bitcoin,USDC,USDC/BRL,5.3592,5.3658,5.3287,5.335,900144.90364343,4802273.060937699
2025-12-03,Mercado Bitcoin,USDC,USDC/BRL,5.3316,5.3378,5.3031,5.3166,725955.21845438,3859613.514434557
2025-12-04,Mercado Bitcoin,USDC,USDC/BRL,5.3178,5.3285,5.2915,5.32,473313.79367398,2518029.3823455735
2025-12-05,Mercado Bitcoin,USDC,USDC/BRL,5.32,5.47,5.3068,5.47,2252285.39668736,12320001.119879859
2025-12-06,Mercado Bitcoin,USDC,USDC/BRL,5.4683,5.4898,5.4377,5.4876,87977.44733891,482785.0400170025
2025-12-07,Mercado Bitcoin,USDC,USDC/BRL,5.4898,5.4986,5.4701,5.4723,128174.187875,701407.6083083624
2025-12-08,Mercado Bitcoin,USDC,USDC/BRL,5.4728,5.4919,5.313,5.4408,1957828.66830965,10652154.218539143
2025-12-09,Mercado Bitcoin,USDC,USDC/BRL,5.4409,5.49,5.4234,5.4366,474776.30447126,2581168.856888452
2025-12-10,Mercado Bitcoin,USDC,USDC/BRL,5.4366,5.4878,5.426,5.48,549668.58270893,3012183.8332449365
2025-12-11,Mercado Bitcoin,USDC,USDC/BRL,5.48,5.4911,5.3816,5.4068,891199.77084723,4818538.921016803
2025-12-12,Mercado Bitcoin,USDC,USDC/BRL,5.4077,5.4367,5.3837,5.4332,3661353.82198652,19892867.585617162
2025-12-13,Mercado Bitcoin,USDC,USDC/BRL,5.4355,5.4413,5.43,5.4399,39926.58269282,217196.6171906715
2025-12-14,Mercado Bitcoin,USDC,USDC/BRL,5.4354,5.4415,5.429,5.4358,32624.0960862,177338.06150536597
2025-12-15,Mercado Bitcoin,USDC,USDC/BRL,5.438,5.459,5.389,5.4249,2335507.05625212,12669892.229462126
2025-12-16,Mercado Bitcoin,USDC,USDC/BRL,5.4281,5.5065,5.42,5.4936,1340625.38818056,7364859.632508724
2025-12-17,Mercado Bitcoin,USDC,USDC/BRL,5.4848,5.5339,5.4686,5.5314,874932.65007951,4839602.460649801
2025-12-18,Mercado Bitcoin,USDC,USDC/BRL,5.5319,5.557,5.5,5.5373,1568653.45084895,8686104.753385892
2025-12-19,Mercado Bitcoin,USDC,USDC/BRL,5.5365,5.5691,5.5026,5.5691,1723016.32171141,9595650.197243012
2025-12-20,Mercado Bitcoin,USDC,USDC/BRL,5.5691,5.5888,5.5461,5.5679,153473.05008431,854522.5955644296
2025-12-21,Mercado Bitcoin,USDC,USDC/BRL,5.5658,5.5673,5.5484,5.5484,89901.92284546,498811.82871575025
2025-12-22,Mercado Bitcoin,USDC,USDC/BRL,5.5499,5.6038,5.51,5.595,2388827.16830435,13365488.006662838
2025-12-23,Mercado Bitcoin,USDC,USDC/BRL,5.5921,5.6101,5.52,5.525,1816458.37865204,10035932.54205252
2025-12-24,Mercado Bitcoin,USDC,USDC/BRL,5.525,5.5502,5.52,5.5404,180577.80149063,1000473.2513786864
2025-12-25,Mercado Bitcoin,USDC,USDC/BRL,5.5404,5.5473,5.5301,5.5425,48682.16143828,269820.87977166695
2025-12-26,Mercado Bitcoin,USDC,USDC/BRL,5.545,5.5668,5.5261,5.5569,1317236.06717474,7319749.101683312
2025-12-27,Mercado Bitcoin,USDC,USDC/BRL,5.5594,5.5625,5.5413,5.5471,69759.39698687,386962.3510258666
2025-12-28,Mercado Bitcoin,USDC,USDC/BRL,5.5471,5.5532,5.5422,5.5428,44810.7254165,248376.88883857618
2025-12-29,Mercado Bitcoin,USDC,USDC/BRL,5.5457,5.5973,5.53,5.5772,1681187.47145775,9376318.765814165
2025-12-30,Mercado Bitcoin,USDC,USDC/BRL,5.5791,5.59,5.4811,5.4864,1872549.84152749,10273557.45055642
2025-12-31,Mercado Bitcoin,USDC,USDC/BRL,5.4864,5.5759,5.4626,5.4976,596314.49329884,3278298.558359703
2026-01-01,Mercado Bitcoin,USDC,USDC/BRL,5.5051,5.5121,5.4914,5.5,82558.6676254,454072.6719397
2026-01-02,Mercado Bitcoin,USDC,USDC/BRL,5.4996,5.5238,5.412,5.4375,1335182.13277206,7260052.846948077
2026-01-03,Mercado Bitcoin,USDC,USDC/BRL,5.4291,5.4952,5.42,5.4424,149281.02890941,812447.071736573
2026-01-04,Mercado Bitcoin,USDC,USDC/BRL,5.4406,5.4464,5.4312,5.4395,56929.56590521,309668.3737413898
2026-01-05,Mercado Bitcoin,USDC,USDC/BRL,5.4381,5.4552,5.3701,5.409,4397049.80258821,23783642.38219963
2026-01-06,Mercado Bitcoin,USDC,USDC/BRL,5.4143,5.4199,5.3104,5.3824,1621101.69167995,8725417.745298162
2026-01-07,Mercado Bitcoin,USDC,USDC/BRL,5.3816,5.48,5.37,5.4041,2604253.68744136,14073647.352301855
2026-01-08,Mercado Bitcoin,USDC,USDC/BRL,5.4042,5.4128,5.3816,5.3975,3946399.93311316,21300693.63897828
2026-01-09,Mercado Bitcoin,USDC,USDC/BRL,5.3975,5.4032,5.3535,5.3858,3464332.14639021,18658200.07402839
2026-01-10,Mercado Bitcoin,USDC,USDC/BRL,5.3924,5.3972,5.3851,5.39,96282.04609943,518960.2284759276
2026-01-11,Mercado Bitcoin,USDC,USDC/BRL,5.3874,5.3932,5.383,5.3854,103218.14761012,555871.0121395402
2026-01-12,Mercado Bitcoin,USDC,USDC/BRL,5.3854,5.3991,5.3612,5.3786,4195127.10737717,22563910.659738842
2026-01-13,Mercado Bitcoin,USDC,USDC/BRL,5.3785,5.3895,5.3675,5.3788,1902158.75239973,10231331.497407667
2026-01-14,Mercado Bitcoin,USDC,USDC/BRL,5.3779,5.4041,5.364,5.3984,1058421.44604255,5713782.334316102
2026-01-15,Mercado Bitcoin,USDC,USDC/BRL,5.3959,5.3997,5.3513,5.3715,2109862.9444351,11333128.80603314
2026-01-16,Mercado Bitcoin,USDC,USDC/BRL,5.3715,5.3943,5.3,5.3838,1311869.98411916,7062845.620500734
2026-01-17,Mercado Bitcoin,USDC,USDC/BRL,5.3838,5.389,5.3747,5.3849,37322.93309476,200980.26242197314
2026-01-18,Mercado Bitcoin,USDC,USDC/BRL,5.3857,5.3897,5.3739,5.384,28766.82616971,154880.59209771865
2026-01-19,Mercado Bitcoin,USDC,USDC/BRL,5.3815,5.3877,5.3586,5.3802,814610.28440644,4382766.252163528
2026-01-20,Mercado Bitcoin,USDC,USDC/BRL,5.3802,5.405,5.3629,5.3865,4860554.65828251,26181377.66683874
2026-01-21,Mercado Bitcoin,USDC,USDC/BRL,5.3864,5.3924,5.3201,5.3297,3103667.98103741,16541619.238535084
2026-01-22,Mercado Bitcoin,USDC,USDC/BRL,5.3297,5.384,5.2857,5.2909,2373107.88909029,12555876.530387813
2026-01-23,Mercado Bitcoin,USDC,USDC/BRL,5.2909,5.35,5.2781,5.3049,3916853.34879388,20778515.330016654
2026-01-24,Mercado Bitcoin,USDC,USDC/BRL,5.3049,5.3125,5.2994,5.3068,64253.65876563,340981.3163374453
2026-01-25,Mercado Bitcoin,USDC,USDC/BRL,5.3069,5.3114,5.3001,5.3074,29213.17567679,155046.00858699525
2026-01-26,Mercado Bitcoin,USDC,USDC/BRL,5.3074,5.3074,5.2665,5.2843,3550106.54120042,18759827.99566538
2026-01-27,Mercado Bitcoin,USDC,USDC/BRL,5.2814,5.2917,5.1836,5.1871,4033709.56310993,20923254.874807518
2026-01-28,Mercado Bitcoin,USDC,USDC/BRL,5.1942,5.2281,5.1746,5.2009,2209438.19325825,11491067.099316834
2026-01-29,Mercado Bitcoin,USDC,USDC/BRL,5.2009,5.28,5.1736,5.2107,7777010.63551948,40523669.31850136
2026-01-30,Mercado Bitcoin,USDC,USDC/BRL,5.2105,5.2829,5.1999,5.2774,2031485.5025043,10720961.590916194
2026-01-31,Mercado Bitcoin,USDC,USDC/BRL,5.2797,5.2843,5.2667,5.2822,114838.13285574,606597.9853705898
2026-02-01,Mercado Bitcoin,USDC,USDC/BRL,5.2822,5.2999,5.2769,5.2861,104187.47836141,550745.4293662495
2026-02-02,Mercado Bitcoin,USDC,USDC/BRL,5.2826,5.2944,5.2437,5.2699,5299576.51033151,27928238.251796022
2026-02-03,Mercado Bitcoin,USDC,USDC/BRL,5.27,5.27,5.21,5.2465,3687142.41471997,19344592.67882832
2026-02-04,Mercado Bitcoin,USDC,USDC/BRL,5.2429,5.2674,5.22,5.2492,2877767.47842871,15105977.047767984
2026-02-05,Mercado Bitcoin,USDC,USDC/BRL,5.2492,5.2949,5.2377,5.285,3105740.1072255,16413836.466686768
2026-02-06,Mercado Bitcoin,USDC,USDC/BRL,5.2918,5.3,5.2106,5.2417,2607232.84093284,13666332.382317668
2026-02-07,Mercado Bitcoin,USDC,USDC/BRL,5.2417,5.258,5.23,5.2473,61483.21840754,322620.89194988465
2026-02-08,Mercado Bitcoin,USDC,USDC/BRL,5.25,5.2558,5.2402,5.2471,28187.61217095,147903.21982219175
2026-02-09,Mercado Bitcoin,USDC,USDC/BRL,5.2513,5.263,5.18,5.201,3810007.68707025,19815849.98045237
2026-02-10,Mercado Bitcoin,USDC,USDC/BRL,5.2039,5.2161,5.1873,5.2037,2649329.03096473,13786313.478431165
2026-02-11,Mercado Bitcoin,USDC,USDC/BRL,5.2002,5.2038,5.1769,5.189,749725.46608185,3890325.4434987195
2026-02-12,Mercado Bitcoin,USDC,USDC/BRL,5.1888,5.2214,5.1602,5.2201,1527876.6900003,7975669.109470567
2026-02-13,Mercado Bitcoin,USDC,USDC/BRL,5.2177,5.2509,5.2076,5.2352,5433860.06038816,28447344.188144095
2026-02-14,Mercado Bitcoin,USDC,USDC/BRL,5.2332,5.2396,5.2318,5.237,48059.90679757,251689.7318988741
2026-02-15,Mercado Bitcoin,USDC,USDC/BRL,5.237,5.2419,5.2303,5.2361,33400.141841,174886.4826936601
2026-02-16,Mercado Bitcoin,USDC,USDC/BRL,5.2387,5.2426,5.23,5.2323,10453.83704684,54697.61158018094
2026-02-17,Mercado Bitcoin,USDC,USDC/BRL,5.2323,5.26,5.2323,5.2514,266366.01589169,1398794.4958536208
2026-02-18,Mercado Bitcoin,USDC,USDC/BRL,5.2514,5.2557,5.2074,5.2447,670302.95795538,3515537.9235885814
2026-02-19,Mercado Bitcoin,USDC,USDC/BRL,5.2448,5.2573,5.2155,5.2155,576480.9105358,3006636.188899465
2026-02-20,Mercado Bitcoin,USDC,USDC/BRL,5.2178,5.3015,5.1782,5.1938,2928881.157887,15212022.957833502
2026-02-21,Mercado Bitcoin,USDC,USDC/BRL,5.1938,5.1972,5.187,5.1902,45670.4051471,237038.53679447842
2026-02-22,Mercado Bitcoin,USDC,USDC/BRL,5.1884,5.1951,5.18,5.1822,25609.82665743,132715.24370413375
2026-02-23,Mercado Bitcoin,USDC,USDC/BRL,5.1801,5.1906,5.1424,5.1781,3123797.73733494,16175337.063694052
2026-02-24,Mercado Bitcoin,USDC,USDC/BRL,5.1766,5.1898,5.143,5.164,2924992.43846748,15104660.952246064
2026-02-25,Mercado Bitcoin,USDC,USDC/BRL,5.1616,5.1657,5.1222,5.1319,829285.15757895,4255808.500179414
2026-02-26,Mercado Bitcoin,USDC,USDC/BRL,5.1262,5.1645,5.1262,5.1374,1689537.14356416,8679828.121346517
2026-02-27,Mercado Bitcoin,USDC,USDC/BRL,5.1427,5.1717,5.1263,5.1497,2063936.16011516,10628652.04374504
2026-02-28,Mercado Bitcoin,USDC,USDC/BRL,5.1481,5.1548,5.1404,5.1459,112992.06641945,581445.8745878477
2026-03-01,Mercado Bitcoin,USDC,USDC/BRL,5.1463,5.1494,5.141,5.1475,90768.48683023,467230.7859586089
2026-03-02,Mercado Bitcoin,USDC,USDC/BRL,5.1494,5.2142,5.1471,5.1755,3138656.4960158,16244116.695129775
2026-03-03,Mercado Bitcoin,USDC,USDC/BRL,5.1755,5.3297,5.1755,5.2839,2961904.74345061,15650408.473918678
2026-03-04,Mercado Bitcoin,USDC,USDC/BRL,5.284,5.2916,5.1977,5.2367,735932.61921542,3853858.34704539
2026-03-05,Mercado Bitcoin,USDC,USDC/BRL,5.2384,5.2901,5.2304,5.2777,2574398.8303826,13586904.707110249
2026-03-06,Mercado Bitcoin,USDC,USDC/BRL,5.28,5.3164,5.2448,5.2724,3548226.42390821,18707668.997413646
2026-03-07,Mercado Bitcoin,USDC,USDC/BRL,5.2724,5.281,5.2724,5.28,7685.49645209,40579.421267035206
2026-03-08,Mercado Bitcoin,USDC,USDC/BRL,5.28,5.2917,5.2699,5.2897,43446.31707784,229817.98344665024
2026-03-09,Mercado Bitcoin,USDC,USDC/BRL,5.2912,5.3023,5.1637,5.1958,4021104.4155793,20892854.32246693
2026-03-10,Mercado Bitcoin,USDC,USDC/BRL,5.1823,5.1979,5.1301,5.1687,2905879.98214914,15019621.86373426
2026-03-11,Mercado Bitcoin,USDC,USDC/BRL,5.1679,5.1777,5.1495,5.1725,572545.18856637,2961489.9878595495
2026-03-12,Mercado Bitcoin,USDC,USDC/BRL,5.1749,5.2923,5.1623,5.253,3093887.21400812,16252189.535184653
2026-03-13,Mercado Bitcoin,USDC,USDC/BRL,5.2565,5.3421,5.2208,5.339,3299966.67780224,17618522.09278616
2026-03-14,Mercado Bitcoin,USDC,USDC/BRL,5.3415,5.3498,5.1225,5.3414,118647.49350212,633743.7217922239
2026-03-15,Mercado Bitcoin,USDC,USDC/BRL,5.3439,5.344,5.3163,5.3163,26983.35450177,143451.60753775985
2026-03-16,Mercado Bitcoin,USDC,USDC/BRL,5.3147,5.3147,5.2294,5.2378,1218130.21576793,6380322.444149264
2026-03-17,Mercado Bitcoin,USDC,USDC/BRL,5.2378,5.2424,5.1797,5.1979,4383632.59493019,22785683.86518763
2026-03-18,Mercado Bitcoin,USDC,USDC/BRL,5.1993,5.2715,5.1922,5.259,435947.75699145,2292649.2540180357
2026-03-19,Mercado Bitcoin,USDC,USDC/BRL,5.259,5.3135,5.202,5.227,2440437.95949353,12756169.214272682
2026-03-20,Mercado Bitcoin,USDC,USDC/BRL,5.2238,5.3265,5.2235,5.3025,1071295.89230554,5680546.468950125
2026-03-21,Mercado Bitcoin,USDC,USDC/BRL,5.319,5.3198,5.3097,5.3183,29758.05732711,158262.2762827691
2026-03-22,Mercado Bitcoin,USDC,USDC/BRL,5.3153,5.3201,5.3042,5.3122,97083.53816976,515727.17146539903
2026-03-23,Mercado Bitcoin,USDC,USDC/BRL,5.3151,5.3451,5.221,5.244,216169.79299088,1133594.3944441746
2026-03-24,Mercado Bitcoin,USDC,USDC/BRL,5.2434,5.2808,5.225,5.2386,1656696.02587258,8678767.801136097
2026-03-25,Mercado Bitcoin,USDC,USDC/BRL,5.2386,5.2457,5.2088,5.231,85222.66492334,445799.7602139915
2026-03-26,Mercado Bitcoin,USDC,USDC/BRL,5.2325,5.2625,5.2229,5.2484,287983.40984364,1511452.1282233603
2026-03-27,Mercado Bitcoin,USDC,USDC/BRL,5.2484,5.2834,5.22,5.2453,983535.40386112,5158938.253872733
2026-03-28,Mercado Bitcoin,USDC,USDC/BRL,5.247,5.2618,5.2405,5.2573,38939.34976213,204715.84350444603
2026-03-29,Mercado Bitcoin,USDC,USDC/BRL,5.258,5.2601,5.237,5.2517,24816.76019242,130330.1795025321
2026-03-30,Mercado Bitcoin,USDC,USDC/BRL,5.2429,5.2601,5.2238,5.2589,4031217.17479277,21199768.000517696
2026-03-31,Mercado Bitcoin,USDC,USDC/BRL,5.2589,5.2601,5.175,5.1823,1275863.56392728,6611907.747340343
2026-04-01,Mercado Bitcoin,USDC,USDC/BRL,5.1854,5.187,5.0443,5.164,466199.99619576,2407456.7803549045
2026-04-02,Mercado Bitcoin,USDC,USDC/BRL,5.1619,5.2013,5.1464,5.1766,2459722.68006588,12733000.425629035
2026-04-03,Mercado Bitcoin,USDC,USDC/BRL,5.1763,5.1845,5.1683,5.18,21673.83394406,112270.45983023079
2026-04-04,Mercado Bitcoin,USDC,USDC/BRL,5.1744,5.1816,5.1652,5.1767,28400.60940722,147021.43471835577
2026-04-05,Mercado Bitcoin,USDC,USDC/BRL,5.1732,5.1823,5.1732,5.1778,37427.01088313,193789.57695067054
2026-04-06,Mercado Bitcoin,USDC,USDC/BRL,5.1715,5.1793,5.1412,5.15,955768.27401805,4922206.611192958
2026-04-07,Mercado Bitcoin,USDC,USDC/BRL,5.1655,5.2616,5.1625,5.2616,1100000.0,5787760.0
2026-04-08,Mercado Bitcoin,USDC,USDC/BRL,5.1301,5.1585,5.0676,5.1088,1790438.61237118,9146992.782881884
2026-04-09,Mercado Bitcoin,USDC,USDC/BRL,5.1099,5.1156,5.0649,5.0701,450166.2470425,2282387.8891301793
2026-04-10,Mercado Bitcoin,USDC,USDC/BRL,5.0701,5.1245,5.0047,5.0268,1086341.40238763,5460820.961522138
2026-04-11,Mercado Bitcoin,USDC,USDC/BRL,5.0268,5.0284,5.0191,5.0251,128005.74049665,643241.6465697159
2026-04-12,Mercado Bitcoin,USDC,USDC/BRL,5.0263,5.0536,5.0251,5.0369,104720.12360153,527464.7905685464
2026-04-13,Mercado Bitcoin,USDC,USDC/BRL,5.0397,5.0447,4.9863,5.0011,4477208.5451825,22390967.655312203
2026-04-14,Mercado Bitcoin,USDC,USDC/BRL,5.0013,5.0062,4.9727,4.9921,839396.90460009,4190353.287454109
2026-04-15,Mercado Bitcoin,USDC,USDC/BRL,4.9921,5.0018,4.988,4.9965,455604.82939325,2276429.5300633735
2026-04-16,Mercado Bitcoin,USDC,USDC/BRL,4.9965,5.0133,4.9889,4.9989,404433.76631569,2021723.9544355026
2026-04-17,Mercado Bitcoin,USDC,USDC/BRL,4.9989,5.0181,4.9505,4.9872,4324246.00375105,21565879.669907235
2026-04-18,Mercado Bitcoin,USDC,USDC/BRL,4.9964,4.999,4.9803,4.9953,55407.4114,276776.64216642
2026-04-19,Mercado Bitcoin,USDC,USDC/BRL,4.9925,4.9954,4.9908,4.995,1511.2266,7548.576867
2026-04-20,Mercado Bitcoin,USDC,USDC/BRL,4.995,4.9971,4.9649,4.9697,3422252.64854944,17007568.98749615
2026-04-21,Mercado Bitcoin,USDC,USDC/BRL,4.9697,4.9954,4.9253,4.9885,476303.06094318,2376037.8195150536
2026-04-22,Mercado Bitcoin,USDC,USDC/BRL,4.9874,4.9874,4.9588,4.9721,294269.33802139,1463136.5755761534
2026-04-23,Mercado Bitcoin,USDC,USDC/BRL,4.97,5.0342,4.9455,5.0269,2283898.98482978,11480931.806840822
2026-04-24,Mercado Bitcoin,USDC,USDC/BRL,5.0288,5.0375,4.9834,5.0027,4698566.57853228,23505519.02242344
2026-04-25,Mercado Bitcoin,USDC,USDC/BRL,5.0014,5.0094,5.0,5.006,66193.00667708,331362.1914254625
2026-04-26,Mercado Bitcoin,USDC,USDC/BRL,5.0042,5.0092,4.995,5.0005,31739.81285515,158714.93418217756
2026-04-27,Mercado Bitcoin,USDC,USDC/BRL,4.9989,5.0032,4.9665,4.9834,3555096.5812988,17716468.303244438
2026-04-28,Mercado Bitcoin,USDC,USDC/BRL,4.9801,5.0132,4.9721,4.9793,904594.05599113,4504245.182996633
2026-04-29,Mercado Bitcoin,USDC,USDC/BRL,4.982,5.0157,4.9787,5.0079,715506.95946757,3583187.3023176435
2026-04-30,Mercado Bitcoin,USDC,USDC/BRL,5.0066,5.0106,4.95,4.9644,444901.44887781,2208668.752809
2026-05-01,Mercado Bitcoin,USDC,USDC/BRL,4.9614,4.9749,4.9517,4.9721,525935.32097708,2615003.00943014
2026-05-02,Mercado Bitcoin,USDC,USDC/BRL,4.9692,4.9724,4.9592,4.9608,27229.17642482,135078.49840824705
2026-05-03,Mercado Bitcoin,USDC,USDC/BRL,4.9656,4.9686,4.954,4.9604,51045.07014158,253203.96593029343
2026-05-04,Mercado Bitcoin,USDC,USDC/BRL,4.9636,4.9825,4.95,4.9742,2658252.99177828,13222682.03170352
2026-05-05,Mercado Bitcoin,USDC,USDC/BRL,4.9703,4.9989,4.9,4.9146,988155.03090864,4856386.714903602
2026-05-06,Mercado Bitcoin,USDC,USDC/BRL,4.9162,4.9401,4.875,4.9278,2516603.40827598,12401318.275302375
2026-05-07,Mercado Bitcoin,USDC,USDC/BRL,4.9291,4.9413,4.9,4.9398,1660957.15581789,8204796.158309213
2026-05-08,Mercado Bitcoin,USDC,USDC/BRL,4.9398,4.9552,4.8935,4.9071,5859798.65018538,28754617.956324678
2026-05-09,Mercado Bitcoin,USDC,USDC/BRL,4.9071,4.9106,4.904,4.9061,30185.83186599,148094.70971773355
2026-05-10,Mercado Bitcoin,USDC,USDC/BRL,4.9086,4.9228,4.9057,4.91,322713.38854131,1584522.7377378321
2026-05-11,Mercado Bitcoin,USDC,USDC/BRL,4.9211,4.9211,4.893,4.9004,2361268.67416711,11571161.010888508
2026-05-12,Mercado Bitcoin,USDC,USDC/BRL,4.9004,4.9305,4.8925,4.9055,2742356.71903117,13452630.885207405
2026-05-13,Mercado Bitcoin,USDC,USDC/BRL,4.9027,5.0179,4.8959,5.0157,3423873.42419068,17173121.933713194
2026-05-14,Mercado Bitcoin,USDC,USDC/BRL,5.0154,5.0334,4.9783,4.9985,506755.61494169,2533017.941286037
2026-05-15,Mercado Bitcoin,USDC,USDC/BRL,4.9985,5.0818,4.996,5.0719,2938699.88029599,14904791.922873233
2026-05-16,Mercado Bitcoin,USDC,USDC/BRL,5.0726,5.0753,5.0686,5.0705,37894.94132998,192146.3000136636
2026-05-17,Mercado Bitcoin,USDC,USDC/BRL,5.07,5.0765,5.0675,5.0699,22644.46612516,114805.17880794869
2026-05-18,Mercado Bitcoin,USDC,USDC/BRL,5.0722,5.092,4.9963,5.0065,4160391.58627523,20829000.47668694
2026-05-19,Mercado Bitcoin,USDC,USDC/BRL,5.0086,5.0582,5.0079,5.0555,2051095.96222353,10369315.637021057
2026-05-20,Mercado Bitcoin,USDC,USDC/BRL,5.0567,5.0738,4.9995,5.007,3677727.31770626,18414380.67975524
2026-05-21,Mercado Bitcoin,USDC,USDC/BRL,5.0086,5.0384,4.9875,5.0081,2680177.29806602,13422595.926444434
2026-05-22,Mercado Bitcoin,USDC,USDC/BRL,5.01,5.0633,5.0021,5.0581,4927586.91092733,24924227.354161527
2026-05-23,Mercado Bitcoin,USDC,USDC/BRL,5.0611,5.0628,5.0485,5.0539,35557.79492155,179705.5397540215
2026-05-24,Mercado Bitcoin,USDC,USDC/BRL,5.0588,5.0588,5.0222,5.0236,167332.20165226,840610.0482202934
2026-05-25,Mercado Bitcoin,USDC,USDC/BRL,5.0261,5.0531,5.0081,5.0447,788177.50216682,3976119.045180957
2026-05-26,Mercado Bitcoin,USDC,USDC/BRL,5.0447,5.0644,5.0173,5.0513,1720288.63225203,8689693.96809468
2026-05-27,Mercado Bitcoin,USDC,USDC/BRL,5.0471,5.6,5.0393,5.0704,2202397.21612607,11167034.844645625
2026-05-28,Mercado Bitcoin,USDC,USDC/BRL,5.073,5.0904,4.95,5.0526,2812858.96330651,14212251.198002473
2026-05-29,Mercado Bitcoin,USDC,USDC/BRL,5.0537,5.069,4.97,5.0509,5537788.63318155,27970816.607336693
2026-05-30,Mercado Bitcoin,USDC,USDC/BRL,5.0513,5.0631,4.96,5.0583,320581.02070218,1621594.977017837
2026-05-31,Mercado Bitcoin,USDC,USDC/BRL,5.0633,5.0658,5.0566,5.0646,59996.46495556,303858.0964139292
2026-06-01,Mercado Bitcoin,USDC,USDC/BRL,5.0626,5.0745,5.0176,5.0311,2761054.22083294,13891139.890432606
2026-06-02,Mercado Bitcoin,USDC,USDC/BRL,5.0303,5.0476,4.9936,5.021,2574303.77197618,12925579.239092398
2026-06-03,Mercado Bitcoin,USDC,USDC/BRL,5.0188,5.0949,5.0173,5.0783,4756313.85990288,24153988.674744796
2026-06-04,Mercado Bitcoin,USDC,USDC/BRL,5.0793,5.0859,5.0727,5.0795,1632597.85667245,8292780.81296771
2026-06-05,Mercado Bitcoin,USDC,USDC/BRL,5.0795,5.1963,5.067,5.1942,4790475.09350233,24882685.730669804
2026-06-06,Mercado Bitcoin,USDC,USDC/BRL,5.1937,5.2036,5.186,5.2023,187320.36008323,974496.7092609876
2026-06-07,Mercado Bitcoin,USDC,USDC/BRL,5.2017,5.2223,5.186,5.1959,165563.69000542,860252.3768991618
2026-06-08,Mercado Bitcoin,USDC,USDC/BRL,5.1984,5.2129,5.1438,5.197,4296021.96753987,22326426.165304706
2026-06-09,Mercado Bitcoin,USDC,USDC/BRL,5.1935,5.213,5.1575,5.1844,2610113.58813923,13531872.886349024
2026-06-10,Mercado Bitcoin,USDC,USDC/BRL,5.1863,5.2049,5.168,5.1969,2626234.72231414,13648279.228394354
2026-06-11,Mercado Bitcoin,USDC,USDC/BRL,5.1963,5.2,5.0989,5.1132,3826132.54207391,19563780.914132316
2026-06-12,Mercado Bitcoin,USDC,USDC/BRL,5.1107,5.1821,5.0576,5.0859,4743932.27859251,24127165.175693646
2026-06-13,Mercado Bitcoin,USDC,USDC/BRL,5.0803,5.0869,5.0766,5.0767,44664.74579677,226749.51498646225
2026-06-14,Mercado Bitcoin,USDC,USDC/BRL,5.0787,5.0831,5.0565,5.0599,165814.15617302,839003.0488198638
2026-06-15,Mercado Bitcoin,USDC,USDC/BRL,5.0603,5.0918,5.0349,5.0717,1278541.12604991,6484377.0289873285
2026-06-16,Mercado Bitcoin,USDC,USDC/BRL,5.0732,5.1067,5.0557,5.101,1145956.46780245,5845523.942260298
2026-06-17,Mercado Bitcoin,USDC,USDC/BRL,5.101,5.1259,5.0592,5.122,1743943.16004995,8932476.865775844
2026-06-18,Mercado Bitcoin,USDC,USDC/BRL,5.1207,5.1901,5.0855,5.1781,5364014.84576377,27775405.272849377
2026-06-19,Mercado Bitcoin,USDC,USDC/BRL,5.1755,5.2059,5.1,5.1709,2425053.95396402,12539711.49055255
2026-06-20,Mercado Bitcoin,USDC,USDC/BRL,5.1656,5.1765,5.1656,5.1722,41071.05219955,212427.69618651253
2026-06-21,Mercado Bitcoin,USDC,USDC/BRL,5.1716,5.1755,5.1672,5.1727,75151.65023905,388736.9411915339
2026-06-22,Mercado Bitcoin,USDC,USDC/BRL,5.17,5.1733,5.1122,5.1576,2258212.89185008,11646958.811005972
2026-06-23,Mercado Bitcoin,USDC,USDC/BRL,5.1532,5.224,5.1532,5.2126,1941582.40378336,10120692.437961143
2026-06-24,Mercado Bitcoin,USDC,USDC/BRL,5.2123,5.314,5.2079,5.2801,2884892.0398,15232518.45934798
2026-06-25,Mercado Bitcoin,USDC,USDC/BRL,5.2792,5.3119,5.19,5.2366,5206508.5608,27264402.72948528
2026-06-26,Mercado Bitcoin,USDC,USDC/BRL,5.2364,5.2769,5.1698,5.2592,4566518.327,24016233.185358398
2026-06-27,Mercado Bitcoin,USDC,USDC/BRL,5.2531,5.2607,5.2287,5.2549,277113.8918,1456205.79001982
2026-06-28,Mercado Bitcoin,USDC,USDC/BRL,5.2516,5.2562,5.2245,5.2329,492687.7168,2578185.5532427197
2026-06-29,Mercado Bitcoin,USDC,USDC/BRL,5.233,5.27,5.167,5.229,4388527.6173,22947610.9108617
2026-06-30,Mercado Bitcoin,USDC,USDC/BRL,5.229,5.3952,5.1695,5.251,3137714.6176,16476139.4570176
2026-07-01,Mercado Bitcoin,USDC,USDC/BRL,5.2566,5.2798,5.16,5.2649,2604730.2211,13713644.141069392
2026-07-02,Mercado Bitcoin,USDC,USDC/BRL,5.2649,5.2691,5.1938,5.2649,2177786.8492,11465829.98235308
2026-07-03,Mercado Bitcoin,USDC,USDC/BRL,5.2649,5.2899,5.174,5.2899,2125631.2323,11244376.65574377
2026-07-04,Mercado Bitcoin,USDC,USDC/BRL,5.2899,5.29,5.2662,5.2723,309868.713,1633720.8155499
2026-07-05,Mercado Bitcoin,USDC,USDC/BRL,5.2723,5.2771,5.2638,5.2763,304364.7069,1605919.50301647
2026-07-06,Mercado Bitcoin,USDC,USDC/BRL,5.2751,5.2799,5.18,5.218,4388751.1661,22900503.5847098
2026-07-07,Mercado Bitcoin,USDC,USDC/BRL,5.22,5.2355,5.1545,5.2274,3574483.0016,18685252.442563843
2026-07-08,Mercado Bitcoin,USDC,USDC/BRL,5.2293,5.2453,5.168,5.2081,4070225.7963,21198142.96971003
2026-07-09,Mercado Bitcoin,USDC,USDC/BRL,5.208,5.2138,5.1198,5.1614,4676241.4416,24135952.57667424
2026-07-10,Mercado Bitcoin,USDC,USDC/BRL,5.1614,5.1682,5.13,5.151,7014873.5875,36133613.8492125
2026-07-11,Mercado Bitcoin,USDC,USDC/BRL,5.1521,5.1641,5.144,5.1591,625566.8693,3227362.03540563
2026-07-12,Mercado Bitcoin,USDC,USDC/BRL,5.1626,5.1639,5.1502,5.1522,117834.9464,607109.21084208
2026-07-13,Mercado Bitcoin,USDC,USDC/BRL,5.1555,5.2238,5.1364,5.1767,8394069.1518,43453577.77812306
2026-07-14,Mercado Bitcoin,USDC,USDC/BRL,5.1766,5.1795,5.0285,5.1145,9826881.4029,50259584.93513204
2026-07-15,Mercado Bitcoin,USDC,USDC/BRL,5.1144,5.1194,5.08,5.114,7210805.063,36876057.092182
2026-07-16,Mercado Bitcoin,USDC,USDC/BRL,5.1152,5.143,5.0287,5.1335,12001448.5098,61609435.9250583
2026-07-17,Mercado Bitcoin,USDC,USDC/BRL,5.1371,5.1621,5.1245,5.15,4260627.5736,21942232.00404
2026-07-18,Mercado Bitcoin,USDC,USDC/BRL,5.1499,5.1565,5.1474,5.154,380834.1885,1962819.407529
2026-07-19,Mercado Bitcoin,USDC,USDC/BRL,5.1539,5.165,5.1445,5.1452,411823.6597,2118915.09388844
2026-07-20,Mercado Bitcoin,USDC,USDC/BRL,5.1488,5.1595,5.1095,5.1275,16483336.1153,84518305.93120076
2026-07-21,Mercado Bitcoin,USDC,USDC/BRL,5.1285,5.1361,5.0797,5.1,6007599.5566,30638757.738659997
2026-07-22,Mercado Bitcoin,USDC,USDC/BRL,5.0998,5.1251,5.0589,5.0869,6868254.4846,34938123.73771174
2026-07-23,Mercado Bitcoin,USDC,USDC/BRL,5.0879,5.1982,5.0831,5.113,6992975.6425,35755084.460102506
2026-07-24,Mercado Bitcoin,USDC,USDC/BRL,5.1121,5.1356,5.069,5.1092,8619665.1322,44039593.09343625
2026-07-25,Mercado Bitcoin,USDC,USDC/BRL,5.1158,5.1237,5.1003,5.1113,436062.5069,2228846.2915179697
2026-07-26,Mercado Bitcoin,USDC,USDC/BRL,5.1105,5.1162,5.1049,5.1051,75134.9048,383571.20249448
2026-07-27,Mercado Bitcoin,USDC,USDC/BRL,5.1081,5.163,5.1002,5.1327,5109575.701,26225919.200522702
2026-07-28,Mercado Bitcoin,USDC,USDC/BRL,5.1319,5.1501,5.121,5.1429,7367971.3633,37892739.92431557
2026-07-29,Mercado Bitcoin,USDC,USDC/BRL,5.1428,5.1595,5.0942,5.1372,4700232.5073,24146034.43650156
2026-07-30,Mercado Bitcoin,USDC,USDC/BRL,5.139,5.1897,5.0772,5.0943,10406756.8177,53015141.25640911
2026-07-31,Mercado Bitcoin,USDC,USDC/BRL,5.0929,5.1122,5.0801,5.1027,8439676.2888,43065136.19885975
2026-08-01,Mercado Bitcoin,USDC,USDC/BRL,5.1086,5.117,5.1035,5.1115,338367.8647,1729567.34041405
2026-08-02,Mercado Bitcoin,USDC,USDC/BRL,5.1115,5.1116,5.1001,5.1004,207191.783,1056760.9700131998
2026-08-03,Mercado Bitcoin,USDC,USDC/BRL,5.1017,5.128,5.0795,5.1044,7175632.1089,36627296.536669165
2026-08-04,Mercado Bitcoin,USDC,USDC/BRL,5.1056,5.1557,5.0998,5.1507,4066669.6773,20946195.506869107
2026-08-05,Mercado Bitcoin,USDC,USDC/BRL,5.1506,5.1682,5.113,5.1448,8429387.6986,43367513.83175728
2026-08-06,Mercado Bitcoin,USDC,USDC/BRL,5.1448,5.899,5.1053,5.1228,13866108.4353,71033300.29235484
2026-08-07,Mercado Bitcoin,USDC,USDC/BRL,5.1318,5.141,5.091,5.1047,12019915.0505,61358060.35828735
2026-08-08,Mercado Bitcoin,USDC,USDC/BRL,5.1065,5.1107,5.1047,5.1099,412223.604,2106421.3940796
2026-08-09,Mercado Bitcoin,USDC,USDC/BRL,5.1099,5.1147,5.1082,5.11,301894.2199,1542679.463689
2026-08-10,Mercado Bitcoin,USDC,USDC/BRL,5.1103,5.1419,5.1003,5.1362,11801618.4282,60615472.57092084
2026-08-11,Mercado Bitcoin,USDC,USDC/BRL,5.1362,5.1926,5.1108,5.1772,4500666.022,23300848.1290984
2026-08-12,Mercado Bitcoin,USDC,USDC/BRL,5.1739,5.2187,5.1461,5.2066,7208062.5035,37529498.2307231
2026-08-13,Mercado Bitcoin,USDC,USDC/BRL,5.2049,5.2135,5.1779,5.2049,5583636.1295,29062267.69043455
2026-08-14,Mercado Bitcoin,USDC,USDC/BRL,5.2056,5.257,5.1914,5.2391,3457719.3966,18115337.69072706
2026-08-15,Mercado Bitcoin,USDC,USDC/BRL,5.2375,5.2467,5.2357,5.2466,390571.7267,2049173.62130422
2026-08-16,Mercado Bitcoin,USDC,USDC/BRL,5.2466,5.2516,5.2387,5.2507,31346.9792,164593.58368544
2026-08-17,Mercado Bitcoin,USDC,USDC/BRL,5.2484,5.2663,5.2011,5.2234,6633802.6014,34651004.50815276
2026-08-18,Mercado Bitcoin,USDC,USDC/BRL,5.2239,5.2429,5.2113,5.2416,3357128.1296,17596722.80411136
2026-08-19,Mercado Bitcoin,USDC,USDC/BRL,5.2442,5.2507,5.1699,5.1919,5454369.2679,28318539.802010015
2026-08-20,Mercado Bitcoin,USDC,USDC/BRL,5.1922,5.2162,5.1837,5.2118,4409093.3103,22979312.51462154
2026-08-21,Mercado Bitcoin,USDC,USDC/BRL,5.2134,5.2314,5.1476,5.1675,5742423.6432,29673974.176236
2026-08-22,Mercado Bitcoin,USDC,USDC/BRL,5.1675,5.1708,5.0675,5.1605,511852.784,2641416.291832
2026-08-23,Mercado Bitcoin,USDC,USDC/BRL,5.1605,5.1618,5.1449,5.1611,170232.2003,878585.40896833
2026-08-24,Mercado Bitcoin,USDC,USDC/BRL,5.1605,5.1933,5.1321,5.1726,1923640.6039,9950223.387733141
2026-08-25,Mercado Bitcoin,USDC,USDC/BRL,5.1725,5.1933,5.154,5.1648,5560318.2284,28717931.586040318
2026-08-26,Mercado Bitcoin,USDC,USDC/BRL,5.1658,5.27,5.159,5.1692,4346589.6585,22468391.2627182
2026-08-27,Mercado Bitcoin,USDC,USDC/BRL,5.1681,5.1974,5.1589,5.1804,2848889.5135,14758387.235735398
2026-08-28,Mercado Bitcoin,USDC,USDC/BRL,5.1803,5.2426,5.1776,5.2163,2710201.8658,14137225.99257254
2026-08-29,Mercado Bitcoin,USDC,USDC/BRL,5.2157,5.2199,5.2026,5.2109,837681.6003,4365075.05100327
2026-08-30,Mercado Bitcoin,USDC,USDC/BRL,5.2105,5.2187,5.2092,5.2169,272441.4903,1421300.01074607
2026-08-31,Mercado Bitcoin,USDC,USDC/BRL,5.2167,5.2567,5.1731,5.2046,4736912.5559,24653735.08843714
2026-09-01,Mercado Bitcoin,USDC,USDC/BRL,5.2009,5.4,5.1505,5.1694,8771583.9933,45343826.29496502
2026-09-02,Mercado Bitcoin,USDC,USDC/BRL,5.171,5.2048,5.1018,5.1169,25388516.7931,129910501.57861339
2026-09-03,Mercado Bitcoin,USDC,USDC/BRL,5.1156,5.2244,5.0911,5.1235,4230995.6353,21677506.13745955
2026-09-04,Mercado Bitcoin,USDC,USDC/BRL,5.1239,5.1562,5.12,5.1509,8727002.9885,44951919.69346465
2026-09-05,Mercado Bitcoin,USDC,USDC/BRL,5.1505,5.1642,5.1473,5.1605,264363.957,1364250.2000985
2026-09-06,Mercado Bitcoin,USDC,USDC/BRL,5.1609,5.1802,5.1601,5.1727,121308.2599,627491.23598473
2026-09-07,Mercado Bitcoin,USDC,USDC/BRL,5.172,5.1937,5.1528,5.1834,1232485.1409,6388463.47934106
2026-09-08,Mercado Bitcoin,USDC,USDC/BRL,5.1853,5.1918,5.0847,5.1129,33638454.6536,171990054.79839143
2026-09-09,Mercado Bitcoin,USDC,USDC/BRL,5.113,5.1644,5.0951,5.1261,14923127.0417,76497441.52845837
2026-09-10,Mercado Bitcoin,USDC,USDC/BRL,5.128,5.1603,5.1011,5.1283,20736358.9267,106342269.48379561
2026-09-11,Mercado Bitcoin,USDC,USDC/BRL,5.125,5.1571,5.0889,5.1571,16927436.2791,87296481.63494661
2026-09-12,Mercado Bitcoin,USDC,USDC/BRL,5.1566,5.1574,5.152,5.1572,5843.8848,30138.082690559997
2021-03-19,Foxbit,USDT,USDT/BRL,0.0,0.0,0.0,0.0,0.0,0.0
2021-03-20,Foxbit,USDT,USDT/BRL,0.0,0.0,0.0,0.0,0.0,0.0
2021-03-21,Foxbit,USDT,USDT/BRL,0.0,0.0,0.0,0.0,0.0,0.0
2021-03-22,Foxbit,USDT,USDT/BRL,0.0,0.0,0.0,0.0,0.0,0.0
2021-03-23,Foxbit,USDT,USDT/BRL,0.0,0.0,0.0,0.0,0.0,0.0
2021-03-24,Foxbit,USDT,USDT/BRL,0.0,0.0,0.0,0.0,0.0,0.0
2021-03-25,Foxbit,USDT,USDT/BRL,0.0,0.0,0.0,0.0,0.0,0.0
2021-03-26,Foxbit,USDT,USDT/BRL,0.0,0.0,0.0,0.0,0.0,0.0
2021-03-27,Foxbit,USDT,USDT/BRL,0.0,0.0,0.0,0.0,0.0,0.0
2021-03-28,Foxbit,USDT,USDT/BRL,0.0,0.0,0.0,0.0,0.0,0.0
2021-03-29,Foxbit,USDT,USDT/BRL,0.0,0.0,0.0,0.0,0.0,0.0
2021-03-30,Foxbit,USDT,USDT/BRL,0.0,0.0,0.0,0.0,0.0,0.0
2021-03-31,Foxbit,USDT,USDT/BRL,0.0,0.0,0.0,0.0,0.0,0.0
2021-04-01,Foxbit,USDT,USDT/BRL,0.0,0.0,0.0,0.0,0.0,0.0
2021-04-02,Foxbit,USDT,USDT/BRL,0.0,0.0,0.0,0.0,0.0,0.0
2021-04-03,Foxbit,USDT,USDT/BRL,0.0,0.0,0.0,0.0,0.0,0.0
2021-04-04,Foxbit,USDT,USDT/BRL,0.0,0.0,0.0,0.0,0.0,0.0
2021-04-05,Foxbit,USDT,USDT/BRL,0.0,0.0,0.0,0.0,0.0,0.0
2021-04-06,Foxbit,USDT,USDT/BRL,0.0,0.0,0.0,0.0,0.0,0.0
2021-04-07,Foxbit,USDT,USDT/BRL,5.7,5.83,5.5,5.82,31974.6395,186092.40189
2021-04-08,Foxbit,USDT,USDT/BRL,5.82,5.85,5.65,5.82,19323.9797,112465.561854
2021-04-09,Foxbit,USDT,USDT/BRL,5.82,5.82,5.53,5.78,10245.0191,59216.210398
2021-04-10,Foxbit,USDT,USDT/BRL,5.78,5.8,5.61,5.77,8297.4793,47876.455561
2021-04-11,Foxbit,USDT,USDT/BRL,5.77,5.77,5.51,5.69,4481.98,25502.4662
2021-04-12,Foxbit,USDT,USDT/BRL,5.76,5.83,5.63,5.82,10999.4097,64016.56445400001
2021-04-13,Foxbit,USDT,USDT/BRL,5.82,6.0,5.55,5.753,63500.0897,365316.0160441
2021-04-14,Foxbit,USDT,USDT/BRL,5.948,5.95,5.74,5.78,18670.459,107915.25302
2021-04-15,Foxbit,USDT,USDT/BRL,5.899,5.9,5.7,5.839,103766.3698,605891.8332622
2021-04-16,Foxbit,USDT,USDT/BRL,5.75,5.84,5.701,5.75,11533.1486,66315.60445
2021-04-17,Foxbit,USDT,USDT/BRL,5.75,5.75,5.652,5.749,15383.1069,88437.4815681
2021-04-18,Foxbit,USDT,USDT/BRL,5.75,5.8,5.552,5.661,16573.0296,93819.9205656
2021-04-19,Foxbit,USDT,USDT/BRL,5.661,5.75,5.561,5.7,27823.2394,158592.46458
2021-04-20,Foxbit,USDT,USDT/BRL,5.7,5.7,5.552,5.585,15850.8593,88527.0491905
2021-04-21,Foxbit,USDT,USDT/BRL,5.581,5.64,5.55,5.565,13972.2197,77755.4026305
2021-04-22,Foxbit,USDT,USDT/BRL,5.639,5.7,5.413,5.416,19782.3197,107141.0434952
2021-04-23,Foxbit,USDT,USDT/BRL,5.442,5.592,5.373,5.497,9092.7497,49982.8451009
2021-04-24,Foxbit,USDT,USDT/BRL,5.586,5.6,5.405,5.6,18293.6394,102444.38063999999
2021-04-25,Foxbit,USDT,USDT/BRL,5.6,5.6,5.422,5.5,12539.5903,68967.74665
2021-04-26,Foxbit,USDT,USDT/BRL,5.5,5.6,5.393,5.547,39010.8791,216393.34636769997
2021-04-27,Foxbit,USDT,USDT/BRL,5.546,5.579,5.0,5.45,51995.4188,283375.03246
2021-04-28,Foxbit,USDT,USDT/BRL,5.503,5.579,5.35,5.36,19555.1968,104815.85484800002
2021-04-29,Foxbit,USDT,USDT/BRL,5.514,5.555,5.3,5.385,34697.9899,186848.6756115
2021-04-30,Foxbit,USDT,USDT/BRL,5.385,5.6,5.351,5.6,36262.6381,203070.77335999996
2021-05-01,Foxbit,USDT,USDT/BRL,5.6,5.65,5.47,5.645,17945.3354,101301.418333
2021-05-02,Foxbit,USDT,USDT/BRL,5.645,5.65,5.492,5.618,15540.5763,87306.95765340001
2021-05-03,Foxbit,USDT,USDT/BRL,5.62,5.645,5.3,5.353,49389.9549,264384.42857969995
2021-05-04,Foxbit,USDT,USDT/BRL,5.469,5.485,4.513,5.436,55491.1741,301650.02240759996
2021-05-05,Foxbit,USDT,USDT/BRL,5.436,5.448,4.891,5.425,41632.9631,225858.8248175
2021-05-06,Foxbit,USDT,USDT/BRL,5.336,5.448,5.251,5.339,23451.0269,125205.03261910002
2021-05-07,Foxbit,USDT,USDT/BRL,5.339,5.35,5.221,5.337,23974.4462,127951.61936939998
2021-05-08,Foxbit,USDT,USDT/BRL,5.281,5.395,5.193,5.241,26580.8299,139310.1295059
2021-05-09,Foxbit,USDT,USDT/BRL,5.304,5.394,5.181,5.338,14394.9622,76840.3082236
2021-05-10,Foxbit,USDT,USDT/BRL,5.305,5.37,5.223,5.34,42913.2669,229156.845246
2021-05-11,Foxbit,USDT,USDT/BRL,5.336,5.377,5.2,5.221,28132.1321,146877.8616941
2021-05-12,Foxbit,USDT,USDT/BRL,5.307,5.344,5.221,5.29,33118.0434,175194.449586
2021-05-13,Foxbit,USDT,USDT/BRL,5.344,5.393,5.105,5.264,50265.1269,264595.62800160004
2021-05-14,Foxbit,USDT,USDT/BRL,5.249,6.135,5.127,5.227,87512.4842,457427.75491340004
2021-05-15,Foxbit,USDT,USDT/BRL,5.334,5.364,5.16,5.32,29292.2769,155834.913108
2021-05-16,Foxbit,USDT,USDT/BRL,5.319,5.334,5.16,5.168,30968.2093,160043.7056624
2021-05-17,Foxbit,USDT,USDT/BRL,5.17,5.4,5.0,5.15,55466.4122,285652.02283000003
2021-05-18,Foxbit,USDT,USDT/BRL,5.15,5.293,5.001,5.238,21556.2838,112911.81454440001
2021-05-19,Foxbit,USDT,USDT/BRL,5.238,5.27,4.51,5.108,34253.9789,174969.3242212
2021-05-20,Foxbit,USDT,USDT/BRL,5.117,5.296,5.1,5.24,30444.1302,159527.242248
2021-05-21,Foxbit,USDT,USDT/BRL,5.238,5.25,5.0,5.053,19136.2346,96695.3934338
2021-05-22,Foxbit,USDT,USDT/BRL,5.054,5.25,5.0,5.1,11173.7729,56986.24178999999
2021-05-23,Foxbit,USDT,USDT/BRL,5.0,5.197,5.0,5.005,22635.1179,113288.7650895
2021-05-24,Foxbit,USDT,USDT/BRL,5.006,5.248,5.006,5.121,17716.827,90727.87106700001
2021-05-25,Foxbit,USDT,USDT/BRL,5.121,5.24,5.102,5.104,16313.8434,83265.8567136
2021-05-26,Foxbit,USDT,USDT/BRL,5.104,5.235,5.102,5.106,17916.0268,91479.2328408
2021-05-27,Foxbit,USDT,USDT/BRL,5.187,5.192,5.102,5.179,13082.8847,67756.2598613
2021-05-28,Foxbit,USDT,USDT/BRL,5.178,5.256,5.102,5.148,11851.0906,61009.414408799996
2021-05-29,Foxbit,USDT,USDT/BRL,5.151,5.195,5.103,5.116,5195.2288,26578.790540799997
2021-05-30,Foxbit,USDT,USDT/BRL,5.116,5.189,5.103,5.131,4756.084,24403.467004000002
2021-05-31,Foxbit,USDT,USDT/BRL,5.188,5.25,5.102,5.233,41992.8055,219748.3511815
2021-06-01,Foxbit,USDT,USDT/BRL,5.205,5.233,5.102,5.145,18129.6856,93277.232412
2021-06-02,Foxbit,USDT,USDT/BRL,5.103,5.147,5.02,5.02,21710.4514,108986.466028
2021-06-03,Foxbit,USDT,USDT/BRL,5.026,5.08,4.993,5.001,6667.548,33344.407548
2021-06-04,Foxbit,USDT,USDT/BRL,5.069,5.08,4.984,4.989,9994.5266,49862.69320739999
2021-06-05,Foxbit,USDT,USDT/BRL,5.024,5.035,4.951,5.0,12686.7949,63433.974500000004
2021-06-06,Foxbit,USDT,USDT/BRL,5.0,5.05,4.971,4.98,1072.2257,5339.683986
2021-06-07,Foxbit,USDT,USDT/BRL,4.98,5.05,4.901,4.901,13455.2441,65944.1513341
2021-06-08,Foxbit,USDT,USDT/BRL,5.048,5.048,4.9,4.919,9643.1601,47434.704531899995
2021-06-09,Foxbit,USDT,USDT/BRL,4.92,5.03,4.859,4.864,27822.1108,135326.7469312
2021-06-10,Foxbit,USDT,USDT/BRL,4.925,4.986,4.846,4.983,13732.2328,68427.71604239999
2021-06-11,Foxbit,USDT,USDT/BRL,4.983,5.05,4.85,5.049,12662.4899,63932.911505100004
2021-06-12,Foxbit,USDT,USDT/BRL,5.049,5.05,4.976,5.045,1835.9055,9262.1432475
2021-06-13,Foxbit,USDT,USDT/BRL,5.045,5.126,4.955,5.009,7119.925,35663.704325000006
2021-06-14,Foxbit,USDT,USDT/BRL,5.014,5.087,5.0,5.0,15428.0418,77140.209
2021-06-15,Foxbit,USDT,USDT/BRL,5.074,5.077,5.0,5.001,6316.6497,31589.565149700004
2021-06-16,Foxbit,USDT,USDT/BRL,5.063,5.083,4.935,5.061,15201.3936,76934.2530096
2021-06-17,Foxbit,USDT,USDT/BRL,5.061,5.061,4.86,4.996,11370.0579,56804.80926840001
2021-06-18,Foxbit,USDT,USDT/BRL,4.996,4.998,4.94,4.942,2194.0579,10843.034141799999
2021-06-19,Foxbit,USDT,USDT/BRL,4.948,5.075,4.94,4.941,6359.8998,31424.2649118
2021-06-20,Foxbit,USDT,USDT/BRL,4.948,5.064,4.941,5.054,4000.8718,20220.4060772
2021-06-21,Foxbit,USDT,USDT/BRL,4.952,5.211,4.952,4.963,29487.8319,146348.1097197
2021-06-22,Foxbit,USDT,USDT/BRL,5.0,5.053,4.835,4.955,21246.5598,105276.703809
2021-06-23,Foxbit,USDT,USDT/BRL,4.861,4.986,4.815,4.984,9573.4987,47714.3175208
2021-06-24,Foxbit,USDT,USDT/BRL,4.978,4.999,4.84,4.853,12204.3292,59227.609607599996
2021-06-25,Foxbit,USDT,USDT/BRL,4.856,4.966,4.84,4.966,3497.3635,17367.907141
2021-06-26,Foxbit,USDT,USDT/BRL,4.949,4.952,4.841,4.931,2871.9072,14161.374403200001
2021-06-27,Foxbit,USDT,USDT/BRL,4.849,4.899,4.84,4.889,1014.9629,4962.1536181
2021-06-28,Foxbit,USDT,USDT/BRL,4.89,4.89,4.84,4.89,6381.185,31203.99465
2021-06-29,Foxbit,USDT,USDT/BRL,4.89,4.906,4.84,4.906,7246.101,35549.371505999996
2021-06-30,Foxbit,USDT,USDT/BRL,4.906,4.906,4.808,4.889,12412.739,60685.880971
2021-07-01,Foxbit,USDT,USDT/BRL,4.889,5.065,4.805,5.031,28241.8027,142084.5093837
2021-07-02,Foxbit,USDT,USDT/BRL,5.057,5.078,5.03,5.032,18267.7898,91923.5182736
2021-07-03,Foxbit,USDT,USDT/BRL,5.065,5.078,5.03,5.077,9704.444,49269.462188
2021-07-04,Foxbit,USDT,USDT/BRL,5.031,5.078,5.03,5.03,7527.05,37861.0615
2021-07-05,Foxbit,USDT,USDT/BRL,5.049,5.049,4.954,4.999,14719.0776,73580.6689224
2021-07-06,Foxbit,USDT,USDT/BRL,5.0,5.186,4.82,5.018,43486.957,218217.550226
2021-07-07,Foxbit,USDT,USDT/BRL,5.127,5.275,4.977,5.09,40070.1516,203957.07164399998
2021-07-08,Foxbit,USDT,USDT/BRL,5.084,5.2,5.075,5.14,10741.3291,55210.431574
2021-07-09,Foxbit,USDT,USDT/BRL,5.14,5.198,5.099,5.198,19041.8995,98979.79360100001
2021-07-10,Foxbit,USDT,USDT/BRL,5.197,5.2,5.116,5.191,1770.3761,9190.022335099999
2021-07-11,Foxbit,USDT,USDT/BRL,5.16,5.2,5.14,5.199,1004.28,5221.251719999999
2021-07-12,Foxbit,USDT,USDT/BRL,5.147,5.21,5.11,5.199,33599.5968,174684.3037632
2021-07-13,Foxbit,USDT,USDT/BRL,5.199,5.2,5.111,5.17,240356.4325,1242642.756025
2021-07-14,Foxbit,USDT,USDT/BRL,5.2,5.2,5.11,5.11,97727.9489,499389.818879
2021-07-15,Foxbit,USDT,USDT/BRL,5.157,5.16,5.103,5.103,182155.3569,929538.7862607
2021-07-16,Foxbit,USDT,USDT/BRL,5.158,5.158,4.92,5.12,196550.6598,1006339.378176
2021-07-17,Foxbit,USDT,USDT/BRL,5.12,5.16,5.12,5.16,26622.342,137371.28472
2021-07-18,Foxbit,USDT,USDT/BRL,5.16,5.17,4.933,4.933,9432.9917,46532.9480561
2021-07-19,Foxbit,USDT,USDT/BRL,5.161,5.23,4.931,5.201,74006.7948,384909.33975479996
2021-07-20,Foxbit,USDT,USDT/BRL,5.23,5.23,5.17,5.229,8896.8069,46521.4032801
2021-07-21,Foxbit,USDT,USDT/BRL,5.229,5.23,5.174,5.216,15910.7309,82990.3723744
2021-07-22,Foxbit,USDT,USDT/BRL,5.184,5.224,1.0,5.132,76233.5071,391230.35843719996
2021-07-23,Foxbit,USDT,USDT/BRL,5.115,5.16,4.965,5.153,13139.3647,67707.1462991
2021-07-24,Foxbit,USDT,USDT/BRL,5.159,5.16,5.011,5.032,8575.4877,43151.8541064
2021-07-25,Foxbit,USDT,USDT/BRL,5.079,5.08,4.967,5.0,5363.1283,26815.6415
2021-07-26,Foxbit,USDT,USDT/BRL,5.0,5.121,4.965,5.115,21565.0601,110305.2824115
2021-07-27,Foxbit,USDT,USDT/BRL,5.083,5.169,5.075,5.158,13453.6168,69393.7554544
2021-07-28,Foxbit,USDT,USDT/BRL,5.125,5.159,5.115,5.14,5234.1786,26903.678003999998
2021-07-29,Foxbit,USDT,USDT/BRL,5.115,5.139,5.063,5.063,16921.6729,85674.4298927
2021-07-30,Foxbit,USDT,USDT/BRL,5.081,5.223,5.063,5.199,18201.8091,94631.20551089999
2021-07-31,Foxbit,USDT,USDT/BRL,5.103,5.229,5.103,5.226,10612.5359,55461.1126134
2021-08-01,Foxbit,USDT,USDT/BRL,5.226,5.226,5.145,5.209,1531.8209,7979.255068099999
2021-08-02,Foxbit,USDT,USDT/BRL,5.209,5.209,4.83,5.01,44183.9578,221361.62857799997
2021-08-03,Foxbit,USDT,USDT/BRL,5.135,5.215,4.904,5.154,25621.0297,132050.7870738
2021-08-04,Foxbit,USDT,USDT/BRL,5.154,5.241,4.86,5.09,56146.5098,285785.734882
2021-08-05,Foxbit,USDT,USDT/BRL,5.086,5.249,5.073,5.249,7692.8597,40379.8205653
2021-08-06,Foxbit,USDT,USDT/BRL,5.148,5.249,5.105,5.106,8525.0628,43528.9706568
2021-08-07,Foxbit,USDT,USDT/BRL,5.108,5.241,5.077,5.176,16862.4238,87279.9055888
2021-08-08,Foxbit,USDT,USDT/BRL,5.234,5.239,5.067,5.087,27137.3304,138047.59974479998
2021-08-09,Foxbit,USDT,USDT/BRL,5.229,5.259,5.107,5.184,29948.8017,155254.5880128
2021-08-10,Foxbit,USDT,USDT/BRL,5.184,5.287,5.114,5.231,42629.5453,222995.1514643
2021-08-11,Foxbit,USDT,USDT/BRL,5.232,5.233,5.004,5.149,42250.0042,217545.27162580003
2021-08-12,Foxbit,USDT,USDT/BRL,5.143,5.325,5.123,5.152,34978.2704,180208.0491008
2021-08-13,Foxbit,USDT,USDT/BRL,5.298,5.338,5.129,5.182,14621.1555,75766.827801
2021-08-14,Foxbit,USDT,USDT/BRL,5.329,5.33,5.169,5.293,14722.4324,77925.8346932
2021-08-15,Foxbit,USDT,USDT/BRL,5.207,5.298,5.2,5.24,11455.1746,60025.114904
2021-08-16,Foxbit,USDT,USDT/BRL,5.209,5.351,5.194,5.348,20517.2355,109726.175454
2021-08-17,Foxbit,USDT,USDT/BRL,5.206,5.348,5.168,5.203,15418.3181,80221.5090743
2021-08-18,Foxbit,USDT,USDT/BRL,5.205,5.294,5.199,5.275,10482.7956,55296.74679
2021-08-19,Foxbit,USDT,USDT/BRL,5.29,5.408,5.217,5.287,14076.4045,74421.9505915
2021-08-20,Foxbit,USDT,USDT/BRL,5.364,5.459,5.247,5.409,41115.1903,222392.0643327
2021-08-21,Foxbit,USDT,USDT/BRL,5.344,5.409,5.343,5.408,4944.9268,26742.1641344
2021-08-22,Foxbit,USDT,USDT/BRL,5.354,5.449,5.347,5.383,1270.259,6837.804197
2021-08-23,Foxbit,USDT,USDT/BRL,5.44,5.454,5.34,5.43,32448.3104,176194.325472
2021-08-24,Foxbit,USDT,USDT/BRL,5.382,5.437,5.2,5.3,21831.0486,115704.55758
2021-08-25,Foxbit,USDT,USDT/BRL,5.3,5.377,5.012,5.371,42670.8228,229184.98925880002
2021-08-26,Foxbit,USDT,USDT/BRL,5.377,5.377,5.106,5.243,10442.1015,54747.93816450001
2021-08-27,Foxbit,USDT,USDT/BRL,5.243,5.32,5.231,5.243,9481.7065,49712.587179500006
2021-08-28,Foxbit,USDT,USDT/BRL,5.243,5.298,5.187,5.294,8103.1764,42898.2158616
2021-08-29,Foxbit,USDT,USDT/BRL,5.293,5.296,5.132,5.247,2615.5218,13723.6428846
2021-08-30,Foxbit,USDT,USDT/BRL,5.247,5.567,5.11,5.331,60525.6602,322662.29452620004
2021-08-31,Foxbit,USDT,USDT/BRL,5.444,5.444,5.01,5.185,39103.1015,202749.58127749996
2021-09-01,Foxbit,USDT,USDT/BRL,5.219,5.405,5.181,5.208,38649.7715,201288.00997200003
2021-09-02,Foxbit,USDT,USDT/BRL,5.208,5.369,4.821,5.361,112400.3419,602578.2329259
2021-09-03,Foxbit,USDT,USDT/BRL,5.316,5.351,5.166,5.231,10440.8371,54616.0188701
2021-09-04,Foxbit,USDT,USDT/BRL,5.329,5.347,5.195,5.328,7795.8433,41536.253102400005
2021-09-05,Foxbit,USDT,USDT/BRL,5.224,5.333,5.207,5.221,6884.0615,35941.685091499996
2021-09-06,Foxbit,USDT,USDT/BRL,5.292,5.332,5.191,5.252,12599.6085,66173.143842
2021-09-07,Foxbit,USDT,USDT/BRL,5.252,5.306,5.125,5.203,43908.5967,228456.4286301
2021-09-08,Foxbit,USDT,USDT/BRL,5.201,5.399,5.2,5.268,14095.4764,74254.9696752
2021-09-09,Foxbit,USDT,USDT/BRL,5.366,5.39,5.26,5.269,15824.9256,83381.53298640001
2021-09-10,Foxbit,USDT,USDT/BRL,5.267,5.367,5.225,5.347,14485.5946,77454.47432620001
2021-09-11,Foxbit,USDT,USDT/BRL,5.239,5.35,5.225,5.227,4076.7831,21309.3452637
2021-09-12,Foxbit,USDT,USDT/BRL,5.349,5.385,5.226,5.379,2715.4218,14606.2538622
2021-09-13,Foxbit,USDT,USDT/BRL,5.372,5.405,5.251,5.382,14802.0348,79664.55129359999
2021-09-14,Foxbit,USDT,USDT/BRL,5.32,5.387,5.143,5.216,40113.3147,209231.0494752
2021-09-15,Foxbit,USDT,USDT/BRL,5.304,5.317,5.191,5.258,17444.98,91725.70483999999
2021-09-16,Foxbit,USDT,USDT/BRL,5.202,5.304,5.199,5.265,32257.4954,169835.71328099997
2021-09-17,Foxbit,USDT,USDT/BRL,5.21,5.307,5.205,5.22,48725.3927,254346.54989399997
2021-09-18,Foxbit,USDT,USDT/BRL,5.22,5.284,5.205,5.281,34402.366,181678.894846
2021-09-19,Foxbit,USDT,USDT/BRL,5.213,5.308,5.206,5.243,27015.3968,141641.7254224
2021-09-20,Foxbit,USDT,USDT/BRL,5.308,5.394,5.219,5.219,49524.3629,258467.6499751
2021-09-21,Foxbit,USDT,USDT/BRL,5.253,5.315,5.21,5.229,19395.0809,101416.8780261
2021-09-22,Foxbit,USDT,USDT/BRL,5.233,5.373,5.206,5.235,33046.6397,172999.1588295
2021-09-23,Foxbit,USDT,USDT/BRL,5.236,5.367,5.23,5.346,16604.0518,88765.26092280001
2021-09-24,Foxbit,USDT,USDT/BRL,5.359,5.378,5.3,5.377,12495.4017,67187.7749409
2021-09-25,Foxbit,USDT,USDT/BRL,5.321,5.376,5.312,5.375,2129.1136,11443.9856
2021-09-26,Foxbit,USDT,USDT/BRL,5.375,5.411,5.301,5.411,18340.4359,99240.0986549
2021-09-27,Foxbit,USDT,USDT/BRL,5.337,5.448,5.28,5.297,11231.8959,59495.352582299995
2021-09-28,Foxbit,USDT,USDT/BRL,5.439,5.899,5.267,5.54,42543.3413,235690.110802
2021-09-29,Foxbit,USDT,USDT/BRL,5.54,5.899,5.333,5.536,26555.3155,147010.226608
2021-09-30,Foxbit,USDT,USDT/BRL,5.362,5.513,5.362,5.4,7456.2824,40263.924960000004
2021-10-01,Foxbit,USDT,USDT/BRL,5.4,5.749,5.21,5.27,104038.4595,548282.681565
2021-10-02,Foxbit,USDT,USDT/BRL,5.282,5.388,5.279,5.32,13599.0727,72347.066764
2021-10-03,Foxbit,USDT,USDT/BRL,5.319,5.36,5.303,5.359,5927.7064,31766.5785976
2021-10-04,Foxbit,USDT,USDT/BRL,5.304,5.39,5.302,5.35,21162.1328,113217.41047999999
2021-10-05,Foxbit,USDT,USDT/BRL,5.333,5.747,5.308,5.407,55046.9027,297638.6028989
2021-10-06,Foxbit,USDT,USDT/BRL,5.449,5.998,5.335,5.451,68330.6374,372470.3044674
2021-10-07,Foxbit,USDT,USDT/BRL,5.499,5.998,5.407,5.421,41816.7236,226688.4586356
2021-10-08,Foxbit,USDT,USDT/BRL,5.498,5.5,5.387,5.468,13682.0486,74813.4417448
2021-10-09,Foxbit,USDT,USDT/BRL,5.5,5.5,5.44,5.454,5590.3359,30489.6919986
2021-10-10,Foxbit,USDT,USDT/BRL,5.454,5.48,5.44,5.45,4678.6607,25498.700815000004
2021-10-11,Foxbit,USDT,USDT/BRL,5.48,5.7,5.42,5.509,35043.2075,193053.0301175
2021-10-12,Foxbit,USDT,USDT/BRL,5.596,5.598,5.48,5.588,4140.5426,23137.3520488
2021-10-13,Foxbit,USDT,USDT/BRL,5.509,5.588,5.461,5.531,15294.0433,84591.3534923
2021-10-14,Foxbit,USDT,USDT/BRL,5.465,5.59,5.315,5.449,39200.5336,213603.7075864
2021-10-15,Foxbit,USDT,USDT/BRL,5.533,5.534,5.309,5.46,19062.7235,104082.47031
2021-10-16,Foxbit,USDT,USDT/BRL,5.43,5.478,5.382,5.478,7089.0149,38833.6236222
2021-10-17,Foxbit,USDT,USDT/BRL,5.435,5.544,5.425,5.466,4453.0658,24340.457662800003
2021-10-18,Foxbit,USDT,USDT/BRL,5.53,5.551,5.313,5.493,26540.9307,145789.3323351
2021-10-19,Foxbit,USDT,USDT/BRL,5.442,5.754,5.347,5.734,30089.8899,172535.4286866
2021-10-20,Foxbit,USDT,USDT/BRL,5.745,5.747,3.501,5.496,99412.3705,546370.3882680001
2021-10-21,Foxbit,USDT,USDT/BRL,5.496,5.604,5.178,5.51,46925.9534,258562.00323399997
2021-10-22,Foxbit,USDT,USDT/BRL,5.514,5.645,5.481,5.571,28700.7459,159891.8554089
2021-10-23,Foxbit,USDT,USDT/BRL,5.579,5.59,5.51,5.518,13974.0643,77108.88680739999
2021-10-24,Foxbit,USDT,USDT/BRL,5.516,5.599,5.51,5.547,11804.3045,65478.477061499994
2021-10-25,Foxbit,USDT,USDT/BRL,5.555,6.0,5.505,5.782,106364.7756,615001.1325192
2021-10-26,Foxbit,USDT,USDT/BRL,5.774,5.786,5.572,5.622,34132.9072,191895.2042784
2021-10-27,Foxbit,USDT,USDT/BRL,5.762,5.765,5.581,5.647,28681.5477,161964.6998619
2021-10-28,Foxbit,USDT,USDT/BRL,5.602,5.76,5.581,5.723,27337.9616,156455.15423679998
2021-10-29,Foxbit,USDT,USDT/BRL,5.72,5.723,5.612,5.706,13860.6635,79088.94593100001
2021-10-30,Foxbit,USDT,USDT/BRL,5.642,5.716,5.627,5.643,8383.0595,47305.6047585
2021-10-31,Foxbit,USDT,USDT/BRL,5.668,5.723,5.627,5.664,9634.3178,54568.7760192
2021-11-01,Foxbit,USDT,USDT/BRL,5.665,5.737,5.629,5.728,19349.3759,110833.2251552
2021-11-02,Foxbit,USDT,USDT/BRL,5.67,5.728,5.65,5.652,12791.708,72298.733616
2021-11-03,Foxbit,USDT,USDT/BRL,5.695,5.715,5.627,5.65,19823.8406,112004.69939000001
2021-11-04,Foxbit,USDT,USDT/BRL,5.698,5.699,5.578,5.692,36584.3927,208238.36324839998
2021-11-05,Foxbit,USDT,USDT/BRL,5.695,5.71,5.52,5.657,22095.9362,124996.7110834
2021-11-06,Foxbit,USDT,USDT/BRL,5.594,5.657,5.536,5.633,5947.9339,33504.7116587
2021-11-07,Foxbit,USDT,USDT/BRL,5.629,5.644,5.534,5.582,26212.5437,146318.41893339998
2021-11-08,Foxbit,USDT,USDT/BRL,5.63,5.698,5.502,5.691,40682.3516,231523.26295560002
2021-11-09,Foxbit,USDT,USDT/BRL,5.686,5.699,5.57,5.572,43392.2439,241781.5830108
2021-11-10,Foxbit,USDT,USDT/BRL,5.572,5.678,5.352,5.637,41793.3871,235589.3230827
2021-11-11,Foxbit,USDT,USDT/BRL,5.528,5.647,5.382,5.393,26555.258,143212.506394
2021-11-12,Foxbit,USDT,USDT/BRL,5.401,5.556,5.38,5.38,22772.5613,122516.37979400001
2021-11-13,Foxbit,USDT,USDT/BRL,5.527,5.57,5.38,5.566,8323.4428,46328.282624800006
2021-11-14,Foxbit,USDT,USDT/BRL,5.566,5.597,5.433,5.506,9550.3429,52584.1880074
2021-11-15,Foxbit,USDT,USDT/BRL,5.506,5.53,5.427,5.524,11995.4188,66262.6934512
2021-11-16,Foxbit,USDT,USDT/BRL,5.443,5.596,5.427,5.5,29646.6993,163056.84615
2021-11-17,Foxbit,USDT,USDT/BRL,5.5,5.538,5.35,5.47,10061.4918,55036.360146
2021-11-18,Foxbit,USDT,USDT/BRL,5.385,5.63,5.385,5.503,26008.616,143125.41384800003
2021-11-19,Foxbit,USDT,USDT/BRL,5.503,5.63,5.489,5.624,10979.5115,61748.772676
2021-11-20,Foxbit,USDT,USDT/BRL,5.522,5.674,5.517,5.632,9481.9868,53402.5496576
2021-11-21,Foxbit,USDT,USDT/BRL,5.673,5.708,5.53,5.663,25846.7216,146369.9844208
2021-11-22,Foxbit,USDT,USDT/BRL,5.663,5.708,5.541,5.551,11394.9278,63253.2442178
2021-11-23,Foxbit,USDT,USDT/BRL,5.55,5.58,5.4,5.568,11935.2616,66455.5365888
2021-11-24,Foxbit,USDT,USDT/BRL,5.568,5.715,5.405,5.522,34012.5366,187817.2271052
2021-11-25,Foxbit,USDT,USDT/BRL,5.606,5.78,5.42,5.647,53090.9269,299804.4642043
2021-11-26,Foxbit,USDT,USDT/BRL,5.509,5.75,4.89,5.405,60811.4908,328686.10777400003
2021-11-27,Foxbit,USDT,USDT/BRL,5.4,5.679,5.002,5.649,44428.8988,250978.84932120002
2021-11-28,Foxbit,USDT,USDT/BRL,5.505,5.7,5.486,5.698,28130.8614,160289.64825720002
2021-11-29,Foxbit,USDT,USDT/BRL,5.698,5.699,5.5,5.699,20028.6009,114142.9965291
2021-11-30,Foxbit,USDT,USDT/BRL,5.699,5.722,5.541,5.689,8071.9739,45921.459517100004
2021-12-01,Foxbit,USDT,USDT/BRL,5.69,5.722,4.89,5.6,65673.8419,367773.51463999995
2021-12-02,Foxbit,USDT,USDT/BRL,5.6,5.709,5.554,5.613,25027.0239,140476.6851507
2021-12-03,Foxbit,USDT,USDT/BRL,5.706,5.732,5.425,5.511,2226131.781,12268212.245091
2021-12-04,Foxbit,USDT,USDT/BRL,5.599,5.798,5.451,5.631,95629.3518,538488.8799858
2021-12-05,Foxbit,USDT,USDT/BRL,5.65,5.72,5.61,5.65,6378.0059,36035.733335000004
2021-12-06,Foxbit,USDT,USDT/BRL,5.65,5.769,5.65,5.666,23363.8336,132379.4811776
2021-12-07,Foxbit,USDT,USDT/BRL,5.769,5.769,5.65,5.66,12739.8565,72107.58779
2021-12-08,Foxbit,USDT,USDT/BRL,5.65,5.727,5.5,5.515,236038.4504,1301752.053956
2021-12-09,Foxbit,USDT,USDT/BRL,5.59,5.653,5.513,5.648,9838.1018,55565.5989664
2021-12-10,Foxbit,USDT,USDT/BRL,5.653,5.7,5.351,5.699,32364.8738,184447.4157862
2021-12-11,Foxbit,USDT,USDT/BRL,5.571,5.699,5.508,5.688,5630.5649,32026.6531512
2021-12-12,Foxbit,USDT,USDT/BRL,5.537,5.688,5.537,5.577,1292.9498,7210.781034600001
2021-12-13,Foxbit,USDT,USDT/BRL,5.577,5.7,5.533,5.699,16839.3608,95967.5171992
2021-12-14,Foxbit,USDT,USDT/BRL,5.699,5.75,5.5,5.638,31365.7155,176839.90398899998
2021-12-15,Foxbit,USDT,USDT/BRL,5.638,5.709,5.428,5.679,23801.9365,135171.1973835
2021-12-16,Foxbit,USDT,USDT/BRL,5.58,5.999,5.444,5.75,88006.4026,506036.81495
2021-12-17,Foxbit,USDT,USDT/BRL,5.588,5.759,5.582,5.635,4454.6836,25102.142086
2021-12-18,Foxbit,USDT,USDT/BRL,5.72,5.738,5.602,5.622,4346.7405,24437.375090999998
2021-12-19,Foxbit,USDT,USDT/BRL,5.622,5.73,5.608,5.73,1735.9697,9947.106381000001
2021-12-20,Foxbit,USDT,USDT/BRL,5.73,5.739,5.62,5.638,10052.6647,56676.92357859999
2021-12-21,Foxbit,USDT,USDT/BRL,5.638,5.732,5.624,5.729,9375.1651,53710.3208579
2021-12-22,Foxbit,USDT,USDT/BRL,5.644,5.739,5.623,5.739,51657.8368,296464.3253952
2021-12-23,Foxbit,USDT,USDT/BRL,5.72,5.831,5.55,5.7079,52565.3908,300037.99414732005
2021-12-24,Foxbit,USDT,USDT/BRL,5.7109,5.7139,5.625,5.707,8977.0198,51231.851998599996
2021-12-25,Foxbit,USDT,USDT/BRL,5.707,5.719,5.6473,5.649,2060.564,11640.126036
2021-12-26,Foxbit,USDT,USDT/BRL,5.649,5.715,5.6473,5.705,990.289,5649.598745
2021-12-27,Foxbit,USDT,USDT/BRL,5.6473,5.7169,5.6041,5.621,119362.6811,670937.6304631
2021-12-28,Foxbit,USDT,USDT/BRL,5.69,5.69,5.55,5.67,15182.292,86083.59564
2021-12-29,Foxbit,USDT,USDT/BRL,5.67,5.73,5.493,5.503,23687.6927,130353.3729281
2021-12-30,Foxbit,USDT,USDT/BRL,5.68,5.68,5.486,5.57,11414.7019,63579.889583000004
2021-12-31,Foxbit,USDT,USDT/BRL,5.547,5.623,5.001,5.597,38125.952,213390.953344
2022-01-01,Foxbit,USDT,USDT/BRL,5.588,5.588,5.472,5.569,1571.646,8752.496573999999
2022-01-02,Foxbit,USDT,USDT/BRL,5.476,5.569,5.47,5.567,1492.9864,8311.4552888
2022-01-03,Foxbit,USDT,USDT/BRL,5.567,5.724,5.402,5.724,51368.9938,294036.1205112
2022-01-04,Foxbit,USDT,USDT/BRL,5.551,5.724,5.545,5.7,6655.0759,37933.93263
2022-01-05,Foxbit,USDT,USDT/BRL,5.674,5.758,5.53,5.53,39514.734,218516.47902
2022-01-06,Foxbit,USDT,USDT/BRL,5.555,5.7,5.551,5.655,15820.7974,89466.609297
2022-01-07,Foxbit,USDT,USDT/BRL,5.654,5.743,4.0,5.549,90229.5799,500683.93886510003
2022-01-08,Foxbit,USDT,USDT/BRL,5.548,5.699,1.251,5.494,97208.3717,534062.7941198
2022-01-09,Foxbit,USDT,USDT/BRL,5.484,5.689,5.17,5.65,42346.7828,239259.32282000003
2022-01-10,Foxbit,USDT,USDT/BRL,5.6121,5.7,5.556,5.674,48012.1257,272420.8012218
2022-01-11,Foxbit,USDT,USDT/BRL,5.674,5.6929,5.585,5.585,16046.8969,89621.9191865
2022-01-12,Foxbit,USDT,USDT/BRL,5.585,5.6469,5.56,5.57,6854.6505,38180.403285
2022-01-13,Foxbit,USDT,USDT/BRL,5.57,5.59,5.4641,5.525,9729.5,53755.4875
2022-01-14,Foxbit,USDT,USDT/BRL,5.586,5.5879,5.466,5.56,10019.5528,55708.71356799999
2022-01-15,Foxbit,USDT,USDT/BRL,5.505,5.562,5.4971,5.5141,1711.77,9438.870957
2022-01-16,Foxbit,USDT,USDT/BRL,5.515,5.564,5.5061,5.519,1899.5319,10483.5165561
2022-01-17,Foxbit,USDT,USDT/BRL,5.564,5.58,5.015,5.519,57002.0818,314594.4894542
2022-01-18,Foxbit,USDT,USDT/BRL,5.46,5.593,5.432,5.55,37002.8459,205365.794745
2022-01-19,Foxbit,USDT,USDT/BRL,5.588,5.655,5.47,5.5379,47148.3695,261102.95545404998
2022-01-20,Foxbit,USDT,USDT/BRL,5.4821,5.5549,5.431,5.4691,57019.5769,311845.76802379
2022-01-21,Foxbit,USDT,USDT/BRL,5.4331,5.5279,5.414,5.514,18729.046,103271.959644
2022-01-22,Foxbit,USDT,USDT/BRL,5.514,5.599,5.45,5.529,16849.1268,93158.82207719999
2022-01-23,Foxbit,USDT,USDT/BRL,5.5379,5.5409,5.4521,5.5299,9181.9236,50775.11931564
2022-01-24,Foxbit,USDT,USDT/BRL,5.4842,5.625,5.45,5.5519,71148.8427,395011.25978612993
2022-01-25,Foxbit,USDT,USDT/BRL,5.551,5.5579,5.4753,5.5197,13401.6889,73973.30222133
2022-01-26,Foxbit,USDT,USDT/BRL,5.5198,5.614,5.2051,5.4282,34030.7608,184725.77577456
2022-01-27,Foxbit,USDT,USDT/BRL,5.4382,5.5,5.3681,5.3821,5054.62,27204.470302
2022-01-28,Foxbit,USDT,USDT/BRL,5.45,5.45,5.24,5.323,24050.9679,128023.30213170001
2022-01-29,Foxbit,USDT,USDT/BRL,5.322,5.419,5.302,5.409,3103.9529,16789.2812361
2022-01-30,Foxbit,USDT,USDT/BRL,5.35,5.41,5.33,5.41,1028.549,5564.45009
2022-01-31,Foxbit,USDT,USDT/BRL,5.41,5.41,5.147,5.3,56592.6881,299941.24692999996
2022-02-01,Foxbit,USDT,USDT/BRL,5.346,5.377,5.163,5.2331,63494.2808,332271.92085448
2022-02-02,Foxbit,USDT,USDT/BRL,5.3055,5.315,5.163,5.2401,7560.6869,39618.755424689996
2022-02-03,Foxbit,USDT,USDT/BRL,5.311,5.328,5.2152,5.2989,7870.9072,41707.15016208
2022-02-04,Foxbit,USDT,USDT/BRL,5.2715,5.414,5.2715,5.3342,65184.8838,347709.20716596005
2022-02-05,Foxbit,USDT,USDT/BRL,5.3639,5.412,5.276,5.3401,6957.7398,37155.02630598
2022-02-06,Foxbit,USDT,USDT/BRL,5.3833,5.426,5.3461,5.3995,3099.141,16733.8118295
2022-02-07,Foxbit,USDT,USDT/BRL,5.3482,5.3979,4.999,5.2411,97967.0816,513455.2713737601
2022-02-08,Foxbit,USDT,USDT/BRL,5.2361,5.327,5.184,5.307,121751.2128,646133.6863296
2022-02-09,Foxbit,USDT,USDT/BRL,5.313,5.32,5.1121,5.1532,18551.0928,95597.49141696
2022-02-10,Foxbit,USDT,USDT/BRL,5.1591,5.3129,5.1591,5.208,18699.275,97385.82420000002
2022-02-11,Foxbit,USDT,USDT/BRL,5.212,5.2795,5.0745,5.26,143933.7898,757091.7343479999
2022-02-12,Foxbit,USDT,USDT/BRL,5.26,5.654,4.86,5.2052,115023.2757,598719.1546736399
2022-02-13,Foxbit,USDT,USDT/BRL,5.254,5.2699,5.1891,5.269,1512.8519,7971.216661099999
2022-02-14,Foxbit,USDT,USDT/BRL,5.269,5.269,5.1641,5.18,16838.6679,87224.299722
2022-02-15,Foxbit,USDT,USDT/BRL,5.181,5.238,5.162,5.17,7868.8337,40681.870229
2022-02-16,Foxbit,USDT,USDT/BRL,5.162,5.2375,5.034,5.1551,8735.7974,45033.909176739995
2022-02-17,Foxbit,USDT,USDT/BRL,5.1562,5.2095,5.015,5.1895,30096.7129,156186.89159455
2022-02-18,Foxbit,USDT,USDT/BRL,5.1733,5.1995,5.064,5.179,10285.2783,53267.4563157
2022-02-19,Foxbit,USDT,USDT/BRL,5.135,5.1895,5.132,5.1341,2161.8601,11099.20593941
2022-02-20,Foxbit,USDT,USDT/BRL,5.1745,5.1895,5.113,5.113,6727.355,34396.966115
2022-02-21,Foxbit,USDT,USDT/BRL,5.1592,5.2,5.079,5.11,258723.3246,1322076.188706
2022-02-22,Foxbit,USDT,USDT/BRL,5.091,5.235,5.034,5.054,128650.9164,650201.7314856
2022-02-23,Foxbit,USDT,USDT/BRL,5.07,5.07,4.9897,5.05,154328.8373,779360.628365
2022-02-24,Foxbit,USDT,USDT/BRL,5.05,5.2319,4.99,5.1093,94420.9068,482424.73911324
2022-02-25,Foxbit,USDT,USDT/BRL,5.1679,5.4998,5.0891,5.204,42280.6722,220028.6181288
2022-02-26,Foxbit,USDT,USDT/BRL,5.2118,5.25,5.163,5.2439,6055.1393,31752.54497527
2022-02-27,Foxbit,USDT,USDT/BRL,5.177,5.2439,5.1762,5.2285,923.8907,4830.562524950001
2022-02-28,Foxbit,USDT,USDT/BRL,5.2306,5.2327,4.9,5.1739,37184.6392,192389.60475687997
2022-03-01,Foxbit,USDT,USDT/BRL,5.1241,5.2499,5.099,5.1587,18088.1226,93311.19805661999
2022-03-02,Foxbit,USDT,USDT/BRL,5.1499,5.22,5.083,5.1218,39141.1378,200473.07958404
2022-03-03,Foxbit,USDT,USDT/BRL,5.1218,5.176,5.0238,5.0521,11138.0464,56270.52421744
2022-03-04,Foxbit,USDT,USDT/BRL,5.0521,5.172,5.0217,5.1199,13030.0702,66712.65641698001
2022-03-05,Foxbit,USDT,USDT/BRL,5.0512,5.161,5.0217,5.1258,8115.9511,41600.74214838
2022-03-06,Foxbit,USDT,USDT/BRL,5.119,5.1379,5.0531,5.1339,615.0767,3157.7422701299997
2022-03-07,Foxbit,USDT,USDT/BRL,5.0768,5.18,5.0463,5.1479,20405.0296,105043.05187784
2022-03-08,Foxbit,USDT,USDT/BRL,5.1479,5.174,5.027,5.148,15628.7945,80457.034086
2022-03-09,Foxbit,USDT,USDT/BRL,5.04,5.599,5.025,5.166,67069.011,346478.510826
2022-03-10,Foxbit,USDT,USDT/BRL,5.051,5.138,4.986,5.001,18673.3823,93385.58488230001
2022-03-11,Foxbit,USDT,USDT/BRL,5.002,5.068,4.895,5.046,41144.5997,207615.6500862
2022-03-12,Foxbit,USDT,USDT/BRL,5.045,5.108,4.932,5.0301,35786.2069,180008.19932768997
2022-03-13,Foxbit,USDT,USDT/BRL,5.031,5.09,4.921,5.09,18232.8515,92805.214135
2022-03-14,Foxbit,USDT,USDT/BRL,4.985,5.197,4.9606,5.13,40101.9242,205722.871146
2022-03-15,Foxbit,USDT,USDT/BRL,5.154,5.1819,5.0211,5.101,25237.9975,128739.0252475
2022-03-16,Foxbit,USDT,USDT/BRL,5.102,5.181,5.071,5.134,8895.1526,45667.7134484
2022-03-17,Foxbit,USDT,USDT/BRL,5.0801,5.138,5.0459,5.065,27165.1312,137591.389528
2022-03-18,Foxbit,USDT,USDT/BRL,5.079,5.129,4.995,5.012,25927.9253,129950.76160359998
2022-03-19,Foxbit,USDT,USDT/BRL,5.0713,5.126,4.975,5.033,11223.1393,56486.06009690001
2022-03-20,Foxbit,USDT,USDT/BRL,5.0948,5.12,5.0341,5.09,994.7869,5063.465321
2022-03-21,Foxbit,USDT,USDT/BRL,5.09,5.133,4.933,5.027,33592.5679,168869.83883330002
2022-03-22,Foxbit,USDT,USDT/BRL,4.934,5.038,4.921,4.923,50533.4681,248776.2634563
2022-03-23,Foxbit,USDT,USDT/BRL,4.924,4.958,4.88,4.88,83908.174,409471.88912
2022-03-24,Foxbit,USDT,USDT/BRL,4.88,4.99,4.801,4.8651,28501.1948,138661.16282148001
2022-03-25,Foxbit,USDT,USDT/BRL,4.98,4.99,4.76,4.7621,120011.733,571507.8737193
2022-03-26,Foxbit,USDT,USDT/BRL,4.7789,4.7969,4.719,4.777,16798.8068,80247.90008359999
2022-03-27,Foxbit,USDT,USDT/BRL,4.777,4.8089,4.709,4.723,7411.9393,35006.589313899996
2022-03-28,Foxbit,USDT,USDT/BRL,4.7362,4.897,4.7271,4.7979,36494.1657,175095.35761203
2022-03-29,Foxbit,USDT,USDT/BRL,4.7979,4.829,4.703,4.7721,143176.0557,683250.45540597
2022-03-30,Foxbit,USDT,USDT/BRL,4.8189,4.826,4.672,4.8167,20288.0636,97721.51594212001
2022-03-31,Foxbit,USDT,USDT/BRL,4.7799,4.8498,4.674,4.7451,37947.1104,180062.83355903998
2022-04-01,Foxbit,USDT,USDT/BRL,4.77,4.77,4.64,4.712,44598.0213,210145.87636559998
2022-04-02,Foxbit,USDT,USDT/BRL,4.6643,4.719,4.643,4.7,7143.7108,33575.44076
2022-04-03,Foxbit,USDT,USDT/BRL,4.6622,4.7,4.616,4.6411,16000.7581,74261.11841791
2022-04-04,Foxbit,USDT,USDT/BRL,4.685,4.797,4.57,4.67,47588.8879,222240.106493
2022-04-05,Foxbit,USDT,USDT/BRL,4.64,4.854,4.6161,4.66,247467.7107,1153199.531862
2022-04-06,Foxbit,USDT,USDT/BRL,4.662,4.774,4.471,4.609,107607.5253,495963.0841077
2022-04-07,Foxbit,USDT,USDT/BRL,4.6,4.789,4.5901,4.7618,52606.9736,250503.88688848
2022-04-08,Foxbit,USDT,USDT/BRL,4.7618,4.824,4.711,4.7589,70742.3232,336655.64187647996
2022-04-09,Foxbit,USDT,USDT/BRL,4.759,4.7789,4.735,4.7519,3398.0291,16147.094480290001
2022-04-10,Foxbit,USDT,USDT/BRL,4.7659,4.83,4.7519,4.7697,15355.2661,73240.01271717
2022-04-11,Foxbit,USDT,USDT/BRL,4.7521,4.77,4.7025,4.74,47102.731,223266.94494000002
2022-04-12,Foxbit,USDT,USDT/BRL,4.7051,4.7539,4.67,4.7359,3224.9416,15273.00092344
2022-04-13,Foxbit,USDT,USDT/BRL,4.6971,4.77,4.673,4.7489,6936.8684,32942.49434476
2022-04-14,Foxbit,USDT,USDT/BRL,4.7051,4.77,4.651,4.7449,10334.5057,49036.196095930005
2022-04-15,Foxbit,USDT,USDT/BRL,4.7479,4.7659,4.7021,4.75,4468.1419,21223.674024999997
2022-04-16,Foxbit,USDT,USDT/BRL,4.75,4.7659,4.707,4.7141,11267.3162,53115.25529842
2022-04-17,Foxbit,USDT,USDT/BRL,4.758,4.819,4.7071,4.7401,11488.0255,54454.38967255
2022-04-18,Foxbit,USDT,USDT/BRL,4.7422,4.818,4.6661,4.6839,11066.6171,51834.92783469
2022-04-19,Foxbit,USDT,USDT/BRL,4.7014,4.838,4.6839,4.7121,62293.3683,293532.58076643
2022-04-20,Foxbit,USDT,USDT/BRL,4.7121,4.776,4.635,4.6431,20297.489,94243.2711759
2022-04-21,Foxbit,USDT,USDT/BRL,4.6691,4.879,4.615,4.8379,18213.0749,88113.03505871001
2022-04-22,Foxbit,USDT,USDT/BRL,4.8269,4.8569,4.6301,4.691,89962.1885,422012.6262535
2022-04-23,Foxbit,USDT,USDT/BRL,4.825,5.599,4.6691,4.7751,68396.5242,326600.24270742
2022-04-24,Foxbit,USDT,USDT/BRL,4.965,5.05,4.7821,4.8758,4583.8773,22350.06893934
2022-04-25,Foxbit,USDT,USDT/BRL,4.811,5.1667,4.811,4.8471,9918.677,48076.8192867
2022-04-26,Foxbit,USDT,USDT/BRL,4.8721,5.198,4.8401,5.0297,4353.6142,21897.37334174
2022-04-27,Foxbit,USDT,USDT/BRL,5.183,5.1999,4.966,5.0,27935.2079,139676.0395
2022-04-28,Foxbit,USDT,USDT/BRL,5.088,5.4869,4.9501,4.992,31618.6565,157840.333248
2022-04-29,Foxbit,USDT,USDT/BRL,5.441,5.4783,4.9331,5.115,41020.2818,209818.741407
2022-04-30,Foxbit,USDT,USDT/BRL,5.104,5.115,4.9501,5.0192,6157.7875,30907.16702
2022-05-01,Foxbit,USDT,USDT/BRL,5.0091,5.243,4.9291,5.0209,5503.8183,27634.12130247
2022-05-02,Foxbit,USDT,USDT/BRL,4.9692,5.1139,4.921,5.07,52639.6121,266882.833347
2022-05-03,Foxbit,USDT,USDT/BRL,5.049,5.07,4.8011,4.8601,78703.4239,382506.51049639
2022-05-04,Foxbit,USDT,USDT/BRL,4.8624,5.028,4.7714,4.949,86573.1096,428450.31941039994
2022-05-05,Foxbit,USDT,USDT/BRL,4.846,5.03,4.742,4.867,44843.0879,218251.30880929998
2022-05-06,Foxbit,USDT,USDT/BRL,4.806,5.0698,4.785,5.064,29318.7326,148470.06188639998
2022-05-07,Foxbit,USDT,USDT/BRL,4.9346,5.0798,4.892,4.892,5007.5056,24496.717395200005
2022-05-08,Foxbit,USDT,USDT/BRL,5.0,5.098,4.8901,5.077,11413.2447,57945.0433419
2022-05-09,Foxbit,USDT,USDT/BRL,4.935,5.1902,4.934,5.125,24780.0067,126997.53433750001
2022-05-10,Foxbit,USDT,USDT/BRL,5.1845,5.2187,5.0715,5.16,170518.2454,879874.1462640001
2022-05-11,Foxbit,USDT,USDT/BRL,5.16,5.2129,5.1201,5.133,43619.027,223896.46559100001
2022-05-12,Foxbit,USDT,USDT/BRL,5.1688,5.172,5.0081,5.0721,20822.596,105614.2891716
2022-05-13,Foxbit,USDT,USDT/BRL,5.0731,5.1695,5.02,5.1069,8554.6667,43687.82737023
2022-05-14,Foxbit,USDT,USDT/BRL,5.1019,5.151,5.0085,5.0366,8895.5001,44803.075803659995
2022-05-15,Foxbit,USDT,USDT/BRL,5.03,5.1227,4.9825,4.992,7565.864,37768.793088
2022-05-16,Foxbit,USDT,USDT/BRL,5.002,5.1257,4.953,5.0929,16672.5116,84911.43432764002
2022-05-17,Foxbit,USDT,USDT/BRL,5.079,5.079,4.917,4.9896,15842.9732,79050.09907872
2022-05-18,Foxbit,USDT,USDT/BRL,4.9355,5.0729,4.892,5.0729,19622.8971,99544.99469858999
2022-05-19,Foxbit,USDT,USDT/BRL,4.896,5.0999,4.88,4.959,2711.5827,13446.738609299999
2022-05-20,Foxbit,USDT,USDT/BRL,4.9689,5.0169,4.8001,4.9469,5860.8733,28993.15412777
2022-05-21,Foxbit,USDT,USDT/BRL,5.0199,5.0199,4.814,4.909,289.8825,1423.0331924999998
2022-05-22,Foxbit,USDT,USDT/BRL,4.909,4.925,4.8698,4.877,10534.1928,51375.2582856
2022-05-23,Foxbit,USDT,USDT/BRL,4.877,4.9149,4.778,4.802,1018.2607,4889.6878814
2022-05-24,Foxbit,USDT,USDT/BRL,4.803,4.87,4.784,4.8054,12985.8598,62402.25068292
2022-05-25,Foxbit,USDT,USDT/BRL,4.806,4.8919,4.7801,4.848,8950.7582,43393.2757536
2022-05-26,Foxbit,USDT,USDT/BRL,4.848,4.8829,4.778,4.778,9519.6141,45484.7161698
2022-05-27,Foxbit,USDT,USDT/BRL,4.8025,4.804,4.731,4.7362,31594.2958,149636.90376796
2022-05-28,Foxbit,USDT,USDT/BRL,4.7361,4.8069,4.7361,4.7988,13648.3318,65495.61464184
2022-05-29,Foxbit,USDT,USDT/BRL,4.7849,4.8049,4.7347,4.7816,2874.9034,13746.638097440002
2022-05-30,Foxbit,USDT,USDT/BRL,4.7816,4.892,4.71,4.8148,25530.1634,122922.63073832
2022-05-31,Foxbit,USDT,USDT/BRL,4.8219,4.8492,4.7152,4.7739,12024.9761,57406.03340379
2022-06-01,Foxbit,USDT,USDT/BRL,4.7869,4.8483,4.746,4.84,27177.9289,131541.175876
2022-06-02,Foxbit,USDT,USDT/BRL,4.84,4.84,3.501,4.8359,38770.8828,187492.11213251998
2022-06-03,Foxbit,USDT,USDT/BRL,4.8387,4.9419,4.724,4.7722,22331.0324,106568.15281927999
2022-06-04,Foxbit,USDT,USDT/BRL,4.9368,4.94,4.7701,4.8439,1521.4107,7369.561289729999
2022-06-05,Foxbit,USDT,USDT/BRL,4.8449,4.858,4.724,4.7815,9490.0441,45376.64586415
2022-06-06,Foxbit,USDT,USDT/BRL,4.7811,4.8149,4.711,4.802,49761.1439,238953.0130078
2022-06-07,Foxbit,USDT,USDT/BRL,4.8025,4.9289,4.31,4.879,150997.8639,736718.5779681
2022-06-08,Foxbit,USDT,USDT/BRL,4.87,4.9299,4.737,4.9241,25932.3244,127693.35857804002
2022-06-09,Foxbit,USDT,USDT/BRL,4.8882,4.953,4.7721,4.9297,9864.7656,48630.33497832001
2022-06-10,Foxbit,USDT,USDT/BRL,4.9297,5.0349,4.92,5.0,21280.9922,106404.96100000001
2022-06-11,Foxbit,USDT,USDT/BRL,5.0,5.048,4.9758,5.0431,3845.6312,19393.90270472
2022-06-12,Foxbit,USDT,USDT/BRL,5.0421,5.0488,4.9761,4.982,14504.0671,72259.2622922
2022-06-13,Foxbit,USDT,USDT/BRL,5.0473,5.1577,5.0,5.12,113275.0163,579968.0834560001
2022-06-14,Foxbit,USDT,USDT/BRL,5.1577,5.1577,4.9757,5.1577,44036.5309,227127.21542293
2022-06-15,Foxbit,USDT,USDT/BRL,5.1577,5.259,5.0305,5.0946,88889.7516,452857.72850136
2022-06-16,Foxbit,USDT,USDT/BRL,5.07,5.1445,5.019,5.058,52705.2188,266582.9966904
2022-06-17,Foxbit,USDT,USDT/BRL,5.1337,5.222,5.02,5.2089,25943.2703,135135.90066567
2022-06-18,Foxbit,USDT,USDT/BRL,5.2089,5.2622,5.0847,5.2177,27439.7454,143172.35957358
2022-06-19,Foxbit,USDT,USDT/BRL,5.1422,5.2441,5.1406,5.1947,23065.8474,119820.15748878
2022-06-20,Foxbit,USDT,USDT/BRL,5.1923,5.263,5.044,5.1936,99427.7264,516387.83983104
2022-06-21,Foxbit,USDT,USDT/BRL,5.255,5.2758,5.111,5.2337,306582.3189,1604559.88242693
2022-06-22,Foxbit,USDT,USDT/BRL,5.14,5.2758,5.0424,5.2519,85556.3264,449333.27062016004
2022-06-23,Foxbit,USDT,USDT/BRL,5.2519,5.3,5.1851,5.2888,54789.1907,289769.07177416
2022-06-24,Foxbit,USDT,USDT/BRL,5.288,5.379,5.1851,5.332,61974.1058,330445.9321256
2022-06-25,Foxbit,USDT,USDT/BRL,5.3644,5.3644,5.0991,5.239,29462.7518,154355.3566802
2022-06-26,Foxbit,USDT,USDT/BRL,5.239,5.3359,5.176,5.2989,8569.6032,45409.47039647999
2022-06-27,Foxbit,USDT,USDT/BRL,5.2839,5.34,5.1379,5.2809,65916.7135,348099.57232215
2022-06-28,Foxbit,USDT,USDT/BRL,5.2811,5.3088,5.1568,5.308,26239.9432,139281.6185056
2022-06-29,Foxbit,USDT,USDT/BRL,5.3088,5.42,5.189,5.2189,53486.6947,279141.71096983
2022-06-30,Foxbit,USDT,USDT/BRL,5.2179,5.379,4.95,5.2292,65065.1171,340238.51033932
2022-07-01,Foxbit,USDT,USDT/BRL,5.2322,5.41,5.2291,5.344,131152.1366,700877.0179904001
2022-07-02,Foxbit,USDT,USDT/BRL,5.3527,5.4058,5.2,5.3359,24937.3197,133063.04418723
2022-07-03,Foxbit,USDT,USDT/BRL,5.304,5.36,5.1902,5.341,27822.1536,148598.12237760003
2022-07-04,Foxbit,USDT,USDT/BRL,5.341,5.3599,5.0,5.183,155426.3003,805574.5144548999
2022-07-05,Foxbit,USDT,USDT/BRL,5.3,5.448,5.0402,5.3934,292921.1735,1579841.0571548997
2022-07-06,Foxbit,USDT,USDT/BRL,5.3934,5.4772,5.252,5.4419,44303.5465,241095.46969835
2022-07-07,Foxbit,USDT,USDT/BRL,5.4419,5.469,5.23,5.348,123878.2456,662500.8574687999
2022-07-08,Foxbit,USDT,USDT/BRL,5.3125,5.38,5.2201,5.3,53608.4493,284124.78129
2022-07-09,Foxbit,USDT,USDT/BRL,5.28,5.42,5.1504,5.275,29497.5671,155599.6664525
2022-07-10,Foxbit,USDT,USDT/BRL,5.2751,5.3187,5.27,5.3079,6352.0279,33715.92889041
2022-07-11,Foxbit,USDT,USDT/BRL,5.3139,5.4196,5.238,5.339,30632.1527,163545.0632653
2022-07-12,Foxbit,USDT,USDT/BRL,5.3381,5.478,5.33,5.4759,29431.7881,161165.52845679002
2022-07-13,Foxbit,USDT,USDT/BRL,5.4789,5.4834,5.307,5.4097,20465.945,110714.6226665
2022-07-14,Foxbit,USDT,USDT/BRL,5.4349,5.527,5.4097,5.4426,69374.0974,377575.46250923997
2022-07-15,Foxbit,USDT,USDT/BRL,5.4315,5.46,5.321,5.4105,43721.3082,236554.13801609998
2022-07-16,Foxbit,USDT,USDT/BRL,5.4389,5.4499,5.4059,5.407,6805.9775,36799.9203425
2022-07-17,Foxbit,USDT,USDT/BRL,5.407,5.4479,5.395,5.4134,8988.3462,48657.513319080004
2022-07-18,Foxbit,USDT,USDT/BRL,5.4479,5.4877,5.331,5.45,76572.7543,417321.510935
2022-07-19,Foxbit,USDT,USDT/BRL,5.4534,5.5398,5.3821,5.4441,46125.4421,251111.51933660998
2022-07-20,Foxbit,USDT,USDT/BRL,5.4219,5.566,5.0,5.4887,74448.6485,408626.29702194995
2022-07-21,Foxbit,USDT,USDT/BRL,5.488,5.5511,5.302,5.5386,172295.8052,954277.5466807199
2022-07-22,Foxbit,USDT,USDT/BRL,5.538,5.552,5.457,5.5364,55201.3486,305616.74638904
2022-07-23,Foxbit,USDT,USDT/BRL,5.5364,5.5519,5.487,5.5519,12483.6451,69307.94923068999
2022-07-24,Foxbit,USDT,USDT/BRL,5.549,5.5681,5.4914,5.4918,8327.5127,45733.03424585999
2022-07-25,Foxbit,USDT,USDT/BRL,5.563,5.572,5.3906,5.4266,66891.1641,362991.59110505995
2022-07-26,Foxbit,USDT,USDT/BRL,5.426,5.52,5.3413,5.3937,25740.1282,138834.52947234
2022-07-27,Foxbit,USDT,USDT/BRL,5.3848,5.75,5.2583,5.2929,56632.6234,299750.81239386
2022-07-28,Foxbit,USDT,USDT/BRL,5.2935,5.425,5.2,5.2206,21292.9923,111162.19560138001
2022-07-29,Foxbit,USDT,USDT/BRL,5.2206,5.3888,5.166,5.1971,96139.8843,499648.59269553004
2022-07-30,Foxbit,USDT,USDT/BRL,5.2467,5.2858,5.1717,5.27,8111.9591,42750.024457
2022-07-31,Foxbit,USDT,USDT/BRL,5.27,5.27,5.144,5.227,16927.1564,88478.2465028
2022-08-01,Foxbit,USDT,USDT/BRL,5.2317,5.2525,5.14,5.22,74003.5676,386298.622872
2022-08-02,Foxbit,USDT,USDT/BRL,5.231,5.3429,5.1881,5.311,43281.6122,229868.64239420003
2022-08-03,Foxbit,USDT,USDT/BRL,5.311,5.349,5.251,5.3252,41290.0953,219878.01549155999
2022-08-04,Foxbit,USDT,USDT/BRL,5.3252,5.4362,5.2122,5.2751,43620.0899,230100.33623149
2022-08-05,Foxbit,USDT,USDT/BRL,5.2745,5.276,5.1662,5.219,36204.7241,188952.4550779
2022-08-06,Foxbit,USDT,USDT/BRL,5.195,5.229,5.195,5.2256,8461.391,44215.8448096
2022-08-07,Foxbit,USDT,USDT/BRL,5.195,5.228,5.195,5.2264,4953.9838,25891.50093232
2022-08-08,Foxbit,USDT,USDT/BRL,5.226,5.3388,5.1115,5.1608,52130.8261,269036.76733688
2022-08-09,Foxbit,USDT,USDT/BRL,5.1858,5.246,5.118,5.1712,63147.6193,326548.96892416
2022-08-10,Foxbit,USDT,USDT/BRL,5.1713,5.1723,5.0516,5.1018,25497.4284,130082.78021112
2022-08-11,Foxbit,USDT,USDT/BRL,5.1018,5.223,5.1,5.1923,55021.2506,285686.83949038
2022-08-12,Foxbit,USDT,USDT/BRL,5.1591,5.221,5.102,5.1234,43169.2292,221173.22888328
2022-08-13,Foxbit,USDT,USDT/BRL,5.1234,5.153,5.102,5.152,10552.5839,54366.9122528
2022-08-14,Foxbit,USDT,USDT/BRL,5.152,5.153,5.07,5.1455,8372.07,43078.486185
2022-08-15,Foxbit,USDT,USDT/BRL,5.1455,5.1968,5.07,5.1249,39104.5508,200406.91239492
2022-08-16,Foxbit,USDT,USDT/BRL,5.0911,5.1999,4.9,5.1372,148303.2691,761863.5540205201
2022-08-17,Foxbit,USDT,USDT/BRL,5.181,5.2212,5.1365,5.221,21477.5977,112134.53759169999
2022-08-18,Foxbit,USDT,USDT/BRL,5.221,5.2458,5.1717,5.2163,14527.7285,75780.99017455
2022-08-19,Foxbit,USDT,USDT/BRL,5.1832,5.2758,5.158,5.2509,112811.4088,592361.42646792
2022-08-20,Foxbit,USDT,USDT/BRL,5.227,5.2584,5.1961,5.2584,16672.2912,87669.57604608
2022-08-21,Foxbit,USDT,USDT/BRL,5.2566,5.2758,5.2155,5.2454,8221.2428,43123.70698312
2022-08-22,Foxbit,USDT,USDT/BRL,5.2453,5.25,5.177,5.2049,23106.7647,120268.39958703
2022-08-23,Foxbit,USDT,USDT/BRL,5.225,5.2408,5.1056,5.127,19566.024,100315.005048
2022-08-24,Foxbit,USDT,USDT/BRL,5.1779,5.2448,5.087,5.216,68707.2895,358377.222032
2022-08-25,Foxbit,USDT,USDT/BRL,5.1303,5.216,5.073,5.1499,15719.1462,80952.03101538
2022-08-26,Foxbit,USDT,USDT/BRL,5.1499,5.2157,5.055,5.0851,39175.5386,199211.53133486
2022-08-27,Foxbit,USDT,USDT/BRL,5.1045,5.1047,5.0702,5.1041,13052.9387,66623.50441867
2022-08-28,Foxbit,USDT,USDT/BRL,5.1042,5.127,5.0705,5.085,7595.6862,38624.064327
2022-08-29,Foxbit,USDT,USDT/BRL,5.121,5.1277,5.0,5.0314,104564.3286,526104.9629180399
2022-08-30,Foxbit,USDT,USDT/BRL,5.06,5.15,5.0,5.1118,80317.6651,410567.84045817994
2022-08-31,Foxbit,USDT,USDT/BRL,5.12,5.24,5.0772,5.13,44608.5611,228841.918443
2022-09-01,Foxbit,USDT,USDT/BRL,5.164,5.2555,5.1,5.254,342298.9465,1798438.664911
2022-09-02,Foxbit,USDT,USDT/BRL,5.25,5.2539,5.128,5.2,286019.1231,1487299.4401200002
2022-09-03,Foxbit,USDT,USDT/BRL,5.2,5.2229,5.1574,5.2199,22860.7557,119330.85867843001
2022-09-04,Foxbit,USDT,USDT/BRL,5.2139,5.229,5.175,5.2173,7865.4235,41036.274026549996
2022-09-05,Foxbit,USDT,USDT/BRL,5.215,5.225,5.086,5.185,423822.6472,2197520.425732
2022-09-06,Foxbit,USDT,USDT/BRL,5.178,5.341,5.1101,5.2719,138397.0804,729615.56816076
2022-09-07,Foxbit,USDT,USDT/BRL,5.2717,5.35,5.2501,5.344,21179.8675,113185.21192
2022-09-08,Foxbit,USDT,USDT/BRL,5.2501,5.3448,5.2054,5.2071,42218.7091,219837.04015460997
2022-09-09,Foxbit,USDT,USDT/BRL,5.27,5.332,5.1314,5.229,294812.3194,1541573.6181426
2022-09-10,Foxbit,USDT,USDT/BRL,5.1681,5.2293,5.1283,5.1681,18740.9183,96854.93986623001
2022-09-11,Foxbit,USDT,USDT/BRL,5.21,5.2288,5.143,5.228,36230.7704,189414.4676512
2022-09-12,Foxbit,USDT,USDT/BRL,5.1551,5.249,5.1,5.154,55823.7819,287715.77191260003
2022-09-13,Foxbit,USDT,USDT/BRL,5.1021,5.2371,5.1,5.2349,84138.3593,440455.89709956996
2022-09-14,Foxbit,USDT,USDT/BRL,5.1951,5.4849,5.1613,5.2328,98999.3638,518043.87089264
2022-09-15,Foxbit,USDT,USDT/BRL,5.2325,5.4849,5.1751,5.2972,54223.0158,287230.15929576004
2022-09-16,Foxbit,USDT,USDT/BRL,5.2972,5.35,5.25,5.256,159786.4288,839837.4697728
2022-09-17,Foxbit,USDT,USDT/BRL,5.3378,5.3998,5.245,5.27,11572.9635,60989.51764499999
2022-09-18,Foxbit,USDT,USDT/BRL,5.3159,5.316,5.271,5.3,6714.2147,35585.33791
2022-09-19,Foxbit,USDT,USDT/BRL,5.3025,5.4,5.177,5.2278,33035.6608,172703.82753024
2022-09-20,Foxbit,USDT,USDT/BRL,5.2278,5.309,5.1714,5.2121,30573.436,159351.80577560002
2022-09-21,Foxbit,USDT,USDT/BRL,5.212,5.31,5.136,5.309,35733.1224,189707.1468216
2022-09-22,Foxbit,USDT,USDT/BRL,5.215,5.306,5.15,5.1709,28649.4634,148143.51029506
2022-09-23,Foxbit,USDT,USDT/BRL,5.171,5.358,5.165,5.2905,20230.7652,107030.8632906
2022-09-24,Foxbit,USDT,USDT/BRL,5.3073,5.3078,5.2417,5.2919,68936.9595,364807.49597805
2022-09-25,Foxbit,USDT,USDT/BRL,5.2917,5.2919,5.2418,5.2917,19333.6115,102307.67197454999
2022-09-26,Foxbit,USDT,USDT/BRL,5.2917,5.399,5.275,5.3775,26874.3449,144516.78969975002
2022-09-27,Foxbit,USDT,USDT/BRL,5.37,5.4244,5.229,5.343,26273.2492,140377.97047559998
2022-09-28,Foxbit,USDT,USDT/BRL,5.419,5.42,5.2882,5.402,158127.81,854206.42962
2022-09-29,Foxbit,USDT,USDT/BRL,5.402,5.4526,5.319,5.419,165879.9586,898903.4956534
2022-09-30,Foxbit,USDT,USDT/BRL,5.419,5.42,5.3301,5.42,87161.4252,472414.92458399996
2022-10-01,Foxbit,USDT,USDT/BRL,5.41,5.42,5.3315,5.416,20406.5205,110521.715028
2022-10-02,Foxbit,USDT,USDT/BRL,5.416,5.42,5.332,5.42,13765.6727,74609.946034
2022-10-03,Foxbit,USDT,USDT/BRL,5.42,5.42,5.1228,5.21,80822.8262,421086.924502
2022-10-04,Foxbit,USDT,USDT/BRL,5.21,5.28,5.1266,5.215,70263.6549,366424.96030349995
2022-10-05,Foxbit,USDT,USDT/BRL,5.215,5.29,5.1551,5.253,38262.0004,200990.28810119999
2022-10-06,Foxbit,USDT,USDT/BRL,5.253,5.2534,5.15,5.25,71613.8024,375972.4626
2022-10-07,Foxbit,USDT,USDT/BRL,5.2255,5.3078,5.192,5.2279,98084.6094,512776.52948226
2022-10-08,Foxbit,USDT,USDT/BRL,5.281,5.282,5.2279,5.2816,20854.8537,110146.99530192
2022-10-09,Foxbit,USDT,USDT/BRL,5.281,5.2831,5.2331,5.281,6637.8549,35054.5117269
2022-10-10,Foxbit,USDT,USDT/BRL,5.234,5.294,5.138,5.199,289403.3053,1504607.7842547
2022-10-11,Foxbit,USDT,USDT/BRL,5.2326,5.31,5.1995,5.31,19297.1571,102467.904201
2022-10-12,Foxbit,USDT,USDT/BRL,5.31,5.332,5.2663,5.2811,14856.4213,78458.24652743
2022-10-13,Foxbit,USDT,USDT/BRL,5.2899,5.3804,5.22,5.336,34270.575,182867.78819999998
2022-10-14,Foxbit,USDT,USDT/BRL,5.3399,7.99,5.2355,5.34,53702.1451,286769.454834
2022-10-15,Foxbit,USDT,USDT/BRL,5.3636,5.3658,5.195,5.228,30372.7158,158788.5582024
2022-10-16,Foxbit,USDT,USDT/BRL,5.365,5.3659,5.188,5.349,18806.55,100596.23595
2022-10-17,Foxbit,USDT,USDT/BRL,5.349,5.3945,5.213,5.217,213817.0309,1115483.4502053
2022-10-18,Foxbit,USDT,USDT/BRL,5.348,5.35,5.165,5.31,24446.0201,129808.366731
2022-10-19,Foxbit,USDT,USDT/BRL,5.31,5.3698,5.245,5.2997,34790.9549,184381.62368352996
2022-10-20,Foxbit,USDT,USDT/BRL,5.3658,5.3698,5.1688,5.316,18103.8814,96240.23352239998
2022-10-21,Foxbit,USDT,USDT/BRL,5.316,5.3179,5.15,5.272,53452.9553,281803.9803416
2022-10-22,Foxbit,USDT,USDT/BRL,5.271,5.272,5.152,5.191,3867.6493,20076.9675163
2022-10-23,Foxbit,USDT,USDT/BRL,5.267,5.284,5.18,5.225,9661.1965,50479.751712499994
2022-10-24,Foxbit,USDT,USDT/BRL,5.225,5.319,5.18,5.308,53923.6421,286226.6922668
2022-10-25,Foxbit,USDT,USDT/BRL,5.308,5.3729,5.2501,5.333,158207.4175,843720.1575275001
2022-10-26,Foxbit,USDT,USDT/BRL,5.333,5.396,5.266,5.39,49294.9419,265699.736841
2022-10-27,Foxbit,USDT,USDT/BRL,5.3135,5.4,5.2881,5.31,18993.5824,100855.92254399999
2022-10-28,Foxbit,USDT,USDT/BRL,5.311,5.388,5.285,5.369,167915.3077,901537.2870413
2022-10-29,Foxbit,USDT,USDT/BRL,5.369,5.37,5.2502,5.359,16376.2553,87760.3521527
2022-10-30,Foxbit,USDT,USDT/BRL,5.288,5.427,5.285,5.3491,19860.1275,106233.80801025
2022-10-31,Foxbit,USDT,USDT/BRL,5.418,5.45,5.1502,5.23,106763.8799,558375.091877
2022-11-01,Foxbit,USDT,USDT/BRL,5.23,5.3307,5.128,5.1998,43064.255,223925.51314899998
2022-11-02,Foxbit,USDT,USDT/BRL,5.1968,5.3447,5.13,5.207,17356.7438,90376.5649666
2022-11-03,Foxbit,USDT,USDT/BRL,5.19,5.289,5.131,5.1779,128872.8264,667290.6078165601
2022-11-04,Foxbit,USDT,USDT/BRL,5.1769,5.1821,5.003,5.122,56901.8845,291451.452409
2022-11-05,Foxbit,USDT,USDT/BRL,5.122,5.3,5.074,5.2298,81814.2477,427872.15262146003
2022-11-06,Foxbit,USDT,USDT/BRL,5.2248,5.29,5.08,5.1779,15995.1189,82821.12615231
2022-11-07,Foxbit,USDT,USDT/BRL,5.11,5.2289,4.91,5.1571,119418.0037,615850.5868812699
2022-11-08,Foxbit,USDT,USDT/BRL,5.1531,5.3,5.0506,5.1663,222445.9034,1149222.27073542
2022-11-09,Foxbit,USDT,USDT/BRL,5.1601,5.3,5.1601,5.2262,78900.3997,412349.26891214
2022-11-10,Foxbit,USDT,USDT/BRL,5.2999,5.459,5.18,5.3969,164295.7561,886687.76609609
2022-11-11,Foxbit,USDT,USDT/BRL,5.3821,5.4,5.232,5.2518,41317.4171,216990.81112578
2022-11-12,Foxbit,USDT,USDT/BRL,5.3199,5.356,5.2342,5.312,20961.0758,111345.2346496
2022-11-13,Foxbit,USDT,USDT/BRL,5.313,5.3389,5.18,5.293,18201.8239,96342.2539027
2022-11-14,Foxbit,USDT,USDT/BRL,5.292,5.3588,5.18,5.3049,34333.5815,182136.21649935
2022-11-15,Foxbit,USDT,USDT/BRL,5.3076,5.3079,5.213,5.238,26027.0658,136329.7706604
2022-11-16,Foxbit,USDT,USDT/BRL,5.2929,5.37,5.208,5.364,42257.8392,226671.04946880002
2022-11-17,Foxbit,USDT,USDT/BRL,5.3589,5.449,5.248,5.3939,54506.8171,294004.32075569005
2022-11-18,Foxbit,USDT,USDT/BRL,5.403,5.403,5.223,5.3988,23462.1709,126667.56825492
2022-11-19,Foxbit,USDT,USDT/BRL,5.3986,5.4348,5.2616,5.4348,5027.1335,27321.4651458
2022-11-20,Foxbit,USDT,USDT/BRL,5.434,5.449,5.327,5.357,4645.2025,24884.3497925
2022-11-21,Foxbit,USDT,USDT/BRL,5.4494,5.488,5.2502,5.4,42790.5379,231068.90466000003
2022-11-22,Foxbit,USDT,USDT/BRL,5.4,5.4558,5.2522,5.4085,148035.9707,800652.54753095
2022-11-23,Foxbit,USDT,USDT/BRL,5.4072,5.4798,5.299,5.465,23101.8108,126251.39602199999
2022-11-24,Foxbit,USDT,USDT/BRL,5.4719,5.4729,5.2618,5.3799,27650.3405,148756.06685595
2022-11-25,Foxbit,USDT,USDT/BRL,5.3799,5.43,5.2702,5.4,80020.955,432113.15700000006
2022-11-26,Foxbit,USDT,USDT/BRL,5.3994,5.475,5.324,5.385,39587.7546,213180.058521
2022-11-27,Foxbit,USDT,USDT/BRL,5.4699,5.4699,5.26,5.26,37790.4176,198777.59657599998
2022-11-28,Foxbit,USDT,USDT/BRL,5.3795,5.4045,5.2813,5.4045,33116.763,178979.54563349998
2022-11-29,Foxbit,USDT,USDT/BRL,5.327,5.3954,5.2708,5.3369,31730.2511,169341.17709559
2022-11-30,Foxbit,USDT,USDT/BRL,5.32,5.4,5.231,5.231,24629.9816,128839.4337496
2022-12-01,Foxbit,USDT,USDT/BRL,5.2619,5.2619,5.1931,5.23,21185.8611,110802.053553
2022-12-02,Foxbit,USDT,USDT/BRL,5.2299,5.299,5.19,5.278,17906.7329,94511.73624619999
2022-12-03,Foxbit,USDT,USDT/BRL,5.281,5.2821,5.2001,5.2599,22103.9365,116264.49559635
2022-12-04,Foxbit,USDT,USDT/BRL,5.2114,5.2824,5.1982,5.2114,13817.8584,72010.38726576
2022-12-05,Foxbit,USDT,USDT/BRL,5.22,5.2777,5.19,5.2501,42760.1467,224495.04618966999
2022-12-06,Foxbit,USDT,USDT/BRL,5.2501,5.2999,5.2001,5.299,69598.7684,368803.87375160004
2022-12-07,Foxbit,USDT,USDT/BRL,5.299,5.5,5.196,5.243,109990.4606,576679.9849258001
2022-12-08,Foxbit,USDT,USDT/BRL,5.2492,5.4948,5.19,5.279,138456.9458,730914.2168782
2022-12-09,Foxbit,USDT,USDT/BRL,5.274,5.2895,5.2007,5.2744,38591.4124,203546.54556256
2022-12-10,Foxbit,USDT,USDT/BRL,5.2361,5.2739,5.2113,5.25,6438.363,33801.40575
2022-12-11,Foxbit,USDT,USDT/BRL,5.215,5.273,5.2007,5.265,12595.7595,66316.67376749999
2022-12-12,Foxbit,USDT,USDT/BRL,5.2314,5.37,5.2007,5.2995,105259.1679,557820.96028605
2022-12-13,Foxbit,USDT,USDT/BRL,5.299,5.4798,5.18,5.2609,61875.2536,325519.52166424
2022-12-14,Foxbit,USDT,USDT/BRL,5.308,10.0,5.2296,5.26,68648.7039,361092.1825139999
2022-12-15,Foxbit,USDT,USDT/BRL,5.28,5.36,5.231,5.358,64941.3136,347955.55826879997
2022-12-16,Foxbit,USDT,USDT/BRL,5.3589,5.36,5.2315,5.33,30656.448,163398.86784
2022-12-17,Foxbit,USDT,USDT/BRL,5.3299,5.3398,5.243,5.313,27333.7801,145224.37367129998
2022-12-18,Foxbit,USDT,USDT/BRL,5.3139,5.336,5.209,5.305,17046.0226,90429.149893
2022-12-19,Foxbit,USDT,USDT/BRL,5.306,5.32,5.204,5.32,39590.7217,210622.63944400003
2022-12-20,Foxbit,USDT,USDT/BRL,5.3002,5.387,5.16,5.314,43269.136,229932.188704
2022-12-21,Foxbit,USDT,USDT/BRL,5.25,5.3158,5.18,5.2619,77844.9353,409612.26505507
2022-12-22,Foxbit,USDT,USDT/BRL,5.247,5.3488,5.0299,5.226,84856.9864,443462.6109264
2022-12-23,Foxbit,USDT,USDT/BRL,5.244,5.399,5.15,5.234,66100.9841,345972.5507794
2022-12-24,Foxbit,USDT,USDT/BRL,5.233,5.244,5.036,5.204,35303.7904,183720.9252416
2022-12-25,Foxbit,USDT,USDT/BRL,5.1859,5.204,5.1371,5.189,3881.9354,20143.3627906
2022-12-26,Foxbit,USDT,USDT/BRL,5.189,5.2859,5.0,5.188,120190.6655,623549.172614
2022-12-27,Foxbit,USDT,USDT/BRL,5.188,5.3832,5.155,5.328,160452.0847,854888.7072816001
2022-12-28,Foxbit,USDT,USDT/BRL,5.328,5.37,5.254,5.32,50535.2246,268847.39487200003
2022-12-29,Foxbit,USDT,USDT/BRL,5.3061,5.333,5.1513,5.333,52515.3889,280064.5690037
2022-12-30,Foxbit,USDT,USDT/BRL,5.33,5.332,5.0,5.168,124064.145,641163.50136
2022-12-31,Foxbit,USDT,USDT/BRL,5.266,5.28,5.0,5.279,48820.8877,257725.4661683
2023-01-01,Foxbit,USDT,USDT/BRL,5.28,5.2995,5.203,5.25,8497.5901,44612.348025
2023-01-02,Foxbit,USDT,USDT/BRL,5.25,5.369,5.0513,5.263,189969.8133,999811.1273979
2023-01-03,Foxbit,USDT,USDT/BRL,5.264,5.4589,5.24,5.454,166740.5996,909403.2302183999
2023-01-04,Foxbit,USDT,USDT/BRL,5.458,5.494,5.378,5.4329,52891.9783,287356.82890607003
2023-01-05,Foxbit,USDT,USDT/BRL,5.4459,5.4579,5.3751,5.418,77839.657,421735.26162600005
2023-01-06,Foxbit,USDT,USDT/BRL,5.418,5.42,5.237,5.3124,35701.0237,189658.11830388
2023-01-07,Foxbit,USDT,USDT/BRL,5.3123,5.356,5.235,5.356,10452.0731,55981.3035236
2023-01-08,Foxbit,USDT,USDT/BRL,5.3568,5.407,5.24,5.406,11614.4395,62787.659937
2023-01-09,Foxbit,USDT,USDT/BRL,5.406,5.407,5.1,5.259,178307.7938,937720.6875942001
2023-01-10,Foxbit,USDT,USDT/BRL,5.259,5.31,5.21,5.2201,188306.9793,982981.2626439302
2023-01-11,Foxbit,USDT,USDT/BRL,5.248,5.308,5.15,5.16,129075.585,666030.0186000001
2023-01-12,Foxbit,USDT,USDT/BRL,5.16,5.4,5.1,5.207,106524.5516,554673.3401812001
2023-01-13,Foxbit,USDT,USDT/BRL,5.18,5.255,5.11,5.15,36329.5205,187097.030575
2023-01-14,Foxbit,USDT,USDT/BRL,5.15,5.1567,5.0,5.1022,71817.9402,366429.49448844
2023-01-15,Foxbit,USDT,USDT/BRL,5.1567,5.157,5.0841,5.13,30126.296,154547.89847999997
2023-01-16,Foxbit,USDT,USDT/BRL,5.0853,5.1797,5.059,5.153,70892.3956,365308.51452679996
2023-01-17,Foxbit,USDT,USDT/BRL,5.153,5.1898,5.1028,5.158,29312.4253,151193.48969740001
2023-01-18,Foxbit,USDT,USDT/BRL,5.155,5.2339,5.059,5.2129,133590.0046,696391.33497934
2023-01-19,Foxbit,USDT,USDT/BRL,5.2159,5.2599,5.133,5.2055,25873.4263,134684.12060465
2023-01-20,Foxbit,USDT,USDT/BRL,5.2139,5.245,5.075,5.2214,50596.3682,264183.87691948
2023-01-21,Foxbit,USDT,USDT/BRL,5.2001,5.239,5.133,5.1751,45176.5528,233793.17839527997
2023-01-22,Foxbit,USDT,USDT/BRL,5.1751,5.2296,5.17,5.18,9885.6929,51207.889222
2023-01-23,Foxbit,USDT,USDT/BRL,5.2111,5.235,5.139,5.222,121961.4208,636882.5394176001
2023-01-24,Foxbit,USDT,USDT/BRL,5.222,5.2309,5.1013,5.192,108149.8921,561514.2397832
2023-01-25,Foxbit,USDT,USDT/BRL,5.144,5.2076,5.0697,5.1364,45077.0288,231533.65072832
2023-01-26,Foxbit,USDT,USDT/BRL,5.1001,5.161,5.0723,5.14,46564.0218,239339.072052
2023-01-27,Foxbit,USDT,USDT/BRL,5.084,5.1684,5.0811,5.168,50697.0107,262002.1512976
2023-01-28,Foxbit,USDT,USDT/BRL,5.1678,5.1678,5.094,5.12,15418.8842,78944.687104
2023-01-29,Foxbit,USDT,USDT/BRL,5.159,5.167,5.1092,5.149,7686.7705,39579.1813045
2023-01-30,Foxbit,USDT,USDT/BRL,5.146,5.171,5.1,5.1471,54696.5863,281528.79934473004
2023-01-31,Foxbit,USDT,USDT/BRL,5.1471,5.165,5.093,5.123,33117.4159,169660.5216557
2023-02-01,Foxbit,USDT,USDT/BRL,5.0948,5.14,5.066,5.0932,54099.8036,275541.11969552
2023-02-02,Foxbit,USDT,USDT/BRL,5.0932,5.64,5.0,5.0729,137118.4295,695588.0810105499
2023-02-03,Foxbit,USDT,USDT/BRL,5.0735,5.1651,5.0511,5.138,130076.6113,668333.6288594
2023-02-04,Foxbit,USDT,USDT/BRL,5.1361,5.179,5.1361,5.1582,23449.8134,120958.82747988
2023-02-05,Foxbit,USDT,USDT/BRL,5.1787,5.2057,5.1573,5.2047,9933.9448,51703.20250055999
2023-02-06,Foxbit,USDT,USDT/BRL,5.2047,5.224,5.1691,5.1944,63142.6408,327988.13337152
2023-02-07,Foxbit,USDT,USDT/BRL,5.1924,5.228,5.1681,5.1951,39980.8617,207704.57461767
2023-02-08,Foxbit,USDT,USDT/BRL,5.2129,5.252,5.185,5.2264,281104.563,1469164.8880632
2023-02-09,Foxbit,USDT,USDT/BRL,5.2259,5.3183,5.1562,5.3059,214322.0503,1137171.36668677
2023-02-10,Foxbit,USDT,USDT/BRL,5.3059,5.329,5.06,5.2376,119739.6612,627148.44950112
2023-02-11,Foxbit,USDT,USDT/BRL,5.262,5.28,5.2426,5.265,25215.0805,132757.39883249998
2023-02-12,Foxbit,USDT,USDT/BRL,5.265,5.265,5.2495,5.265,28898.9901,152153.18287649998
2023-02-13,Foxbit,USDT,USDT/BRL,5.265,5.271,5.1876,5.1927,250813.2297,1302397.8578631901
2023-02-14,Foxbit,USDT,USDT/BRL,5.2134,5.2495,5.1816,5.2245,75244.8529,393116.73397605
2023-02-15,Foxbit,USDT,USDT/BRL,5.2255,5.2705,5.1819,5.2054,50927.3087,265097.01270698
2023-02-16,Foxbit,USDT,USDT/BRL,5.2004,5.279,5.18,5.2166,410238.3981,2140049.6275284598
2023-02-17,Foxbit,USDT,USDT/BRL,5.2324,5.27,5.1837,5.2125,81479.249,424710.5854125
2023-02-18,Foxbit,USDT,USDT/BRL,5.213,5.229,5.1838,5.2165,20823.2927,108624.70636955001
2023-02-19,Foxbit,USDT,USDT/BRL,5.2165,5.2241,5.1876,5.224,17284.486,90294.15486400001
2023-02-20,Foxbit,USDT,USDT/BRL,5.224,5.224,5.1816,5.2094,37613.9664,195946.19656415997
2023-02-21,Foxbit,USDT,USDT/BRL,5.2074,5.224,5.1867,5.2239,20569.0428,107450.62268292
2023-02-22,Foxbit,USDT,USDT/BRL,5.2239,5.2485,5.1846,5.19,160038.5912,830600.288328
2023-02-23,Foxbit,USDT,USDT/BRL,5.1984,5.2322,5.143,5.172,40676.9972,210381.42951839996
2023-02-24,Foxbit,USDT,USDT/BRL,5.1621,5.2425,5.141,5.2347,68599.4559,359097.57179973
2023-02-25,Foxbit,USDT,USDT/BRL,5.2257,5.2377,5.2033,5.2272,12940.2121,67641.07668912
2023-02-26,Foxbit,USDT,USDT/BRL,5.2282,5.2293,5.2038,5.2256,18462.6432,96478.38830591999
2023-02-27,Foxbit,USDT,USDT/BRL,5.2272,5.2444,5.12,5.2298,1009861.554,5281373.9551092
2023-02-28,Foxbit,USDT,USDT/BRL,5.2091,5.2631,5.1613,5.2317,53208.1295,278368.97110515
2023-03-01,Foxbit,USDT,USDT/BRL,5.2442,5.2469,5.1808,5.2193,111987.8366,584498.11556638
2023-03-02,Foxbit,USDT,USDT/BRL,5.2193,5.2566,5.1791,5.2275,119868.7038,626613.6491145
2023-03-03,Foxbit,USDT,USDT/BRL,5.2275,5.27,5.1991,5.247,104110.7434,546269.0706198
2023-03-04,Foxbit,USDT,USDT/BRL,5.247,5.2472,5.1991,5.2299,17444.5227,91233.10926873
2023-03-05,Foxbit,USDT,USDT/BRL,5.2016,5.2434,5.199,5.2016,8901.6954,46303.058792640004
2023-03-06,Foxbit,USDT,USDT/BRL,5.2041,5.245,5.18,5.2013,107366.9089,558447.50326157
2023-03-07,Foxbit,USDT,USDT/BRL,5.1962,5.2294,5.18,5.2286,79723.1017,416840.20954862
2023-03-08,Foxbit,USDT,USDT/BRL,5.2166,5.2286,5.1253,5.1721,127127.5069,657516.17843749
2023-03-09,Foxbit,USDT,USDT/BRL,5.168,5.2199,5.1267,5.2073,121038.3826,630283.16971298
2023-03-10,Foxbit,USDT,USDT/BRL,5.2041,5.2595,5.1846,5.2585,47736.3482,251021.5870097
2023-03-11,Foxbit,USDT,USDT/BRL,5.2376,5.27,5.1337,5.1847,71802.6989,372275.45298683003
2023-03-12,Foxbit,USDT,USDT/BRL,5.1786,5.2033,5.1237,5.1297,20866.9339,107041.11082682999
2023-03-13,Foxbit,USDT,USDT/BRL,5.1854,5.27,5.1101,5.2553,213830.8088,1123745.04948664
2023-03-14,Foxbit,USDT,USDT/BRL,5.2553,5.2879,5.1,5.2694,134612.9359,709329.4044314601
2023-03-15,Foxbit,USDT,USDT/BRL,5.2879,5.3367,5.16,5.2894,183070.3155,968332.1268056999
2023-03-16,Foxbit,USDT,USDT/BRL,5.2944,5.3317,5.2282,5.2536,28017.754,147194.0724144
2023-03-17,Foxbit,USDT,USDT/BRL,5.2536,5.3208,5.2124,5.3208,33364.1829,177524.14437432
2023-03-18,Foxbit,USDT,USDT/BRL,5.3103,5.3282,5.2714,5.2931,28941.6995,153191.30962344998
2023-03-19,Foxbit,USDT,USDT/BRL,5.2985,5.3059,5.2511,5.2999,20843.891,110470.5379109
2023-03-20,Foxbit,USDT,USDT/BRL,5.2999,5.3167,5.2439,5.3055,36043.7805,191230.27744275003
2023-03-21,Foxbit,USDT,USDT/BRL,5.3036,5.4,5.2694,5.2981,144252.3819,764263.54454439
2023-03-22,Foxbit,USDT,USDT/BRL,5.2993,5.3276,5.251,5.3112,57633.1473,306101.17193976
2023-03-23,Foxbit,USDT,USDT/BRL,5.2861,5.3276,5.2651,5.3099,90731.1681,481773.42949419
2023-03-24,Foxbit,USDT,USDT/BRL,5.3098,5.31,5.255,5.3048,31392.197,166529.3266456
2023-03-25,Foxbit,USDT,USDT/BRL,5.3048,5.31,5.2768,5.3099,11761.2542,62451.08367658
2023-03-26,Foxbit,USDT,USDT/BRL,5.3099,5.31,5.2798,5.3038,19504.7821,103449.46330198
2023-03-27,Foxbit,USDT,USDT/BRL,5.3092,5.3207,5.249,5.2765,447847.0344,2363064.8770116004
2023-03-28,Foxbit,USDT,USDT/BRL,5.2569,5.2809,5.192,5.2122,93647.4562,488109.27120564
2023-03-29,Foxbit,USDT,USDT/BRL,5.2031,5.2387,5.1501,5.1598,66728.9641,344308.10896318
2023-03-30,Foxbit,USDT,USDT/BRL,5.1754,5.1948,5.1072,5.1571,155177.2964,800264.8352644399
2023-03-31,Foxbit,USDT,USDT/BRL,5.1582,5.1726,5.101,5.1084,82770.4328,422824.47891551995
2023-04-01,Foxbit,USDT,USDT/BRL,5.1187,5.1262,5.1019,5.1103,18148.9425,92746.54085774999
2023-04-02,Foxbit,USDT,USDT/BRL,5.1103,5.1492,5.11,5.1382,14345.9579,73712.40088178
2023-04-03,Foxbit,USDT,USDT/BRL,5.1219,5.15,5.0563,5.1112,62086.5843,317336.94967416005
2023-04-04,Foxbit,USDT,USDT/BRL,5.1018,5.1315,5.0022,5.114,106150.4152,542853.2233328
2023-04-05,Foxbit,USDT,USDT/BRL,5.1067,5.1486,5.0504,5.0701,66112.6731,335197.86388431
2023-04-06,Foxbit,USDT,USDT/BRL,5.071,5.1212,5.0601,5.0849,66936.0949,340363.34895701
2023-04-07,Foxbit,USDT,USDT/BRL,5.099,5.1112,5.0859,5.1032,16854.3227,86010.97960264
2023-04-08,Foxbit,USDT,USDT/BRL,5.1032,5.1111,5.0848,5.1052,210171.5436,1072967.76438672
2023-04-09,Foxbit,USDT,USDT/BRL,5.1032,5.1082,5.0635,5.0962,5584.2812,28458.61385144
2023-04-10,Foxbit,USDT,USDT/BRL,5.0952,5.1172,5.075,5.087,142012.7147,722418.6796789
2023-04-11,Foxbit,USDT,USDT/BRL,5.0791,5.0948,5.0209,5.037,86286.6647,434625.93009389995
2023-04-12,Foxbit,USDT,USDT/BRL,5.037,5.0471,4.9428,4.9531,67137.8417,332540.44372427004
2023-04-13,Foxbit,USDT,USDT/BRL,4.9649,4.9799,4.9001,4.9492,71279.7576,352777.77631392
2023-04-14,Foxbit,USDT,USDT/BRL,4.9609,5.0488,4.9335,4.956,46847.9761,232178.56955160003
2023-04-15,Foxbit,USDT,USDT/BRL,4.957,5.007,4.938,4.9743,25248.0123,125591.18758389
2023-04-16,Foxbit,USDT,USDT/BRL,5.0018,5.0069,4.9335,4.99,43390.1523,216516.85997700001
2023-04-17,Foxbit,USDT,USDT/BRL,4.99,5.0316,4.92,4.982,83902.5568,418002.53797760006
2023-04-18,Foxbit,USDT,USDT/BRL,4.985,5.0308,4.9691,5.0111,34282.1122,171791.09244542
2023-04-19,Foxbit,USDT,USDT/BRL,5.0111,5.1569,4.9768,5.1209,74847.4239,383286.17304950993
2023-04-20,Foxbit,USDT,USDT/BRL,5.1321,5.18,5.058,5.094,68076.5847,346782.12246180006
2023-04-21,Foxbit,USDT,USDT/BRL,5.0906,5.1362,5.0779,5.1348,13782.7439,70771.63337772
2023-04-22,Foxbit,USDT,USDT/BRL,5.1365,5.1399,5.078,5.1389,38261.8367,196623.75261762997
2023-04-23,Foxbit,USDT,USDT/BRL,5.1389,5.141,5.1102,5.1359,20007.1294,102754.61588546002
2023-04-24,Foxbit,USDT,USDT/BRL,5.1219,5.1393,5.03,5.0624,292239.0214,1479430.8219353603
2023-04-25,Foxbit,USDT,USDT/BRL,5.0801,5.12,5.0355,5.0996,74051.1951,377631.47453196
2023-04-26,Foxbit,USDT,USDT/BRL,5.1018,5.1128,5.05,5.106,75578.2744,385902.66908639995
2023-04-27,Foxbit,USDT,USDT/BRL,5.0701,5.1128,4.959,4.9947,182386.9654,910968.1760833799
2023-04-28,Foxbit,USDT,USDT/BRL,5.0225,5.0591,4.9501,5.032,171807.0214,864532.9316848
2023-04-29,Foxbit,USDT,USDT/BRL,5.03,5.0431,5.01,5.043,18920.9048,95418.1229064
2023-04-30,Foxbit,USDT,USDT/BRL,5.043,5.0431,5.002,5.0431,6752.8755,34055.42643405
2023-05-01,Foxbit,USDT,USDT/BRL,5.0431,5.0431,5.005,5.0426,22470.8508,113311.51224408
2023-05-02,Foxbit,USDT,USDT/BRL,5.0426,5.086,5.018,5.0741,55071.3743,279437.66033563
2023-05-03,Foxbit,USDT,USDT/BRL,5.0741,5.0811,4.95,5.028,138536.659,696562.3214520001
2023-05-04,Foxbit,USDT,USDT/BRL,5.026,5.05,4.995,5.0111,87780.0522,439874.61957942
2023-05-05,Foxbit,USDT,USDT/BRL,5.0121,5.4,4.885,4.9885,247134.8875,1232832.38629375
2023-05-06,Foxbit,USDT,USDT/BRL,4.993,5.0297,4.9666,5.025,22185.5213,111482.24453250002
2023-05-07,Foxbit,USDT,USDT/BRL,5.0047,5.037,4.991,5.0256,13757.2867,69138.62003952
2023-05-08,Foxbit,USDT,USDT/BRL,5.0276,5.0581,4.934,5.0571,629370.573,3182789.9247183
2023-05-09,Foxbit,USDT,USDT/BRL,5.0571,5.077,4.992,5.0268,111853.7354,562266.35710872
2023-05-10,Foxbit,USDT,USDT/BRL,5.023,5.049,4.9635,5.012,73009.7962,365925.09855439997
2023-05-11,Foxbit,USDT,USDT/BRL,5.015,5.0771,4.8444,4.982,48238.8407,240325.9043674
2023-05-12,Foxbit,USDT,USDT/BRL,4.9601,5.003,4.939,4.979,31954.2141,159100.0320039
2023-05-13,Foxbit,USDT,USDT/BRL,4.9792,4.9796,4.9372,4.966,13449.6915,66791.16798900001
2023-05-14,Foxbit,USDT,USDT/BRL,4.966,4.9795,4.9365,4.9791,19021.9625,94712.25348375
2023-05-15,Foxbit,USDT,USDT/BRL,4.9792,4.9794,4.8991,4.928,229295.5421,1129968.4314688
2023-05-16,Foxbit,USDT,USDT/BRL,4.94,4.9884,4.88,4.9311,96160.1992,474175.55827512
2023-05-17,Foxbit,USDT,USDT/BRL,4.959,4.9911,4.9276,4.9729,83398.1139,414730.48061331
2023-05-18,Foxbit,USDT,USDT/BRL,4.9739,5.012,4.885,4.99,570392.6729,2846259.437771
2023-05-19,Foxbit,USDT,USDT/BRL,4.99,5.0351,4.8,4.9991,149834.7248,749038.7727476801
2023-05-20,Foxbit,USDT,USDT/BRL,5.0001,5.041,4.9951,4.9962,14518.5975,72537.81682949999
2023-05-21,Foxbit,USDT,USDT/BRL,5.013,5.04,4.8,5.0279,70158.774,352751.2997946
2023-05-22,Foxbit,USDT,USDT/BRL,5.027,5.031,4.8,5.004,157516.7687,788213.9105747999
2023-05-23,Foxbit,USDT,USDT/BRL,5.0061,5.02,4.975,5.0039,289918.0195,1450720.77777605
2023-05-24,Foxbit,USDT,USDT/BRL,5.005,5.0129,4.9641,4.9959,470869.0325,2352414.59946675
2023-05-25,Foxbit,USDT,USDT/BRL,4.9821,5.078,4.9701,5.0411,267481.0116,1348398.5275767602
2023-05-26,Foxbit,USDT,USDT/BRL,5.0421,5.07,4.9808,5.025,355897.188,1788383.3697000002
2023-05-27,Foxbit,USDT,USDT/BRL,5.0251,5.052,4.9787,5.036,63051.7014,317528.36825039994
2023-05-28,Foxbit,USDT,USDT/BRL,5.038,5.049,5.008,5.008,10367.8809,51922.3475472
2023-05-29,Foxbit,USDT,USDT/BRL,5.032,5.08,5.0001,5.076,38410.7714,194973.07562639998
2023-05-30,Foxbit,USDT,USDT/BRL,5.049,5.1,5.022,5.0395,135823.2883,684481.46138785
2023-05-31,Foxbit,USDT,USDT/BRL,5.0779,5.15,5.0399,5.0916,148478.0481,755990.82970596
2023-06-01,Foxbit,USDT,USDT/BRL,5.0919,5.1097,5.0016,5.0526,83150.177,420124.5843102
2023-06-02,Foxbit,USDT,USDT/BRL,5.0526,5.0547,4.9808,4.9977,69385.1745,346766.28659865
2023-06-03,Foxbit,USDT,USDT/BRL,4.9977,5.0175,4.9826,4.9921,16826.8959,84001.54702238999
2023-06-04,Foxbit,USDT,USDT/BRL,5.0162,5.03,4.984,5.0256,16138.8935,81107.6231736
2023-06-05,Foxbit,USDT,USDT/BRL,5.0103,5.0296,4.8508,4.9937,250878.089,1252809.9130393
2023-06-06,Foxbit,USDT,USDT/BRL,4.9936,4.9939,4.904,4.96,103657.474,514141.07104
2023-06-07,Foxbit,USDT,USDT/BRL,4.959,4.98,4.76,4.965,167366.1776,830973.0717839999
2023-06-08,Foxbit,USDT,USDT/BRL,4.965,4.9859,4.9376,4.9791,42054.7772,209394.94115651998
2023-06-09,Foxbit,USDT,USDT/BRL,4.9794,4.9794,4.9,4.9149,130386.7881,640838.02483269
2023-06-10,Foxbit,USDT,USDT/BRL,4.9149,4.9776,4.9,4.9261,87828.6047,432652.48961267
2023-06-11,Foxbit,USDT,USDT/BRL,4.9623,4.972,4.916,4.971,15875.1898,78915.5684958
2023-06-12,Foxbit,USDT,USDT/BRL,4.9709,4.988,4.8861,4.8959,115293.4267,564465.08778053
2023-06-13,Foxbit,USDT,USDT/BRL,4.8959,4.9017,4.8,4.8701,304118.435,1481087.1902935
2023-06-14,Foxbit,USDT,USDT/BRL,4.8801,4.9029,4.8,4.862,196421.1953,954999.8515486
2023-06-15,Foxbit,USDT,USDT/BRL,4.862,4.908,4.8,4.8538,242813.7646,1178569.4506154798
2023-06-16,Foxbit,USDT,USDT/BRL,4.8628,4.8989,4.7,4.858,815135.9159,3959930.2794422
2023-06-17,Foxbit,USDT,USDT/BRL,4.8589,4.8849,4.8331,4.8818,26289.6266,128340.69913588
2023-06-18,Foxbit,USDT,USDT/BRL,4.8542,4.8962,4.849,4.8899,12855.5824,62862.512377759995
2023-06-19,Foxbit,USDT,USDT/BRL,4.8899,4.8899,4.78,4.7916,713291.0018,3417805.16422488
2023-06-20,Foxbit,USDT,USDT/BRL,4.808,4.8372,4.787,4.8169,74693.3061,359790.18615309004
2023-06-21,Foxbit,USDT,USDT/BRL,4.8169,4.8402,4.7689,4.769,32042.4296,152810.3467624
2023-06-22,Foxbit,USDT,USDT/BRL,4.769,4.8083,4.65,4.7909,596519.582,2857865.6654038
2023-06-23,Foxbit,USDT,USDT/BRL,4.7749,4.8279,4.72,4.8249,117914.75,568926.8772750001
2023-06-24,Foxbit,USDT,USDT/BRL,4.8249,4.838,4.75,4.8129,98427.7135,473722.74230415
2023-06-25,Foxbit,USDT,USDT/BRL,4.8119,4.839,4.7781,4.8339,20886.4844,100963.17694116
2023-06-26,Foxbit,USDT,USDT/BRL,4.8359,4.849,4.78,4.8058,68193.8938,327726.21482404
2023-06-27,Foxbit,USDT,USDT/BRL,4.8048,4.8463,4.7791,4.836,187743.6838,907928.4548568
2023-06-28,Foxbit,USDT,USDT/BRL,4.8392,4.8949,4.8188,4.8897,114957.1834,562106.13967098
2023-06-29,Foxbit,USDT,USDT/BRL,4.8907,4.9,4.8613,4.8807,105878.3629,516760.52580602997
2023-06-30,Foxbit,USDT,USDT/BRL,4.8807,4.8927,4.795,4.8249,117111.883,565053.1242867
2023-07-01,Foxbit,USDT,USDT/BRL,4.8151,4.8369,4.8122,4.829,48469.9702,234061.4860958
2023-07-02,Foxbit,USDT,USDT/BRL,4.8297,4.8304,4.8182,4.83,19624.8073,94787.819259
2023-07-03,Foxbit,USDT,USDT/BRL,4.8297,4.8318,4.793,4.8149,75588.1429,363949.34924921003
2023-07-04,Foxbit,USDT,USDT/BRL,4.8149,4.8756,4.793,4.8601,229961.5933,1117636.33959733
2023-07-05,Foxbit,USDT,USDT/BRL,4.8698,4.8989,4.8521,4.8649,132633.3127,645247.80295423
2023-07-06,Foxbit,USDT,USDT/BRL,4.8649,4.955,4.72,4.929,372453.8314,1835824.9349706003
2023-07-07,Foxbit,USDT,USDT/BRL,4.942,4.953,4.7,4.8978,306799.0722,1502640.49582116
2023-07-08,Foxbit,USDT,USDT/BRL,4.911,4.9292,4.8909,4.927,34398.6904,169482.34760079999
2023-07-09,Foxbit,USDT,USDT/BRL,4.9261,4.9304,4.9119,4.9251,31262.5871,153971.36772620998
2023-07-10,Foxbit,USDT,USDT/BRL,4.912,4.9297,4.87,4.8957,174871.497,856118.3878628999
2023-07-11,Foxbit,USDT,USDT/BRL,4.8947,4.9275,4.875,4.8928,103813.5052,507938.71824256005
2023-07-12,Foxbit,USDT,USDT/BRL,4.8928,4.8938,4.7854,4.8461,236133.7699,1144327.86231239
2023-07-13,Foxbit,USDT,USDT/BRL,4.8597,4.8619,4.7953,4.8088,135000.2465,649189.1853692
2023-07-14,Foxbit,USDT,USDT/BRL,4.8088,4.8439,4.7797,4.838,193222.7304,934811.5696752
2023-07-15,Foxbit,USDT,USDT/BRL,4.8388,4.8512,4.8237,4.8482,174570.4225,846352.3223645
2023-07-16,Foxbit,USDT,USDT/BRL,4.8461,4.8529,4.8248,4.8422,21832.5937,105717.78521414
2023-07-17,Foxbit,USDT,USDT/BRL,4.8422,4.8783,4.8078,4.8432,82079.9633,397529.67825456004
2023-07-18,Foxbit,USDT,USDT/BRL,4.8432,4.8599,4.8216,4.8216,84897.4701,409341.64183416
2023-07-19,Foxbit,USDT,USDT/BRL,4.8319,4.8454,4.8036,4.8287,123159.9534,594702.46698258
2023-07-20,Foxbit,USDT,USDT/BRL,4.8289,4.95,4.7952,4.8278,257808.6237,1244648.47349886
2023-07-21,Foxbit,USDT,USDT/BRL,4.827,4.8392,4.7925,4.8199,122580.4813,590825.66181787
2023-07-22,Foxbit,USDT,USDT/BRL,4.8207,4.8365,4.8065,4.8336,25616.1335,123818.1428856
2023-07-23,Foxbit,USDT,USDT/BRL,4.8335,4.8355,4.8124,4.8316,36758.7066,177603.36680855998
2023-07-24,Foxbit,USDT,USDT/BRL,4.8315,4.8325,4.7535,4.7785,145485.2748,695201.3856318
2023-07-25,Foxbit,USDT,USDT/BRL,4.7775,4.787,4.65,4.7854,416574.3468,1993474.87917672
2023-07-26,Foxbit,USDT,USDT/BRL,4.7855,4.7916,4.7467,4.7793,128644.6866,614831.55066738
2023-07-27,Foxbit,USDT,USDT/BRL,4.7792,4.7867,4.7347,4.7787,156100.859,745959.1749032999
2023-07-28,Foxbit,USDT,USDT/BRL,4.778,4.7898,4.7373,4.7828,166272.0825,795246.1161809999
2023-07-29,Foxbit,USDT,USDT/BRL,4.7847,4.7907,4.7652,4.7817,61577.1936,294443.66663712
2023-07-30,Foxbit,USDT,USDT/BRL,4.7817,4.7918,4.7703,4.7897,79303.0677,379837.90336269
2023-07-31,Foxbit,USDT,USDT/BRL,4.7877,4.8,4.74,4.7683,161373.6875,769478.15410625
2023-08-01,Foxbit,USDT,USDT/BRL,4.7663,4.8408,4.7,4.8016,369894.5417,1776085.63142672
2023-08-02,Foxbit,USDT,USDT/BRL,4.8113,4.85,4.7956,4.8499,340586.2423,1651809.2165307698
2023-08-03,Foxbit,USDT,USDT/BRL,4.8336,4.967,4.8286,4.964,522471.9045,2593550.5339380004
2023-08-04,Foxbit,USDT,USDT/BRL,4.964,4.964,4.845,4.912,155527.493,763951.045616
2023-08-05,Foxbit,USDT,USDT/BRL,4.913,4.923,4.8983,4.907,48898.3341,239944.1254287
2023-08-06,Foxbit,USDT,USDT/BRL,4.91,4.9241,4.8941,4.9049,19053.0823,93453.46337326999
2023-08-07,Foxbit,USDT,USDT/BRL,4.907,4.9379,4.8921,4.9149,130871.0891,643218.31581759
2023-08-08,Foxbit,USDT,USDT/BRL,4.9149,4.953,4.8922,4.916,193510.3297,951296.7808052001
2023-08-09,Foxbit,USDT,USDT/BRL,4.916,4.942,4.905,4.9349,133999.3878,661273.57885422
2023-08-10,Foxbit,USDT,USDT/BRL,4.9237,4.935,4.82,4.901,242185.1393,1186949.3677093
2023-08-11,Foxbit,USDT,USDT/BRL,4.9119,4.9339,4.8912,4.926,181875.2971,895917.7135146001
2023-08-12,Foxbit,USDT,USDT/BRL,4.9269,4.939,4.9121,4.9261,47381.9819,233408.38103758998
2023-08-13,Foxbit,USDT,USDT/BRL,4.937,4.948,4.9241,4.947,25573.082,126510.036654
2023-08-14,Foxbit,USDT,USDT/BRL,4.948,4.9929,4.917,4.9709,223684.2803,1111912.1889432701
2023-08-15,Foxbit,USDT,USDT/BRL,4.9709,5.021,4.9591,5.0089,179195.528,897572.4801991999
2023-08-16,Foxbit,USDT,USDT/BRL,5.009,5.021,4.9751,5.0149,268964.0375,1348827.7516587498
2023-08-17,Foxbit,USDT,USDT/BRL,5.0149,5.1,4.9841,5.054,618070.0815,3123726.191901
2023-08-18,Foxbit,USDT,USDT/BRL,5.0539,5.054,4.995,5.025,438375.3519,2202836.1432975
2023-08-19,Foxbit,USDT,USDT/BRL,5.0239,5.0415,5.0131,5.037,119071.6033,599763.6658221
2023-08-20,Foxbit,USDT,USDT/BRL,5.036,5.0453,5.018,5.039,59216.8979,298393.9485181
2023-08-21,Foxbit,USDT,USDT/BRL,5.039,5.049,4.978,5.0091,335698.0497,1681545.1007522698
2023-08-22,Foxbit,USDT,USDT/BRL,5.0109,5.0182,4.9288,4.9711,386505.2575,1921356.28555825
2023-08-23,Foxbit,USDT,USDT/BRL,4.9711,4.9749,4.8501,4.9048,227253.8329,1114634.59960792
2023-08-24,Foxbit,USDT,USDT/BRL,4.9048,4.9177,4.8852,4.909,184388.5447,905163.3659323
2023-08-25,Foxbit,USDT,USDT/BRL,4.9088,4.92,4.8832,4.9028,102023.8933,500202.74407124
2023-08-26,Foxbit,USDT,USDT/BRL,4.9028,4.9258,4.8921,4.9218,32941.9287,162133.58467565998
2023-08-27,Foxbit,USDT,USDT/BRL,4.9218,4.9286,4.9109,4.9198,33687.0067,165733.33556266
2023-08-28,Foxbit,USDT,USDT/BRL,4.9198,4.9379,4.8924,4.9038,233055.5254,1142857.6854565202
2023-08-29,Foxbit,USDT,USDT/BRL,4.8929,4.9258,4.8768,4.8888,100970.7021,493625.56842647993
2023-08-30,Foxbit,USDT,USDT/BRL,4.8899,4.929,4.8732,4.91,86125.2812,422875.130692
2023-08-31,Foxbit,USDT,USDT/BRL,4.91,4.9929,4.8942,4.9869,169196.4956,843766.00390764
2023-09-01,Foxbit,USDT,USDT/BRL,4.9869,4.9886,4.9311,4.9652,192685.7226,956723.1498535201
2023-09-02,Foxbit,USDT,USDT/BRL,4.9759,4.9924,4.9702,4.9771,54150.8539,269514.21494569
2023-09-03,Foxbit,USDT,USDT/BRL,4.9879,5.0,4.9757,4.9943,53029.7058,264846.25967694004
2023-09-04,Foxbit,USDT,USDT/BRL,4.9939,5.0,4.92,4.9649,263437.299,1307939.8458051
2023-09-05,Foxbit,USDT,USDT/BRL,4.9535,5.018,4.9481,4.9909,142930.4208,713351.43717072
2023-09-06,Foxbit,USDT,USDT/BRL,4.981,5.0189,4.8501,4.996,309483.15,1546177.8174000003
2023-09-07,Foxbit,USDT,USDT/BRL,4.996,5.014,4.966,5.0089,170896.4184,856003.0701237599
2023-09-08,Foxbit,USDT,USDT/BRL,4.9971,5.0239,4.8501,5.0049,264076.0367,1321674.15607983
2023-09-09,Foxbit,USDT,USDT/BRL,5.013,5.0269,4.962,5.025,93726.8187,470977.26396750007
2023-09-10,Foxbit,USDT,USDT/BRL,5.0259,5.039,5.0019,5.0129,63143.7274,316533.19108346
2023-09-11,Foxbit,USDT,USDT/BRL,5.0169,5.0216,4.9481,4.9589,151975.4415,753631.0168543499
2023-09-12,Foxbit,USDT,USDT/BRL,4.9481,4.992,4.9401,4.9794,201589.6499,1003795.50271206
2023-09-13,Foxbit,USDT,USDT/BRL,4.9794,4.9868,4.9235,4.9555,121575.2067,602465.93680185
2023-09-14,Foxbit,USDT,USDT/BRL,4.9555,4.9555,4.8909,4.9269,129918.35,640094.718615
2023-09-15,Foxbit,USDT,USDT/BRL,4.9209,4.937,4.8719,4.8857,329265.6437,1608693.15542509
2023-09-16,Foxbit,USDT,USDT/BRL,4.9059,4.9248,4.883,4.9189,48193.9004,237060.97667756
2023-09-17,Foxbit,USDT,USDT/BRL,4.8901,4.929,4.882,4.908,40721.8612,199862.8947696
2023-09-18,Foxbit,USDT,USDT/BRL,4.908,4.9105,4.8631,4.8873,124711.716,609503.5696068
2023-09-19,Foxbit,USDT,USDT/BRL,4.887,4.908,4.8592,4.9033,133690.8331,655526.2619392299
2023-09-20,Foxbit,USDT,USDT/BRL,4.9034,4.9102,4.805,4.901,528021.0598,2587831.2140798
2023-09-21,Foxbit,USDT,USDT/BRL,4.8981,4.971,4.8981,4.968,304992.7246,1515203.8558128001
2023-09-22,Foxbit,USDT,USDT/BRL,4.958,4.976,4.9281,4.966,216312.3203,1074206.9826098
2023-09-23,Foxbit,USDT,USDT/BRL,4.9727,4.9768,4.9602,4.9612,190074.4645,942997.4332774
2023-09-24,Foxbit,USDT,USDT/BRL,4.9625,4.9706,4.945,4.9616,110077.0433,546158.2580372801
2023-09-25,Foxbit,USDT,USDT/BRL,4.9617,5.008,4.942,4.9935,518575.9656,2589509.0842236
2023-09-26,Foxbit,USDT,USDT/BRL,4.9935,5.03,4.9675,5.0042,451677.0517,2260282.30211714
2023-09-27,Foxbit,USDT,USDT/BRL,5.0036,5.0778,4.9905,5.0538,255414.2604,1290812.58920952
2023-09-28,Foxbit,USDT,USDT/BRL,5.048,5.0852,5.028,5.0548,244531.7929,1236059.3067509201
2023-09-29,Foxbit,USDT,USDT/BRL,5.0547,5.0578,5.0121,5.0427,193345.1301,974981.4875552701
2023-09-30,Foxbit,USDT,USDT/BRL,5.0427,5.0609,5.0303,5.0438,53445.2947,269567.37740786
2023-10-01,Foxbit,USDT,USDT/BRL,5.034,5.0562,5.0268,5.0321,31293.466,157471.8502586
2023-10-02,Foxbit,USDT,USDT/BRL,5.0321,5.1,5.0,5.07,415235.6276,2105244.631932
2023-10-03,Foxbit,USDT,USDT/BRL,5.07,5.1781,5.041,5.1571,774044.7865,3991826.36845915
2023-10-04,Foxbit,USDT,USDT/BRL,5.1639,5.2,4.8,5.1673,546256.2226,2822669.7790409797
2023-10-05,Foxbit,USDT,USDT/BRL,5.1581,5.2089,5.14,5.1919,232664.1603,1207969.05386157
2023-10-06,Foxbit,USDT,USDT/BRL,5.181,5.242,5.1731,5.1901,146758.7932,761692.81258732
2023-10-07,Foxbit,USDT,USDT/BRL,5.187,5.1931,5.178,5.1839,73363.1974,380307.4790018601
2023-10-08,Foxbit,USDT,USDT/BRL,5.1931,5.2159,5.1839,5.2081,65676.3687,342049.09582647
2023-10-09,Foxbit,USDT,USDT/BRL,5.1937,5.213,5.1502,5.1742,395102.4324,2044339.00572408
2023-10-10,Foxbit,USDT,USDT/BRL,5.1742,5.1742,5.081,5.0937,220245.8588,1121866.33096956
2023-10-11,Foxbit,USDT,USDT/BRL,5.0937,5.1397,5.0611,5.0918,161956.3658,824649.42338044
2023-10-12,Foxbit,USDT,USDT/BRL,5.0918,5.0985,5.0801,5.0985,114152.109,582004.5277364999
2023-10-13,Foxbit,USDT,USDT/BRL,5.0976,5.127,5.0796,5.1251,174612.0913,894904.4291216299
2023-10-14,Foxbit,USDT,USDT/BRL,5.1251,5.1388,5.1108,5.1159,81795.9915,418460.11291485
2023-10-15,Foxbit,USDT,USDT/BRL,5.1281,5.1406,5.116,5.1197,36385.9339,186285.06578783
2023-10-16,Foxbit,USDT,USDT/BRL,5.1199,5.1344,5.0001,5.0591,688321.4679,3482287.13825289
2023-10-17,Foxbit,USDT,USDT/BRL,5.0566,5.0921,5.0349,5.0589,801444.9127,4054429.6688580303
2023-10-18,Foxbit,USDT,USDT/BRL,5.069,5.0976,5.0466,5.0805,209117.4915,1062421.4155657499
2023-10-19,Foxbit,USDT,USDT/BRL,5.0907,5.0938,5.045,5.0831,265415.6336,1349134.20715216
2023-10-20,Foxbit,USDT,USDT/BRL,5.0798,5.0901,5.0412,5.0691,780258.3993,3955207.85189163
2023-10-21,Foxbit,USDT,USDT/BRL,5.0691,5.0798,5.0415,5.0798,109038.9022,553895.81539556
2023-10-22,Foxbit,USDT,USDT/BRL,5.0798,5.0798,5.0599,5.0798,21555.7567,109498.93288466
2023-10-23,Foxbit,USDT,USDT/BRL,5.0798,5.0798,5.0279,5.045,384910.2303,1941872.1118635
2023-10-24,Foxbit,USDT,USDT/BRL,5.045,5.072,4.95,5.03,630801.5234,3172931.662702
2023-10-25,Foxbit,USDT,USDT/BRL,5.0304,5.0509,5.0125,5.048,555363.526,2803475.079248
2023-10-26,Foxbit,USDT,USDT/BRL,5.0394,5.0507,5.0102,5.0351,187646.7027,944819.91276477
2023-10-27,Foxbit,USDT,USDT/BRL,5.025,5.0537,4.96,5.0532,209301.0361,1057639.99562052
2023-10-28,Foxbit,USDT,USDT/BRL,5.0541,5.0549,5.0338,5.0544,49559.8024,250495.06525056
2023-10-29,Foxbit,USDT,USDT/BRL,5.0537,5.0546,5.04,5.0426,49643.4279,250331.94952854002
2023-10-30,Foxbit,USDT,USDT/BRL,5.0427,5.0851,4.972,5.0751,358785.8478,1820874.05616978
2023-10-31,Foxbit,USDT,USDT/BRL,5.0751,5.095,5.038,5.066,239433.8133,1212971.6981778
2023-11-01,Foxbit,USDT,USDT/BRL,5.0628,5.0741,4.98,5.0039,1394878.3184,6979831.617441759
2023-11-02,Foxbit,USDT,USDT/BRL,5.004,5.3,4.9801,5.0071,146865.0098,735367.79056958
2023-11-03,Foxbit,USDT,USDT/BRL,5.0061,5.024,4.8138,4.9406,1047263.3789,5174109.44979334
2023-11-04,Foxbit,USDT,USDT/BRL,4.9479,4.9633,4.9351,4.956,123697.5529,613045.0721724001
2023-11-05,Foxbit,USDT,USDT/BRL,4.956,4.9631,4.943,4.956,70663.0637,350206.1436972
2023-11-06,Foxbit,USDT,USDT/BRL,4.956,4.956,4.912,4.9162,357454.0192,1757315.44919104
2023-11-07,Foxbit,USDT,USDT/BRL,4.9256,4.9256,4.8953,4.9114,260356.0471,1278712.6897269401
2023-11-08,Foxbit,USDT,USDT/BRL,4.9114,4.9518,4.8955,4.9451,361146.0148,1785903.15778748
2023-11-09,Foxbit,USDT,USDT/BRL,4.9464,4.9857,4.9132,4.9807,270982.5767,1349682.91976969
2023-11-10,Foxbit,USDT,USDT/BRL,4.98,4.988,4.931,4.9526,346505.8383,1716104.8147645802
2023-11-11,Foxbit,USDT,USDT/BRL,4.952,4.97,4.9084,4.962,217113.3982,1077316.6818684
2023-11-12,Foxbit,USDT,USDT/BRL,4.964,4.9719,4.9504,4.9636,95206.2909,472565.94551124
2023-11-13,Foxbit,USDT,USDT/BRL,4.9638,4.99,4.911,4.95,710802.246,3518471.1177000003
2023-11-14,Foxbit,USDT,USDT/BRL,4.9595,4.965,4.8688,4.9217,472541.6972,2325708.4711092403
2023-11-15,Foxbit,USDT,USDT/BRL,4.9228,4.924,4.8988,4.9062,293138.5,1438196.1087
2023-11-16,Foxbit,USDT,USDT/BRL,4.9079,4.9259,4.8642,4.9131,500989.8362,2461413.16423422
2023-11-17,Foxbit,USDT,USDT/BRL,4.9136,4.94,4.8891,4.94,457450.9803,2259807.8426820002
2023-11-18,Foxbit,USDT,USDT/BRL,4.94,4.9557,4.922,4.955,94419.1168,467846.723744
2023-11-19,Foxbit,USDT,USDT/BRL,4.9546,4.9599,4.929,4.9417,56324.0077,278336.34885109
2023-11-20,Foxbit,USDT,USDT/BRL,4.9429,4.9599,4.8775,4.889,627827.1099,3069446.7403011005
2023-11-21,Foxbit,USDT,USDT/BRL,4.9004,4.9599,4.8775,4.939,388624.4685,1919416.2499215002
2023-11-22,Foxbit,USDT,USDT/BRL,4.939,4.958,4.9071,4.931,292245.2784,1441061.4677904001
2023-11-23,Foxbit,USDT,USDT/BRL,4.9321,4.95,4.9019,4.947,468914.8952,2319721.9865544
2023-11-24,Foxbit,USDT,USDT/BRL,4.947,4.948,4.896,4.944,605649.7452,2994332.3402688
2023-11-25,Foxbit,USDT,USDT/BRL,4.9301,4.947,4.923,4.9321,85466.4196,421528.92810916
2023-11-26,Foxbit,USDT,USDT/BRL,4.9448,4.959,4.933,4.9413,122122.3348,603443.09294724
2023-11-27,Foxbit,USDT,USDT/BRL,4.9485,4.9506,4.861,4.9389,573153.4449,2830747.5490166103
2023-11-28,Foxbit,USDT,USDT/BRL,4.9369,4.9439,4.8842,4.9039,243021.889,1191755.0414671
2023-11-29,Foxbit,USDT,USDT/BRL,4.9038,4.9409,4.8901,4.9201,148140.0409,728863.81523209
2023-11-30,Foxbit,USDT,USDT/BRL,4.93,4.96,4.886,4.9411,310775.3964,1535572.31115204
2023-12-01,Foxbit,USDT,USDT/BRL,4.953,4.96,4.85,4.907,298604.9584,1465254.5308688001
2023-12-02,Foxbit,USDT,USDT/BRL,4.9211,4.931,4.8934,4.9157,186015.2537,914395.18261309
2023-12-03,Foxbit,USDT,USDT/BRL,4.9308,4.9434,4.8717,4.9239,196941.7194,969721.3321536599
2023-12-04,Foxbit,USDT,USDT/BRL,4.9239,4.9822,4.8931,4.9668,810628.9249,4026231.74419332
2023-12-05,Foxbit,USDT,USDT/BRL,4.978,4.9944,4.9485,4.9595,599951.9152,2975461.5234344006
2023-12-06,Foxbit,USDT,USDT/BRL,4.97,4.9735,4.9212,4.9301,477734.6724,2355279.70839924
2023-12-07,Foxbit,USDT,USDT/BRL,4.939,4.95,4.9107,4.9408,246406.4579,1217445.0271923202
2023-12-08,Foxbit,USDT,USDT/BRL,4.9408,4.97,4.9107,4.9526,356574.4952,1765970.8449275203
2023-12-09,Foxbit,USDT,USDT/BRL,4.955,4.979,4.9535,4.9675,43293.8299,215062.10002825
2023-12-10,Foxbit,USDT,USDT/BRL,4.9669,4.9768,4.9369,4.972,97372.7201,484137.16433720005
2023-12-11,Foxbit,USDT,USDT/BRL,4.9721,4.993,4.9246,4.9874,1286344.0217,6415512.17382658
2023-12-12,Foxbit,USDT,USDT/BRL,4.9735,5.0066,4.9571,5.0059,446414.6463,2234707.0779131697
2023-12-13,Foxbit,USDT,USDT/BRL,5.0059,5.012,4.941,4.9661,695811.0516,3455467.26335076
2023-12-14,Foxbit,USDT,USDT/BRL,4.9516,4.9664,4.9173,4.9434,582144.4185,2877772.7184129
2023-12-15,Foxbit,USDT,USDT/BRL,4.9434,4.9864,4.9307,4.9864,644590.8464,3214187.79648896
2023-12-16,Foxbit,USDT,USDT/BRL,4.9864,4.989,4.922,4.9824,111376.2364,554920.96023936
2023-12-17,Foxbit,USDT,USDT/BRL,4.9656,5.0,4.9656,4.998,51017.0695,254983.313361
2023-12-18,Foxbit,USDT,USDT/BRL,4.9866,4.9999,4.921,4.9379,758200.9166,3743920.30607914
2023-12-19,Foxbit,USDT,USDT/BRL,4.932,4.9489,4.8787,4.8987,1468458.7714,7193538.98345718
2023-12-20,Foxbit,USDT,USDT/BRL,4.9123,4.976,4.8846,4.962,577445.1495,2865282.831819
2023-12-21,Foxbit,USDT,USDT/BRL,4.9441,4.962,4.8937,4.9147,599255.8839,2945162.89260333
2023-12-22,Foxbit,USDT,USDT/BRL,4.9156,4.931,4.8,4.8872,955868.3895,4671519.993164401
2023-12-23,Foxbit,USDT,USDT/BRL,4.9044,4.9109,4.865,4.9084,176719.5484,867410.2313665601
2023-12-24,Foxbit,USDT,USDT/BRL,4.9087,4.947,4.882,4.9181,218868.3451,1076416.40803631
2023-12-25,Foxbit,USDT,USDT/BRL,4.93,4.9463,4.895,4.9413,458385.7077,2265021.2974580103
2023-12-26,Foxbit,USDT,USDT/BRL,4.9413,4.948,4.818,4.8593,1422127.5718,6910544.50964774
2023-12-27,Foxbit,USDT,USDT/BRL,4.8649,4.8793,4.824,4.8733,1300842.672,6339396.593457601
2023-12-28,Foxbit,USDT,USDT/BRL,4.8723,5.0876,4.75,4.897,837686.9792,4102153.1371424
2023-12-29,Foxbit,USDT,USDT/BRL,4.897,4.95,4.75,4.9404,1308275.0675,6463402.143477
2023-12-30,Foxbit,USDT,USDT/BRL,4.9404,4.9776,4.933,4.96,77684.6829,385316.027184
2023-12-31,Foxbit,USDT,USDT/BRL,4.945,4.979,4.928,4.9699,173063.9215,860110.38346285
2024-01-01,Foxbit,USDT,USDT/BRL,4.9371,4.97,4.937,4.94,162217.8638,801356.247172
2024-01-02,Foxbit,USDT,USDT/BRL,4.9281,4.9491,4.8837,4.94,1275595.9002,6301443.746988
2024-01-03,Foxbit,USDT,USDT/BRL,4.94,4.9935,4.928,4.9672,1320090.4555,6557153.3105596
2024-01-04,Foxbit,USDT,USDT/BRL,4.9672,4.9681,4.9345,4.9469,553099.593,2736128.3766117003
2024-01-05,Foxbit,USDT,USDT/BRL,4.9401,4.96,4.8771,4.9221,431466.2163,2123719.86325023
2024-01-06,Foxbit,USDT,USDT/BRL,4.9221,4.9415,4.884,4.9076,679044.5506,3332479.0365245603
2024-01-07,Foxbit,USDT,USDT/BRL,4.9226,4.9337,4.9108,4.932,556876.5602,2746515.1949064
2024-01-08,Foxbit,USDT,USDT/BRL,4.9326,4.9443,4.8,4.9084,383486.64,1882305.8237760002
2024-01-09,Foxbit,USDT,USDT/BRL,4.9083,4.9574,4.8794,4.9321,484207.2554,2388158.60435834
2024-01-10,Foxbit,USDT,USDT/BRL,4.9406,4.9515,4.8,4.9398,734583.7088,3628696.60473024
2024-01-11,Foxbit,USDT,USDT/BRL,4.9398,4.955,4.8721,4.914,746611.8566,3668850.6633324
2024-01-12,Foxbit,USDT,USDT/BRL,4.9187,4.9271,4.858,4.884,1229375.2017,6004268.485102801
2024-01-13,Foxbit,USDT,USDT/BRL,4.913,4.9153,4.881,4.9082,163261.6733,801320.94489106
2024-01-14,Foxbit,USDT,USDT/BRL,4.9082,4.9095,4.88,4.884,187597.5813,916226.5870692
2024-01-15,Foxbit,USDT,USDT/BRL,4.9066,4.9633,4.8911,4.924,941177.8512,4634359.739308801
2024-01-16,Foxbit,USDT,USDT/BRL,4.9241,4.9789,4.9171,4.952,488551.4241,2419306.6521432
2024-01-17,Foxbit,USDT,USDT/BRL,4.9626,4.9809,4.9351,4.9571,286206.181,1418752.6598350997
2024-01-18,Foxbit,USDT,USDT/BRL,4.9649,4.9861,4.935,4.97,2489681.6112,12373717.607664
2024-01-19,Foxbit,USDT,USDT/BRL,4.975,4.975,4.9273,4.969,530798.1974,2637536.2428806
2024-01-20,Foxbit,USDT,USDT/BRL,4.97,4.9825,4.9635,4.975,252314.8463,1255266.3603425
2024-01-21,Foxbit,USDT,USDT/BRL,4.978,4.9926,4.9659,4.974,416889.5758,2073608.7500292
2024-01-22,Foxbit,USDT,USDT/BRL,4.9772,5.086,4.9588,5.0241,721442.2072,3624597.7931935196
2024-01-23,Foxbit,USDT,USDT/BRL,5.0241,5.0416,4.9839,5.0029,799007.8829,3997356.53736041
2024-01-24,Foxbit,USDT,USDT/BRL,4.9905,5.005,4.937,4.9735,919387.2149,4572572.31330515
2024-01-25,Foxbit,USDT,USDT/BRL,4.9734,4.984,4.9338,4.9587,199678.6311,990146.4280355701
2024-01-26,Foxbit,USDT,USDT/BRL,4.9581,4.9641,4.932,4.94,389649.638,1924869.21172
2024-01-27,Foxbit,USDT,USDT/BRL,4.94,4.963,4.9321,4.963,130829.1598,649305.1200874
2024-01-28,Foxbit,USDT,USDT/BRL,4.963,4.9685,4.949,4.9665,31197.1357,154940.57445405
2024-01-29,Foxbit,USDT,USDT/BRL,4.964,4.986,4.9391,4.9799,169650.9191,844844.6120260899
2024-01-30,Foxbit,USDT,USDT/BRL,4.9809,4.992,4.9649,4.9781,390815.2902,1945517.59614462
2024-01-31,Foxbit,USDT,USDT/BRL,4.98,4.9935,4.956,4.986,374037.4659,1864950.8049774
2024-02-01,Foxbit,USDT,USDT/BRL,4.9915,4.9994,4.9375,4.9415,272870.9195,1348391.64870925
2024-02-02,Foxbit,USDT,USDT/BRL,4.953,5.0068,4.9356,4.9946,232739.6451,1162441.43141646
2024-02-03,Foxbit,USDT,USDT/BRL,4.995,5.0157,4.9868,4.9895,80433.2446,401321.6739317
2024-02-04,Foxbit,USDT,USDT/BRL,5.0014,5.0154,4.9912,5.0025,43774.3359,218981.11533975002
2024-02-05,Foxbit,USDT,USDT/BRL,5.005,5.127,4.9868,5.0155,791747.4223,3971009.1965456503
2024-02-06,Foxbit,USDT,USDT/BRL,5.0065,5.02,4.9657,4.9964,428071.0852,2138814.37009328
2024-02-07,Foxbit,USDT,USDT/BRL,4.9882,5.046,4.9651,4.991,686619.8068,3426919.4557387996
2024-02-08,Foxbit,USDT,USDT/BRL,5.0018,5.0288,4.975,5.02,422578.5342,2121344.241684
2024-02-09,Foxbit,USDT,USDT/BRL,5.02,5.03,4.9768,5.0016,433766.9079,2169528.56655264
2024-02-10,Foxbit,USDT,USDT/BRL,4.9921,5.002,4.9818,4.9978,718762.3321,3592230.3833693797
2024-02-11,Foxbit,USDT,USDT/BRL,5.001,5.017,4.978,5.0017,527123.8225,2636515.22299825
2024-02-12,Foxbit,USDT,USDT/BRL,5.0098,5.0193,4.9747,5.0,131984.772,659923.86
2024-02-13,Foxbit,USDT,USDT/BRL,5.0,5.041,4.966,5.0089,196320.4586,983349.54508154
2024-02-14,Foxbit,USDT,USDT/BRL,5.002,5.0209,4.9805,5.0099,651171.8834,3262306.0186456605
2024-02-15,Foxbit,USDT,USDT/BRL,5.0099,5.0312,4.9775,5.0232,165767.7703,832684.6637709601
2024-02-16,Foxbit,USDT,USDT/BRL,5.0131,5.0255,4.997,5.0056,226880.7715,1135674.3898204002
2024-02-17,Foxbit,USDT,USDT/BRL,5.0103,5.029,5.0014,5.022,969493.8765,4868798.247783001
2024-02-18,Foxbit,USDT,USDT/BRL,5.022,5.0244,5.0049,5.0061,85052.8354,425782.99929594
2024-02-19,Foxbit,USDT,USDT/BRL,5.0232,5.071,4.995,5.0217,738740.1962,3709731.64325754
2024-02-20,Foxbit,USDT,USDT/BRL,5.008,5.2429,4.9601,4.975,1161918.9123,5780546.588692499
2024-02-21,Foxbit,USDT,USDT/BRL,4.975,4.995,4.9441,4.9816,506585.9269,2523608.45344504
2024-02-22,Foxbit,USDT,USDT/BRL,4.972,5.016,4.9501,5.0034,350731.1098,1754848.03477332
2024-02-23,Foxbit,USDT,USDT/BRL,4.9951,5.0391,4.987,5.0378,277034.251,1395643.1496877999
2024-02-24,Foxbit,USDT,USDT/BRL,5.0351,5.0444,5.025,5.037,64778.3046,326288.3202702
2024-02-25,Foxbit,USDT,USDT/BRL,5.0369,5.0419,5.0245,5.0419,43521.9481,219433.31012539
2024-02-26,Foxbit,USDT,USDT/BRL,5.0419,5.1995,4.9941,5.0021,726626.5602,3634658.71677642
2024-02-27,Foxbit,USDT,USDT/BRL,5.014,5.085,4.9,4.977,860275.8401,4281592.856177701
2024-02-28,Foxbit,USDT,USDT/BRL,4.977,5.0148,4.9541,5.005,500111.7386,2503059.251693
2024-02-29,Foxbit,USDT,USDT/BRL,5.0,5.0347,4.9757,5.0195,256953.2399,1289776.7876780499
2024-03-01,Foxbit,USDT,USDT/BRL,5.0131,5.0208,4.973,5.0036,799708.4229,4001421.0648224396
2024-03-02,Foxbit,USDT,USDT/BRL,5.0037,5.0066,4.9701,5.0036,387402.1943,1938405.6193994798
2024-03-03,Foxbit,USDT,USDT/BRL,5.0035,5.022,4.9712,5.019,133792.005,671502.073095
2024-03-04,Foxbit,USDT,USDT/BRL,5.019,5.022,4.963,4.9876,1230081.2368,6135153.17666368
2024-03-05,Foxbit,USDT,USDT/BRL,4.9977,5.0172,4.9651,5.0154,460761.0405,2310900.9225236997
2024-03-06,Foxbit,USDT,USDT/BRL,5.015,5.0199,4.954,4.9869,229230.9807,1143151.97765283
2024-03-07,Foxbit,USDT,USDT/BRL,4.9964,5.0,4.9435,4.9848,893608.6433,4454460.36512184
2024-03-08,Foxbit,USDT,USDT/BRL,4.9898,5.0436,4.9671,5.038,844155.818,4252857.011084
2024-03-09,Foxbit,USDT,USDT/BRL,5.038,5.0536,5.025,5.04,376932.1572,1899738.072288
2024-03-10,Foxbit,USDT,USDT/BRL,5.04,5.0469,5.0249,5.035,74354.8071,374376.45374850003
2024-03-11,Foxbit,USDT,USDT/BRL,5.0249,5.039,4.925,5.0064,1490668.4645,7462882.6006728
2024-03-12,Foxbit,USDT,USDT/BRL,5.0177,5.0337,4.993,5.0114,681318.753,3414360.7987842
2024-03-13,Foxbit,USDT,USDT/BRL,5.0114,5.0277,4.997,5.0144,474846.0021,2381067.79293024
2024-03-14,Foxbit,USDT,USDT/BRL,5.0196,5.044,4.85,5.039,1011866.832,5098796.966448
2024-03-15,Foxbit,USDT,USDT/BRL,5.0343,5.1187,5.025,5.0384,645104.6188,3250295.1113619204
2024-03-16,Foxbit,USDT,USDT/BRL,5.0449,5.052,5.0291,5.0362,303889.0512,1530446.03965344
2024-03-17,Foxbit,USDT,USDT/BRL,5.0329,5.0499,5.0264,5.0393,122648.3807,618061.98486151
2024-03-18,Foxbit,USDT,USDT/BRL,5.0414,5.0734,5.025,5.0651,560514.4272,2839061.62521072
2024-03-19,Foxbit,USDT,USDT/BRL,5.0678,5.0909,5.0218,5.077,444877.5337,2258643.2385949004
2024-03-20,Foxbit,USDT,USDT/BRL,5.077,5.0784,4.9985,5.0207,402709.8749,2021885.4689104299
2024-03-21,Foxbit,USDT,USDT/BRL,5.0207,5.0274,4.9913,5.0209,512443.1308,2572925.71543372
2024-03-22,Foxbit,USDT,USDT/BRL,5.021,5.0491,5.0079,5.04,717572.8746,3616567.287984
2024-03-23,Foxbit,USDT,USDT/BRL,5.0374,5.0484,5.031,5.044,29226.1964,147416.9346416
2024-03-24,Foxbit,USDT,USDT/BRL,5.044,5.0468,5.0259,5.033,58905.7666,296472.72329780005
2024-03-25,Foxbit,USDT,USDT/BRL,5.0421,5.0429,4.987,5.008,283930.7712,1421925.3021696
2024-03-26,Foxbit,USDT,USDT/BRL,4.9895,5.0269,4.9841,5.0193,417627.227,2096196.3404811001
2024-03-27,Foxbit,USDT,USDT/BRL,5.0197,5.0234,4.9971,5.0099,317978.1679,1593038.82336221
2024-03-28,Foxbit,USDT,USDT/BRL,5.0099,5.0483,5.0,5.0349,543109.5234,2734502.13936666
2024-03-29,Foxbit,USDT,USDT/BRL,5.04,5.0634,5.032,5.0618,422931.7459,2140795.91139662
2024-03-30,Foxbit,USDT,USDT/BRL,5.0636,5.0683,5.0221,5.0612,968933.7976,4903967.73641312
2024-03-31,Foxbit,USDT,USDT/BRL,5.0608,5.0682,5.0307,5.0526,75936.2578,383675.53616028005
2024-04-01,Foxbit,USDT,USDT/BRL,5.0526,5.1058,5.0379,5.0989,179827.0512,916920.15136368
2024-04-02,Foxbit,USDT,USDT/BRL,5.0998,5.12,5.0664,5.0999,706855.288,3604891.2832711996
2024-04-03,Foxbit,USDT,USDT/BRL,5.1129,5.1349,5.066,5.0974,395107.826,2014022.6322524
2024-04-04,Foxbit,USDT,USDT/BRL,5.0944,5.1059,5.035,5.0855,243883.2873,1240268.45756415
2024-04-05,Foxbit,USDT,USDT/BRL,5.0952,5.1165,5.0666,5.1056,352895.1134,1801741.2909750398
2024-04-06,Foxbit,USDT,USDT/BRL,5.1177,5.1178,5.0987,5.1058,98362.4867,502219.18459286
2024-04-07,Foxbit,USDT,USDT/BRL,5.102,5.114,5.095,5.1089,467575.1556,2388794.71244484
2024-04-08,Foxbit,USDT,USDT/BRL,5.1108,5.1238,5.0488,5.063,1435970.3993,7270318.131655899
2024-04-09,Foxbit,USDT,USDT/BRL,5.0566,5.0795,5.0192,5.0505,753459.2485,3805345.93454925
2024-04-10,Foxbit,USDT,USDT/BRL,5.0505,5.1167,5.0161,5.0807,464873.834,2361884.4884038
2024-04-11,Foxbit,USDT,USDT/BRL,5.0807,5.1155,5.0623,5.1079,358682.7611,1832115.6754226899
2024-04-12,Foxbit,USDT,USDT/BRL,5.1079,5.2,5.0876,5.1768,3033324.6113,15702914.84777784
2024-04-13,Foxbit,USDT,USDT/BRL,5.1779,5.389,5.149,5.294,1702564.2635,9013375.210969
2024-04-14,Foxbit,USDT,USDT/BRL,5.3027,5.3787,5.2,5.302,334096.0563,1771377.2905026
2024-04-15,Foxbit,USDT,USDT/BRL,5.274,5.409,5.161,5.2363,834829.1437,4371415.84515631
2024-04-16,Foxbit,USDT,USDT/BRL,5.242,5.3212,5.2202,5.3027,576892.8955,3059089.9569678498
2024-04-17,Foxbit,USDT,USDT/BRL,5.3028,5.3385,5.252,5.2807,454319.2387,2399123.6038030903
2024-04-18,Foxbit,USDT,USDT/BRL,5.29,5.3099,5.2655,5.2948,171123.5576,906065.0127804801
2024-04-19,Foxbit,USDT,USDT/BRL,5.2938,5.3157,5.2189,5.26,342332.5956,1800669.4528559998
2024-04-20,Foxbit,USDT,USDT/BRL,5.26,5.2636,5.244,5.2632,112854.351,593975.0201832
2024-04-21,Foxbit,USDT,USDT/BRL,5.2629,5.2646,5.2391,5.2472,36890.834,193573.58416480004
2024-04-22,Foxbit,USDT,USDT/BRL,5.2426,5.2573,5.1828,5.1933,340047.249,1765967.3782317
2024-04-23,Foxbit,USDT,USDT/BRL,5.1924,5.2257,5.1441,5.1702,153745.5857,794895.42718614
2024-04-24,Foxbit,USDT,USDT/BRL,5.1636,5.2085,5.001,5.1836,445387.0459,2308708.2911272403
2024-04-25,Foxbit,USDT,USDT/BRL,5.1835,5.233,5.1572,5.2013,420483.3237,2187059.91156081
2024-04-26,Foxbit,USDT,USDT/BRL,5.2014,5.2095,5.1385,5.1603,226568.3034,1169160.41603502
2024-04-27,Foxbit,USDT,USDT/BRL,5.1607,5.1611,5.1507,5.1557,119149.5201,614299.18077957
2024-04-28,Foxbit,USDT,USDT/BRL,5.1559,5.1609,5.1446,5.1523,72835.8346,375272.07060958
2024-04-29,Foxbit,USDT,USDT/BRL,5.1536,5.1582,5.1095,5.1347,378156.3889,1941719.6100848299
2024-04-30,Foxbit,USDT,USDT/BRL,5.1357,5.2399,5.1277,5.2303,636957.7482,3331480.11041046
2024-05-01,Foxbit,USDT,USDT/BRL,5.2399,5.245,5.2126,5.2184,341609.1612,1782653.2468060798
2024-05-02,Foxbit,USDT,USDT/BRL,5.2298,5.2457,5.1134,5.1401,504200.1307,2591639.09181107
2024-05-03,Foxbit,USDT,USDT/BRL,5.1422,5.1613,5.063,5.1119,325677.3777,1664830.1870646302
2024-05-04,Foxbit,USDT,USDT/BRL,5.1057,5.1201,5.0969,5.1111,333991.4389,1707063.64336179
2024-05-05,Foxbit,USDT,USDT/BRL,5.1057,5.12,5.1027,5.1106,39643.8669,202603.94617914
2024-05-06,Foxbit,USDT,USDT/BRL,5.1143,5.1168,5.065,5.0846,381832.1793,1941463.8988687801
2024-05-07,Foxbit,USDT,USDT/BRL,5.0827,5.1129,5.0658,5.0964,225222.9459,1147826.22148476
2024-05-08,Foxbit,USDT,USDT/BRL,5.1018,5.1369,5.0847,5.1225,383073.9115,1962296.1116587499
2024-05-09,Foxbit,USDT,USDT/BRL,5.1225,5.1991,5.119,5.142,413974.463,2128656.688746
2024-05-10,Foxbit,USDT,USDT/BRL,5.1572,5.2095,5.1409,5.2004,1399348.7755,7277173.3721102
2024-05-11,Foxbit,USDT,USDT/BRL,5.1933,5.2068,5.1807,5.1954,59797.5483,310672.18243782
2024-05-12,Foxbit,USDT,USDT/BRL,5.1991,5.1994,5.1815,5.1944,56076.5428,291283.99392032
2024-05-13,Foxbit,USDT,USDT/BRL,5.1923,5.2018,5.116,5.1902,913884.4561,4743243.10405022
2024-05-14,Foxbit,USDT,USDT/BRL,5.1795,5.1927,5.1402,5.162,202858.7084,1047156.6527608
2024-05-15,Foxbit,USDT,USDT/BRL,5.1621,5.188,5.1306,5.1386,780248.9549,4009387.2796491403
2024-05-16,Foxbit,USDT,USDT/BRL,5.1386,5.16,5.1101,5.1569,1493884.2128,7703811.496988321
2024-05-17,Foxbit,USDT,USDT/BRL,5.1482,5.163,5.097,5.12,3123590.8882,15992785.347584
2024-05-18,Foxbit,USDT,USDT/BRL,5.1308,5.147,5.1216,5.1394,44436.6383,228377.65887902
2024-05-19,Foxbit,USDT,USDT/BRL,5.1389,5.1513,5.1284,5.1364,592515.9808,3043399.0837811204
2024-05-20,Foxbit,USDT,USDT/BRL,5.1375,5.1549,5.0581,5.0671,998266.1184,5058314.24854464
2024-05-21,Foxbit,USDT,USDT/BRL,5.0671,5.1314,5.0089,5.129,1456367.3459,7469708.1171210995
2024-05-22,Foxbit,USDT,USDT/BRL,5.1222,5.1875,5.0918,5.1789,903135.6703,4677249.32291667
2024-05-23,Foxbit,USDT,USDT/BRL,5.1799,5.1943,5.145,5.1809,678832.9854,3516965.8140588603
2024-05-24,Foxbit,USDT,USDT/BRL,5.1881,5.2068,5.1601,5.2025,227366.7507,1182875.52051675
2024-05-25,Foxbit,USDT,USDT/BRL,5.2023,5.2037,5.1842,5.1941,35447.7471,184119.14321210998
2024-05-26,Foxbit,USDT,USDT/BRL,5.1941,5.2029,5.1738,5.1986,55684.5729,289481.82067794
2024-05-27,Foxbit,USDT,USDT/BRL,5.1987,5.2046,5.17,5.1916,1013365.3033,5260987.3086122805
2024-05-28,Foxbit,USDT,USDT/BRL,5.1927,5.2025,5.15,5.1969,392155.8084,2037994.52067396
2024-05-29,Foxbit,USDT,USDT/BRL,5.1959,5.2447,5.18,5.2393,512440.2431,2684828.16567383
2024-05-30,Foxbit,USDT,USDT/BRL,5.231,5.245,5.2038,5.2348,307724.0909,1610874.07104332
2024-05-31,Foxbit,USDT,USDT/BRL,5.2358,5.2987,5.2053,5.2839,808765.3413,4273435.18689507
2024-06-01,Foxbit,USDT,USDT/BRL,5.2781,5.291,5.2582,5.2835,105278.934,556241.2477889999
2024-06-02,Foxbit,USDT,USDT/BRL,5.2765,5.2958,5.265,5.2874,28517.3059,150782.40321566
2024-06-03,Foxbit,USDT,USDT/BRL,5.2801,5.2894,5.2061,5.2491,428755.5867,2250580.95014697
2024-06-04,Foxbit,USDT,USDT/BRL,5.2555,5.3054,5.0031,5.283,824131.8394,4353888.5075502
2024-06-05,Foxbit,USDT,USDT/BRL,5.28,5.3224,5.2562,5.2999,424999.2701,2252453.63160299
2024-06-06,Foxbit,USDT,USDT/BRL,5.293,5.3165,5.2651,5.2858,880287.7207,4653024.83407606
2024-06-07,Foxbit,USDT,USDT/BRL,5.2858,5.386,5.2686,5.3855,674998.0596,3635202.0499758003
2024-06-08,Foxbit,USDT,USDT/BRL,5.3782,5.3887,5.362,5.3851,247379.6717,1332164.2700716702
2024-06-09,Foxbit,USDT,USDT/BRL,5.3834,5.3969,5.3712,5.3928,172421.002,929831.9795856001
2024-06-10,Foxbit,USDT,USDT/BRL,5.3822,5.4197,5.35,5.3851,506277.7695,2726356.4165344504
2024-06-11,Foxbit,USDT,USDT/BRL,5.3856,5.4145,5.3657,5.4051,506534.8451,2737871.4912500097
2024-06-12,Foxbit,USDT,USDT/BRL,5.4051,5.4376,5.3701,5.4282,276535.6564,1501090.85007048
2024-06-13,Foxbit,USDT,USDT/BRL,5.4286,5.4509,5.3884,5.4147,586667.5298,3176628.67360806
2024-06-14,Foxbit,USDT,USDT/BRL,5.4147,5.4274,5.3756,5.421,239210.1286,1296758.1071406
2024-06-15,Foxbit,USDT,USDT/BRL,5.4206,5.4284,5.4106,5.4201,58599.2676,317613.89031875995
2024-06-16,Foxbit,USDT,USDT/BRL,5.4279,5.4283,5.4157,5.4167,76534.9513,414566.87070671
2024-06-17,Foxbit,USDT,USDT/BRL,5.4263,5.4679,5.4087,5.4489,313923.5976,1710538.29096264
2024-06-18,Foxbit,USDT,USDT/BRL,5.4487,5.4843,5.429,5.4784,525002.7915,2876175.2929536
2024-06-19,Foxbit,USDT,USDT/BRL,5.479,5.5099,5.453,5.4645,723088.6926,3951318.1607127
2024-06-20,Foxbit,USDT,USDT/BRL,5.4645,5.4897,5.418,5.4859,492880.4501,2703892.86120359
2024-06-21,Foxbit,USDT,USDT/BRL,5.4833,5.4948,5.4515,5.4789,237675.1911,1302198.60451779
2024-06-22,Foxbit,USDT,USDT/BRL,5.479,5.4839,5.4481,5.4777,97226.8543,532579.53979911
2024-06-23,Foxbit,USDT,USDT/BRL,5.4777,5.4839,5.47,5.4838,29026.8008,159177.17022703998
2024-06-24,Foxbit,USDT,USDT/BRL,5.4838,5.4896,5.4082,5.4436,1282848.5122,6983314.16101192
2024-06-25,Foxbit,USDT,USDT/BRL,5.4437,5.5101,5.4282,5.4872,343232.1234,1883383.3075204797
2024-06-26,Foxbit,USDT,USDT/BRL,5.4918,5.545,5.4802,5.525,413038.4935,2282037.6765875
2024-06-27,Foxbit,USDT,USDT/BRL,5.525,5.5511,5.5111,5.5145,196916.0598,1085893.6117671
2024-06-28,Foxbit,USDT,USDT/BRL,5.5145,5.6239,5.5145,5.6123,2589746.3735,14534433.571994051
2024-06-29,Foxbit,USDT,USDT/BRL,5.6123,5.6364,5.6036,5.6228,76638.6155,430923.6072334
2024-06-30,Foxbit,USDT,USDT/BRL,5.6224,5.6273,5.6083,5.6181,201028.1598,1129396.30457238
2024-07-01,Foxbit,USDT,USDT/BRL,5.613,5.6528,5.5145,5.6281,477253.049,2686027.8850769
2024-07-02,Foxbit,USDT,USDT/BRL,5.6348,5.7288,5.6158,5.6929,409696.0378,2332358.5735916197
2024-07-03,Foxbit,USDT,USDT/BRL,5.6929,5.7115,5.5671,5.5982,688163.2673,3852475.6029988597
2024-07-04,Foxbit,USDT,USDT/BRL,5.592,5.6109,5.5024,5.5502,1367414.8477,7589425.887704541
2024-07-05,Foxbit,USDT,USDT/BRL,5.5463,5.5903,5.4952,5.5158,3478168.5162,19184881.901655957
2024-07-06,Foxbit,USDT,USDT/BRL,5.509,5.5269,5.5061,5.5215,215607.3049,1190475.73400535
2024-07-07,Foxbit,USDT,USDT/BRL,5.5215,5.568,5.5055,5.5154,3233151.572,17832124.1802088
2024-07-08,Foxbit,USDT,USDT/BRL,5.5234,5.5378,5.25,5.5118,608770.1824,3355419.49135232
2024-07-09,Foxbit,USDT,USDT/BRL,5.5141,5.526,5.4397,5.4646,219835.0777,1201310.76559942
2024-07-10,Foxbit,USDT,USDT/BRL,5.4656,5.4715,5.4001,5.4547,365175.272,1991921.5561783998
2024-07-11,Foxbit,USDT,USDT/BRL,5.4574,5.4907,5.3808,5.4795,483275.6486,2648108.9165037
2024-07-12,Foxbit,USDT,USDT/BRL,5.4774,5.495,5.4489,5.4585,2252344.3552,12294421.6628592
2024-07-13,Foxbit,USDT,USDT/BRL,5.4625,5.476,5.4565,5.4759,92584.8159,506985.19338681
2024-07-14,Foxbit,USDT,USDT/BRL,5.476,5.476,5.4635,5.4757,346668.724,1898253.9320067998
2024-07-15,Foxbit,USDT,USDT/BRL,5.4759,5.5003,5.4481,5.4699,1636416.2841,8951033.43239859
2024-07-16,Foxbit,USDT,USDT/BRL,5.465,5.493,5.4326,5.4508,463840.3456,2528300.95579648
2024-07-17,Foxbit,USDT,USDT/BRL,5.4537,5.5229,5.44,5.4976,624250.4557,3431879.3052563206
2024-07-18,Foxbit,USDT,USDT/BRL,5.5003,5.6,5.4781,5.5611,354008.334,1968675.7462073998
2024-07-19,Foxbit,USDT,USDT/BRL,5.5573,5.6463,5.5307,5.5693,1249357.5684,6958047.10569012
2024-07-20,Foxbit,USDT,USDT/BRL,5.5735,5.64,5.5683,5.6109,1329176.5936,7457876.94903024
2024-07-21,Foxbit,USDT,USDT/BRL,5.6115,5.64,5.576,5.6019,371197.3748,2079410.5738921198
2024-07-22,Foxbit,USDT,USDT/BRL,5.6012,5.6146,5.5453,5.5777,557636.9729,3110331.7437443305
2024-07-23,Foxbit,USDT,USDT/BRL,5.5775,5.628,5.5696,5.6051,238575.4402,1337239.19986502
2024-07-24,Foxbit,USDT,USDT/BRL,5.6087,5.6829,5.5985,5.6794,446757.6,2537315.11344
2024-07-25,Foxbit,USDT,USDT/BRL,5.6797,5.7174,5.6441,5.6744,1244180.0492,7059975.271180481
2024-07-26,Foxbit,USDT,USDT/BRL,5.6737,5.694,5.6082,5.682,3928435.2019,22321368.817195803
2024-07-27,Foxbit,USDT,USDT/BRL,5.6792,5.717,5.673,5.6899,78900.672,448936.9336128
2024-07-28,Foxbit,USDT,USDT/BRL,5.6871,5.716,5.67,5.7008,52954.636,301883.7889088
2024-07-29,Foxbit,USDT,USDT/BRL,5.698,5.7079,5.5911,5.6565,463833.8143,2623675.97058795
2024-07-30,Foxbit,USDT,USDT/BRL,5.6594,5.6889,5.642,5.6565,685436.5347,3877171.75853055
2024-07-31,Foxbit,USDT,USDT/BRL,5.6565,5.7087,5.6225,5.697,485900.6969,2768176.2702393
2024-08-01,Foxbit,USDT,USDT/BRL,5.6938,5.7877,5.6447,5.7617,1338144.6237,7709987.878372291
2024-08-02,Foxbit,USDT,USDT/BRL,5.7501,5.8,5.7226,5.7757,312641.1718,1805721.61596526
2024-08-03,Foxbit,USDT,USDT/BRL,5.7758,5.8013,5.7661,5.7803,525072.282,3035075.3116446002
2024-08-04,Foxbit,USDT,USDT/BRL,5.7831,5.8518,5.763,5.8259,957892.3255,5580584.89913045
2024-08-05,Foxbit,USDT,USDT/BRL,5.8043,6.1614,5.6561,5.7871,2068640.2487,11971427.98325177
2024-08-06,Foxbit,USDT,USDT/BRL,5.7926,5.7991,5.592,5.707,834327.9948,4761509.8663236
2024-08-07,Foxbit,USDT,USDT/BRL,5.7043,5.72,5.6321,5.675,1186951.9218,6735952.156214999
2024-08-08,Foxbit,USDT,USDT/BRL,5.6736,5.6932,5.576,5.576,344862.0762,1922950.9368912
2024-08-09,Foxbit,USDT,USDT/BRL,5.5733,5.5939,5.5136,5.556,560066.2025,3111727.82109
2024-08-10,Foxbit,USDT,USDT/BRL,5.5552,5.5705,5.5475,5.5655,506962.9945,2821502.54588975
2024-08-11,Foxbit,USDT,USDT/BRL,5.5653,5.575,5.551,5.5663,868656.7759,4835204.21169217
2024-08-12,Foxbit,USDT,USDT/BRL,5.5677,5.575,5.4998,5.5221,841130.6359,4644807.48450339
2024-08-13,Foxbit,USDT,USDT/BRL,5.5225,5.551,5.439,5.4757,492985.9671,2699443.26004947
2024-08-14,Foxbit,USDT,USDT/BRL,5.4751,5.5069,5.4028,5.4936,2120356.8061,11648392.149990961
2024-08-15,Foxbit,USDT,USDT/BRL,5.491,5.5304,5.48,5.5216,245969.8122,1358146.91504352
2024-08-16,Foxbit,USDT,USDT/BRL,5.5181,5.5401,5.468,5.5002,618338.8557,3400987.37412114
2024-08-17,Foxbit,USDT,USDT/BRL,5.4902,5.53,5.4902,5.5086,107937.9338,594586.90213068
2024-08-18,Foxbit,USDT,USDT/BRL,5.5095,5.522,5.4938,5.5055,36880.5523,203045.88068765
2024-08-19,Foxbit,USDT,USDT/BRL,5.5055,5.5069,5.4,5.4213,881999.9361,4781586.25357893
2024-08-20,Foxbit,USDT,USDT/BRL,5.4271,5.5087,5.394,5.4825,162935.1738,893292.0903584999
2024-08-21,Foxbit,USDT,USDT/BRL,5.4825,5.5312,5.4725,5.4916,276288.2023,1517264.29175068
2024-08-22,Foxbit,USDT,USDT/BRL,5.4922,5.6154,5.4674,5.5913,496405.1151,2775549.92005863
2024-08-23,Foxbit,USDT,USDT/BRL,5.5975,5.6072,5.4754,5.5003,346736.1265,1907152.7165879502
2024-08-24,Foxbit,USDT,USDT/BRL,5.504,5.54,5.486,5.5293,3387692.368,18731567.410382397
2024-08-25,Foxbit,USDT,USDT/BRL,5.5296,5.5869,5.5139,5.5311,1060036.6427,5863168.67443797
2024-08-26,Foxbit,USDT,USDT/BRL,5.5315,5.5373,5.4822,5.5146,221837.212,1223343.4892952
2024-08-27,Foxbit,USDT,USDT/BRL,5.5141,5.5566,5.4611,5.5552,566478.112,3146899.2077824
2024-08-28,Foxbit,USDT,USDT/BRL,5.5554,5.596,5.514,5.5946,384313.4101,2150079.80414546
2024-08-29,Foxbit,USDT,USDT/BRL,5.5952,5.6844,5.554,5.6535,419351.2466,2370802.2726531
2024-08-30,Foxbit,USDT,USDT/BRL,5.655,5.7023,5.5951,5.6648,308712.3589,1748793.7706967199
2024-08-31,Foxbit,USDT,USDT/BRL,5.6666,5.6719,5.647,5.6585,1551408.7365,8778646.335485252
2024-09-01,Foxbit,USDT,USDT/BRL,5.6669,5.694,5.6311,5.6917,386779.9151,2201435.24277467
2024-09-02,Foxbit,USDT,USDT/BRL,5.6918,5.7039,5.6416,5.652,338088.096,1910873.9185920001
2024-09-03,Foxbit,USDT,USDT/BRL,5.6592,5.6792,5.6011,5.6693,289037.9786,1638643.0120769797
2024-09-04,Foxbit,USDT,USDT/BRL,5.6686,5.7,5.6102,5.6675,406537.6382,2304052.0644985
2024-09-05,Foxbit,USDT,USDT/BRL,5.672,5.6746,5.5931,5.6117,421342.4011,2364447.15225287
2024-09-06,Foxbit,USDT,USDT/BRL,5.6037,5.6662,5.5621,5.6606,407758.6645,2308158.6962687
2024-09-07,Foxbit,USDT,USDT/BRL,5.6538,5.6665,5.6485,5.66,442542.8373,2504792.459118
2024-09-08,Foxbit,USDT,USDT/BRL,5.66,5.6625,5.6383,5.657,61698.4579,349028.1763403
2024-09-09,Foxbit,USDT,USDT/BRL,5.6592,5.6609,5.5708,5.6034,219042.7813,1227384.3207364199
2024-09-10,Foxbit,USDT,USDT/BRL,5.6101,5.6799,5.6017,5.6782,312390.2471,1773814.30108322
2024-09-11,Foxbit,USDT,USDT/BRL,5.6707,5.708,5.6171,5.6735,826371.0483,4688416.14253005
2024-09-12,Foxbit,USDT,USDT/BRL,5.679,5.6913,5.6191,5.6589,1253181.0635,7091626.320240149
2024-09-13,Foxbit,USDT,USDT/BRL,5.6589,5.665,5.5411,5.5902,691454.6754,3865369.92642108
2024-09-14,Foxbit,USDT,USDT/BRL,5.5902,5.6152,5.5749,5.5966,28704.7607,160649.06373362
2024-09-15,Foxbit,USDT,USDT/BRL,5.6043,5.6213,5.5881,5.6017,358393.2151,2007611.2730256699
2024-09-16,Foxbit,USDT,USDT/BRL,5.6017,5.6134,5.519,5.551,2789748.3693,15485893.1979843
2024-09-17,Foxbit,USDT,USDT/BRL,5.5516,5.554,5.4948,5.5048,1572805.0747,8657977.37520856
2024-09-18,Foxbit,USDT,USDT/BRL,5.5036,5.52,5.439,5.4901,2939094.7906,16135924.30987306
2024-09-19,Foxbit,USDT,USDT/BRL,5.4832,5.4914,5.381,5.4337,4165817.65,22635803.364804998
2024-09-20,Foxbit,USDT,USDT/BRL,5.4354,5.5417,5.4041,5.478,1193273.0071,6536749.5328938
2024-09-21,Foxbit,USDT,USDT/BRL,5.4725,5.5627,5.4648,5.5184,795825.3171,4391682.42988464
2024-09-22,Foxbit,USDT,USDT/BRL,5.5275,5.5565,5.5166,5.5335,683692.4654,3783212.2572908998
2024-09-23,Foxbit,USDT,USDT/BRL,5.533,5.593,5.35,5.5319,1642331.1448,9085211.65991912
2024-09-24,Foxbit,USDT,USDT/BRL,5.5301,5.5422,5.4421,5.4572,3184670.7174,17379385.03899528
2024-09-25,Foxbit,USDT,USDT/BRL,5.4546,5.5098,5.4354,5.5052,3521691.2593,19387614.72069836
2024-09-26,Foxbit,USDT,USDT/BRL,5.5052,5.5182,5.4261,5.4446,2702062.1976,14711647.84105296
2024-09-27,Foxbit,USDT,USDT/BRL,5.4539,5.4773,5.4197,5.4535,1563072.861,8524217.8474635
2024-09-28,Foxbit,USDT,USDT/BRL,5.4535,5.4864,5.4391,5.4705,835159.7134,4568741.2121547
2024-09-29,Foxbit,USDT,USDT/BRL,5.4741,5.4951,5.4565,5.4677,1852212.7056,10127343.410409119
2024-09-30,Foxbit,USDT,USDT/BRL,5.4765,5.4906,5.4221,5.46,3715145.6745,20284695.382770002
2024-10-01,Foxbit,USDT,USDT/BRL,5.46,5.4972,5.4386,5.4567,1244782.4969,6792404.650834229
2024-10-02,Foxbit,USDT,USDT/BRL,5.4567,5.4799,5.4322,5.4764,6431142.2835,35219507.6013594
2024-10-03,Foxbit,USDT,USDT/BRL,5.4703,5.5243,5.4471,5.4967,763077.2411,4194406.67115437
2024-10-04,Foxbit,USDT,USDT/BRL,5.5052,5.5342,5.4658,5.4884,3425717.1799,18801706.170163162
2024-10-05,Foxbit,USDT,USDT/BRL,5.4943,5.5102,5.4857,5.4999,1167668.7854,6422061.55282146
2024-10-06,Foxbit,USDT,USDT/BRL,5.5082,5.5204,5.4947,5.5093,4019719.1285,22145838.59464505
2024-10-07,Foxbit,USDT,USDT/BRL,5.508,5.5193,5.435,5.5113,2480292.3042,13669634.976137461
2024-10-08,Foxbit,USDT,USDT/BRL,5.5113,5.564,5.501,5.5392,1323711.3967,7332302.168600639
2024-10-09,Foxbit,USDT,USDT/BRL,5.5325,5.6324,5.5325,5.6284,1166413.465,6565041.546406001
2024-10-10,Foxbit,USDT,USDT/BRL,5.6284,5.6292,5.5671,5.6085,2420999.4703,13578175.529177552
2024-10-11,Foxbit,USDT,USDT/BRL,5.6086,5.6909,5.581,5.6091,1753246.8857,9834137.10657987
2024-10-12,Foxbit,USDT,USDT/BRL,5.6091,5.6554,5.6044,5.6439,2224450.4474,12554575.88008086
2024-10-13,Foxbit,USDT,USDT/BRL,5.652,5.6666,5.6327,5.6538,854731.8969,4832483.1986932205
2024-10-14,Foxbit,USDT,USDT/BRL,5.6538,5.6586,5.5838,5.6057,2293543.5685,12856917.18194045
2024-10-15,Foxbit,USDT,USDT/BRL,5.5968,5.6699,5.5848,5.6554,1015448.6596,5742768.34950184
2024-10-16,Foxbit,USDT,USDT/BRL,5.6543,5.6975,5.6306,5.6744,1371288.4002,7781238.89809488
2024-10-17,Foxbit,USDT,USDT/BRL,5.6799,5.6999,5.6625,5.6811,2537778.3181,14417372.402957909
2024-10-18,Foxbit,USDT,USDT/BRL,5.6811,5.7207,5.6281,5.7176,1829562.9251,10460708.98055176
2024-10-19,Foxbit,USDT,USDT/BRL,5.7095,5.7374,5.6998,5.7307,109331.8047,626547.7731942899
2024-10-20,Foxbit,USDT,USDT/BRL,5.7307,5.7563,5.7143,5.7237,1962422.7376,11232319.023201121
2024-10-21,Foxbit,USDT,USDT/BRL,5.7267,5.7507,5.6816,5.7226,5596971.2698,32029227.788557477
2024-10-22,Foxbit,USDT,USDT/BRL,5.7143,5.7359,5.6976,5.71,878404.3588,5015688.888748
2024-10-23,Foxbit,USDT,USDT/BRL,5.71,5.7363,5.6967,5.7182,1380988.307,7896767.3370874
2024-10-24,Foxbit,USDT,USDT/BRL,5.715,5.7362,5.6729,5.6997,2078173.1642,11844963.58399074
2024-10-25,Foxbit,USDT,USDT/BRL,5.6891,5.7556,5.6743,5.7535,900304.339,5179901.0144365
2024-10-26,Foxbit,USDT,USDT/BRL,5.7458,5.775,5.6892,5.7662,653381.6467,3767529.2512015407
2024-10-27,Foxbit,USDT,USDT/BRL,5.755,5.7815,5.736,5.7549,573278.1942,3299158.67980158
2024-10-28,Foxbit,USDT,USDT/BRL,5.7541,5.7694,5.67,5.6938,3953645.1046,22511264.49657148
2024-10-29,Foxbit,USDT,USDT/BRL,5.7004,5.7835,5.6328,5.7089,2635789.4409,15047458.339154009
2024-10-30,Foxbit,USDT,USDT/BRL,5.7065,5.786,5.6895,5.7655,2944185.3441,16974700.60140855
2024-10-31,Foxbit,USDT,USDT/BRL,5.7651,5.8306,5.7651,5.8274,1992848.2481,11613123.88097794
2024-11-01,Foxbit,USDT,USDT/BRL,5.8297,5.9186,5.7795,5.888,694517.0362,4089316.3091455996
2024-11-02,Foxbit,USDT,USDT/BRL,5.888,5.9287,5.882,5.9225,523054.4141,3097789.76750725
2024-11-03,Foxbit,USDT,USDT/BRL,5.9223,5.9473,5.912,5.9293,714889.9269,4238796.8435681695
2024-11-04,Foxbit,USDT,USDT/BRL,5.9298,5.935,5.7499,5.8404,3997838.0933,23348973.60010932
2024-11-05,Foxbit,USDT,USDT/BRL,5.8332,5.8447,5.7531,5.7915,1941150.295,11242171.9334925
2024-11-06,Foxbit,USDT,USDT/BRL,5.7828,5.877,5.6575,5.661,3042546.1716,17223853.8774276
2024-11-07,Foxbit,USDT,USDT/BRL,5.661,5.74,5.6509,5.7,1973835.1009,11250860.07513
2024-11-08,Foxbit,USDT,USDT/BRL,5.7,5.7951,5.6839,5.7672,1220445.5219,7038553.41390168
2024-11-09,Foxbit,USDT,USDT/BRL,5.7672,5.7848,5.6981,5.7665,674598.7843,3890073.88966595
2024-11-10,Foxbit,USDT,USDT/BRL,5.7769,5.8049,5.7541,5.792,527820.3385,3057135.4005919998
2024-11-11,Foxbit,USDT,USDT/BRL,5.7794,5.8425,5.7199,5.7708,1966074.3989,11345822.14117212
2024-11-12,Foxbit,USDT,USDT/BRL,5.7751,5.8255,5.7344,5.7897,1799489.4891,10418504.295042269
2024-11-13,Foxbit,USDT,USDT/BRL,5.782,5.8558,5.7644,5.8474,1986103.2315,11613540.0358731
2024-11-14,Foxbit,USDT,USDT/BRL,5.8474,5.8538,5.797,5.8357,2679938.0229,15639314.320237532
2024-11-15,Foxbit,USDT,USDT/BRL,5.8368,5.85,5.8087,5.8271,2834654.8033,16517817.004309429
2024-11-16,Foxbit,USDT,USDT/BRL,5.8251,5.8635,5.8075,5.8474,2520507.029,14738412.801374601
2024-11-17,Foxbit,USDT,USDT/BRL,5.8501,5.8613,5.8312,5.8539,1257437.4306,7360912.974989341
2024-11-18,Foxbit,USDT,USDT/BRL,5.8545,5.8555,5.7647,5.7878,2098844.5829,12147692.676908618
2024-11-19,Foxbit,USDT,USDT/BRL,5.7879,5.8284,5.7786,5.8241,1052408.8094,6129334.146826539
2024-11-20,Foxbit,USDT,USDT/BRL,5.8274,5.8297,5.8007,5.8083,757435.7751,4399414.212513329
2024-11-21,Foxbit,USDT,USDT/BRL,5.807,5.8506,5.6,5.8247,3329372.258,19392594.5911726
2024-11-22,Foxbit,USDT,USDT/BRL,5.8248,5.8584,5.7901,5.8438,1967211.6123,11495991.21995874
2024-11-23,Foxbit,USDT,USDT/BRL,5.8399,5.8668,5.81,5.8525,1302081.8436,7620433.989669
2024-11-24,Foxbit,USDT,USDT/BRL,5.8508,5.8691,5.8149,5.8473,1271535.4596,7435049.29291908
2024-11-25,Foxbit,USDT,USDT/BRL,5.8567,5.861,5.797,5.8337,6405648.2152,37368629.99301224
2024-11-26,Foxbit,USDT,USDT/BRL,5.8374,5.8531,5.8004,5.8313,1589606.8373,9269474.35034749
2024-11-27,Foxbit,USDT,USDT/BRL,5.8404,5.9306,5.8234,5.9058,2261086.6431,13353525.49681998
2024-11-28,Foxbit,USDT,USDT/BRL,5.8979,6.0161,5.8758,5.9661,2520152.47,15035481.651267001
2024-11-29,Foxbit,USDT,USDT/BRL,5.9679,6.0307,5.9254,5.9891,3813815.5803,22841322.89197473
2024-11-30,Foxbit,USDT,USDT/BRL,5.9892,6.0309,5.967,6.0267,230688.3469,1390289.46026223
2024-12-01,Foxbit,USDT,USDT/BRL,6.0196,6.0333,5.9534,6.0149,1070399.5587,6438346.305624629
2024-12-02,Foxbit,USDT,USDT/BRL,6.0113,6.1198,5.9897,6.0864,2229716.1393,13570944.31023552
2024-12-03,Foxbit,USDT,USDT/BRL,6.0864,6.1162,6.0646,6.0727,2054257.1621,12474887.46828467
2024-12-04,Foxbit,USDT,USDT/BRL,6.0735,6.093,6.0266,6.0396,1214781.2807,7336793.02291572
2024-12-05,Foxbit,USDT,USDT/BRL,6.0401,6.0907,5.9449,6.0553,3272179.492,19814028.4779076
2024-12-06,Foxbit,USDT,USDT/BRL,6.0524,6.137,5.9957,6.1117,1007020.3955,6154606.55117735
2024-12-07,Foxbit,USDT,USDT/BRL,6.1117,6.1528,6.094,6.1447,542014.4112,3330515.95250064
2024-12-08,Foxbit,USDT,USDT/BRL,6.1447,6.1624,6.1271,6.13,1374790.0003,8427462.701839
2024-12-09,Foxbit,USDT,USDT/BRL,6.13,6.1571,6.0421,6.1452,1468176.542,9022238.4858984
2024-12-10,Foxbit,USDT,USDT/BRL,6.1479,6.154,6.0433,6.096,1156179.0978,7048067.780188801
2024-12-11,Foxbit,USDT,USDT/BRL,6.0985,6.1067,5.9651,5.9906,927144.4855,5554151.754836299
2024-12-12,Foxbit,USDT,USDT/BRL,5.9928,6.0668,5.9,6.0308,1164725.4872,7024226.468205761
2024-12-13,Foxbit,USDT,USDT/BRL,6.0326,6.0922,6.0166,6.0594,2045657.5572,12395457.40209768
2024-12-14,Foxbit,USDT,USDT/BRL,6.0618,6.1002,6.037,6.0923,172475.6262,1050773.25749826
2024-12-15,Foxbit,USDT,USDT/BRL,6.0899,6.099,6.0651,6.0745,463950.5978,2818267.9063361
2024-12-16,Foxbit,USDT,USDT/BRL,6.0736,6.1449,6.0545,6.123,1465949.3455,8976007.842496501
2024-12-17,Foxbit,USDT,USDT/BRL,6.123,6.2193,6.0811,6.144,1879389.7335,11546970.522624
2024-12-18,Foxbit,USDT,USDT/BRL,6.1432,6.3395,6.129,6.318,1049983.9893,6633798.8443974
2024-12-19,Foxbit,USDT,USDT/BRL,6.3288,6.3455,6.1155,6.1938,3946270.3038,24442409.00767644
2024-12-20,Foxbit,USDT,USDT/BRL,6.1944,6.2572,6.0788,6.1481,2782440.3428,17106721.47156868
2024-12-21,Foxbit,USDT,USDT/BRL,6.1481,6.1586,6.1366,6.1472,146846.9774,902697.73947328
2024-12-22,Foxbit,USDT,USDT/BRL,6.1479,6.1699,6.1201,6.1506,933802.6578,5743446.62706468
2024-12-23,Foxbit,USDT,USDT/BRL,6.1538,6.248,6.125,6.2305,1096012.5482,6828706.181560101
2024-12-24,Foxbit,USDT,USDT/BRL,6.2326,6.2491,6.2224,6.2244,450422.8753,2803612.1450173203
2024-12-25,Foxbit,USDT,USDT/BRL,6.2292,6.457,6.2267,6.2501,2330456.0486,14565583.34935486
2024-12-26,Foxbit,USDT,USDT/BRL,6.2501,6.259,6.1581,6.2084,2382789.785,14793312.101194002
2024-12-27,Foxbit,USDT,USDT/BRL,6.2073,6.239,6.2012,6.2386,409440.719,2554336.8695533997
2024-12-28,Foxbit,USDT,USDT/BRL,6.2385,6.2516,6.2259,6.2391,2199026.45,13719945.924195
2024-12-29,Foxbit,USDT,USDT/BRL,6.2391,6.25,6.2267,6.2311,286183.4251,1783237.54014061
2024-12-30,Foxbit,USDT,USDT/BRL,6.2325,6.2614,6.1693,6.2131,3524187.6561,21896130.326114908
2024-12-31,Foxbit,USDT,USDT/BRL,6.2173,6.2323,6.2054,6.2274,928248.5899,5780575.268743261
2025-01-01,Foxbit,USDT,USDT/BRL,6.2255,6.2372,6.197,6.223,995495.2782,6194967.1162386
2025-01-02,Foxbit,USDT,USDT/BRL,6.2231,6.2433,6.17,6.1743,773582.6706,4776331.483085579
2025-01-03,Foxbit,USDT,USDT/BRL,6.1744,6.2205,6.16,6.1919,639318.8245,3958598.2294215504
2025-01-04,Foxbit,USDT,USDT/BRL,6.1916,6.2214,6.1811,6.213,396457.4342,2463190.0386846
2025-01-05,Foxbit,USDT,USDT/BRL,6.2076,6.216,6.1945,6.2106,717770.057,4457782.7160042
2025-01-06,Foxbit,USDT,USDT/BRL,6.2104,6.213,6.1007,6.109,999687.4058,6107090.362032199
2025-01-07,Foxbit,USDT,USDT/BRL,6.1085,6.15,6.0683,6.1496,966023.3361,5940657.10768056
2025-01-08,Foxbit,USDT,USDT/BRL,6.1487,6.183,6.1256,6.1482,1135347.6291,6980344.293232621
2025-01-09,Foxbit,USDT,USDT/BRL,6.1506,6.1658,6.0631,6.0833,1044888.3019,6356369.00694827
2025-01-10,Foxbit,USDT,USDT/BRL,6.0795,6.145,6.062,6.14,1114645.9192,6843925.943887999
2025-01-11,Foxbit,USDT,USDT/BRL,6.14,6.1613,6.1316,6.1463,164429.26,1010631.5607380001
2025-01-12,Foxbit,USDT,USDT/BRL,6.1463,6.1614,6.1151,6.1152,158717.3806,970588.52584512
2025-01-13,Foxbit,USDT,USDT/BRL,6.1157,6.181,6.098,6.1115,1826271.3287,11161257.22535005
2025-01-14,Foxbit,USDT,USDT/BRL,6.111,6.111,6.027,6.0606,565849.6117,3429388.15666902
2025-01-15,Foxbit,USDT,USDT/BRL,6.0611,6.087,5.9801,5.9863,1439987.8324,8620199.16109612
2025-01-16,Foxbit,USDT,USDT/BRL,5.9863,6.0763,5.9803,6.0309,883883.7299,5330614.38665391
2025-01-17,Foxbit,USDT,USDT/BRL,6.0326,6.0745,5.9997,6.0552,1058421.9762,6408956.750286239
2025-01-18,Foxbit,USDT,USDT/BRL,6.0619,6.1135,6.0486,6.1123,378664.8597,2314513.22194431
2025-01-19,Foxbit,USDT,USDT/BRL,6.1124,6.1379,6.0895,6.1305,1993848.218,12223286.500449
2025-01-20,Foxbit,USDT,USDT/BRL,6.1293,6.1392,5.99,6.0479,2806886.5769,16975769.328433514
2025-01-21,Foxbit,USDT,USDT/BRL,6.0476,6.0776,5.9972,6.0462,718676.2263,4345260.19945506
2025-01-22,Foxbit,USDT,USDT/BRL,6.0462,6.0665,5.9321,5.9714,576898.0214,3444888.84498796
2025-01-23,Foxbit,USDT,USDT/BRL,5.965,5.9902,5.9016,5.9445,1498131.7923,8905644.43932735
2025-01-24,Foxbit,USDT,USDT/BRL,5.9398,5.9411,5.8676,5.9275,854151.4861,5062982.93385775
2025-01-25,Foxbit,USDT,USDT/BRL,5.9249,5.9579,5.9036,5.9312,231794.7917,1374821.2685310398
2025-01-26,Foxbit,USDT,USDT/BRL,5.9301,5.9522,5.895,5.9507,169094.9345,1006233.22672915
2025-01-27,Foxbit,USDT,USDT/BRL,5.95,5.9627,5.9105,5.9116,773628.4729,4573382.08039564
2025-01-28,Foxbit,USDT,USDT/BRL,5.914,5.9389,5.8633,5.8738,706292.7987,4148622.6410040604
2025-01-29,Foxbit,USDT,USDT/BRL,5.8739,5.9015,5.7782,5.8281,1289512.8367,7515409.763571271
2025-01-30,Foxbit,USDT,USDT/BRL,5.8281,5.93,5.8017,5.8523,2477794.57,14500797.162010998
2025-01-31,Foxbit,USDT,USDT/BRL,5.8503,5.8882,5.8254,5.8484,1762278.2169,10306507.92371796
2025-02-01,Foxbit,USDT,USDT/BRL,5.8484,5.8919,5.8483,5.8864,285010.246,1677684.3120543999
2025-02-02,Foxbit,USDT,USDT/BRL,5.8864,5.9132,5.8745,5.901,1340744.1107,7911730.9972407
2025-02-03,Foxbit,USDT,USDT/BRL,5.901,5.9402,5.8191,5.8231,1842283.5755,10727801.48849405
2025-02-04,Foxbit,USDT,USDT/BRL,5.8206,5.8574,5.7714,5.7868,886774.8448,5131588.67188864
2025-02-05,Foxbit,USDT,USDT/BRL,5.7883,5.8212,5.7857,5.817,538675.9671,3133478.1006207
2025-02-06,Foxbit,USDT,USDT/BRL,5.8173,5.8376,5.7666,5.7841,1016131.2189,5877404.583239489
2025-02-07,Foxbit,USDT,USDT/BRL,5.7875,5.8491,5.7634,5.8419,1319109.7445,7706107.21639455
2025-02-08,Foxbit,USDT,USDT/BRL,5.8413,5.8671,5.8341,5.859,160551.8157,940673.0881863
2025-02-09,Foxbit,USDT,USDT/BRL,5.8586,5.8691,5.8463,5.8525,110260.9061,645301.95295025
2025-02-10,Foxbit,USDT,USDT/BRL,5.854,5.855,5.7828,5.7992,722765.4785,4191461.5629172
2025-02-11,Foxbit,USDT,USDT/BRL,5.8011,5.8123,5.758,5.767,721453.1057,4160620.0605719
2025-02-12,Foxbit,USDT,USDT/BRL,5.7683,5.7914,5.7531,5.7619,595501.4675,3431219.90558825
2025-02-13,Foxbit,USDT,USDT/BRL,5.7612,5.8162,5.7611,5.7682,486996.9586,2809095.85659652
2025-02-14,Foxbit,USDT,USDT/BRL,5.7673,5.7881,5.7,5.7158,997649.4108,5702364.50225064
2025-02-15,Foxbit,USDT,USDT/BRL,5.7156,5.7481,5.7,5.7454,378451.9627,2174357.9064965798
2025-02-16,Foxbit,USDT,USDT/BRL,5.7472,5.7566,5.7334,5.7445,227640.8151,1307682.6623419502
2025-02-17,Foxbit,USDT,USDT/BRL,5.7435,5.7648,5.7183,5.7622,1811140.0511,10436151.20244842
2025-02-18,Foxbit,USDT,USDT/BRL,5.7626,5.7626,5.6995,5.7117,732205.5142,4182138.2354561402
2025-02-19,Foxbit,USDT,USDT/BRL,5.713,5.7438,5.692,5.7249,510838.9803,2924502.07831947
2025-02-20,Foxbit,USDT,USDT/BRL,5.7251,5.7312,5.7039,5.7146,540038.1742,3086102.15028332
2025-02-21,Foxbit,USDT,USDT/BRL,5.7146,5.7572,5.7087,5.7498,449544.1808,2584789.1307638395
2025-02-22,Foxbit,USDT,USDT/BRL,5.7498,5.7671,5.7466,5.7592,107680.5775,620153.981938
2025-02-23,Foxbit,USDT,USDT/BRL,5.7593,5.7641,5.7506,5.7506,84444.5297,485606.71249282005
2025-02-24,Foxbit,USDT,USDT/BRL,5.7505,5.8128,5.7228,5.8,478660.4891,2776230.83678
2025-02-25,Foxbit,USDT,USDT/BRL,5.8006,5.8297,5.7548,5.7747,1242044.5901,7172434.89445047
2025-02-26,Foxbit,USDT,USDT/BRL,5.7748,5.8317,5.7612,5.8317,1436104.291,8374929.393824699
2025-02-27,Foxbit,USDT,USDT/BRL,5.8278,5.86,5.8175,5.8491,641022.134,3749402.5639794
2025-02-28,Foxbit,USDT,USDT/BRL,5.8468,5.93,5.8433,5.9245,2903365.9906,17200991.811309703
2025-03-01,Foxbit,USDT,USDT/BRL,5.9245,5.938,5.9094,5.9135,416367.4012,2462188.6269962
2025-03-02,Foxbit,USDT,USDT/BRL,5.9116,5.9339,5.908,5.9173,797014.6926,4716175.040521979
2025-03-03,Foxbit,USDT,USDT/BRL,5.9183,5.9399,5.8626,5.9342,760876.0306,4515190.54078652
2025-03-04,Foxbit,USDT,USDT/BRL,5.9342,5.954,5.851,5.8971,346622.4745,2044067.39437395
2025-03-05,Foxbit,USDT,USDT/BRL,5.8971,5.9044,5.7591,5.7787,1266546.3373,7318991.31935551
2025-03-06,Foxbit,USDT,USDT/BRL,5.7787,5.7983,5.7591,5.7969,1076306.3952,6239240.54233488
2025-03-07,Foxbit,USDT,USDT/BRL,5.7972,5.8353,5.7783,5.8256,800269.0103,4662047.14640368
2025-03-08,Foxbit,USDT,USDT/BRL,5.8255,5.8402,5.8187,5.8353,1459446.4489,8516307.86326617
2025-03-09,Foxbit,USDT,USDT/BRL,5.8348,5.8513,5.8319,5.8479,754791.3209,4413944.165491111
2025-03-10,Foxbit,USDT,USDT/BRL,5.8487,5.8947,5.7977,5.8918,1102163.4938,6493726.87277084
2025-03-11,Foxbit,USDT,USDT/BRL,5.892,5.9088,5.8142,5.8348,558620.7736,3259440.48980128
2025-03-12,Foxbit,USDT,USDT/BRL,5.8381,5.8597,5.7971,5.8197,1138218.9186,6624092.64057642
2025-03-13,Foxbit,USDT,USDT/BRL,5.8197,5.8443,5.8048,5.8151,524892.9681,3052305.0987983104
2025-03-14,Foxbit,USDT,USDT/BRL,5.8116,5.8244,5.7229,5.7713,389628.4968,2248662.94358184
2025-03-15,Foxbit,USDT,USDT/BRL,5.7727,5.789,5.7599,5.7743,128457.0276,741749.41447068
2025-03-16,Foxbit,USDT,USDT/BRL,5.7726,5.7958,5.7723,5.782,78747.2511,455316.60586019995
2025-03-17,Foxbit,USDT,USDT/BRL,5.7829,5.7877,5.6814,5.703,578550.6343,3299474.2674129005
2025-03-18,Foxbit,USDT,USDT/BRL,5.7031,5.7266,5.6751,5.6952,567725.3486,3233309.40534672
2025-03-19,Foxbit,USDT,USDT/BRL,5.6952,5.7085,5.65,5.6594,514813.1982,2913533.8138930798
2025-03-20,Foxbit,USDT,USDT/BRL,5.6593,5.6976,5.659,5.6876,366614.7913,2085158.2869978799
2025-03-21,Foxbit,USDT,USDT/BRL,5.6881,5.7658,5.6875,5.7658,250895.9127,1446615.65344566
2025-03-22,Foxbit,USDT,USDT/BRL,5.7553,5.7699,5.7481,5.7681,158082.1137,911833.4400329698
2025-03-23,Foxbit,USDT,USDT/BRL,5.762,5.7695,5.75,5.7533,113331.5679,652030.50959907
2025-03-24,Foxbit,USDT,USDT/BRL,5.7533,5.779,5.6928,5.7649,1014278.7741,5847215.70480909
2025-03-25,Foxbit,USDT,USDT/BRL,5.7718,5.7755,5.6861,5.7152,732725.8724,4187674.90594048
2025-03-26,Foxbit,USDT,USDT/BRL,5.7165,5.7629,5.7102,5.7539,317200.1424,1825137.89935536
2025-03-27,Foxbit,USDT,USDT/BRL,5.754,5.788,5.7362,5.7565,883117.9623,5083668.54997995
2025-03-28,Foxbit,USDT,USDT/BRL,5.7565,5.798,5.7482,5.7939,532707.4921,3086453.93847819
2025-03-29,Foxbit,USDT,USDT/BRL,5.7939,5.81,5.787,5.8072,1048658.9967,6089772.52563624
2025-03-30,Foxbit,USDT,USDT/BRL,5.8073,5.816,5.7962,5.8107,162969.1008,946964.5540185599
2025-03-31,Foxbit,USDT,USDT/BRL,5.8107,5.811,5.7178,5.7319,1848294.0024,10594236.392356561
2025-04-01,Foxbit,USDT,USDT/BRL,5.7313,5.7457,5.6898,5.6968,644845.592,3673556.3685055994
2025-04-02,Foxbit,USDT,USDT/BRL,5.6968,5.7272,5.6705,5.7011,1158830.6258,6606609.28074838
2025-04-03,Foxbit,USDT,USDT/BRL,5.7034,5.7111,5.6114,5.6573,988985.9128,5594990.004483441
2025-04-04,Foxbit,USDT,USDT/BRL,5.6573,5.8699,5.638,5.849,2617641.2204,15310583.4981196
2025-04-05,Foxbit,USDT,USDT/BRL,5.8488,5.8853,5.8463,5.8786,190120.3661,1117641.5841554601
2025-04-06,Foxbit,USDT,USDT/BRL,5.8787,5.8977,5.8736,5.8929,1171093.3842,6901136.20375218
2025-04-07,Foxbit,USDT,USDT/BRL,5.8871,5.9541,5.8373,5.9435,1170773.6613,6958493.255936551
2025-04-08,Foxbit,USDT,USDT/BRL,5.9436,6.0403,5.8778,6.0336,640338.1185,3863544.0717816
2025-04-09,Foxbit,USDT,USDT/BRL,6.0336,6.1037,5.8261,5.8438,795734.9587,4650115.95165106
2025-04-10,Foxbit,USDT,USDT/BRL,5.8437,5.9626,5.8247,5.9106,557877.6619,3297391.7084261393
2025-04-11,Foxbit,USDT,USDT/BRL,5.9106,5.929,5.8308,5.8863,565535.4221,3328911.15510723
2025-04-12,Foxbit,USDT,USDT/BRL,5.8991,5.9089,5.888,5.8898,177899.2714,1047791.12869172
2025-04-13,Foxbit,USDT,USDT/BRL,5.8901,5.9075,5.887,5.9016,127560.7932,752812.77714912
2025-04-14,Foxbit,USDT,USDT/BRL,5.9004,5.908,5.8426,5.8784,652397.0015,3835050.5336176003
2025-04-15,Foxbit,USDT,USDT/BRL,5.8784,5.9135,5.8507,5.9017,229518.9031,1354551.71042527
2025-04-16,Foxbit,USDT,USDT/BRL,5.9019,5.9279,5.8631,5.8826,265052.3771,1559197.11352846
2025-04-17,Foxbit,USDT,USDT/BRL,5.8829,5.8937,5.8165,5.8299,400610.1194,2335516.9350900603
2025-04-18,Foxbit,USDT,USDT/BRL,5.8351,5.8676,5.8282,5.8649,184074.3427,1079577.6125012299
2025-04-19,Foxbit,USDT,USDT/BRL,5.8649,5.879,5.8508,5.8758,708219.7144,4161357.3978715204
2025-04-20,Foxbit,USDT,USDT/BRL,5.8759,5.8832,5.8524,5.8638,97390.9642,571081.13587596
2025-04-21,Foxbit,USDT,USDT/BRL,5.8541,5.8592,5.8346,5.8384,289959.5953,1692900.1011995198
2025-04-22,Foxbit,USDT,USDT/BRL,5.8385,5.8388,5.7341,5.7413,519530.1095,2982778.21767235
2025-04-23,Foxbit,USDT,USDT/BRL,5.7415,5.7591,5.6792,5.7462,295773.0242,1699570.9516580398
2025-04-24,Foxbit,USDT,USDT/BRL,5.7469,5.7568,5.6821,5.7054,389685.078,2223309.2440212
2025-04-25,Foxbit,USDT,USDT/BRL,5.7056,5.7305,5.69,5.7252,437742.2437,2506161.89363124
2025-04-26,Foxbit,USDT,USDT/BRL,5.723,5.735,5.7152,5.7268,351553.0529,2013274.02334772
2025-04-27,Foxbit,USDT,USDT/BRL,5.7261,5.7322,5.7155,5.7263,330101.2056,1890258.53362728
2025-04-28,Foxbit,USDT,USDT/BRL,5.7268,5.7268,5.6596,5.6837,895954.2914,5092335.40603018
2025-04-29,Foxbit,USDT,USDT/BRL,5.6805,5.6867,5.6316,5.6519,563714.1279,3186055.87947801
2025-04-30,Foxbit,USDT,USDT/BRL,5.6497,5.7064,5.6315,5.699,1172131.0677,6679974.9548223
2025-05-01,Foxbit,USDT,USDT/BRL,5.6989,5.7062,5.6696,5.6994,461775.0109,2631840.49712346
2025-05-02,Foxbit,USDT,USDT/BRL,5.6973,5.7126,5.6472,5.6875,544492.0943,3096798.78633125
2025-05-03,Foxbit,USDT,USDT/BRL,5.6882,5.7013,5.6801,5.6941,273448.5871,1557043.59980611
2025-05-04,Foxbit,USDT,USDT/BRL,5.6941,5.6997,5.686,5.695,128610.7075,732437.9792125
2025-05-05,Foxbit,USDT,USDT/BRL,5.6949,5.7043,5.6546,5.6938,1044819.6655,5948994.211423901
2025-05-06,Foxbit,USDT,USDT/BRL,5.6957,5.7519,5.6875,5.7208,1554187.4039,8891195.30023112
2025-05-07,Foxbit,USDT,USDT/BRL,5.7232,5.7723,5.7071,5.7643,551785.9215,3180659.5873024506
2025-05-08,Foxbit,USDT,USDT/BRL,5.7611,5.7739,5.6706,5.6867,588910.923,3348959.7458241
2025-05-09,Foxbit,USDT,USDT/BRL,5.6895,5.6989,5.6447,5.6815,573777.405,3259916.3265075
2025-05-10,Foxbit,USDT,USDT/BRL,5.6815,5.6973,5.6756,5.6965,451989.9651,2574760.83619215
2025-05-11,Foxbit,USDT,USDT/BRL,5.6964,5.7009,5.6836,5.6955,138831.2648,790713.4686684001
2025-05-12,Foxbit,USDT,USDT/BRL,5.6971,5.729,5.6715,5.6945,550262.6217,3133470.49927065
2025-05-13,Foxbit,USDT,USDT/BRL,5.6944,5.6984,5.6095,5.6267,276870.6906,1557868.3147990198
2025-05-14,Foxbit,USDT,USDT/BRL,5.6267,5.6578,5.6004,5.6565,332240.6223,1879319.08003995
2025-05-15,Foxbit,USDT,USDT/BRL,5.6564,5.7029,5.6235,5.6959,463630.7924,2640794.63043116
2025-05-16,Foxbit,USDT,USDT/BRL,5.6959,5.7243,5.6824,5.6943,283922.4143,1616739.4037484901
2025-05-17,Foxbit,USDT,USDT/BRL,5.6943,5.7221,5.6943,5.709,1994775.3347,11388172.385802299
2025-05-18,Foxbit,USDT,USDT/BRL,5.709,5.723,5.6814,5.6814,129436.4977,735380.51803278
2025-05-19,Foxbit,USDT,USDT/BRL,5.6814,5.703,5.653,5.6647,490503.6102,2778555.80069994
2025-05-20,Foxbit,USDT,USDT/BRL,5.6644,5.6916,5.6477,5.6721,623983.902,3539299.0905342004
2025-05-21,Foxbit,USDT,USDT/BRL,5.6744,5.6879,5.6405,5.6592,585840.6109,3315389.18520528
2025-05-22,Foxbit,USDT,USDT/BRL,5.6583,5.715,5.6118,5.6963,907523.1323,5169524.01852049
2025-05-23,Foxbit,USDT,USDT/BRL,5.6974,5.7379,5.6616,5.6913,1035437.1298,5892983.33683074
2025-05-24,Foxbit,USDT,USDT/BRL,5.6902,5.7054,5.6714,5.6869,301289.9222,1713405.6585591796
2025-05-25,Foxbit,USDT,USDT/BRL,5.685,5.699,5.6839,5.6948,184496.3835,1050670.0047558
2025-05-26,Foxbit,USDT,USDT/BRL,5.6946,5.719,5.671,5.7166,1509435.231,8628837.4415346
2025-05-27,Foxbit,USDT,USDT/BRL,5.7129,5.7187,5.657,5.6812,1529856.9446,8691423.27366152
2025-05-28,Foxbit,USDT,USDT/BRL,5.6798,5.7305,5.6735,5.7089,625668.2454,3571877.44616406
2025-05-29,Foxbit,USDT,USDT/BRL,5.7105,5.7154,5.6563,5.7019,1768041.8251,10081197.68253769
2025-05-30,Foxbit,USDT,USDT/BRL,5.6978,5.7779,5.687,5.7754,993347.9015,5736981.470323101
2025-05-31,Foxbit,USDT,USDT/BRL,5.7774,5.7845,5.7628,5.7649,540254.9548,3114515.7889265195
2025-06-01,Foxbit,USDT,USDT/BRL,5.765,5.7874,5.7504,5.7505,673548.1779,3873238.79701395
2025-06-02,Foxbit,USDT,USDT/BRL,5.7505,5.7508,5.6599,5.6993,1288504.3501,7343572.84252493
2025-06-03,Foxbit,USDT,USDT/BRL,5.6994,5.7266,5.6202,5.6672,1186486.82,6724058.106304001
2025-06-04,Foxbit,USDT,USDT/BRL,5.6657,5.6731,5.6324,5.6604,396711.4251,2245545.35063604
2025-06-05,Foxbit,USDT,USDT/BRL,5.6605,5.6697,5.6001,5.6274,779020.6115,4383860.589155099
2025-06-06,Foxbit,USDT,USDT/BRL,5.6282,5.645,5.5795,5.6252,1283425.3825,7219524.461639001
2025-06-07,Foxbit,USDT,USDT/BRL,5.6251,5.6285,5.6103,5.6276,186590.6518,1050057.55206968
2025-06-08,Foxbit,USDT,USDT/BRL,5.6276,5.6376,5.623,5.6312,531148.1439,2991001.42792968
2025-06-09,Foxbit,USDT,USDT/BRL,5.6293,5.6369,5.5644,5.5832,640079.6817,3573692.8788674395
2025-06-10,Foxbit,USDT,USDT/BRL,5.5861,5.5947,5.5643,5.5781,728240.0586,4062195.87087666
2025-06-11,Foxbit,USDT,USDT/BRL,5.5778,5.5898,5.5365,5.5656,369664.2119,2057403.1377506398
2025-06-12,Foxbit,USDT,USDT/BRL,5.5665,5.5756,5.5472,5.5695,1176361.1294,6551743.310193299
2025-06-13,Foxbit,USDT,USDT/BRL,5.5694,5.6145,5.5386,5.5859,774972.1545,4328916.95782155
2025-06-14,Foxbit,USDT,USDT/BRL,5.5859,5.597,5.5737,5.5809,161992.7725,904065.4640452499
2025-06-15,Foxbit,USDT,USDT/BRL,5.5803,5.5814,5.5648,5.5761,52946.3119,295233.92978559004
2025-06-16,Foxbit,USDT,USDT/BRL,5.5764,5.5789,5.4666,5.5247,1712006.773,9458323.818793101
2025-06-17,Foxbit,USDT,USDT/BRL,5.5229,5.5296,5.4846,5.5247,620662.1191,3428972.00939177
2025-06-18,Foxbit,USDT,USDT/BRL,5.5251,5.5293,5.4943,5.5161,445796.0542,2459055.61457262
2025-06-19,Foxbit,USDT,USDT/BRL,5.5147,5.5331,5.5147,5.5303,505953.7221,2798075.8693296304
2025-06-20,Foxbit,USDT,USDT/BRL,5.5314,5.5655,5.4696,5.5595,1646572.7629,9154121.27534255
2025-06-21,Foxbit,USDT,USDT/BRL,5.5594,5.5679,5.532,5.5547,331308.8686,1840321.37241242
2025-06-22,Foxbit,USDT,USDT/BRL,5.5548,5.571,5.5399,5.5599,1010512.6279,5618349.15986121
2025-06-23,Foxbit,USDT,USDT/BRL,5.56,5.5712,5.496,5.5115,2117864.8741,11672612.25360215
2025-06-24,Foxbit,USDT,USDT/BRL,5.5125,5.5398,5.4808,5.5255,1412928.1053,7807134.24583515
2025-06-25,Foxbit,USDT,USDT/BRL,5.5255,5.5882,5.5224,5.5799,614428.6769,3428450.57423431
2025-06-26,Foxbit,USDT,USDT/BRL,5.5798,5.5839,5.5053,5.518,1082647.1425,5974046.932315
2025-06-27,Foxbit,USDT,USDT/BRL,5.5179,5.523,5.4812,5.5214,1333338.1259,7361893.12834426
2025-06-28,Foxbit,USDT,USDT/BRL,5.5225,5.5249,5.5137,5.5192,599552.3953,3309049.5801397595
2025-06-29,Foxbit,USDT,USDT/BRL,5.5192,5.5287,5.502,5.5136,296264.1529,1633482.03342944
2025-06-30,Foxbit,USDT,USDT/BRL,5.5136,5.5597,5.4427,5.4695,3990401.2206,21825499.4760717
2025-07-01,Foxbit,USDT,USDT/BRL,5.4694,5.4879,5.4364,5.4799,941452.2199,5159064.01983001
2025-07-02,Foxbit,USDT,USDT/BRL,5.4787,5.49,5.4148,5.4459,630204.9111,3432032.9253594903
2025-07-03,Foxbit,USDT,USDT/BRL,5.4462,5.4592,5.4087,5.4345,766171.5528,4163759.3036915995
2025-07-04,Foxbit,USDT,USDT/BRL,5.4361,5.4702,5.4206,5.4636,2765642.1524,15110362.463852638
2025-07-05,Foxbit,USDT,USDT/BRL,5.4639,5.4703,5.4318,5.4633,838883.812,4583073.9300996
2025-07-06,Foxbit,USDT,USDT/BRL,5.4617,5.4687,5.4487,5.467,384953.5655,2104541.1425885
2025-07-07,Foxbit,USDT,USDT/BRL,5.467,5.4943,5.4568,5.4833,3764957.9538,20644393.94807154
2025-07-08,Foxbit,USDT,USDT/BRL,5.4829,5.4885,5.4413,5.4663,1428442.5838,7808295.69582594
2025-07-09,Foxbit,USDT,USDT/BRL,5.4674,5.5932,5.46,5.5286,1430618.4248,7909317.02334928
2025-07-10,Foxbit,USDT,USDT/BRL,5.5322,5.5851,5.49,5.4901,2910522.9753,15979062.18669453
2025-07-11,Foxbit,USDT,USDT/BRL,5.49,5.5808,5.4333,5.5675,4028531.6356,22428849.881203
2025-07-12,Foxbit,USDT,USDT/BRL,5.5664,5.595,5.5607,5.562,411093.6545,2286502.9063290004
2025-07-13,Foxbit,USDT,USDT/BRL,5.5619,5.5833,5.5565,5.569,383918.1785,2138040.3360665
2025-07-14,Foxbit,USDT,USDT/BRL,5.569,5.5965,5.5329,5.5896,4326511.4998,24183468.67928208
2025-07-15,Foxbit,USDT,USDT/BRL,5.5899,5.5999,5.5493,5.5758,1438578.979,8021228.6711082
2025-07-16,Foxbit,USDT,USDT/BRL,5.5779,5.6021,5.554,5.586,974262.9088,5442232.6085568005
2025-07-17,Foxbit,USDT,USDT/BRL,5.5858,5.6147,5.535,5.5507,1153911.5459,6405016.81782713
2025-07-18,Foxbit,USDT,USDT/BRL,5.5477,5.609,5.537,5.6003,1374317.9651,7696592.899949529
2025-07-19,Foxbit,USDT,USDT/BRL,5.6003,5.6184,5.5908,5.6084,465567.6818,2611089.7866071197
2025-07-20,Foxbit,USDT,USDT/BRL,5.6086,5.6314,5.5892,5.6266,477737.3146,2688036.77432836
2025-07-21,Foxbit,USDT,USDT/BRL,5.6268,5.6301,5.5594,5.5855,992097.7031,5541361.72066505
2025-07-22,Foxbit,USDT,USDT/BRL,5.5854,5.593,5.5602,5.5701,854310.7911,4758596.53750611
2025-07-23,Foxbit,USDT,USDT/BRL,5.5704,5.5869,5.5218,5.5392,781480.3964,4328776.21173888
2025-07-24,Foxbit,USDT,USDT/BRL,5.5392,5.5534,5.5201,5.5389,1192601.8795,6605702.55036255
2025-07-25,Foxbit,USDT,USDT/BRL,5.5387,5.5911,5.5371,5.5838,964631.4954,5386309.34401452
2025-07-26,Foxbit,USDT,USDT/BRL,5.5833,5.61,5.5762,5.5956,408195.861,2284100.7598115997
2025-07-27,Foxbit,USDT,USDT/BRL,5.5957,5.5972,5.5832,5.5872,391301.6933,2186280.82080576
2025-07-28,Foxbit,USDT,USDT/BRL,5.5877,5.6199,5.5602,5.6036,708767.324,3971648.5767664
2025-07-29,Foxbit,USDT,USDT/BRL,5.6042,5.6128,5.5642,5.5924,908978.8785,5083373.4801234
2025-07-30,Foxbit,USDT,USDT/BRL,5.5917,5.63,5.5607,5.5931,1179029.3287,6594428.938351969
2025-07-31,Foxbit,USDT,USDT/BRL,5.5929,5.6289,5.5763,5.6282,1323179.1651,7447116.97701582
2025-08-01,Foxbit,USDT,USDT/BRL,5.6284,5.6442,5.5424,5.5702,1065938.868,5937492.682533599
2025-08-02,Foxbit,USDT,USDT/BRL,5.5674,5.5826,5.5633,5.5766,570941.5963,3183912.90592658
2025-08-03,Foxbit,USDT,USDT/BRL,5.5774,5.5834,5.5727,5.5756,446809.2823,2491229.83439188
2025-08-04,Foxbit,USDT,USDT/BRL,5.5734,5.5805,5.4984,5.5162,775082.9151,4275512.37627462
2025-08-05,Foxbit,USDT,USDT/BRL,5.5162,5.5364,5.497,5.5179,753150.5376,4155809.35142304
2025-08-06,Foxbit,USDT,USDT/BRL,5.518,5.5403,5.4637,5.4836,961254.7566,5271136.58329176
2025-08-07,Foxbit,USDT,USDT/BRL,5.4836,5.4954,5.4269,5.442,1061600.6411,5777230.6888662
2025-08-08,Foxbit,USDT,USDT/BRL,5.442,5.4642,5.4235,5.4632,539659.2562,2948266.4484718395
2025-08-09,Foxbit,USDT,USDT/BRL,5.4628,5.4767,5.4393,5.4697,381708.4523,2087830.7215453098
2025-08-10,Foxbit,USDT,USDT/BRL,5.466,5.4737,5.454,5.4673,389607.1134,2130098.97109182
2025-08-11,Foxbit,USDT,USDT/BRL,5.4661,5.4665,5.428,5.454,1389989.191,7581001.047714001
2025-08-12,Foxbit,USDT,USDT/BRL,5.4551,5.4562,5.4,5.4174,469071.6831,2541148.93602594
2025-08-13,Foxbit,USDT,USDT/BRL,5.4175,5.4189,5.3876,5.4022,699277.2519,3777635.57021418
2025-08-14,Foxbit,USDT,USDT/BRL,5.4038,5.4414,5.3882,5.4409,1155226.6715,6285472.79696435
2025-08-15,Foxbit,USDT,USDT/BRL,5.4409,5.4498,5.3962,5.4294,980839.9304,5325372.31811376
2025-08-16,Foxbit,USDT,USDT/BRL,5.4287,5.4398,5.4198,5.4331,621145.9515,3374748.0690946495
2025-08-17,Foxbit,USDT,USDT/BRL,5.4327,5.4391,5.4049,5.4301,261042.1512,1417484.9852311201
2025-08-18,Foxbit,USDT,USDT/BRL,5.4296,5.4578,5.4219,5.4489,691640.2089,3768678.33427521
2025-08-19,Foxbit,USDT,USDT/BRL,5.4489,5.5201,5.4438,5.5196,1151992.3078,6358536.74213288
2025-08-20,Foxbit,USDT,USDT/BRL,5.5196,5.5308,5.4705,5.4979,2315963.1862,12732934.001408977
2025-08-21,Foxbit,USDT,USDT/BRL,5.4979,5.5094,5.4786,5.4845,769357.2236,4219539.6928342
2025-08-22,Foxbit,USDT,USDT/BRL,5.4845,5.4926,5.4128,5.4286,819514.9617,4448818.92108462
2025-08-23,Foxbit,USDT,USDT/BRL,5.4287,5.449,5.4282,5.445,2401412.8886,13075693.178427001
2025-08-24,Foxbit,USDT,USDT/BRL,5.443,5.4594,5.4321,5.4531,1090327.8823,5945666.974970129
2025-08-25,Foxbit,USDT,USDT/BRL,5.453,5.4639,5.4127,5.4345,722811.8917,3928121.22544365
2025-08-26,Foxbit,USDT,USDT/BRL,5.4367,5.4627,5.4079,5.4441,624766.9709,3401293.86627669
2025-08-27,Foxbit,USDT,USDT/BRL,5.444,5.4624,5.4228,5.4318,502736.67,2730765.044106
2025-08-28,Foxbit,USDT,USDT/BRL,5.4319,5.44,5.4005,5.4291,718199.2328,3899175.45479448
2025-08-29,Foxbit,USDT,USDT/BRL,5.4291,5.4811,5.4138,5.4643,1255190.3033,6858736.37432219
2025-08-30,Foxbit,USDT,USDT/BRL,5.4643,5.4692,5.4498,5.4681,632782.1305,3460115.9677870497
2025-08-31,Foxbit,USDT,USDT/BRL,5.4677,5.476,5.4645,5.4652,191076.9802,1044273.91218904
2025-09-01,Foxbit,USDT,USDT/BRL,5.4651,5.476,5.4314,5.4624,2324460.3132,12697132.01482368
2025-09-02,Foxbit,USDT,USDT/BRL,5.4623,5.5077,5.4492,5.4812,1692312.5268,9275903.421896162
2025-09-03,Foxbit,USDT,USDT/BRL,5.4819,5.4921,5.4419,5.4669,865692.1931,4732652.65045839
2025-09-04,Foxbit,USDT,USDT/BRL,5.4669,5.4882,5.45,5.4634,669395.6491,3657176.1892929403
2025-09-05,Foxbit,USDT,USDT/BRL,5.4634,5.4634,5.3947,5.4451,2690669.1411,14650962.54020361
2025-09-06,Foxbit,USDT,USDT/BRL,5.4449,5.4514,5.4284,5.4502,1176776.6767,6413668.243350339
2025-09-07,Foxbit,USDT,USDT/BRL,5.4502,5.4507,5.4353,5.4424,357453.9305,1945407.2713532
2025-09-08,Foxbit,USDT,USDT/BRL,5.4432,5.4559,5.4183,5.4388,496915.7495,2702625.3783806
2025-09-09,Foxbit,USDT,USDT/BRL,5.4388,5.4511,5.4025,5.4476,879246.2058,4789781.630716081
2025-09-10,Foxbit,USDT,USDT/BRL,5.4476,5.4477,5.4016,5.4154,847346.3755,4588719.5618827
2025-09-11,Foxbit,USDT,USDT/BRL,5.4151,5.4298,5.388,5.4007,904473.2484,4884788.67263388
2025-09-12,Foxbit,USDT,USDT/BRL,5.4008,5.4117,5.3482,5.3745,1754655.122,9430393.953189
2025-09-13,Foxbit,USDT,USDT/BRL,5.3747,5.3864,5.3655,5.3777,548477.7813,2949548.96449701
2025-09-14,Foxbit,USDT,USDT/BRL,5.3773,5.3779,5.369,5.3768,212878.7357,1144606.38611176
2025-09-15,Foxbit,USDT,USDT/BRL,5.3763,5.3769,5.3186,5.3318,639345.527,3408862.4808586
2025-09-16,Foxbit,USDT,USDT/BRL,5.3323,5.3323,5.2942,5.3063,743726.7013,3946436.99510819
2025-09-17,Foxbit,USDT,USDT/BRL,5.3063,5.3245,5.287,5.3156,798980.7904,4247062.28945024
2025-09-18,Foxbit,USDT,USDT/BRL,5.3152,5.3279,5.2702,5.3203,1138726.8618,6058368.52283454
2025-09-19,Foxbit,USDT,USDT/BRL,5.3203,5.3506,5.317,5.3506,562922.1679,3011971.35156574
2025-09-20,Foxbit,USDT,USDT/BRL,5.3519,5.3519,5.3436,5.3467,259823.381,1389197.6711927
2025-09-21,Foxbit,USDT,USDT/BRL,5.3467,5.3512,5.3314,5.3399,310666.7211,1658929.22400189
2025-09-22,Foxbit,USDT,USDT/BRL,5.336,5.3765,5.3344,5.3506,1977631.9484,10581517.50310904
2025-09-23,Foxbit,USDT,USDT/BRL,5.3495,5.3518,5.2861,5.2958,1526961.1096,8086480.64421968
2025-09-24,Foxbit,USDT,USDT/BRL,5.2971,5.3383,5.2909,5.3261,841451.8619,4481656.76166559
2025-09-25,Foxbit,USDT,USDT/BRL,5.3276,5.383,5.3177,5.3783,870143.835,4679894.5877805
2025-09-26,Foxbit,USDT,USDT/BRL,5.3783,5.3801,5.347,5.3736,1059981.4356,5695916.24234016
2025-09-27,Foxbit,USDT,USDT/BRL,5.374,5.3814,5.3673,5.3711,365490.5755,1963086.43006805
2025-09-28,Foxbit,USDT,USDT/BRL,5.371,5.373,5.3638,5.3677,287335.8592,1542332.6914278402
2025-09-29,Foxbit,USDT,USDT/BRL,5.3657,5.3664,5.3142,5.3228,1106312.2572,5888678.8826241605
2025-09-30,Foxbit,USDT,USDT/BRL,5.3249,5.3416,5.3045,5.3297,1048459.2565,5587973.29936805
2025-10-01,Foxbit,USDT,USDT/BRL,5.3289,5.3419,5.3004,5.329,1391577.8131,7415718.166009899
2025-10-02,Foxbit,USDT,USDT/BRL,5.3298,5.375,5.3165,5.3494,1192289.7526,6378034.80255844
2025-10-03,Foxbit,USDT,USDT/BRL,5.3494,5.3659,5.329,5.3573,1807008.0887,9680684.433592511
2025-10-04,Foxbit,USDT,USDT/BRL,5.3578,5.3625,5.3453,5.3547,511586.845,2739394.0789215
2025-10-05,Foxbit,USDT,USDT/BRL,5.3546,5.359,5.3276,5.347,617673.0265,3302697.6726955003
2025-10-06,Foxbit,USDT,USDT/BRL,5.347,5.347,5.3015,5.3156,1462749.2673,7775390.00525988
2025-10-07,Foxbit,USDT,USDT/BRL,5.3159,5.3675,5.3156,5.354,1679144.4415,8990139.339791
2025-10-08,Foxbit,USDT,USDT/BRL,5.3589,5.3767,5.3344,5.3522,1152301.4749,6167347.95395978
2025-10-09,Foxbit,USDT,USDT/BRL,5.3522,5.4,5.3123,5.3849,1426231.0658,7680111.66622642
2025-10-10,Foxbit,USDT,USDT/BRL,5.3808,5.875,5.367,5.6149,3918181.1277,22000195.213922728
2025-10-11,Foxbit,USDT,USDT/BRL,5.6227,5.6495,5.5617,5.646,1442117.9842,8142198.1387932
2025-10-12,Foxbit,USDT,USDT/BRL,5.6462,5.6495,5.5453,5.5815,735539.4531,4105413.45747765
2025-10-13,Foxbit,USDT,USDT/BRL,5.5811,5.5899,5.4073,5.4963,6451133.604,35457365.6276652
2025-10-14,Foxbit,USDT,USDT/BRL,5.4965,5.5372,5.4596,5.5014,1454583.3241,8002244.699203741
2025-10-15,Foxbit,USDT,USDT/BRL,5.5015,5.5024,5.4452,5.4628,1408608.0815,7694944.2276182
2025-10-16,Foxbit,USDT,USDT/BRL,5.4655,5.4714,5.4304,5.4582,1140938.7726,6227472.00860532
2025-10-17,Foxbit,USDT,USDT/BRL,5.4572,5.4792,5.4129,5.4324,1607135.0652,8730600.528192481
2025-10-18,Foxbit,USDT,USDT/BRL,5.4324,5.4345,5.4268,5.4307,395535.5379,2148034.84567353
2025-10-19,Foxbit,USDT,USDT/BRL,5.4298,5.4298,5.4246,5.428,212641.9952,1154220.7499456
2025-10-20,Foxbit,USDT,USDT/BRL,5.4281,5.4319,5.3802,5.3889,995646.3324,5365438.520670359
2025-10-21,Foxbit,USDT,USDT/BRL,5.3894,5.4112,5.38,5.4001,1439875.2323,7775470.24194323
2025-10-22,Foxbit,USDT,USDT/BRL,5.4001,5.4157,5.3873,5.4129,921282.9781,4986812.63215749
2025-10-23,Foxbit,USDT,USDT/BRL,5.4129,5.4208,5.3786,5.3954,911277.1537,4916704.75507298
2025-10-24,Foxbit,USDT,USDT/BRL,5.3954,5.4121,5.3736,5.4081,968357.7508,5236975.552101481
2025-10-25,Foxbit,USDT,USDT/BRL,5.408,5.4085,5.398,5.4019,265619.5142,1434850.05375698
2025-10-26,Foxbit,USDT,USDT/BRL,5.4014,5.4014,5.3838,5.3877,596130.4254,3211771.8929275796
2025-10-27,Foxbit,USDT,USDT/BRL,5.3872,5.3882,5.3652,5.3761,2386247.08,12828702.926788
2025-10-28,Foxbit,USDT,USDT/BRL,5.376,5.3888,5.36,5.3699,2715664.0964,14582844.631258361
2025-10-29,Foxbit,USDT,USDT/BRL,5.3704,5.3705,5.341,5.3665,1544922.2176,8290825.080750401
2025-10-30,Foxbit,USDT,USDT/BRL,5.3668,5.4013,5.3627,5.4007,2778464.4822,15005653.12901754
2025-10-31,Foxbit,USDT,USDT/BRL,5.4006,5.4102,5.3737,5.3862,1475017.294,7944738.148942799
2025-11-01,Foxbit,USDT,USDT/BRL,5.3864,5.3954,5.3768,5.3768,380912.0971,2048088.1636872801
2025-11-02,Foxbit,USDT,USDT/BRL,5.3769,5.3842,5.3721,5.3729,341870.1028,1836833.87533412
2025-11-03,Foxbit,USDT,USDT/BRL,5.3731,5.3837,5.3475,5.3665,1872867.8822,10050745.489826301
2025-11-04,Foxbit,USDT,USDT/BRL,5.3665,5.4165,5.3657,5.4148,2720910.824,14733187.929795198
2025-11-05,Foxbit,USDT,USDT/BRL,5.4148,5.4195,5.3606,5.363,4579509.4115,24559908.973874506
2025-11-06,Foxbit,USDT,USDT/BRL,5.363,5.3694,5.3398,5.3632,1381207.9436,7407694.44311552
2025-11-07,Foxbit,USDT,USDT/BRL,5.3631,5.3673,5.3358,5.3462,2236279.0393,11955594.999905659
2025-11-08,Foxbit,USDT,USDT/BRL,5.3461,5.3546,5.3416,5.3546,380590.9201,2037912.1407674598
2025-11-09,Foxbit,USDT,USDT/BRL,5.3562,5.3645,5.3407,5.3586,3709945.4676,19880113.78268136
2025-11-10,Foxbit,USDT,USDT/BRL,5.3586,5.3613,5.283,5.3069,5994761.1487,31813597.94003603
2025-11-11,Foxbit,USDT,USDT/BRL,5.3087,5.3151,5.2802,5.2919,2659738.9745,14075072.67915655
2025-11-12,Foxbit,USDT,USDT/BRL,5.292,5.3048,5.2756,5.2998,1043198.1953,5528741.795450941
2025-11-13,Foxbit,USDT,USDT/BRL,5.2999,5.3101,5.265,5.3063,1532037.1673,8129448.820843991
2025-11-14,Foxbit,USDT,USDT/BRL,5.3063,5.3315,5.2765,5.3154,1777124.5088,9446127.614075521
2025-11-15,Foxbit,USDT,USDT/BRL,5.3155,5.32,5.3003,5.3164,591059.7464,3142310.0357609596
2025-11-16,Foxbit,USDT,USDT/BRL,5.3169,5.3215,5.3161,5.32,434598.936,2312066.33952
2025-11-17,Foxbit,USDT,USDT/BRL,5.32,5.3325,5.2986,5.3318,1892265.7596,10089182.57703528
2025-11-18,Foxbit,USDT,USDT/BRL,5.3318,5.3444,5.3188,5.3336,1952782.6993,10415361.804986479
2025-11-19,Foxbit,USDT,USDT/BRL,5.3336,5.349,5.3281,5.3421,2296343.392,12267296.034403201
2025-11-20,Foxbit,USDT,USDT/BRL,5.342,5.3537,5.3371,5.3488,952546.0673,5094978.40477424
2025-11-21,Foxbit,USDT,USDT/BRL,5.3489,5.4289,5.346,5.4222,3184780.5331,17268517.00657482
2025-11-22,Foxbit,USDT,USDT/BRL,5.4248,5.4278,5.4138,5.4271,590449.4371,3204428.14008541
2025-11-23,Foxbit,USDT,USDT/BRL,5.426,5.4348,5.4242,5.4281,325593.4164,1767353.6235608398
2025-11-24,Foxbit,USDT,USDT/BRL,5.4305,5.4348,5.3641,5.4016,2618480.7481,14143985.60893696
2025-11-25,Foxbit,USDT,USDT/BRL,5.4016,5.4096,5.36,5.3906,4956821.9895,26720244.6165987
2025-11-26,Foxbit,USDT,USDT/BRL,5.3907,5.3973,5.3369,5.3498,1663484.1547,8899307.530814061
2025-11-27,Foxbit,USDT,USDT/BRL,5.3487,5.3713,5.3365,5.3672,2908277.0784,15609304.73518848
2025-11-28,Foxbit,USDT,USDT/BRL,5.3673,5.3765,5.3322,5.3548,2771394.297,14840262.181575598
2025-11-29,Foxbit,USDT,USDT/BRL,5.3547,5.3689,5.3547,5.3688,352794.3302,1894082.1999777602
2025-11-30,Foxbit,USDT,USDT/BRL,5.3689,5.3783,5.3613,5.3699,1254815.8265,6738235.506722351
2025-12-01,Foxbit,USDT,USDT/BRL,5.3727,5.375,5.3324,5.3642,2839402.5026,15231122.90444692
2025-12-02,Foxbit,USDT,USDT/BRL,5.3641,5.3693,5.334,5.3356,1157978.3492,6178509.279991521
2025-12-03,Foxbit,USDT,USDT/BRL,5.3357,5.3384,5.3052,5.3146,3905815.6702,20757847.960844923
2025-12-04,Foxbit,USDT,USDT/BRL,5.3147,5.3212,5.2996,5.3212,4108794.4475,21863717.014037
2025-12-05,Foxbit,USDT,USDT/BRL,5.3212,5.4719,5.3083,5.4701,4699464.9053,25706542.97848153
2025-12-06,Foxbit,USDT,USDT/BRL,5.4701,5.4948,5.4684,5.492,751927.4966,4129585.8113272
2025-12-07,Foxbit,USDT,USDT/BRL,5.4922,5.4948,5.4591,5.4862,1017109.6553,5580066.99090686
2025-12-08,Foxbit,USDT,USDT/BRL,5.4862,5.4941,5.4,5.4399,3712935.1134,20197995.72338466
2025-12-09,Foxbit,USDT,USDT/BRL,5.4398,5.4937,5.4242,5.4402,2782012.9332,15134706.759194639
2025-12-10,Foxbit,USDT,USDT/BRL,5.4402,5.4867,5.4224,5.4855,2670127.5704,14646984.7874292
2025-12-11,Foxbit,USDT,USDT/BRL,5.4856,5.4899,5.3894,5.4086,3087935.2573,16701406.63263278
2025-12-12,Foxbit,USDT,USDT/BRL,5.4086,5.4392,5.3849,5.4337,2503234.8686,13601827.305511821
2025-12-13,Foxbit,USDT,USDT/BRL,5.4337,5.4419,5.4321,5.4392,316525.7596,1721646.9116163198
2025-12-14,Foxbit,USDT,USDT/BRL,5.4391,5.4434,5.4301,5.4382,349606.1847,1901228.35363554
2025-12-15,Foxbit,USDT,USDT/BRL,5.4383,5.4383,5.3901,5.4277,4947535.7322,26853739.69366194
2025-12-16,Foxbit,USDT,USDT/BRL,5.4278,5.4999,5.4245,5.4815,2569852.8719,14086648.51731985
2025-12-17,Foxbit,USDT,USDT/BRL,5.4815,5.5326,5.4807,5.5326,3125785.2622,17293719.54164772
2025-12-18,Foxbit,USDT,USDT/BRL,5.5325,5.564,5.5061,5.531,4661921.1865,25785086.082531497
2025-12-19,Foxbit,USDT,USDT/BRL,5.531,5.5703,5.405,5.5662,5238485.2126,29158456.390374124
2025-12-20,Foxbit,USDT,USDT/BRL,5.5662,5.5676,5.551,5.5671,251291.1172,1398962.77856412
2025-12-21,Foxbit,USDT,USDT/BRL,5.5671,5.5677,5.5483,5.5485,312291.4308,1732749.0037937998
2025-12-22,Foxbit,USDT,USDT/BRL,5.5486,5.607,5.5214,5.5968,3812862.4093,21339828.33237024
2025-12-23,Foxbit,USDT,USDT/BRL,5.5968,5.6091,5.5335,5.5384,2442159.126,13525654.103438402
2025-12-24,Foxbit,USDT,USDT/BRL,5.5374,5.5495,5.5314,5.5402,906383.3118,5021544.824034359
2025-12-25,Foxbit,USDT,USDT/BRL,5.5402,5.5496,5.5286,5.5409,838835.9319,4647906.01506471
2025-12-26,Foxbit,USDT,USDT/BRL,5.5412,5.5742,5.5312,5.5542,1655015.0756,9192284.73289752
2025-12-27,Foxbit,USDT,USDT/BRL,5.5541,5.5562,5.5451,5.5498,878403.8445,4874965.6562061
2025-12-28,Foxbit,USDT,USDT/BRL,5.5498,5.5698,5.5399,5.5435,384629.0796,2132191.3027626
2025-12-29,Foxbit,USDT,USDT/BRL,5.5445,5.588,5.528,5.5759,2879191.4035,16054083.34677565
2025-12-30,Foxbit,USDT,USDT/BRL,5.5759,5.5778,5.4913,5.5002,2839699.8902,15618917.33607804
2025-12-31,Foxbit,USDT,USDT/BRL,5.5003,5.52,5.497,5.5002,694933.0847,3822270.9524669405
2026-01-01,Foxbit,USDT,USDT/BRL,5.5003,5.5091,5.5003,5.5052,323333.8016,1780017.2445683202
2026-01-02,Foxbit,USDT,USDT/BRL,5.5051,5.5052,5.4224,5.4397,1643692.4794,8941193.98019218
2026-01-03,Foxbit,USDT,USDT/BRL,5.4397,5.4415,5.428,5.4374,403640.503,2194754.8710122
2026-01-04,Foxbit,USDT,USDT/BRL,5.4373,5.4412,5.4307,5.4406,262264.6269,1426876.9291121399
2026-01-05,Foxbit,USDT,USDT/BRL,5.4406,5.4498,5.4,5.4128,4379739.9812,23706656.57023936
2026-01-06,Foxbit,USDT,USDT/BRL,5.4129,5.417,5.3692,5.383,3059269.7124,16468048.8618492
2026-01-07,Foxbit,USDT,USDT/BRL,5.383,5.3992,5.3739,5.3967,2352550.0971,12696007.10901957
2026-01-08,Foxbit,USDT,USDT/BRL,5.3966,5.4079,5.3769,5.3922,4484866.3023,24183296.07526206
2026-01-09,Foxbit,USDT,USDT/BRL,5.3922,5.3983,5.3545,5.3884,4537433.761,24449508.077772398
2026-01-10,Foxbit,USDT,USDT/BRL,5.3883,5.3903,5.3811,5.382,560900.4864,3018766.4178048
2026-01-11,Foxbit,USDT,USDT/BRL,5.382,5.386,5.3819,5.382,338275.9915,1820601.386253
2026-01-12,Foxbit,USDT,USDT/BRL,5.382,5.3856,5.356,5.3782,3193097.5246,17173117.10680372
2026-01-13,Foxbit,USDT,USDT/BRL,5.3782,5.391,5.3645,5.3808,3111575.35,16742764.64328
2026-01-14,Foxbit,USDT,USDT/BRL,5.3808,5.4092,5.3621,5.397,2751998.7283,14852537.1366351
2026-01-15,Foxbit,USDT,USDT/BRL,5.3988,5.4036,5.355,5.3726,3467380.2474,18628847.11718124
2026-01-16,Foxbit,USDT,USDT/BRL,5.372,5.3926,5.3695,5.3887,3000685.0576,16169791.569889119
2026-01-17,Foxbit,USDT,USDT/BRL,5.3887,5.3894,5.3854,5.3873,381927.2658,2057556.7590443399
2026-01-18,Foxbit,USDT,USDT/BRL,5.3873,5.3896,5.3837,5.3837,353836.8463,1904951.4294253099
2026-01-19,Foxbit,USDT,USDT/BRL,5.3838,5.3885,5.3196,5.3793,5178708.4368,27857826.29407824
2026-01-20,Foxbit,USDT,USDT/BRL,5.3793,5.4079,5.3591,5.386,6914284.1762,37240334.5730132
2026-01-21,Foxbit,USDT,USDT/BRL,5.3859,5.3897,5.3142,5.3232,6313008.0069,33605404.22233008
2026-01-22,Foxbit,USDT,USDT/BRL,5.3232,5.3288,5.2838,5.2911,4623838.074,24465189.6333414
2026-01-23,Foxbit,USDT,USDT/BRL,5.2911,5.3023,5.2411,5.2994,4060091.5149,21516048.97406106
2026-01-24,Foxbit,USDT,USDT/BRL,5.2994,5.3056,5.2981,5.2989,621544.713,3293503.2797156996
2026-01-25,Foxbit,USDT,USDT/BRL,5.2989,5.3027,5.2978,5.3017,1649630.7801,8745847.506856171
2026-01-26,Foxbit,USDT,USDT/BRL,5.3018,5.302,5.2624,5.2821,9630032.2792,50866793.50196232
2026-01-27,Foxbit,USDT,USDT/BRL,5.2822,5.2868,5.178,5.1831,6412672.9448,33237525.140192878
2026-01-28,Foxbit,USDT,USDT/BRL,5.1831,5.2245,5.1704,5.1985,5079098.5902,26403694.0211547
2026-01-29,Foxbit,USDT,USDT/BRL,5.1984,5.24,5.1653,5.201,6592045.2222,34285227.200662196
2026-01-30,Foxbit,USDT,USDT/BRL,5.201,5.2747,5.1956,5.2719,8840140.4342,46604336.355058976
2026-01-31,Foxbit,USDT,USDT/BRL,5.2719,5.2833,5.2674,5.28,4748391.0449,25071504.717072003
2026-02-01,Foxbit,USDT,USDT/BRL,5.2801,5.2948,5.2754,5.2876,2130021.4336,11262701.332303362
2026-02-02,Foxbit,USDT,USDT/BRL,5.2882,5.295,5.2447,5.27,9148889.7104,48214648.773807995
2026-02-03,Foxbit,USDT,USDT/BRL,5.27,5.27,5.2072,5.2418,8713448.7457,45674155.63521025
2026-02-04,Foxbit,USDT,USDT/BRL,5.2419,5.2564,5.2136,5.2433,9041811.4802,47408930.13413265
2026-02-05,Foxbit,USDT,USDT/BRL,5.2432,5.2891,5.2334,5.2858,12326812.3576,65157064.75980208
2026-02-06,Foxbit,USDT,USDT/BRL,5.2858,5.3039,5.2102,5.241,11294471.6554,59194325.9459514
2026-02-07,Foxbit,USDT,USDT/BRL,5.241,5.2474,5.2254,5.2461,1833935.7832,9621010.512245521
2026-02-08,Foxbit,USDT,USDT/BRL,5.2461,5.2515,5.2372,5.2496,1697018.5698,8908668.68402208
2026-02-09,Foxbit,USDT,USDT/BRL,5.2495,5.2496,5.1771,5.1995,9391743.6405,48832371.05877975
2026-02-10,Foxbit,USDT,USDT/BRL,5.1994,5.2106,5.1872,5.2014,5420420.1775,28193773.5112485
2026-02-11,Foxbit,USDT,USDT/BRL,5.2013,5.2014,5.1688,5.1917,4664676.7784,24217602.43041928
2026-02-12,Foxbit,USDT,USDT/BRL,5.1917,5.2163,5.1588,5.2154,6856047.9395,35757032.4236683
2026-02-13,Foxbit,USDT,USDT/BRL,5.2154,5.2499,5.2067,5.2359,10301724.2522,53938798.01209398
2026-02-14,Foxbit,USDT,USDT/BRL,5.2358,5.2548,5.2308,5.2378,1359051.1537,7118438.132849859
2026-02-15,Foxbit,USDT,USDT/BRL,5.2377,5.2378,5.23,5.2326,336625.3722,1761425.9225737199
2026-02-16,Foxbit,USDT,USDT/BRL,5.2326,5.2384,5.2269,5.2309,518718.8409,2713366.38486381
2026-02-17,Foxbit,USDT,USDT/BRL,5.2309,5.2528,5.2309,5.2465,2030345.8167,10652209.32731655
2026-02-18,Foxbit,USDT,USDT/BRL,5.2469,5.2514,5.1825,5.2431,4722640.8363,24761278.16880453
2026-02-19,Foxbit,USDT,USDT/BRL,5.2431,5.256,5.2148,5.2172,2814827.5526,14685518.30742472
2026-02-20,Foxbit,USDT,USDT/BRL,5.2172,5.2435,5.1777,5.1923,6409380.3695,33279425.692554854
2026-02-21,Foxbit,USDT,USDT/BRL,5.1924,5.1946,5.1865,5.1915,3084405.7592,16012692.4988868
2026-02-22,Foxbit,USDT,USDT/BRL,5.1914,5.193,5.1798,5.1798,234068.7657,1212429.39257286
2026-02-23,Foxbit,USDT,USDT/BRL,5.1785,5.2161,5.1454,5.1757,5464561.3125,28282929.98510625
2026-02-24,Foxbit,USDT,USDT/BRL,5.1757,5.1875,5.147,5.1626,4759706.2487,24572459.479538623
2026-02-25,Foxbit,USDT,USDT/BRL,5.1627,5.1678,5.1214,5.1324,4076949.5389,20924535.81345036
2026-02-26,Foxbit,USDT,USDT/BRL,5.1324,5.1664,5.1272,5.1379,6542145.6561,33612890.16647619
2026-02-27,Foxbit,USDT,USDT/BRL,5.1379,5.1668,5.1263,5.1504,4819670.7693,24823232.33020272
2026-02-28,Foxbit,USDT,USDT/BRL,5.15,5.1551,5.1418,5.1485,1009610.0683,5197977.436642551
2026-03-01,Foxbit,USDT,USDT/BRL,5.1485,5.1486,5.1422,5.1484,1152779.7183,5934971.10169572
2026-03-02,Foxbit,USDT,USDT/BRL,5.1486,5.2117,5.1484,5.1763,7425306.0168,38435611.534761846
2026-03-03,Foxbit,USDT,USDT/BRL,5.1765,5.3382,5.1762,5.285,7174997.3777,37919861.1411445
2026-03-04,Foxbit,USDT,USDT/BRL,5.285,5.2907,5.198,5.2387,4159360.289,21789640.745984297
2026-03-05,Foxbit,USDT,USDT/BRL,5.2385,5.2917,5.2307,5.2794,5028638.9435,26548196.4383139
2026-03-06,Foxbit,USDT,USDT/BRL,5.2789,5.3171,5.2431,5.2749,7829600.623,41300360.3262627
2026-03-07,Foxbit,USDT,USDT/BRL,5.275,5.286,5.2747,5.2825,328694.4626,1736328.4986845
2026-03-08,Foxbit,USDT,USDT/BRL,5.2823,5.2899,5.2728,5.2899,301180.1671,1593212.9659422901
2026-03-09,Foxbit,USDT,USDT/BRL,5.2899,5.3048,5.1641,5.1823,4840290.3061,25083836.453302026
2026-03-10,Foxbit,USDT,USDT/BRL,5.1822,5.1874,5.137,5.1706,5115207.3362,26448691.05255572
2026-03-11,Foxbit,USDT,USDT/BRL,5.1702,5.1858,5.1506,5.1752,2830369.7543,14647729.552453361
2026-03-12,Foxbit,USDT,USDT/BRL,5.1753,5.2646,5.1609,5.2526,9627322.4075,50568473.67763451
2026-03-13,Foxbit,USDT,USDT/BRL,5.2527,5.34,5.2216,5.34,4221271.3242,22541588.871228
2026-03-14,Foxbit,USDT,USDT/BRL,5.3399,5.3494,5.3301,5.3436,1064572.7574,5688650.98644264
2026-03-15,Foxbit,USDT,USDT/BRL,5.3436,5.3436,5.3186,5.3192,1071567.25137,5699880.523487304
2026-03-16,Foxbit,USDT,USDT/BRL,5.319,5.3194,5.2299,5.2377,5615165.21158,29410550.828692567
2026-03-17,Foxbit,USDT,USDT/BRL,5.2376,5.2418,5.1819,5.2011,3011303.54085,15662090.846314935
2026-03-18,Foxbit,USDT,USDT/BRL,5.2006,5.2735,5.1915,5.258,3155992.61603,16594209.17508574
2026-03-19,Foxbit,USDT,USDT/BRL,5.2581,5.3105,5.2099,5.2263,4119351.49138,21528966.699399296
2026-03-20,Foxbit,USDT,USDT/BRL,5.2263,5.3262,5.2246,5.3104,4837627.76282,25689738.471679326
2026-03-21,Foxbit,USDT,USDT/BRL,5.3103,5.3185,5.3103,5.3166,781881.12146,4156949.1703542364
2026-03-22,Foxbit,USDT,USDT/BRL,5.3166,5.319,5.3069,5.3169,967197.37187,5142491.706495604
2026-03-23,Foxbit,USDT,USDT/BRL,5.3169,5.3429,5.2211,5.2418,6455509.15169,33838487.87132864
2026-03-24,Foxbit,USDT,USDT/BRL,5.2417,5.2794,5.2144,5.2385,3755828.17171,19674905.877502836
2026-03-25,Foxbit,USDT,USDT/BRL,5.2386,5.2476,5.2061,5.231,5833634.7802,30515743.5352262
2026-03-26,Foxbit,USDT,USDT/BRL,5.2306,5.261,5.2225,5.2457,5548801.6155,29107348.634428352
2026-03-27,Foxbit,USDT,USDT/BRL,5.2457,5.2779,5.22,5.2526,7589015.84728,39862064.63942293
2026-03-28,Foxbit,USDT,USDT/BRL,5.253,5.2601,5.2529,5.2545,3990124.48884,20966109.12660978
2026-03-29,Foxbit,USDT,USDT/BRL,5.2547,5.2613,5.2421,5.2476,3451000.69694,18109471.257262345
2026-03-30,Foxbit,USDT,USDT/BRL,5.2476,5.2614,5.2256,5.2563,6751479.30666,35487800.67959696
2026-03-31,Foxbit,USDT,USDT/BRL,5.2564,5.2566,5.178,5.1807,6143173.77087,31825940.354746208
2026-04-01,Foxbit,USDT,USDT/BRL,5.1807,5.1856,5.1182,5.1624,5002507.67874,25824945.64072738
2026-04-02,Foxbit,USDT,USDT/BRL,5.1624,5.1997,5.1445,5.1742,3067822.71213,15873528.277103046
2026-04-03,Foxbit,USDT,USDT/BRL,5.1743,5.1833,5.1719,5.1781,1413319.83346,7318311.429639226
2026-04-04,Foxbit,USDT,USDT/BRL,5.1777,5.1803,5.1735,5.1769,1831621.20468,9482119.814507892
2026-04-05,Foxbit,USDT,USDT/BRL,5.1768,5.1807,5.1674,5.1676,811049.33493,4191178.5431842683
2026-04-06,Foxbit,USDT,USDT/BRL,5.1676,5.2042,5.145,5.149,2835834.51475,14601711.916447751
2026-04-07,Foxbit,USDT,USDT/BRL,5.1489,5.1748,5.1294,5.1382,3107352.8138,15966200.227867162
2026-04-08,Foxbit,USDT,USDT/BRL,5.1378,5.1589,5.0705,5.1072,4118152.10618,21032226.436682496
2026-04-09,Foxbit,USDT,USDT/BRL,5.1072,5.1173,5.064,5.0701,8955609.46582,45405835.55265398
2026-04-10,Foxbit,USDT,USDT/BRL,5.0701,5.0761,5.0116,5.0288,4487423.26219,22566354.100901075
2026-04-11,Foxbit,USDT,USDT/BRL,5.0288,5.0313,5.0234,5.0272,397616.50274,1998897.682574528
2026-04-12,Foxbit,USDT,USDT/BRL,5.0272,5.0562,5.0256,5.0387,8975425.37061,45224475.81489261
2026-04-13,Foxbit,USDT,USDT/BRL,5.0391,5.0498,4.9889,5.0013,5122059.47805,25616956.067571465
2026-04-14,Foxbit,USDT,USDT/BRL,5.0013,5.0274,4.9783,4.9951,3155959.2767,15764332.18304417
2026-04-15,Foxbit,USDT,USDT/BRL,4.9952,5.0142,4.9899,5.0015,3325639.38281,16633185.373124214
2026-04-16,Foxbit,USDT,USDT/BRL,5.0014,5.0156,4.9921,5.0017,4664009.67058,23327977.16933998
2026-04-17,Foxbit,USDT,USDT/BRL,5.0017,5.0054,4.9578,4.9959,6081804.1207,30384085.20660513
2026-04-18,Foxbit,USDT,USDT/BRL,4.9976,5.0009,4.9876,4.9978,647797.5595,3237562.6428690995
2026-04-19,Foxbit,USDT,USDT/BRL,4.9978,4.9983,4.9878,4.9933,531309.75478,2652988.998542974
2026-04-20,Foxbit,USDT,USDT/BRL,4.9932,4.999,4.9663,4.9703,3079558.71022,15306330.657406464
2026-04-21,Foxbit,USDT,USDT/BRL,4.9702,4.9982,4.9629,4.9912,1596921.46312,7970554.406724544
2026-04-22,Foxbit,USDT,USDT/BRL,4.9911,4.9919,4.9592,4.9721,3142802.49154,15626328.268186035
2026-04-23,Foxbit,USDT,USDT/BRL,4.9728,5.0346,4.9476,5.0303,4910747.51198,24702533.209512997
2026-04-24,Foxbit,USDT,USDT/BRL,5.0302,5.0385,4.9856,5.0045,3431097.63084,17170928.093538783
2026-04-25,Foxbit,USDT,USDT/BRL,5.0049,5.0113,5.0044,5.0078,533442.92936,2671375.5016490077
2026-04-26,Foxbit,USDT,USDT/BRL,5.0079,5.0102,5.0004,5.0039,505765.78146,2530801.393847694
2026-04-27,Foxbit,USDT,USDT/BRL,5.0039,5.0068,4.969,4.9858,3593256.62305,17915258.871202692
2026-04-28,Foxbit,USDT,USDT/BRL,4.9858,5.0135,4.9763,4.9804,3917846.42257,19512442.32296763
2026-04-29,Foxbit,USDT,USDT/BRL,4.9804,5.0141,4.9803,5.0066,3812782.44569,19089076.592591554
2026-04-30,Foxbit,USDT,USDT/BRL,5.0066,5.0112,4.9579,4.9645,2904434.72337,14419066.184170363
2026-05-01,Foxbit,USDT,USDT/BRL,4.9645,4.972,4.951,4.9655,1781745.39862,8847256.77684761
2026-05-02,Foxbit,USDT,USDT/BRL,4.9655,4.9709,4.962,4.9637,909820.12705,4516074.164638085
2026-05-03,Foxbit,USDT,USDT/BRL,4.9633,4.9671,4.9561,4.9609,678436.47358,3365655.5017830217
2026-05-04,Foxbit,USDT,USDT/BRL,4.961,4.9825,4.95,4.9735,4891809.15784,24329412.84651724
2026-05-05,Foxbit,USDT,USDT/BRL,4.9735,4.9751,4.9081,4.9157,1883761.36192,9260005.726790145
2026-05-06,Foxbit,USDT,USDT/BRL,4.9156,4.9347,4.8781,4.9291,1897222.32869,9351598.58034588
2026-05-07,Foxbit,USDT,USDT/BRL,4.9285,4.9414,4.9014,4.939,2242942.16256,11077891.34088384
2026-05-08,Foxbit,USDT,USDT/BRL,4.939,4.9442,4.879,4.9062,8525023.92366,41825472.374260694
2026-05-09,Foxbit,USDT,USDT/BRL,4.9063,4.9102,4.9042,4.9066,1441834.28919,7074504.123339654
2026-05-10,Foxbit,USDT,USDT/BRL,4.9074,4.9194,4.9,4.9117,2351969.02854,11552166.277479917
2026-05-11,Foxbit,USDT,USDT/BRL,4.912,4.919,4.8926,4.9001,7764580.88104,38047222.77518411
2026-05-12,Foxbit,USDT,USDT/BRL,4.8997,4.9167,4.8944,4.9046,2430903.9153,11922611.342980381
2026-05-13,Foxbit,USDT,USDT/BRL,4.9045,5.0156,4.898,5.0147,2650849.43038,13293214.638526587
2026-05-14,Foxbit,USDT,USDT/BRL,5.0147,5.0297,4.9755,4.9983,5543273.35674,27706943.218993545
2026-05-15,Foxbit,USDT,USDT/BRL,4.9984,5.0812,4.9968,5.0718,4583068.83926,23244408.538958866
2026-05-16,Foxbit,USDT,USDT/BRL,5.0718,5.0733,5.0699,5.0701,600191.11578,3043028.976116178
2026-05-17,Foxbit,USDT,USDT/BRL,5.07,5.075,5.0667,5.0685,975268.81139,4943149.970530216
2026-05-18,Foxbit,USDT,USDT/BRL,5.0685,5.073,4.9953,5.0065,5669718.07379,28385443.536429632
2026-05-19,Foxbit,USDT,USDT/BRL,5.0065,5.055,5.0039,5.0528,5152840.47597,26036272.356981218
2026-05-20,Foxbit,USDT,USDT/BRL,5.0533,5.0556,4.998,5.0042,5419882.14235,27122174.216747873
2026-05-21,Foxbit,USDT,USDT/BRL,5.0046,5.0227,4.9831,5.0055,3863974.90776,19341126.400792677
2026-05-22,Foxbit,USDT,USDT/BRL,5.0055,5.0588,4.9978,5.0559,15523416.34452,78484840.69625868
2026-05-23,Foxbit,USDT,USDT/BRL,5.056,5.058,5.0476,5.0535,714034.2805,3608372.23650675
2026-05-24,Foxbit,USDT,USDT/BRL,5.0535,5.0538,5.0187,5.0227,632660.58008,3177664.295567816
2026-05-25,Foxbit,USDT,USDT/BRL,5.0227,5.0531,5.0009,5.0398,10454111.02991,52686628.76854041
2026-05-26,Foxbit,USDT,USDT/BRL,5.0398,5.0614,5.0136,5.0459,7802166.02429,39368949.54196491
2026-05-27,Foxbit,USDT,USDT/BRL,5.0459,5.0667,5.0355,5.064,5879096.951,29771746.959864
2026-05-28,Foxbit,USDT,USDT/BRL,5.0639,5.0729,5.0267,5.0519,6008241.43453,30353034.903102107
2026-05-29,Foxbit,USDT,USDT/BRL,5.0519,5.0696,5.0355,5.0495,4649929.11832,23479817.082956843
2026-05-30,Foxbit,USDT,USDT/BRL,5.0495,5.0597,5.0492,5.057,666483.79744,3370408.56365408
2026-05-31,Foxbit,USDT,USDT/BRL,5.057,5.061,5.0552,5.0606,430784.7619,2180029.36607114
2026-06-01,Foxbit,USDT,USDT/BRL,5.0604,5.0605,5.018,5.0281,10615072.8871,53373647.98362751
2026-06-02,Foxbit,USDT,USDT/BRL,5.0281,5.033,5.0041,5.0167,6167083.48294,30938407.708865095
2026-06-03,Foxbit,USDT,USDT/BRL,5.0158,5.0904,5.015,5.0743,3542263.90933,17974509.75511322
2026-06-04,Foxbit,USDT,USDT/BRL,5.0742,5.083,5.0689,5.0745,2844149.23127,14432635.274079613
2026-06-05,Foxbit,USDT,USDT/BRL,5.0745,5.1952,5.0623,5.1938,7270735.77397,37762747.46284539
2026-06-06,Foxbit,USDT,USDT/BRL,5.1939,5.2047,5.1841,5.2027,1657438.03764,8623152.878429629
2026-06-07,Foxbit,USDT,USDT/BRL,5.2026,5.223,5.1853,5.1978,2083631.18702,10830298.183892556
2026-06-08,Foxbit,USDT,USDT/BRL,5.1986,5.2141,5.1401,5.1948,7131490.96847,37046669.28300796
2026-06-09,Foxbit,USDT,USDT/BRL,5.1947,5.1972,5.1563,5.1842,3338593.4802,17307936.32005284
2026-06-10,Foxbit,USDT,USDT/BRL,5.1841,5.1974,5.1641,5.1919,3508490.39154,18215731.26383653
2026-06-11,Foxbit,USDT,USDT/BRL,5.1919,5.1919,5.0972,5.108,2669527.1376,13635944.6188608
2026-06-12,Foxbit,USDT,USDT/BRL,5.1079,5.1195,5.0617,5.0828,2767837.12264,14068362.526954593
2026-06-13,Foxbit,USDT,USDT/BRL,5.0828,5.0831,5.0765,5.0766,312779.08572,1587854.3065661518
2026-06-14,Foxbit,USDT,USDT/BRL,5.0768,5.0794,5.0574,5.06,1882653.58131,9526227.1214286
2026-06-15,Foxbit,USDT,USDT/BRL,5.0587,5.0766,5.0329,5.0694,5684632.00134,28817673.467592996
2026-06-16,Foxbit,USDT,USDT/BRL,5.0695,5.1043,5.053,5.0952,2786337.19903,14196945.296497656
2026-06-17,Foxbit,USDT,USDT/BRL,5.0954,5.1216,5.0564,5.1181,4639879.55359,23747367.543228976
2026-06-18,Foxbit,USDT,USDT/BRL,5.1181,5.1854,5.1054,5.1722,4040599.86064,20898790.59920221
2026-06-19,Foxbit,USDT,USDT/BRL,5.1722,5.1799,5.1491,5.1656,8353598.75345,43151349.72082132
2026-06-20,Foxbit,USDT,USDT/BRL,5.1657,5.1717,5.165,5.1674,1352874.10913,6990841.671518362
2026-06-21,Foxbit,USDT,USDT/BRL,5.1673,5.1699,5.1642,5.1663,1159570.55157,5990689.34057609
2026-06-22,Foxbit,USDT,USDT/BRL,5.1663,5.1664,5.129,5.1534,4090727.27428,21081153.935274553
2026-06-23,Foxbit,USDT,USDT/BRL,5.1534,5.2116,5.1529,5.2115,5231600.32968,27264485.118127324
2026-06-24,Foxbit,USDT,USDT/BRL,5.2114,5.4,5.2055,5.2777,11551048.78468,60962970.170905635
2026-06-25,Foxbit,USDT,USDT/BRL,5.2777,5.38,5.2019,5.2391,13007424.29192,68147196.60779807
2026-06-26,Foxbit,USDT,USDT/BRL,5.2391,5.2513,5.178,5.2513,18034600.86568,94705099.52594538
2026-06-27,Foxbit,USDT,USDT/BRL,5.2513,5.2516,5.2265,5.2494,904409.22579,4747605.7898620255
2026-06-28,Foxbit,USDT,USDT/BRL,5.2494,5.2497,5.2149,5.2312,3022217.42024,15809823.768759489
2026-06-29,Foxbit,USDT,USDT/BRL,5.2312,5.2641,5.15,5.2269,17371952.49143,90801458.47745545
2026-06-30,Foxbit,USDT,USDT/BRL,5.2267,5.2671,5.2256,5.2499,32436389.75471,170287802.57325202
2026-07-01,Foxbit,USDT,USDT/BRL,5.2499,5.2751,5.233,5.2645,27825939.11635,146489656.47802457
2026-07-02,Foxbit,USDT,USDT/BRL,5.2645,5.2655,5.195,5.2596,34519452.22321,181558510.9131953
2026-07-03,Foxbit,USDT,USDT/BRL,5.2596,5.288,5.24,5.2879,16347143.20493,86442058.55334935
2026-07-04,Foxbit,USDT,USDT/BRL,5.2879,5.288,5.2666,5.2697,997075.62615,5254289.427122655
2026-07-05,Foxbit,USDT,USDT/BRL,5.2697,5.2717,5.2679,5.2709,1348147.01889,7105948.121867301
2026-07-06,Foxbit,USDT,USDT/BRL,5.271,5.2722,5.1987,5.2232,63254065.76043,330388636.279878
2026-07-07,Foxbit,USDT,USDT/BRL,5.2232,5.2366,5.1894,5.2366,64376207.341,337112447.3618806
2026-07-08,Foxbit,USDT,USDT/BRL,5.2366,5.2412,5.1843,5.2079,59275824.31546,308702565.45248413
2026-07-09,Foxbit,USDT,USDT/BRL,5.2078,5.22,5.1471,5.1574,31593031.54735,162937900.9023029
2026-07-10,Foxbit,USDT,USDT/BRL,5.1573,5.1622,5.1339,5.1536,59916382.21647,308785067.3907998
2026-07-11,Foxbit,USDT,USDT/BRL,5.1536,5.1631,5.1449,5.162,2381473.54818,12293166.45570516
2026-07-12,Foxbit,USDT,USDT/BRL,5.162,5.1625,5.1465,5.15,714321.4514,3678755.47471
2026-07-13,Foxbit,USDT,USDT/BRL,5.15,5.1746,5.148,5.1732,57848329.29758,299260977.12224084
2026-07-14,Foxbit,USDT,USDT/BRL,5.1732,5.1738,5.0992,5.1106,66629810.85747,340518311.3681862
2026-07-15,Foxbit,USDT,USDT/BRL,5.1105,5.1123,5.085,5.1097,67799491.38577,346435061.13386893
2026-07-16,Foxbit,USDT,USDT/BRL,5.1098,5.1417,5.1097,5.1337,35992246.42436,184773395.46873695
2026-07-17,Foxbit,USDT,USDT/BRL,5.1337,5.155,5.1272,5.1483,49306743.31574,253845906.61242422
2026-07-18,Foxbit,USDT,USDT/BRL,5.1483,5.1532,5.1474,5.1532,374402.53102,1929371.122852264
2026-07-19,Foxbit,USDT,USDT/BRL,5.1531,5.1638,5.1424,5.1444,1861635.97081,9577000.088234965
2026-07-20,Foxbit,USDT,USDT/BRL,5.1444,5.1542,5.1111,5.1243,67858093.87925,347725230.4654408
2026-07-21,Foxbit,USDT,USDT/BRL,5.1243,5.1243,5.0902,5.1015,51808808.1271,264302634.66040063
2026-07-22,Foxbit,USDT,USDT/BRL,5.1011,5.1056,5.0706,5.0873,55649537.23606,283105890.78100806
2026-07-23,Foxbit,USDT,USDT/BRL,5.0877,5.1118,5.0818,5.1085,26840167.09354,137112993.5973491
2026-07-24,Foxbit,USDT,USDT/BRL,5.1085,5.112,5.0735,5.112,30962898.27323,158282335.97275177
2026-07-25,Foxbit,USDT,USDT/BRL,5.112,5.1184,5.0941,5.1087,3283121.65487,16772483.598234368
2026-07-26,Foxbit,USDT,USDT/BRL,5.1088,5.1128,5.1025,5.104,1200674.74191,6128243.882708641
2026-07-27,Foxbit,USDT,USDT/BRL,5.1039,5.1298,5.095,5.1288,42565579.57127,218310344.50512955
2026-07-28,Foxbit,USDT,USDT/BRL,5.1288,5.1394,5.1191,5.1384,36225128.3576,186139199.55269185
2026-07-29,Foxbit,USDT,USDT/BRL,5.1385,5.1561,5.1023,5.1324,40325936.89722,206968838.5312919
2026-07-30,Foxbit,USDT,USDT/BRL,5.1324,5.1324,5.0773,5.091,53874716.03969,274276179.3580618
2026-07-31,Foxbit,USDT,USDT/BRL,5.0911,5.107,5.083,5.1043,32368792.25416,165220026.3029089
2026-08-01,Foxbit,USDT,USDT/BRL,5.1043,5.1107,5.1039,5.106,921547.09143,4705419.44884158
2026-08-02,Foxbit,USDT,USDT/BRL,5.1061,5.108,5.0965,5.0965,967800.11208,4932393.27121572
2026-08-03,Foxbit,USDT,USDT/BRL,5.0965,5.1062,5.0835,5.1016,31355839.70301,159964951.82887584
2026-08-04,Foxbit,USDT,USDT/BRL,5.1017,5.1522,5.0918,5.1498,19434180.83218,100082144.44956057
2026-08-05,Foxbit,USDT,USDT/BRL,5.1497,5.15,5.1127,5.139,31666099.04481,162732082.9912786
2026-08-06,Foxbit,USDT,USDT/BRL,5.1389,5.1428,5.1046,5.1267,46993375.19069,240920936.59011042
2026-08-07,Foxbit,USDT,USDT/BRL,5.1268,5.1306,5.09,5.1045,56853627.75947,290209342.89821464
2026-08-08,Foxbit,USDT,USDT/BRL,5.1047,5.1089,5.103,5.1083,529584.50109,2705276.506918047
2026-08-09,Foxbit,USDT,USDT/BRL,5.1083,5.1101,5.1015,5.1076,1344972.02921,6869579.136392996
2026-08-10,Foxbit,USDT,USDT/BRL,5.1076,5.1374,5.0983,5.1309,19560472.40943,100362827.88554439
2026-08-11,Foxbit,USDT,USDT/BRL,5.1308,5.1899,5.1141,5.1741,29075346.90496,150438752.42095354
2026-08-12,Foxbit,USDT,USDT/BRL,5.1741,5.2074,5.1403,5.2039,31563222.13744,164251851.68102401
2026-08-13,Foxbit,USDT,USDT/BRL,5.2039,5.2152,5.19,5.2038,24461463.36925,127292563.08090316
2026-08-14,Foxbit,USDT,USDT/BRL,5.2038,5.2592,5.1876,5.2357,27658845.35309,144813416.6151733
2026-08-15,Foxbit,USDT,USDT/BRL,5.2358,5.2438,5.233,5.2436,270748.17938,1419695.1533969678
2026-08-16,Foxbit,USDT,USDT/BRL,5.2435,5.2461,5.2349,5.2428,1713338.44236,8982690.785605008
2026-08-17,Foxbit,USDT,USDT/BRL,5.2428,5.25,5.1968,5.2228,69939850.4595,365281850.97987664
2026-08-18,Foxbit,USDT,USDT/BRL,5.2227,5.2406,5.2057,5.2394,43463834.86694,227724416.40184543
2026-08-19,Foxbit,USDT,USDT/BRL,5.2394,5.2426,5.1728,5.1884,74173910.73649,384843918.46520466
2026-08-20,Foxbit,USDT,USDT/BRL,5.1882,5.215,5.1811,5.2108,35312181.78738,184004716.85767972
2026-08-21,Foxbit,USDT,USDT/BRL,5.2109,5.2109,5.1474,5.168,83439703.30481,431216386.6792581
2026-08-22,Foxbit,USDT,USDT/BRL,5.1679,5.1687,5.1571,5.1587,1404257.70171,7244144.205811376
2026-08-23,Foxbit,USDT,USDT/BRL,5.1587,5.1635,5.1448,5.1607,1006804.30889,5195814.996888624
2026-08-24,Foxbit,USDT,USDT/BRL,5.1606,5.179,5.1539,5.1762,48150176.16391,249234941.85963094
2026-08-25,Foxbit,USDT,USDT/BRL,5.1762,5.18,5.1522,5.1656,44458707.64954,229655900.23446384
2026-08-26,Foxbit,USDT,USDT/BRL,5.1657,5.1771,5.1582,5.1667,34404342.92363,177756918.5835191
2026-08-27,Foxbit,USDT,USDT/BRL,5.1667,5.1881,5.1589,5.1825,47088898.49747,244038216.46313828
2026-08-28,Foxbit,USDT,USDT/BRL,5.1825,5.2429,5.1744,5.2146,35803564.04579,186701265.07317653
2026-08-29,Foxbit,USDT,USDT/BRL,5.2145,5.22,5.2043,5.2107,1575179.39232,8207787.259561825
2026-08-30,Foxbit,USDT,USDT/BRL,5.2107,5.2171,5.2106,5.2165,646238.40358,3371102.63227507
2026-08-31,Foxbit,USDT,USDT/BRL,5.2169,5.2175,5.1777,5.203,56579013.07408,294380605.02443826
2026-09-01,Foxbit,USDT,USDT/BRL,5.2029,5.2126,5.1518,5.1654,94272575.94709,486955563.7970987
2026-09-02,Foxbit,USDT,USDT/BRL,5.1659,5.181,5.1022,5.1179,59074294.56183,302336332.13798976
2026-09-03,Foxbit,USDT,USDT/BRL,5.1185,5.1276,5.0866,5.1261,41372590.42414,212080035.77318406
2026-09-04,Foxbit,USDT,USDT/BRL,5.1261,5.1566,5.1219,5.1534,50267505.41965,259048562.42962435
2026-09-05,Foxbit,USDT,USDT/BRL,5.1534,5.1661,5.1513,5.1627,801698.65348,4138929.6383211957
2026-09-06,Foxbit,USDT,USDT/BRL,5.1629,5.1776,5.1603,5.1747,876587.86423,4536079.22103098
2026-09-07,Foxbit,USDT,USDT/BRL,5.1746,5.1917,5.16,5.1854,4412819.96854,22882236.66486731
2026-09-08,Foxbit,USDT,USDT/BRL,5.1858,5.22,5.0919,5.1125,85039143.59033,434762621.60556215
2026-09-09,Foxbit,USDT,USDT/BRL,5.1125,5.1646,5.0997,5.1282,39931713.93715,204777815.41249263
2026-09-10,Foxbit,USDT,USDT/BRL,5.1281,5.1582,5.0971,5.1279,40130808.66375,205786773.74684364
2026-09-11,Foxbit,USDT,USDT/BRL,5.1279,5.1591,5.0849,5.1591,47261786.73688,243828283.95423758
2026-09-12,Foxbit,USDT,USDT/BRL,5.1591,5.1591,5.1547,5.1558,470079.56671,2423636.230043418
2021-03-19,Foxbit,USDC,USDC/BRL,0.0,0.0,0.0,0.0,0.0,0.0
2021-03-20,Foxbit,USDC,USDC/BRL,0.0,0.0,0.0,0.0,0.0,0.0
2021-03-21,Foxbit,USDC,USDC/BRL,0.0,0.0,0.0,0.0,0.0,0.0
2021-03-22,Foxbit,USDC,USDC/BRL,0.0,0.0,0.0,0.0,0.0,0.0
2021-03-23,Foxbit,USDC,USDC/BRL,0.0,0.0,0.0,0.0,0.0,0.0
2021-03-24,Foxbit,USDC,USDC/BRL,0.0,0.0,0.0,0.0,0.0,0.0
2021-03-25,Foxbit,USDC,USDC/BRL,0.0,0.0,0.0,0.0,0.0,0.0
2021-03-26,Foxbit,USDC,USDC/BRL,0.0,0.0,0.0,0.0,0.0,0.0
2021-03-27,Foxbit,USDC,USDC/BRL,0.0,0.0,0.0,0.0,0.0,0.0
2021-03-28,Foxbit,USDC,USDC/BRL,0.0,0.0,0.0,0.0,0.0,0.0
2021-03-29,Foxbit,USDC,USDC/BRL,0.0,0.0,0.0,0.0,0.0,0.0
2021-03-30,Foxbit,USDC,USDC/BRL,0.0,0.0,0.0,0.0,0.0,0.0
2021-03-31,Foxbit,USDC,USDC/BRL,0.0,0.0,0.0,0.0,0.0,0.0
2021-04-01,Foxbit,USDC,USDC/BRL,0.0,0.0,0.0,0.0,0.0,0.0
2021-04-02,Foxbit,USDC,USDC/BRL,0.0,0.0,0.0,0.0,0.0,0.0
2021-04-03,Foxbit,USDC,USDC/BRL,0.0,0.0,0.0,0.0,0.0,0.0
2021-04-04,Foxbit,USDC,USDC/BRL,0.0,0.0,0.0,0.0,0.0,0.0
2021-04-05,Foxbit,USDC,USDC/BRL,0.0,0.0,0.0,0.0,0.0,0.0
2021-04-06,Foxbit,USDC,USDC/BRL,0.0,0.0,0.0,0.0,0.0,0.0
2021-04-07,Foxbit,USDC,USDC/BRL,0.0,0.0,0.0,0.0,0.0,0.0
2021-04-08,Foxbit,USDC,USDC/BRL,0.0,0.0,0.0,0.0,0.0,0.0
2021-04-09,Foxbit,USDC,USDC/BRL,0.0,0.0,0.0,0.0,0.0,0.0
2021-04-10,Foxbit,USDC,USDC/BRL,0.0,0.0,0.0,0.0,0.0,0.0
2021-04-11,Foxbit,USDC,USDC/BRL,0.0,0.0,0.0,0.0,0.0,0.0
2021-04-12,Foxbit,USDC,USDC/BRL,0.0,0.0,0.0,0.0,0.0,0.0
2021-04-13,Foxbit,USDC,USDC/BRL,0.0,0.0,0.0,0.0,0.0,0.0
2021-04-14,Foxbit,USDC,USDC/BRL,0.0,0.0,0.0,0.0,0.0,0.0
2021-04-15,Foxbit,USDC,USDC/BRL,0.0,0.0,0.0,0.0,0.0,0.0
2021-04-16,Foxbit,USDC,USDC/BRL,0.0,0.0,0.0,0.0,0.0,0.0
2021-04-17,Foxbit,USDC,USDC/BRL,0.0,0.0,0.0,0.0,0.0,0.0
2021-04-18,Foxbit,USDC,USDC/BRL,0.0,0.0,0.0,0.0,0.0,0.0
2021-04-19,Foxbit,USDC,USDC/BRL,0.0,0.0,0.0,0.0,0.0,0.0
2021-04-20,Foxbit,USDC,USDC/BRL,0.0,0.0,0.0,0.0,0.0,0.0
2021-04-21,Foxbit,USDC,USDC/BRL,0.0,0.0,0.0,0.0,0.0,0.0
2021-04-22,Foxbit,USDC,USDC/BRL,0.0,0.0,0.0,0.0,0.0,0.0
2021-04-23,Foxbit,USDC,USDC/BRL,0.0,0.0,0.0,0.0,0.0,0.0
2021-04-24,Foxbit,USDC,USDC/BRL,0.0,0.0,0.0,0.0,0.0,0.0
2021-04-25,Foxbit,USDC,USDC/BRL,0.0,0.0,0.0,0.0,0.0,0.0
2021-04-26,Foxbit,USDC,USDC/BRL,0.0,0.0,0.0,0.0,0.0,0.0
2021-04-27,Foxbit,USDC,USDC/BRL,0.0,0.0,0.0,0.0,0.0,0.0
2021-04-28,Foxbit,USDC,USDC/BRL,0.0,0.0,0.0,0.0,0.0,0.0
2021-04-29,Foxbit,USDC,USDC/BRL,0.0,0.0,0.0,0.0,0.0,0.0
2021-04-30,Foxbit,USDC,USDC/BRL,0.0,0.0,0.0,0.0,0.0,0.0
2021-05-01,Foxbit,USDC,USDC/BRL,0.0,0.0,0.0,0.0,0.0,0.0
2021-05-02,Foxbit,USDC,USDC/BRL,0.0,0.0,0.0,0.0,0.0,0.0
2021-05-03,Foxbit,USDC,USDC/BRL,0.0,0.0,0.0,0.0,0.0,0.0
2021-05-04,Foxbit,USDC,USDC/BRL,0.0,0.0,0.0,0.0,0.0,0.0
2021-05-05,Foxbit,USDC,USDC/BRL,0.0,0.0,0.0,0.0,0.0,0.0
2021-05-06,Foxbit,USDC,USDC/BRL,0.0,0.0,0.0,0.0,0.0,0.0
2021-05-07,Foxbit,USDC,USDC/BRL,0.0,0.0,0.0,0.0,0.0,0.0
2021-05-08,Foxbit,USDC,USDC/BRL,0.0,0.0,0.0,0.0,0.0,0.0
2021-05-09,Foxbit,USDC,USDC/BRL,0.0,0.0,0.0,0.0,0.0,0.0
2021-05-10,Foxbit,USDC,USDC/BRL,0.0,0.0,0.0,0.0,0.0,0.0
2021-05-11,Foxbit,USDC,USDC/BRL,0.0,0.0,0.0,0.0,0.0,0.0
2021-05-12,Foxbit,USDC,USDC/BRL,0.0,0.0,0.0,0.0,0.0,0.0
2021-05-13,Foxbit,USDC,USDC/BRL,0.0,0.0,0.0,0.0,0.0,0.0
2021-05-14,Foxbit,USDC,USDC/BRL,0.0,0.0,0.0,0.0,0.0,0.0
2021-05-15,Foxbit,USDC,USDC/BRL,0.0,0.0,0.0,0.0,0.0,0.0
2021-05-16,Foxbit,USDC,USDC/BRL,0.0,0.0,0.0,0.0,0.0,0.0
2021-05-17,Foxbit,USDC,USDC/BRL,0.0,0.0,0.0,0.0,0.0,0.0
2021-05-18,Foxbit,USDC,USDC/BRL,0.0,0.0,0.0,0.0,0.0,0.0
2021-05-19,Foxbit,USDC,USDC/BRL,0.0,0.0,0.0,0.0,0.0,0.0
2021-05-20,Foxbit,USDC,USDC/BRL,0.0,0.0,0.0,0.0,0.0,0.0
2021-05-21,Foxbit,USDC,USDC/BRL,0.0,0.0,0.0,0.0,0.0,0.0
2021-05-22,Foxbit,USDC,USDC/BRL,0.0,0.0,0.0,0.0,0.0,0.0
2021-05-23,Foxbit,USDC,USDC/BRL,0.0,0.0,0.0,0.0,0.0,0.0
2021-05-24,Foxbit,USDC,USDC/BRL,0.0,0.0,0.0,0.0,0.0,0.0
2021-05-25,Foxbit,USDC,USDC/BRL,0.0,0.0,0.0,0.0,0.0,0.0
2021-05-26,Foxbit,USDC,USDC/BRL,0.0,0.0,0.0,0.0,0.0,0.0
2021-05-27,Foxbit,USDC,USDC/BRL,0.0,0.0,0.0,0.0,0.0,0.0
2021-05-28,Foxbit,USDC,USDC/BRL,0.0,0.0,0.0,0.0,0.0,0.0
2021-05-29,Foxbit,USDC,USDC/BRL,0.0,0.0,0.0,0.0,0.0,0.0
2021-05-30,Foxbit,USDC,USDC/BRL,0.0,0.0,0.0,0.0,0.0,0.0
2021-05-31,Foxbit,USDC,USDC/BRL,0.0,0.0,0.0,0.0,0.0,0.0
2021-06-01,Foxbit,USDC,USDC/BRL,0.0,0.0,0.0,0.0,0.0,0.0
2021-06-02,Foxbit,USDC,USDC/BRL,0.0,0.0,0.0,0.0,0.0,0.0
2021-06-03,Foxbit,USDC,USDC/BRL,0.0,0.0,0.0,0.0,0.0,0.0
2021-06-04,Foxbit,USDC,USDC/BRL,0.0,0.0,0.0,0.0,0.0,0.0
2021-06-05,Foxbit,USDC,USDC/BRL,0.0,0.0,0.0,0.0,0.0,0.0
2021-06-06,Foxbit,USDC,USDC/BRL,0.0,0.0,0.0,0.0,0.0,0.0
2021-06-07,Foxbit,USDC,USDC/BRL,0.0,0.0,0.0,0.0,0.0,0.0
2021-06-08,Foxbit,USDC,USDC/BRL,0.0,0.0,0.0,0.0,0.0,0.0
2021-06-09,Foxbit,USDC,USDC/BRL,0.0,0.0,0.0,0.0,0.0,0.0
2021-06-10,Foxbit,USDC,USDC/BRL,0.0,0.0,0.0,0.0,0.0,0.0
2021-06-11,Foxbit,USDC,USDC/BRL,0.0,0.0,0.0,0.0,0.0,0.0
2021-06-12,Foxbit,USDC,USDC/BRL,0.0,0.0,0.0,0.0,0.0,0.0
2021-06-13,Foxbit,USDC,USDC/BRL,0.0,0.0,0.0,0.0,0.0,0.0
2021-06-14,Foxbit,USDC,USDC/BRL,0.0,0.0,0.0,0.0,0.0,0.0
2021-06-15,Foxbit,USDC,USDC/BRL,0.0,0.0,0.0,0.0,0.0,0.0
2021-06-16,Foxbit,USDC,USDC/BRL,0.0,0.0,0.0,0.0,0.0,0.0
2021-06-17,Foxbit,USDC,USDC/BRL,0.0,0.0,0.0,0.0,0.0,0.0
2021-06-18,Foxbit,USDC,USDC/BRL,0.0,0.0,0.0,0.0,0.0,0.0
2021-06-19,Foxbit,USDC,USDC/BRL,0.0,0.0,0.0,0.0,0.0,0.0
2021-06-20,Foxbit,USDC,USDC/BRL,0.0,0.0,0.0,0.0,0.0,0.0
2021-06-21,Foxbit,USDC,USDC/BRL,0.0,0.0,0.0,0.0,0.0,0.0
2021-06-22,Foxbit,USDC,USDC/BRL,0.0,0.0,0.0,0.0,0.0,0.0
2021-06-23,Foxbit,USDC,USDC/BRL,0.0,0.0,0.0,0.0,0.0,0.0
2021-06-24,Foxbit,USDC,USDC/BRL,0.0,0.0,0.0,0.0,0.0,0.0
2021-06-25,Foxbit,USDC,USDC/BRL,0.0,0.0,0.0,0.0,0.0,0.0
2021-06-26,Foxbit,USDC,USDC/BRL,0.0,0.0,0.0,0.0,0.0,0.0
2021-06-27,Foxbit,USDC,USDC/BRL,0.0,0.0,0.0,0.0,0.0,0.0
2021-06-28,Foxbit,USDC,USDC/BRL,0.0,0.0,0.0,0.0,0.0,0.0
2021-06-29,Foxbit,USDC,USDC/BRL,0.0,0.0,0.0,0.0,0.0,0.0
2021-06-30,Foxbit,USDC,USDC/BRL,0.0,0.0,0.0,0.0,0.0,0.0
2021-07-01,Foxbit,USDC,USDC/BRL,0.0,0.0,0.0,0.0,0.0,0.0
2021-07-02,Foxbit,USDC,USDC/BRL,0.0,0.0,0.0,0.0,0.0,0.0
2021-07-03,Foxbit,USDC,USDC/BRL,0.0,0.0,0.0,0.0,0.0,0.0
2021-07-04,Foxbit,USDC,USDC/BRL,0.0,0.0,0.0,0.0,0.0,0.0
2021-07-05,Foxbit,USDC,USDC/BRL,0.0,0.0,0.0,0.0,0.0,0.0
2021-07-06,Foxbit,USDC,USDC/BRL,0.0,0.0,0.0,0.0,0.0,0.0
2021-07-07,Foxbit,USDC,USDC/BRL,0.0,0.0,0.0,0.0,0.0,0.0
2021-07-08,Foxbit,USDC,USDC/BRL,0.0,0.0,0.0,0.0,0.0,0.0
2021-07-09,Foxbit,USDC,USDC/BRL,0.0,0.0,0.0,0.0,0.0,0.0
2021-07-10,Foxbit,USDC,USDC/BRL,0.0,0.0,0.0,0.0,0.0,0.0
2021-07-11,Foxbit,USDC,USDC/BRL,0.0,0.0,0.0,0.0,0.0,0.0
2021-07-12,Foxbit,USDC,USDC/BRL,0.0,0.0,0.0,0.0,0.0,0.0
2021-07-13,Foxbit,USDC,USDC/BRL,0.0,0.0,0.0,0.0,0.0,0.0
2021-07-14,Foxbit,USDC,USDC/BRL,0.0,0.0,0.0,0.0,0.0,0.0
2021-07-15,Foxbit,USDC,USDC/BRL,0.0,0.0,0.0,0.0,0.0,0.0
2021-07-16,Foxbit,USDC,USDC/BRL,0.0,0.0,0.0,0.0,0.0,0.0
2021-07-17,Foxbit,USDC,USDC/BRL,0.0,0.0,0.0,0.0,0.0,0.0
2021-07-18,Foxbit,USDC,USDC/BRL,0.0,0.0,0.0,0.0,0.0,0.0
2021-07-19,Foxbit,USDC,USDC/BRL,0.0,0.0,0.0,0.0,0.0,0.0
2021-07-20,Foxbit,USDC,USDC/BRL,0.0,0.0,0.0,0.0,0.0,0.0
2021-07-21,Foxbit,USDC,USDC/BRL,0.0,0.0,0.0,0.0,0.0,0.0
2021-07-22,Foxbit,USDC,USDC/BRL,0.0,0.0,0.0,0.0,0.0,0.0
2021-07-23,Foxbit,USDC,USDC/BRL,0.0,0.0,0.0,0.0,0.0,0.0
2021-07-24,Foxbit,USDC,USDC/BRL,0.0,0.0,0.0,0.0,0.0,0.0
2021-07-25,Foxbit,USDC,USDC/BRL,0.0,0.0,0.0,0.0,0.0,0.0
2021-07-26,Foxbit,USDC,USDC/BRL,0.0,0.0,0.0,0.0,0.0,0.0
2021-07-27,Foxbit,USDC,USDC/BRL,0.0,0.0,0.0,0.0,0.0,0.0
2021-07-28,Foxbit,USDC,USDC/BRL,0.0,0.0,0.0,0.0,0.0,0.0
2021-07-29,Foxbit,USDC,USDC/BRL,0.0,0.0,0.0,0.0,0.0,0.0
2021-07-30,Foxbit,USDC,USDC/BRL,0.0,0.0,0.0,0.0,0.0,0.0
2021-07-31,Foxbit,USDC,USDC/BRL,0.0,0.0,0.0,0.0,0.0,0.0
2021-08-01,Foxbit,USDC,USDC/BRL,0.0,0.0,0.0,0.0,0.0,0.0
2021-08-02,Foxbit,USDC,USDC/BRL,0.0,0.0,0.0,0.0,0.0,0.0
2021-08-03,Foxbit,USDC,USDC/BRL,0.0,0.0,0.0,0.0,0.0,0.0
2021-08-04,Foxbit,USDC,USDC/BRL,0.0,0.0,0.0,0.0,0.0,0.0
2021-08-05,Foxbit,USDC,USDC/BRL,0.0,0.0,0.0,0.0,0.0,0.0
2021-08-06,Foxbit,USDC,USDC/BRL,0.0,0.0,0.0,0.0,0.0,0.0
2021-08-07,Foxbit,USDC,USDC/BRL,0.0,0.0,0.0,0.0,0.0,0.0
2021-08-08,Foxbit,USDC,USDC/BRL,0.0,0.0,0.0,0.0,0.0,0.0
2021-08-09,Foxbit,USDC,USDC/BRL,0.0,0.0,0.0,0.0,0.0,0.0
2021-08-10,Foxbit,USDC,USDC/BRL,0.0,0.0,0.0,0.0,0.0,0.0
2021-08-11,Foxbit,USDC,USDC/BRL,0.0,0.0,0.0,0.0,0.0,0.0
2021-08-12,Foxbit,USDC,USDC/BRL,0.0,0.0,0.0,0.0,0.0,0.0
2021-08-13,Foxbit,USDC,USDC/BRL,0.0,0.0,0.0,0.0,0.0,0.0
2021-08-14,Foxbit,USDC,USDC/BRL,0.0,0.0,0.0,0.0,0.0,0.0
2021-08-15,Foxbit,USDC,USDC/BRL,0.0,0.0,0.0,0.0,0.0,0.0
2021-08-16,Foxbit,USDC,USDC/BRL,0.0,0.0,0.0,0.0,0.0,0.0
2021-08-17,Foxbit,USDC,USDC/BRL,0.0,0.0,0.0,0.0,0.0,0.0
2021-08-18,Foxbit,USDC,USDC/BRL,0.0,0.0,0.0,0.0,0.0,0.0
2021-08-19,Foxbit,USDC,USDC/BRL,0.0,0.0,0.0,0.0,0.0,0.0
2021-08-20,Foxbit,USDC,USDC/BRL,0.0,0.0,0.0,0.0,0.0,0.0
2021-08-21,Foxbit,USDC,USDC/BRL,0.0,0.0,0.0,0.0,0.0,0.0
2021-08-22,Foxbit,USDC,USDC/BRL,0.0,0.0,0.0,0.0,0.0,0.0
2021-08-23,Foxbit,USDC,USDC/BRL,0.0,0.0,0.0,0.0,0.0,0.0
2021-08-24,Foxbit,USDC,USDC/BRL,0.0,0.0,0.0,0.0,0.0,0.0
2021-08-25,Foxbit,USDC,USDC/BRL,0.0,0.0,0.0,0.0,0.0,0.0
2021-08-26,Foxbit,USDC,USDC/BRL,0.0,0.0,0.0,0.0,0.0,0.0
2021-08-27,Foxbit,USDC,USDC/BRL,0.0,0.0,0.0,0.0,0.0,0.0
2021-08-28,Foxbit,USDC,USDC/BRL,0.0,0.0,0.0,0.0,0.0,0.0
2021-08-29,Foxbit,USDC,USDC/BRL,0.0,0.0,0.0,0.0,0.0,0.0
2021-08-30,Foxbit,USDC,USDC/BRL,0.0,0.0,0.0,0.0,0.0,0.0
2021-08-31,Foxbit,USDC,USDC/BRL,0.0,0.0,0.0,0.0,0.0,0.0
2021-09-01,Foxbit,USDC,USDC/BRL,0.0,0.0,0.0,0.0,0.0,0.0
2021-09-02,Foxbit,USDC,USDC/BRL,0.0,0.0,0.0,0.0,0.0,0.0
2021-09-03,Foxbit,USDC,USDC/BRL,0.0,0.0,0.0,0.0,0.0,0.0
2021-09-04,Foxbit,USDC,USDC/BRL,0.0,0.0,0.0,0.0,0.0,0.0
2021-09-05,Foxbit,USDC,USDC/BRL,0.0,0.0,0.0,0.0,0.0,0.0
2021-09-06,Foxbit,USDC,USDC/BRL,0.0,0.0,0.0,0.0,0.0,0.0
2021-09-07,Foxbit,USDC,USDC/BRL,0.0,0.0,0.0,0.0,0.0,0.0
2021-09-08,Foxbit,USDC,USDC/BRL,0.0,0.0,0.0,0.0,0.0,0.0
2021-09-09,Foxbit,USDC,USDC/BRL,0.0,0.0,0.0,0.0,0.0,0.0
2021-09-10,Foxbit,USDC,USDC/BRL,0.0,0.0,0.0,0.0,0.0,0.0
2021-09-11,Foxbit,USDC,USDC/BRL,0.0,0.0,0.0,0.0,0.0,0.0
2021-09-12,Foxbit,USDC,USDC/BRL,0.0,0.0,0.0,0.0,0.0,0.0
2021-09-13,Foxbit,USDC,USDC/BRL,0.0,0.0,0.0,0.0,0.0,0.0
2021-09-14,Foxbit,USDC,USDC/BRL,0.0,0.0,0.0,0.0,0.0,0.0
2021-09-15,Foxbit,USDC,USDC/BRL,0.0,0.0,0.0,0.0,0.0,0.0
2021-09-16,Foxbit,USDC,USDC/BRL,0.0,0.0,0.0,0.0,0.0,0.0
2021-09-17,Foxbit,USDC,USDC/BRL,0.0,0.0,0.0,0.0,0.0,0.0
2021-09-18,Foxbit,USDC,USDC/BRL,0.0,0.0,0.0,0.0,0.0,0.0
2021-09-19,Foxbit,USDC,USDC/BRL,0.0,0.0,0.0,0.0,0.0,0.0
2021-09-20,Foxbit,USDC,USDC/BRL,0.0,0.0,0.0,0.0,0.0,0.0
2021-09-21,Foxbit,USDC,USDC/BRL,0.0,0.0,0.0,0.0,0.0,0.0
2021-09-22,Foxbit,USDC,USDC/BRL,0.0,0.0,0.0,0.0,0.0,0.0
2021-09-23,Foxbit,USDC,USDC/BRL,0.0,0.0,0.0,0.0,0.0,0.0
2021-09-24,Foxbit,USDC,USDC/BRL,0.0,0.0,0.0,0.0,0.0,0.0
2021-09-25,Foxbit,USDC,USDC/BRL,0.0,0.0,0.0,0.0,0.0,0.0
2021-09-26,Foxbit,USDC,USDC/BRL,0.0,0.0,0.0,0.0,0.0,0.0
2021-09-27,Foxbit,USDC,USDC/BRL,0.0,0.0,0.0,0.0,0.0,0.0
2021-09-28,Foxbit,USDC,USDC/BRL,0.0,0.0,0.0,0.0,0.0,0.0
2021-09-29,Foxbit,USDC,USDC/BRL,0.0,0.0,0.0,0.0,0.0,0.0
2021-09-30,Foxbit,USDC,USDC/BRL,0.0,0.0,0.0,0.0,0.0,0.0
2021-10-01,Foxbit,USDC,USDC/BRL,0.0,0.0,0.0,0.0,0.0,0.0
2021-10-02,Foxbit,USDC,USDC/BRL,0.0,0.0,0.0,0.0,0.0,0.0
2021-10-03,Foxbit,USDC,USDC/BRL,0.0,0.0,0.0,0.0,0.0,0.0
2021-10-04,Foxbit,USDC,USDC/BRL,0.0,0.0,0.0,0.0,0.0,0.0
2021-10-05,Foxbit,USDC,USDC/BRL,0.0,0.0,0.0,0.0,0.0,0.0
2021-10-06,Foxbit,USDC,USDC/BRL,0.0,0.0,0.0,0.0,0.0,0.0
2021-10-07,Foxbit,USDC,USDC/BRL,0.0,0.0,0.0,0.0,0.0,0.0
2021-10-08,Foxbit,USDC,USDC/BRL,0.0,0.0,0.0,0.0,0.0,0.0
2021-10-09,Foxbit,USDC,USDC/BRL,0.0,0.0,0.0,0.0,0.0,0.0
2021-10-10,Foxbit,USDC,USDC/BRL,0.0,0.0,0.0,0.0,0.0,0.0
2021-10-11,Foxbit,USDC,USDC/BRL,0.0,0.0,0.0,0.0,0.0,0.0
2021-10-12,Foxbit,USDC,USDC/BRL,0.0,0.0,0.0,0.0,0.0,0.0
2021-10-13,Foxbit,USDC,USDC/BRL,0.0,0.0,0.0,0.0,0.0,0.0
2021-10-14,Foxbit,USDC,USDC/BRL,0.0,0.0,0.0,0.0,0.0,0.0
2021-10-15,Foxbit,USDC,USDC/BRL,0.0,0.0,0.0,0.0,0.0,0.0
2021-10-16,Foxbit,USDC,USDC/BRL,0.0,0.0,0.0,0.0,0.0,0.0
2021-10-17,Foxbit,USDC,USDC/BRL,0.0,0.0,0.0,0.0,0.0,0.0
2021-10-18,Foxbit,USDC,USDC/BRL,0.0,0.0,0.0,0.0,0.0,0.0
2021-10-19,Foxbit,USDC,USDC/BRL,0.0,0.0,0.0,0.0,0.0,0.0
2021-10-20,Foxbit,USDC,USDC/BRL,0.0,0.0,0.0,0.0,0.0,0.0
2021-10-21,Foxbit,USDC,USDC/BRL,0.0,0.0,0.0,0.0,0.0,0.0
2021-10-22,Foxbit,USDC,USDC/BRL,0.0,0.0,0.0,0.0,0.0,0.0
2021-10-23,Foxbit,USDC,USDC/BRL,0.0,0.0,0.0,0.0,0.0,0.0
2021-10-24,Foxbit,USDC,USDC/BRL,0.0,0.0,0.0,0.0,0.0,0.0
2021-10-25,Foxbit,USDC,USDC/BRL,0.0,0.0,0.0,0.0,0.0,0.0
2021-10-26,Foxbit,USDC,USDC/BRL,0.0,0.0,0.0,0.0,0.0,0.0
2021-10-27,Foxbit,USDC,USDC/BRL,0.0,0.0,0.0,0.0,0.0,0.0
2021-10-28,Foxbit,USDC,USDC/BRL,0.0,0.0,0.0,0.0,0.0,0.0
2021-10-29,Foxbit,USDC,USDC/BRL,0.0,0.0,0.0,0.0,0.0,0.0
2021-10-30,Foxbit,USDC,USDC/BRL,0.0,0.0,0.0,0.0,0.0,0.0
2021-10-31,Foxbit,USDC,USDC/BRL,0.0,0.0,0.0,0.0,0.0,0.0
2021-11-01,Foxbit,USDC,USDC/BRL,0.0,0.0,0.0,0.0,0.0,0.0
2021-11-02,Foxbit,USDC,USDC/BRL,0.0,0.0,0.0,0.0,0.0,0.0
2021-11-03,Foxbit,USDC,USDC/BRL,0.0,0.0,0.0,0.0,0.0,0.0
2021-11-04,Foxbit,USDC,USDC/BRL,0.0,0.0,0.0,0.0,0.0,0.0
2021-11-05,Foxbit,USDC,USDC/BRL,0.0,0.0,0.0,0.0,0.0,0.0
2021-11-06,Foxbit,USDC,USDC/BRL,0.0,0.0,0.0,0.0,0.0,0.0
2021-11-07,Foxbit,USDC,USDC/BRL,0.0,0.0,0.0,0.0,0.0,0.0
2021-11-08,Foxbit,USDC,USDC/BRL,0.0,0.0,0.0,0.0,0.0,0.0
2021-11-09,Foxbit,USDC,USDC/BRL,0.0,0.0,0.0,0.0,0.0,0.0
2021-11-10,Foxbit,USDC,USDC/BRL,0.0,0.0,0.0,0.0,0.0,0.0
2021-11-11,Foxbit,USDC,USDC/BRL,0.0,0.0,0.0,0.0,0.0,0.0
2021-11-12,Foxbit,USDC,USDC/BRL,0.0,0.0,0.0,0.0,0.0,0.0
2021-11-13,Foxbit,USDC,USDC/BRL,0.0,0.0,0.0,0.0,0.0,0.0
2021-11-14,Foxbit,USDC,USDC/BRL,0.0,0.0,0.0,0.0,0.0,0.0
2021-11-15,Foxbit,USDC,USDC/BRL,0.0,0.0,0.0,0.0,0.0,0.0
2021-11-16,Foxbit,USDC,USDC/BRL,0.0,0.0,0.0,0.0,0.0,0.0
2021-11-17,Foxbit,USDC,USDC/BRL,0.0,0.0,0.0,0.0,0.0,0.0
2021-11-18,Foxbit,USDC,USDC/BRL,0.0,0.0,0.0,0.0,0.0,0.0
2021-11-19,Foxbit,USDC,USDC/BRL,0.0,0.0,0.0,0.0,0.0,0.0
2021-11-20,Foxbit,USDC,USDC/BRL,0.0,0.0,0.0,0.0,0.0,0.0
2021-11-21,Foxbit,USDC,USDC/BRL,0.0,0.0,0.0,0.0,0.0,0.0
2021-11-22,Foxbit,USDC,USDC/BRL,0.0,0.0,0.0,0.0,0.0,0.0
2021-11-23,Foxbit,USDC,USDC/BRL,0.0,0.0,0.0,0.0,0.0,0.0
2021-11-24,Foxbit,USDC,USDC/BRL,0.0,0.0,0.0,0.0,0.0,0.0
2021-11-25,Foxbit,USDC,USDC/BRL,0.0,0.0,0.0,0.0,0.0,0.0
2021-11-26,Foxbit,USDC,USDC/BRL,0.0,0.0,0.0,0.0,0.0,0.0
2021-11-27,Foxbit,USDC,USDC/BRL,0.0,0.0,0.0,0.0,0.0,0.0
2021-11-28,Foxbit,USDC,USDC/BRL,0.0,0.0,0.0,0.0,0.0,0.0
2021-11-29,Foxbit,USDC,USDC/BRL,0.0,0.0,0.0,0.0,0.0,0.0
2021-11-30,Foxbit,USDC,USDC/BRL,0.0,0.0,0.0,0.0,0.0,0.0
2021-12-01,Foxbit,USDC,USDC/BRL,5.8,5.8,5.8,5.8,1909.45568962,11074.842999796
2021-12-02,Foxbit,USDC,USDC/BRL,5.8,5.8,5.45,5.8,617.82316289,3583.374344762
2021-12-03,Foxbit,USDC,USDC/BRL,5.8,5.8,5.8,5.8,101.30706892,587.580999736
2021-12-04,Foxbit,USDC,USDC/BRL,5.451,5.8,5.35,5.6,730.22141075,4089.2399001999997
2021-12-05,Foxbit,USDC,USDC/BRL,5.799,5.9,5.6,5.9,2798.52692153,16511.308837027
2021-12-06,Foxbit,USDC,USDC/BRL,5.9,5.9,5.602,5.602,2031.66514329,11381.388132710581
2021-12-07,Foxbit,USDC,USDC/BRL,5.505,5.749,5.505,5.748,41.34867185,237.67216579380002
2021-12-08,Foxbit,USDC,USDC/BRL,5.746,5.746,5.745,5.746,51.41383585,295.4239007941
2021-12-09,Foxbit,USDC,USDC/BRL,5.558,5.748,5.558,5.748,515.24769921,2961.64377505908
2021-12-10,Foxbit,USDC,USDC/BRL,5.748,5.85,5.505,5.761,1037.40775069,5976.50605172509
2021-12-11,Foxbit,USDC,USDC/BRL,5.761,5.85,5.503,5.844,2116.77982111,12370.46127456684
2021-12-12,Foxbit,USDC,USDC/BRL,5.83,5.849,5.503,5.796,697.92956769,4045.19977433124
2021-12-13,Foxbit,USDC,USDC/BRL,5.796,6.5,5.533,6.498,5597.25168762,36370.941466154756
2021-12-14,Foxbit,USDC,USDC/BRL,6.498,49.497,5.61,5.642,14796.56344663,83482.21096588646
2021-12-15,Foxbit,USDC,USDC/BRL,5.74,5.85,5.55,5.779,22321.25560126,128994.53611968154
2021-12-16,Foxbit,USDC,USDC/BRL,5.565,5.787,5.55,5.769,2048.42222351,11817.34780742919
2021-12-17,Foxbit,USDC,USDC/BRL,5.769,5.769,5.6,5.769,2020.26032517,11654.88181590573
2021-12-18,Foxbit,USDC,USDC/BRL,5.612,5.8,5.601,5.798,2817.59946987,16336.44172630626
2021-12-19,Foxbit,USDC,USDC/BRL,5.777,5.798,5.622,5.622,155.36892565,873.4841000043
2021-12-20,Foxbit,USDC,USDC/BRL,5.63,5.788,5.45,5.73,5369.55240974,30767.535307810205
2021-12-21,Foxbit,USDC,USDC/BRL,5.73,5.749,5.466,5.551,869.87349442,4828.6677675254205
2021-12-22,Foxbit,USDC,USDC/BRL,5.699,5.71,5.501,5.533,3218.41647954,17807.498381294823
2021-12-23,Foxbit,USDC,USDC/BRL,5.69,5.7,5.521,5.68,998.88732303,5673.679994810399
2021-12-24,Foxbit,USDC,USDC/BRL,5.53,5.68,5.5292,5.6075,635.84342895,3565.4920278371246
2021-12-25,Foxbit,USDC,USDC/BRL,5.65,5.708,5.6075,5.61,2475.92438651,13889.935808321103
2021-12-26,Foxbit,USDC,USDC/BRL,5.61,5.708,5.608,5.61,553.21975247,3103.5628113567
2021-12-27,Foxbit,USDC,USDC/BRL,5.708,5.708,5.464,5.697,7742.4146127,44108.536048551905
2021-12-28,Foxbit,USDC,USDC/BRL,5.55,5.7059,1.0,5.66,27543.72260484,155897.46994339442
2021-12-29,Foxbit,USDC,USDC/BRL,5.65,5.65,5.421,5.4821,1250.14378094,6853.413221491173
2021-12-30,Foxbit,USDC,USDC/BRL,5.4821,5.639,5.4821,5.612,678.00585477,3804.9688569692403
2021-12-31,Foxbit,USDC,USDC/BRL,5.612,5.612,5.4851,5.608,431.09499389,2417.58072573512
2022-01-01,Foxbit,USDC,USDC/BRL,5.608,5.61,5.5042,5.607,1485.36663235,8328.45070758645
2022-01-02,Foxbit,USDC,USDC/BRL,5.607,5.62,5.5042,5.59,308.65560163,1725.3848131117
2022-01-03,Foxbit,USDC,USDC/BRL,5.5042,5.666,5.155,5.401,2478.0010509,13383.6836759109
2022-01-04,Foxbit,USDC,USDC/BRL,5.4583,5.69,5.4583,5.689,1174.88246141,6683.906322961489
2022-01-05,Foxbit,USDC,USDC/BRL,5.689,5.749,5.48,5.749,2763.73549087,15888.715337011628
2022-01-06,Foxbit,USDC,USDC/BRL,5.749,5.987,5.511,5.6181,2448.53763784,13756.129303148904
2022-01-07,Foxbit,USDC,USDC/BRL,5.65,5.9689,5.5421,5.5421,688.43870087,3815.396124091627
2022-01-08,Foxbit,USDC,USDC/BRL,5.5421,5.7979,5.522,5.7879,652.41107004,3776.090032284516
2022-01-09,Foxbit,USDC,USDC/BRL,5.7879,5.7979,5.5031,5.5221,487.5637095,2692.37556022995
2022-01-10,Foxbit,USDC,USDC/BRL,5.795,5.7979,5.614,5.7479,1328.75053769,7637.525215588351
2022-01-11,Foxbit,USDC,USDC/BRL,5.7479,5.975,5.611,5.62,1340.50848661,7533.657694748201
2022-01-12,Foxbit,USDC,USDC/BRL,5.621,5.8558,5.52,5.6079,1176.66890312,6598.641541806648
2022-01-13,Foxbit,USDC,USDC/BRL,5.57,5.8,3.221,5.6048,5507.83625392,30870.320635970817
2022-01-14,Foxbit,USDC,USDC/BRL,5.521,5.974,5.521,5.55,2362.97903059,13114.5336197745
2022-01-15,Foxbit,USDC,USDC/BRL,5.7658,5.767,5.02,5.58,3049.12296768,17014.1061596544
2022-01-16,Foxbit,USDC,USDC/BRL,5.53,5.7,5.4,5.54,558.55957749,3094.4200592946004
2022-01-17,Foxbit,USDC,USDC/BRL,5.54,5.773,5.4821,5.4942,1743.76550873,9580.596458064367
2022-01-18,Foxbit,USDC,USDC/BRL,5.4963,5.7,5.4921,5.56,610.30307213,3393.2850810428
2022-01-19,Foxbit,USDC,USDC/BRL,5.56,5.6979,5.435,5.499,589.72605181,3242.9035589031896
2022-01-20,Foxbit,USDC,USDC/BRL,5.499,5.5,5.2,5.4979,2204.10924727,12117.972230565732
2022-01-21,Foxbit,USDC,USDC/BRL,5.5646,5.66,5.4021,5.5879,1445.21529816,8075.718564588265
2022-01-22,Foxbit,USDC,USDC/BRL,5.5879,5.5879,5.41,5.4621,2053.4786437,11216.30569975377
2022-01-23,Foxbit,USDC,USDC/BRL,5.4621,5.5879,5.42,5.47,6022.36315739,32942.3264709233
2022-01-24,Foxbit,USDC,USDC/BRL,5.5616,5.57,5.4084,5.5679,450.54838943,2508.608377507297
2022-01-25,Foxbit,USDC,USDC/BRL,5.5679,5.6579,5.35,5.5379,2674.99345928,14813.846278146711
2022-01-26,Foxbit,USDC,USDC/BRL,5.47,5.9098,5.23,5.4021,9587.69541517,51793.68940228985
2022-01-27,Foxbit,USDC,USDC/BRL,5.4021,5.92,5.4,5.89,4063.70877026,23935.2446568314
2022-01-28,Foxbit,USDC,USDC/BRL,5.4979,5.5,5.401,5.4979,1139.61694246,6265.499987950833
2022-01-29,Foxbit,USDC,USDC/BRL,5.5,5.6978,5.3621,5.3651,144.684984,776.2494076584
2022-01-30,Foxbit,USDC,USDC/BRL,5.6279,5.6379,5.363,5.4021,722.5834771,3903.4682016419097
2022-01-31,Foxbit,USDC,USDC/BRL,5.59,5.62,5.1507,5.3083,1716.5292746,9111.85234835918
2022-02-01,Foxbit,USDC,USDC/BRL,5.3083,5.604,5.1831,5.5979,1173.21274378,6567.527618406062
2022-02-02,Foxbit,USDC,USDC/BRL,5.2621,5.58,5.2621,5.5379,415.29868931,2299.882611529849
2022-02-03,Foxbit,USDC,USDC/BRL,5.28,5.54,5.2742,5.3,514.47539991,2726.719619523
2022-02-04,Foxbit,USDC,USDC/BRL,5.3,5.4211,5.2742,5.31,7706.74998125,40922.8424004375
2022-02-05,Foxbit,USDC,USDC/BRL,5.31,5.3779,5.31,5.3163,218.41400806,1161.1543910493779
2022-02-06,Foxbit,USDC,USDC/BRL,5.3779,5.3779,5.3121,5.3779,413.35157794,2222.963451003526
2022-02-07,Foxbit,USDC,USDC/BRL,5.31,5.5,5.2122,5.4093,1189.55399959,6434.6544499821875
2022-02-08,Foxbit,USDC,USDC/BRL,5.4113,5.4872,5.2482,5.439,4434.97867824,24121.84903094736
2022-02-09,Foxbit,USDC,USDC/BRL,5.439,5.439,5.1059,5.39,1346.26224907,7256.353522487299
2022-02-10,Foxbit,USDC,USDC/BRL,5.1162,5.43,5.1059,5.2242,775.48006959,4051.2629795520775
2022-02-11,Foxbit,USDC,USDC/BRL,5.2347,5.43,5.2021,5.42,1239.49869248,6718.0829132416
2022-02-12,Foxbit,USDC,USDC/BRL,5.2021,5.42,5.1082,5.4094,1027.48795429,5558.093339936326
2022-02-13,Foxbit,USDC,USDC/BRL,5.4115,5.4115,5.1542,5.4086,473.67166773,2561.900582084478
2022-02-14,Foxbit,USDC,USDC/BRL,5.4088,5.4098,5.2021,5.2042,147.91738878,769.7916746888761
2022-02-15,Foxbit,USDC,USDC/BRL,5.2579,5.45,5.16,5.162,4602.07411166,23755.90656438892
2022-02-16,Foxbit,USDC,USDC/BRL,5.2895,5.2895,5.162,5.1836,444.82767393,2305.808730583548
2022-02-17,Foxbit,USDC,USDC/BRL,5.1857,5.26,5.1231,5.1252,1185.73026628,6077.104760738257
2022-02-18,Foxbit,USDC,USDC/BRL,5.2045,5.2379,5.121,5.2299,3048.73826357,15944.596244644743
2022-02-19,Foxbit,USDC,USDC/BRL,5.1799,5.2016,5.1421,5.1979,337.67295249,1755.1902397477709
2022-02-20,Foxbit,USDC,USDC/BRL,5.2,5.24,5.1421,5.2279,633.29857253,3310.821607329587
2022-02-21,Foxbit,USDC,USDC/BRL,5.1442,5.2,5.1037,5.13,475.14770442,2437.5077236746
2022-02-22,Foxbit,USDC,USDC/BRL,5.1916,5.2,5.102,5.102,9278.16773914,47337.21180509229
2022-02-23,Foxbit,USDC,USDC/BRL,5.196,5.23,5.0,5.23,2652.80016247,13874.1448497181
2022-02-24,Foxbit,USDC,USDC/BRL,5.21,5.92,3.58,5.68,388098.29560168,2204398.3190175425
2022-02-25,Foxbit,USDC,USDC/BRL,5.68,5.7889,5.1171,5.5824,69670.47853904,388928.47939633694
2022-02-26,Foxbit,USDC,USDC/BRL,5.5824,5.7,5.146,5.1785,1834.30855827,9498.966869001195
2022-02-27,Foxbit,USDC,USDC/BRL,5.5088,5.6347,5.1525,5.1551,881.01251922,4541.707637831022
2022-02-28,Foxbit,USDC,USDC/BRL,5.1572,5.6,5.1025,5.1263,2238.76341798,11476.572909590874
2022-03-01,Foxbit,USDC,USDC/BRL,5.14,5.3,5.14,5.17,1856.86870712,9600.0112158104
2022-03-02,Foxbit,USDC,USDC/BRL,5.17,5.29,5.0552,5.1042,4314.2097094,22020.589198719477
2022-03-03,Foxbit,USDC,USDC/BRL,5.1042,5.1937,4.822,4.9363,277964.15901891,1372114.4781650456
2022-03-04,Foxbit,USDC,USDC/BRL,4.98,5.3,4.9321,5.1366,332983.37951409,1710402.4272120746
2022-03-05,Foxbit,USDC,USDC/BRL,4.9396,5.5493,4.9396,5.2633,21850.97885737,115008.25701999552
2022-03-06,Foxbit,USDC,USDC/BRL,5.2612,5.2612,5.06,5.1013,148.86047022,759.3819167332861
2022-03-07,Foxbit,USDC,USDC/BRL,5.06,5.1978,5.06,5.1879,3314.46100049,17195.092224442073
2022-03-08,Foxbit,USDC,USDC/BRL,5.1879,5.1879,5.0317,5.06,427822.9979266,2164784.3695085957
2022-03-09,Foxbit,USDC,USDC/BRL,5.06,5.1,5.03,5.0376,11654.93148751,58712.882861480386
2022-03-10,Foxbit,USDC,USDC/BRL,5.0341,5.1,5.0118,5.0301,89608.33577021,450738.8897577333
2022-03-11,Foxbit,USDC,USDC/BRL,5.088,5.088,5.0,5.0047,49886.20181405,249665.474218776
2022-03-12,Foxbit,USDC,USDC/BRL,5.0048,5.1,5.0,5.0101,270.42355776,1354.849066733376
2022-03-13,Foxbit,USDC,USDC/BRL,5.0102,5.1,5.0102,5.05,3731.01988458,18841.650417129
2022-03-14,Foxbit,USDC,USDC/BRL,5.0501,5.1964,5.0101,5.0511,88757.78006684,448324.4228956155
2022-03-15,Foxbit,USDC,USDC/BRL,5.0512,5.1964,5.051,5.0593,6538.61574219,33080.81862446187
2022-03-16,Foxbit,USDC,USDC/BRL,5.0601,5.19,5.0601,5.08,8025.29676441,40768.5075632028
2022-03-17,Foxbit,USDC,USDC/BRL,5.08,5.1381,4.9676,4.9771,1133376.28242213,5640927.095243183
2022-03-18,Foxbit,USDC,USDC/BRL,4.9772,5.0994,4.9772,5.0244,210942.79879827,1059860.998282028
2022-03-19,Foxbit,USDC,USDC/BRL,5.0894,5.0895,5.01,5.0152,308.80674656,1548.7275953477122
2022-03-20,Foxbit,USDC,USDC/BRL,5.0101,5.089,5.0101,5.0884,171.0529038,870.38559569592
2022-03-21,Foxbit,USDC,USDC/BRL,5.0885,5.089,4.9429,5.0709,254193.80139192,1288991.347478287
2022-03-22,Foxbit,USDC,USDC/BRL,5.056,5.0889,4.8502,4.9548,1117.18697756,5535.438036414288
2022-03-23,Foxbit,USDC,USDC/BRL,4.93,4.9544,4.851,4.8857,4957.97779482,24223.19211215207
2022-03-24,Foxbit,USDC,USDC/BRL,4.8653,5.089,4.8152,4.9391,34508.19011247,170439.40178450057
2022-03-25,Foxbit,USDC,USDC/BRL,4.93,4.9999,4.7577,4.7577,8900.86787909,42347.65910834649
2022-03-26,Foxbit,USDC,USDC/BRL,4.9551,4.9551,4.7523,4.9242,583.01179054,2870.866658977068
2022-03-27,Foxbit,USDC,USDC/BRL,4.7721,4.9241,4.732,4.75,3564.83624393,16932.9721586675
2022-03-28,Foxbit,USDC,USDC/BRL,4.7865,4.9084,4.7501,4.8753,5065.8877556,24697.72257487668
2022-03-29,Foxbit,USDC,USDC/BRL,4.7818,4.8743,4.755,4.8743,2371.03733602,11557.147286962287
2022-03-30,Foxbit,USDC,USDC/BRL,4.7764,4.9309,4.755,4.8878,5491.99717656,26843.78379958997
2022-03-31,Foxbit,USDC,USDC/BRL,4.8,4.9,4.7154,4.7154,2356.46743512,11111.686543564849
2022-04-01,Foxbit,USDC,USDC/BRL,4.7525,4.931,4.7,4.763,9351.68221429,44542.06238666327
2022-04-02,Foxbit,USDC,USDC/BRL,4.7,4.931,4.7,4.7903,525.48807571,2517.245529073613
2022-04-03,Foxbit,USDC,USDC/BRL,4.7904,4.931,4.7,4.7048,678.15317295,3190.5750480951597
2022-04-04,Foxbit,USDC,USDC/BRL,4.7012,4.9309,4.6012,4.62,7856.2409955,36295.83339921
2022-04-05,Foxbit,USDC,USDC/BRL,4.655,4.9308,4.62,4.6915,1499.71960576,7035.934530423039
2022-04-06,Foxbit,USDC,USDC/BRL,4.6916,4.7889,4.63,4.7457,7202.08773285,34178.94775378625
2022-04-07,Foxbit,USDC,USDC/BRL,4.7457,4.8,4.6321,4.7612,3272.80266872,15582.468066309662
2022-04-08,Foxbit,USDC,USDC/BRL,4.6543,4.8,4.6543,4.7225,5457.50029114,25773.04512490865
2022-04-09,Foxbit,USDC,USDC/BRL,4.7232,4.8999,4.7221,4.7492,334.53078943,1588.753625160956
2022-04-10,Foxbit,USDC,USDC/BRL,4.7698,4.8998,4.7444,4.788,1117.83716367,5352.204339651961
2022-04-11,Foxbit,USDC,USDC/BRL,4.654,4.9,4.6349,4.7199,5217.32428076,24625.248872759123
2022-04-12,Foxbit,USDC,USDC/BRL,4.7199,4.8999,4.6448,4.6879,294383.11470477,1380038.6034244911
2022-04-13,Foxbit,USDC,USDC/BRL,4.7378,4.929,4.6414,4.8862,5260.49987198,25703.854474468673
2022-04-14,Foxbit,USDC,USDC/BRL,4.8861,4.8862,4.6562,4.8121,3524.02886632,16957.979307618472
2022-04-15,Foxbit,USDC,USDC/BRL,4.6798,4.8131,4.6454,4.7183,332.84325329,1570.454321998207
2022-04-16,Foxbit,USDC,USDC/BRL,4.8112,4.8129,4.6536,4.7865,2754.17543026,13182.860696939491
2022-04-17,Foxbit,USDC,USDC/BRL,4.6522,4.8128,4.6522,4.8087,138.34534168,665.261244536616
2022-04-18,Foxbit,USDC,USDC/BRL,4.6741,4.8129,4.6396,4.6403,331406.33783774,1537824.829468465
2022-04-19,Foxbit,USDC,USDC/BRL,4.6932,4.7336,4.6111,4.6207,203781.00329115,941610.8819074169
2022-04-20,Foxbit,USDC,USDC/BRL,4.6129,4.7284,4.6101,4.651,203273.08071331,945423.0983976047
2022-04-21,Foxbit,USDC,USDC/BRL,4.6141,4.7284,4.6141,4.6283,298.17197888,1380.029369850304
2022-04-22,Foxbit,USDC,USDC/BRL,4.6147,4.8226,4.5843,4.7163,291295.64370709,1373837.6444157488
2022-04-23,Foxbit,USDC,USDC/BRL,4.7001,4.9289,4.7001,4.7107,12599.72285988,59353.51447603671
2022-04-24,Foxbit,USDC,USDC/BRL,4.8525,4.9273,4.7001,4.7003,743.92381103,3496.6650889843095
2022-04-25,Foxbit,USDC,USDC/BRL,4.8882,4.9228,4.7036,4.7324,205370.50054454,971895.3567769811
2022-04-26,Foxbit,USDC,USDC/BRL,4.9244,5.0003,4.7222,4.7428,45377.11780706,215214.59433532416
2022-04-27,Foxbit,USDC,USDC/BRL,4.7429,5.0253,4.7429,4.8323,308601.30247042,1491254.0739278106
2022-04-28,Foxbit,USDC,USDC/BRL,5.0132,5.0228,4.8199,4.82,695.72044406,3353.3725403692
2022-04-29,Foxbit,USDC,USDC/BRL,4.8223,5.0,4.8199,4.9999,19760.55837352,98800.81581176266
2022-04-30,Foxbit,USDC,USDC/BRL,5.0,5.0,4.9044,4.957,138.8229133,688.1451812281
2022-05-01,Foxbit,USDC,USDC/BRL,4.9401,5.0,4.9401,4.9479,101.89565537,504.169513205223
2022-05-02,Foxbit,USDC,USDC/BRL,4.9353,5.085,4.9279,5.0622,18926.2265771,95808.34417859561
2022-05-03,Foxbit,USDC,USDC/BRL,5.0849,5.0849,4.8831,4.9598,100380.73634545,497868.37612616294
2022-05-04,Foxbit,USDC,USDC/BRL,4.9959,5.0,4.7961,4.9989,30816.78394139,154050.02124461447
2022-05-05,Foxbit,USDC,USDC/BRL,4.997,5.05,4.7668,5.05,154714.58401018,781308.649251409
2022-05-06,Foxbit,USDC,USDC/BRL,5.05,5.05,4.831,5.04,2955.42897012,14895.3620094048
2022-05-07,Foxbit,USDC,USDC/BRL,5.04,5.05,4.8845,5.05,118968.91391585,600793.0152750425
2022-05-08,Foxbit,USDC,USDC/BRL,5.0481,5.05,4.8805,5.05,86517.0128315,436910.914799075
2022-05-09,Foxbit,USDC,USDC/BRL,5.0086,5.35,5.0003,5.0829,33020.4074156,167839.42885275325
2022-05-10,Foxbit,USDC,USDC/BRL,5.0881,5.28,5.0866,5.1915,13488.58968164,70026.01333223406
2022-05-11,Foxbit,USDC,USDC/BRL,5.2094,5.28,5.0873,5.1344,160518.6773689,824167.0970828802
2022-05-12,Foxbit,USDC,USDC/BRL,5.1316,5.2688,5.0466,5.2068,9780.31408178,50924.1393610121
2022-05-13,Foxbit,USDC,USDC/BRL,5.1005,5.2176,5.0693,5.1358,4098.22103725,21047.64360310855
2022-05-14,Foxbit,USDC,USDC/BRL,5.1457,5.1865,5.0753,5.0764,242.81767175,1232.6396288716999
2022-05-15,Foxbit,USDC,USDC/BRL,5.1242,5.1371,5.0756,5.0801,1780.38617331,9044.53979903213
2022-05-16,Foxbit,USDC,USDC/BRL,5.117,5.1554,5.0694,5.0736,4129.88894497,20953.40455119979
2022-05-17,Foxbit,USDC,USDC/BRL,5.0973,5.1291,4.9689,4.9854,361717.13335265,1803304.5966163012
2022-05-18,Foxbit,USDC,USDC/BRL,4.9808,5.05,4.9552,5.0159,7575.88854415,37999.89934860198
2022-05-19,Foxbit,USDC,USDC/BRL,5.0475,5.0485,4.8639,4.9174,4207.04072982,20687.702084816865
2022-05-20,Foxbit,USDC,USDC/BRL,4.9225,4.9873,4.8363,4.8364,11304.88259969,54674.934205140715
2022-05-21,Foxbit,USDC,USDC/BRL,4.9909,5.0138,4.8702,4.9453,72.12246285,356.667215532105
2022-05-22,Foxbit,USDC,USDC/BRL,4.8977,4.9208,4.8848,4.9206,2564.54868554,12619.118262068125
2022-05-23,Foxbit,USDC,USDC/BRL,4.9139,4.9411,4.815,4.8386,4379.02757516,21188.362825169173
2022-05-24,Foxbit,USDC,USDC/BRL,5.0276,5.0276,4.8094,4.8238,11737.53154487,56619.50466614391
2022-05-25,Foxbit,USDC,USDC/BRL,4.8316,4.9016,4.8238,4.8559,9298.3760921,45151.98446562839
2022-05-26,Foxbit,USDC,USDC/BRL,4.8363,4.8874,4.7134,4.78,7293.46697345,34862.772133091006
2022-05-27,Foxbit,USDC,USDC/BRL,4.7819,4.8112,4.75,4.7809,3518.35185276,16820.888372860285
2022-05-28,Foxbit,USDC,USDC/BRL,4.7597,4.7751,4.7591,4.7593,138.27954517,658.113839327581
2022-05-29,Foxbit,USDC,USDC/BRL,4.77,4.7981,4.7592,4.7981,257.32447748,1234.668575396788
2022-05-30,Foxbit,USDC,USDC/BRL,4.7643,4.8045,4.7194,4.8045,34949.54212084,167915.07511957578
2022-05-31,Foxbit,USDC,USDC/BRL,4.7772,4.8896,4.7063,4.7749,34494.41068598,164707.3615844859
2022-06-01,Foxbit,USDC,USDC/BRL,4.7777,4.8517,4.7524,4.8511,10624.7041473,51541.50228896703
2022-06-02,Foxbit,USDC,USDC/BRL,4.8292,4.898,4.7764,4.7981,15203.90511127,72949.85711438458
2022-06-03,Foxbit,USDC,USDC/BRL,4.8155,4.8869,4.8075,4.8725,487.90443624,2377.3143655793997
2022-06-04,Foxbit,USDC,USDC/BRL,4.8315,4.841,4.805,4.8092,602.08240927,2895.5347226612835
2022-06-05,Foxbit,USDC,USDC/BRL,4.8553,4.8553,4.7844,4.7844,2360.43896484,11293.284183380496
2022-06-06,Foxbit,USDC,USDC/BRL,4.7991,4.8627,4.7596,4.8041,17267.06605259,82952.71202324762
2022-06-07,Foxbit,USDC,USDC/BRL,4.8041,4.9745,4.8039,4.8843,92895.60070413,453729.98251918214
2022-06-08,Foxbit,USDC,USDC/BRL,4.8951,4.9987,4.806,4.9134,41214.66353128,202504.12779459116
2022-06-09,Foxbit,USDC,USDC/BRL,4.917,4.9523,4.8635,4.9198,2202.21297757,10834.447407048887
2022-06-10,Foxbit,USDC,USDC/BRL,4.9202,5.0784,4.912,5.0784,14173.01281236,71976.22826628904
2022-06-11,Foxbit,USDC,USDC/BRL,5.0527,5.0527,4.991,5.0142,3305.50140283,16574.445134070185
2022-06-12,Foxbit,USDC,USDC/BRL,5.0142,5.0532,4.98,5.0528,5743.43998693,29020.453565959906
2022-06-13,Foxbit,USDC,USDC/BRL,5.0531,5.1599,4.9919,5.1238,53746.44794541,275386.04998269177
2022-06-14,Foxbit,USDC,USDC/BRL,5.1474,5.193,5.0,5.1232,24836.08321983,127240.22155183306
2022-06-15,Foxbit,USDC,USDC/BRL,5.1798,5.1898,5.0364,5.065,318872.03727295,1615086.868787492
2022-06-16,Foxbit,USDC,USDC/BRL,5.0749,5.14,4.9499,5.13,11888.29308921,60986.94354764729
2022-06-17,Foxbit,USDC,USDC/BRL,5.13,5.178,5.071,5.178,29721.37250477,153897.26682969905
2022-06-18,Foxbit,USDC,USDC/BRL,5.178,5.26,5.1435,5.2191,13426.60039461,70074.77011950906
2022-06-19,Foxbit,USDC,USDC/BRL,5.1961,5.2,5.1229,5.1505,20769.79679921,106974.8384143311
2022-06-20,Foxbit,USDC,USDC/BRL,5.1959,5.2697,5.1402,5.1904,30734.10431733,159522.29504866962
2022-06-21,Foxbit,USDC,USDC/BRL,5.2573,5.27,5.1135,5.1455,313063.44172889,1610867.9394160036
2022-06-22,Foxbit,USDC,USDC/BRL,5.2552,5.2555,5.1089,5.21,42478.10651726,221310.9349549246
2022-06-23,Foxbit,USDC,USDC/BRL,5.182,5.2499,5.1819,5.1865,22347.84370332,115907.09136726917
2022-06-24,Foxbit,USDC,USDC/BRL,5.24,5.25,5.1822,5.1868,13259.93144811,68776.61243505694
2022-06-25,Foxbit,USDC,USDC/BRL,5.1924,5.25,5.145,5.2443,3714.74211169,19481.222056335868
2022-06-26,Foxbit,USDC,USDC/BRL,5.2441,5.2558,5.1618,5.2558,1431.63667069,7524.396013812502
2022-06-27,Foxbit,USDC,USDC/BRL,5.2147,5.2558,5.117,5.21,27453.43881283,143032.4162148443
2022-06-28,Foxbit,USDC,USDC/BRL,5.21,5.3,5.18,5.2999,44571.81174298,236226.1450566197
2022-06-29,Foxbit,USDC,USDC/BRL,5.2997,5.3,5.1944,5.1948,13785.6222856,71613.55064923488
2022-06-30,Foxbit,USDC,USDC/BRL,5.2246,5.292,5.0678,5.1608,146764.96662144,757424.6397399275
2022-07-01,Foxbit,USDC,USDC/BRL,5.15,5.35,5.0678,5.2894,276791.78657493,1464062.4759094347
2022-07-02,Foxbit,USDC,USDC/BRL,5.3451,5.35,5.2616,5.3373,543.21107597,2899.2804757746812
2022-07-03,Foxbit,USDC,USDC/BRL,5.2746,5.3373,5.1212,5.1212,17643.275467,90354.7423216004
2022-07-04,Foxbit,USDC,USDC/BRL,5.15,5.33,5.15,5.33,17410.49783433,92797.9534569789
2022-07-05,Foxbit,USDC,USDC/BRL,5.33,5.4102,5.1244,5.3979,133061.00044989,718249.9743284612
2022-07-06,Foxbit,USDC,USDC/BRL,5.3975,5.7491,5.3095,5.4,347756.10842931,1877882.9855182744
2022-07-07,Foxbit,USDC,USDC/BRL,5.4,5.4363,5.2619,5.3529,323491.64731548,1731618.438915033
2022-07-08,Foxbit,USDC,USDC/BRL,5.3529,5.4309,5.2379,5.3121,201574.77561992,1070785.365570577
2022-07-09,Foxbit,USDC,USDC/BRL,5.3909,5.4375,5.2325,5.3204,1294.73010153,6888.482032180212
2022-07-10,Foxbit,USDC,USDC/BRL,5.3238,5.3244,5.2731,5.3199,7369.63732699,39205.73361585409
2022-07-11,Foxbit,USDC,USDC/BRL,5.323,5.4372,5.2509,5.4,7541.36137732,40723.35143752801
2022-07-12,Foxbit,USDC,USDC/BRL,5.3723,5.4978,5.2089,5.4417,22537.7630629,122643.74525938294
2022-07-13,Foxbit,USDC,USDC/BRL,5.4761,5.4843,5.29,5.4337,8880.92576479,48256.28632813942
2022-07-14,Foxbit,USDC,USDC/BRL,5.4324,5.5241,5.395,5.451,111389.74436801,607185.4965500225
2022-07-15,Foxbit,USDC,USDC/BRL,5.4363,5.4728,5.3796,5.4435,88464.59273258,481557.01053979923
2022-07-16,Foxbit,USDC,USDC/BRL,5.438,5.4736,5.4054,5.4736,12905.92456701,70641.86870998594
2022-07-17,Foxbit,USDC,USDC/BRL,5.4486,5.4718,5.392,5.4273,10359.72159851,56225.31703159332
2022-07-18,Foxbit,USDC,USDC/BRL,5.4273,5.5448,5.3719,5.4296,31936.80310009,173404.06611224866
2022-07-19,Foxbit,USDC,USDC/BRL,5.455,5.4945,5.3881,5.4496,121597.76313702,662659.1699915042
2022-07-20,Foxbit,USDC,USDC/BRL,5.424,5.495,5.3792,5.46,12080.91514906,65961.7967138676
2022-07-21,Foxbit,USDC,USDC/BRL,5.46,5.52,5.4015,5.5173,105472.20019035,581921.7701102181
2022-07-22,Foxbit,USDC,USDC/BRL,5.496,5.5406,5.4266,5.5366,54987.54264895,304444.02863017656
2022-07-23,Foxbit,USDC,USDC/BRL,5.5355,5.5425,5.4903,5.5142,981.00945042,5409.4823115059635
2022-07-24,Foxbit,USDC,USDC/BRL,5.5015,5.5426,5.4994,5.5098,4945.32839525,27247.77039214845
2022-07-25,Foxbit,USDC,USDC/BRL,5.4995,5.545,5.3748,5.401,7297.21682929,39412.268094995285
2022-07-26,Foxbit,USDC,USDC/BRL,5.4007,5.5168,5.355,5.376,12567.34229617,67562.03218420992
2022-07-27,Foxbit,USDC,USDC/BRL,5.3833,5.3957,5.2596,5.2935,9302.69886221,49243.83642710863
2022-07-28,Foxbit,USDC,USDC/BRL,5.2824,5.3406,5.21,5.2218,31145.82065823,162637.2463131454
2022-07-29,Foxbit,USDC,USDC/BRL,5.2218,5.2564,5.1595,5.2156,79263.95305438,413409.07355042436
2022-07-30,Foxbit,USDC,USDC/BRL,5.2123,5.2324,5.1833,5.2045,5191.11199988,27017.142403375463
2022-07-31,Foxbit,USDC,USDC/BRL,5.22,5.2328,5.1865,5.2328,4553.88086181,23829.54777367937
2022-08-01,Foxbit,USDC,USDC/BRL,5.2307,5.2323,5.1578,5.2121,14940.69764587,77872.41020003903
2022-08-02,Foxbit,USDC,USDC/BRL,5.2042,5.31,5.1904,5.3074,11489.80875006,60981.010960068445
2022-08-03,Foxbit,USDC,USDC/BRL,5.305,5.3347,5.1,5.3233,186273.05865432,991587.3731345416
2022-08-04,Foxbit,USDC,USDC/BRL,5.3226,5.3233,5.1492,5.2297,171693.11808268,897903.4996369916
2022-08-05,Foxbit,USDC,USDC/BRL,5.213,5.2744,5.1157,5.1971,39564.57503039,205621.05289043987
2022-08-06,Foxbit,USDC,USDC/BRL,5.1906,5.2131,5.1487,5.1714,924.86892182,4782.867142299948
2022-08-07,Foxbit,USDC,USDC/BRL,5.2011,5.2013,5.1713,5.1721,1322.41392565,6839.657064854366
2022-08-08,Foxbit,USDC,USDC/BRL,5.1722,5.2014,5.0767,5.1268,6774.18967589,34729.91563035286
2022-08-09,Foxbit,USDC,USDC/BRL,5.1528,5.1914,5.0949,5.1516,19301.02113703,99431.14048952375
2022-08-10,Foxbit,USDC,USDC/BRL,5.1516,5.1684,5.0404,5.1141,14454.65198027,73922.5356922988
2022-08-11,Foxbit,USDC,USDC/BRL,5.0985,5.151,5.0517,5.1509,42878.45676038,220862.64292704136
2022-08-12,Foxbit,USDC,USDC/BRL,5.151,5.178,5.0427,5.0994,29029.37204001,148032.379780827
2022-08-13,Foxbit,USDC,USDC/BRL,5.1001,5.1103,5.0488,5.1102,2115.13833892,10808.779939548984
2022-08-14,Foxbit,USDC,USDC/BRL,5.1102,5.1103,5.0659,5.1102,1849.427689,9450.9453763278
2022-08-15,Foxbit,USDC,USDC/BRL,5.0954,5.16,5.065,5.115,17320.04616631,88592.03614067566
2022-08-16,Foxbit,USDC,USDC/BRL,5.115,5.172,5.0865,5.1638,20379.61835883,105236.27328132636
2022-08-17,Foxbit,USDC,USDC/BRL,5.1448,5.2314,5.1353,5.1704,8586.14448078,44393.80142342491
2022-08-18,Foxbit,USDC,USDC/BRL,5.1999,5.2352,5.1515,5.2093,9157.73248313,47705.375824369105
2022-08-19,Foxbit,USDC,USDC/BRL,5.21,5.3218,5.1643,5.2001,24779.42311687,128855.47815003568
2022-08-20,Foxbit,USDC,USDC/BRL,5.2005,5.255,5.1861,5.2418,3055.30831586,16015.315130074949
2022-08-21,Foxbit,USDC,USDC/BRL,5.2394,5.2819,5.2,5.2259,4866.55288091,25432.118700347568
2022-08-22,Foxbit,USDC,USDC/BRL,5.2076,5.2432,5.126,5.193,1389.54090783,7215.885934361189
2022-08-23,Foxbit,USDC,USDC/BRL,5.1962,5.2326,5.0982,5.1238,6251.25319123,32030.171101224274
2022-08-24,Foxbit,USDC,USDC/BRL,5.1444,5.2097,5.1089,5.1471,7270.61100799,37422.56191922533
2022-08-25,Foxbit,USDC,USDC/BRL,5.1471,5.1962,5.0849,5.1473,6791.46797952,34957.7231309833
2022-08-26,Foxbit,USDC,USDC/BRL,5.1459,5.1962,5.052,5.093,157060.54546974,799909.3580773858
2022-08-27,Foxbit,USDC,USDC/BRL,5.1,5.1,5.0697,5.1,14146.5367553,72147.33745203
2022-08-28,Foxbit,USDC,USDC/BRL,5.1,5.1,5.092,5.1,4719.15854004,24067.708554203997
2022-08-29,Foxbit,USDC,USDC/BRL,5.1,5.1296,5.05,5.0699,369772.96576924,1874711.9591534697
2022-08-30,Foxbit,USDC,USDC/BRL,5.0699,5.15,5.05,5.15,147997.28980509,762186.0424962136
2022-08-31,Foxbit,USDC,USDC/BRL,5.15,5.2494,5.1099,5.1844,98661.847604,511502.4827181776
2022-09-01,Foxbit,USDC,USDC/BRL,5.1844,5.2844,5.1503,5.2525,224841.77991309,1180981.4489935052
2022-09-02,Foxbit,USDC,USDC/BRL,5.2213,5.2557,5.1501,5.2034,30639.76281613,159430.94183745087
2022-09-03,Foxbit,USDC,USDC/BRL,5.1997,5.2133,5.175,5.1887,2368.36335803,12288.726955810262
2022-09-04,Foxbit,USDC,USDC/BRL,5.2108,5.2135,5.1756,5.1907,2081.87526997,10806.389963833277
2022-09-05,Foxbit,USDC,USDC/BRL,5.2053,5.215,5.1647,5.1658,261451.02313075,1350603.6952888283
2022-09-06,Foxbit,USDC,USDC/BRL,5.19,5.2927,5.1501,5.2472,405330.9182795,2126852.3943961924
2022-09-07,Foxbit,USDC,USDC/BRL,5.2687,5.27,5.2409,5.2679,4719.5054256,24861.88263151824
2022-09-08,Foxbit,USDC,USDC/BRL,5.268,5.2698,5.2016,5.2191,102533.67750187,535133.5162500098
2022-09-09,Foxbit,USDC,USDC/BRL,5.2199,5.2698,5.1266,5.1628,39040.67681096,201559.2062396243
2022-09-10,Foxbit,USDC,USDC/BRL,5.1862,5.2274,5.1559,5.1883,12881.7290569,66834.27486591427
2022-09-11,Foxbit,USDC,USDC/BRL,5.22,5.2272,5.1454,5.1601,2077.45315204,10719.866009841604
2022-09-12,Foxbit,USDC,USDC/BRL,5.2099,5.2698,5.1014,5.1536,6846.87457976,35286.05283425114
2022-09-13,Foxbit,USDC,USDC/BRL,5.1537,5.2698,5.1,5.2364,11333.14600779,59344.88575519155
2022-09-14,Foxbit,USDC,USDC/BRL,5.2364,5.2698,5.1658,5.2053,1466.92232728,7635.770790190584
2022-09-15,Foxbit,USDC,USDC/BRL,5.2053,5.27,5.1539,5.2582,9983.59950599,52495.76292239662
2022-09-16,Foxbit,USDC,USDC/BRL,5.2699,5.3977,5.2476,5.3917,9677.4144787,52177.71564480679
2022-09-17,Foxbit,USDC,USDC/BRL,5.3898,5.3924,5.2548,5.2794,1126.11737429,5945.224065826626
2022-09-18,Foxbit,USDC,USDC/BRL,5.3067,5.3157,5.239,5.2705,5914.93166156,31174.64732225198
2022-09-19,Foxbit,USDC,USDC/BRL,5.2694,5.33,5.168,5.2183,23143.32486167,120768.81212565256
2022-09-20,Foxbit,USDC,USDC/BRL,5.2159,5.3746,5.1551,5.1858,4195.82876529,21758.728811040884
2022-09-21,Foxbit,USDC,USDC/BRL,5.1848,5.2194,5.1003,5.1976,8236.15122827,42808.21962405616
2022-09-22,Foxbit,USDC,USDC/BRL,5.1986,5.2178,5.1002,5.1167,15612.26222906,79883.26214743129
2022-09-23,Foxbit,USDC,USDC/BRL,5.1561,5.27,5.1127,5.2575,17641.93635625,92752.48039298438
2022-09-24,Foxbit,USDC,USDC/BRL,5.2574,5.2577,5.2416,5.2418,15300.72289263,80203.32925858792
2022-09-25,Foxbit,USDC,USDC/BRL,5.2422,5.27,5.2413,5.27,1974.66814375,10406.501117562499
2022-09-26,Foxbit,USDC,USDC/BRL,5.2419,5.3978,5.2317,5.3712,8815.12453817,47347.7969194187
2022-09-27,Foxbit,USDC,USDC/BRL,5.3739,5.4076,5.1727,5.4038,15656.72251648,84605.79713455462
2022-09-28,Foxbit,USDC,USDC/BRL,5.3387,5.4868,5.3055,5.3998,107736.8786282,581757.5972165543
2022-09-29,Foxbit,USDC,USDC/BRL,5.3423,5.4443,5.3354,5.3898,119248.61818089,642726.2022713609
2022-09-30,Foxbit,USDC,USDC/BRL,5.3938,5.42,5.3078,5.3757,11454.6471283,61576.746567602306
2022-10-01,Foxbit,USDC,USDC/BRL,5.4028,5.4198,5.3124,5.3978,837.56326366,4520.998984583948
2022-10-02,Foxbit,USDC,USDC/BRL,5.3968,5.4154,5.3616,5.4153,1376.73790711,7455.4487883727825
2022-10-03,Foxbit,USDC,USDC/BRL,5.4048,5.42,5.1485,5.2033,24768.21973707,128876.47775789633
2022-10-04,Foxbit,USDC,USDC/BRL,5.2043,5.26,5.1378,5.1896,12381.00762431,64252.47716711918
2022-10-05,Foxbit,USDC,USDC/BRL,5.2164,5.2995,5.1636,5.23,28779.78326456,150518.2664736488
2022-10-06,Foxbit,USDC,USDC/BRL,5.23,5.3791,5.1705,5.2395,12860.12877691,67380.64472661994
2022-10-07,Foxbit,USDC,USDC/BRL,5.2405,5.3179,5.2055,5.2225,6189.41340941,32324.211530643726
2022-10-08,Foxbit,USDC,USDC/BRL,5.2485,5.2804,5.2225,5.2325,769.79142509,4027.933631783425
2022-10-09,Foxbit,USDC,USDC/BRL,5.2325,5.2807,5.2324,5.2585,847.5745055,4456.97053717175
2022-10-10,Foxbit,USDC,USDC/BRL,5.2595,5.3223,5.1722,5.2152,10288.53787144,53656.78270713389
2022-10-11,Foxbit,USDC,USDC/BRL,5.2152,5.3791,5.2002,5.2834,12244.53041805,64692.75201072538
2022-10-12,Foxbit,USDC,USDC/BRL,5.3095,5.3312,5.2704,5.2774,1040.40494677,5490.633066083998
2022-10-13,Foxbit,USDC,USDC/BRL,5.2701,5.41,5.2003,5.2508,15741.82630025,82657.1815373527
2022-10-14,Foxbit,USDC,USDC/BRL,5.2825,5.3473,5.2506,5.3004,17180.59002359,91063.99936103643
2022-10-15,Foxbit,USDC,USDC/BRL,5.32,5.34,5.3002,5.34,2842.89079203,15181.036829440198
2022-10-16,Foxbit,USDC,USDC/BRL,5.3005,5.386,5.2981,5.3156,2583.9713056,13735.35787204736
2022-10-17,Foxbit,USDC,USDC/BRL,5.3156,5.3753,5.255,5.255,3981.40833568,20922.3008039984
2022-10-18,Foxbit,USDC,USDC/BRL,5.2684,5.329,5.2,5.2845,22388.24151316,118310.66227629402
2022-10-19,Foxbit,USDC,USDC/BRL,5.2595,5.3582,5.2595,5.294,36217.74692335,191736.7522122149
2022-10-20,Foxbit,USDC,USDC/BRL,5.3186,5.3287,5.1983,5.2745,45566.66776279,240341.38911483582
2022-10-21,Foxbit,USDC,USDC/BRL,5.2725,5.3885,5.1749,5.2026,14721.91283026,76592.22369071069
2022-10-22,Foxbit,USDC,USDC/BRL,5.2026,5.2284,5.1906,5.226,2721.76534775,14223.9457073415
2022-10-23,Foxbit,USDC,USDC/BRL,5.2184,5.2256,5.1916,5.2084,1784.67398504,9295.295983682336
2022-10-24,Foxbit,USDC,USDC/BRL,5.2084,5.3462,5.1916,5.2966,55209.84752128,292424.47838121164
2022-10-25,Foxbit,USDC,USDC/BRL,5.2966,5.3643,5.2503,5.2788,230931.80597387,1219042.817374865
2022-10-26,Foxbit,USDC,USDC/BRL,5.2694,5.35,5.2551,5.328,313300.38778818,1669264.4661354234
2022-10-27,Foxbit,USDC,USDC/BRL,5.3461,5.3612,5.2391,5.3609,39848.70517682,213624.92358241437
2022-10-28,Foxbit,USDC,USDC/BRL,5.3608,5.3794,5.3078,5.3537,13792.24166867,73839.52422155857
2022-10-29,Foxbit,USDC,USDC/BRL,5.3494,5.3767,5.2902,5.3105,2848.51688142,15127.048898780911
2022-10-30,Foxbit,USDC,USDC/BRL,5.2965,5.3899,5.2775,5.3842,3579.32714381,19271.8132077018
2022-10-31,Foxbit,USDC,USDC/BRL,5.3305,5.4319,5.1432,5.2046,120058.71246685,624857.5749049676
2022-11-01,Foxbit,USDC,USDC/BRL,5.2056,5.2467,5.116,5.1687,43825.92741077,226523.07100804689
2022-11-02,Foxbit,USDC,USDC/BRL,5.1687,5.1999,5.1099,5.1606,29941.99798948,154518.6748245105
2022-11-03,Foxbit,USDC,USDC/BRL,5.1994,5.2471,5.1011,5.162,61475.8079313,317338.1205413706
2022-11-04,Foxbit,USDC,USDC/BRL,5.162,5.162,4.9,5.0906,52256.52300297,266017.0559989191
2022-11-05,Foxbit,USDC,USDC/BRL,5.0942,5.0991,5.069,5.0691,10274.79238138,52083.95006045336
2022-11-06,Foxbit,USDC,USDC/BRL,5.0691,5.105,5.069,5.0806,4176.59545157,21219.610851246536
2022-11-07,Foxbit,USDC,USDC/BRL,5.0839,5.2174,5.069,5.1732,19559.25831165,101183.95509782777
2022-11-08,Foxbit,USDC,USDC/BRL,5.1732,5.295,5.1368,5.2316,85297.65162622,446243.1942477326
2022-11-09,Foxbit,USDC,USDC/BRL,5.2315,5.3,5.1,5.2997,65085.07243463,344931.35838180856
2022-11-10,Foxbit,USDC,USDC/BRL,5.2976,5.4419,4.9814,5.3715,362020.09369116,1944590.9332620658
2022-11-11,Foxbit,USDC,USDC/BRL,5.4316,5.8412,5.2907,5.3597,59776.02224553,320381.54642936715
2022-11-12,Foxbit,USDC,USDC/BRL,5.3102,5.4498,5.31,5.3602,6180.14623622,33126.81985538644
2022-11-13,Foxbit,USDC,USDC/BRL,5.3602,5.4499,5.1979,5.3984,1727.98782653,9328.36948273955
2022-11-14,Foxbit,USDC,USDC/BRL,5.2414,5.43,5.1977,5.32,25308.96548486,134643.6963794552
2022-11-15,Foxbit,USDC,USDC/BRL,5.32,5.32,5.257,5.271,1066.61324257,5622.11840158647
2022-11-16,Foxbit,USDC,USDC/BRL,5.2664,5.3927,5.2102,5.3637,10241.71944893,54933.510608225835
2022-11-17,Foxbit,USDC,USDC/BRL,5.3612,5.521,5.2552,5.3564,12597.4668357,67477.07135874347
2022-11-18,Foxbit,USDC,USDC/BRL,5.2829,5.4847,5.2813,5.3839,29035.75342447,156325.59286200404
2022-11-19,Foxbit,USDC,USDC/BRL,5.4438,5.4447,5.2995,5.3886,14923.92234676,80419.04795775094
2022-11-20,Foxbit,USDC,USDC/BRL,5.4089,5.4871,5.3243,5.4089,1226.60636535,6634.591169541615
2022-11-21,Foxbit,USDC,USDC/BRL,5.4092,5.5091,5.2636,5.3365,42215.05188437,225280.62438094048
2022-11-22,Foxbit,USDC,USDC/BRL,5.3361,5.4495,5.2015,5.4052,119233.53968384,644481.128699092
2022-11-23,Foxbit,USDC,USDC/BRL,5.3704,5.4698,5.2382,5.3965,153798.79510039,829975.1977592546
2022-11-24,Foxbit,USDC,USDC/BRL,5.3604,5.4376,5.2924,5.3465,141071.49336202,754238.7392600399
2022-11-25,Foxbit,USDC,USDC/BRL,5.3797,5.4698,5.2902,5.4086,202837.59279609,1097067.4043969323
2022-11-26,Foxbit,USDC,USDC/BRL,5.4248,5.43,5.3974,5.3976,3694.91434995,19943.66969529012
2022-11-27,Foxbit,USDC,USDC/BRL,5.4299,5.43,5.3974,5.3979,20510.7030304,110714.72388779616
2022-11-28,Foxbit,USDC,USDC/BRL,5.3979,5.4369,5.2933,5.3721,114859.84493795,617038.5729911611
2022-11-29,Foxbit,USDC,USDC/BRL,5.4126,5.4126,5.2817,5.3416,16795.34141264,89713.99568975781
2022-11-30,Foxbit,USDC,USDC/BRL,5.3396,5.3497,5.22,5.2584,47788.28683464,251289.92749127097
2022-12-01,Foxbit,USDC,USDC/BRL,5.2605,5.2724,5.1907,5.2041,17671.3507316,91963.47634231957
2022-12-02,Foxbit,USDC,USDC/BRL,5.2253,5.2723,5.1914,5.199,18956.21878628,98553.38146986971
2022-12-03,Foxbit,USDC,USDC/BRL,5.2282,5.2711,5.1987,5.2567,15897.60503746,83568.94040041599
2022-12-04,Foxbit,USDC,USDC/BRL,5.2592,5.2724,5.1767,5.2353,19081.94787911,99899.72173150459
2022-12-05,Foxbit,USDC,USDC/BRL,5.2328,5.2725,5.1882,5.2604,127058.23431783,668377.1358055129
2022-12-06,Foxbit,USDC,USDC/BRL,5.2604,5.305,5.2279,5.2582,27488.9183288,144542.23035649618
2022-12-07,Foxbit,USDC,USDC/BRL,5.2696,5.3009,5.231,5.2373,19817.87955745,103792.1806062329
2022-12-08,Foxbit,USDC,USDC/BRL,5.2389,5.2719,5.2126,5.2192,84204.51987123,439480.23011192365
2022-12-09,Foxbit,USDC,USDC/BRL,5.2378,5.2693,5.2023,5.2562,23432.60310238,123166.44842672974
2022-12-10,Foxbit,USDC,USDC/BRL,5.2562,5.257,5.2278,5.2529,1042.82251374,5477.842382424847
2022-12-11,Foxbit,USDC,USDC/BRL,5.2305,5.2544,5.2246,5.2544,3400.36037936,17866.853577309186
2022-12-12,Foxbit,USDC,USDC/BRL,5.2365,5.3222,5.2356,5.265,60994.28711362,321134.92165320925
2022-12-13,Foxbit,USDC,USDC/BRL,5.2294,5.3168,5.1709,5.2555,562219.33686046,2954743.724870147
2022-12-14,Foxbit,USDC,USDC/BRL,5.2419,5.3194,5.1756,5.2505,64066.75320294,336382.4876920365
2022-12-15,Foxbit,USDC,USDC/BRL,5.2512,5.351,5.15,5.3,51776.77785588,274416.922636164
2022-12-16,Foxbit,USDC,USDC/BRL,5.3449,5.3513,5.2414,5.3038,24315.89387947,128966.63795793298
2022-12-17,Foxbit,USDC,USDC/BRL,5.2683,5.3398,5.2679,5.3249,3726.55344545,19843.524441676705
2022-12-18,Foxbit,USDC,USDC/BRL,5.3199,5.3225,5.1501,5.2993,2793.33185388,14802.703493266283
2022-12-19,Foxbit,USDC,USDC/BRL,5.2993,5.3513,5.1501,5.2725,8651.62173514,45615.675598525646
2022-12-20,Foxbit,USDC,USDC/BRL,5.3198,5.3316,5.1854,5.2811,27502.56119374,145243.77592026032
2022-12-21,Foxbit,USDC,USDC/BRL,5.2287,5.2817,5.1875,5.2729,20566.00635049,108442.49488549872
2022-12-22,Foxbit,USDC,USDC/BRL,5.2719,5.2976,5.1714,5.2391,238464.12202927,1249337.3817235483
2022-12-23,Foxbit,USDC,USDC/BRL,5.2144,5.2396,5.15,5.1945,31057.19080104,161326.57761600227
2022-12-24,Foxbit,USDC,USDC/BRL,5.1936,5.2176,5.1031,5.1574,15662.91937961,80779.94040840062
2022-12-25,Foxbit,USDC,USDC/BRL,5.1442,5.2365,5.1065,5.1823,1010.46005327,5236.50713406112
2022-12-26,Foxbit,USDC,USDC/BRL,5.1856,5.2399,5.1079,5.1995,17535.64329466,91176.57731058466
2022-12-27,Foxbit,USDC,USDC/BRL,5.199,5.3163,5.1964,5.2883,107915.96387841,570691.9917781955
2022-12-28,Foxbit,USDC,USDC/BRL,5.2851,5.3476,5.25,5.3026,12966.56248071,68756.49421021284
2022-12-29,Foxbit,USDC,USDC/BRL,5.276,5.3225,5.1718,5.2313,27252.98749953,142568.5535062913
2022-12-30,Foxbit,USDC,USDC/BRL,5.2413,5.3388,5.23,5.2634,10029.5479638,52789.52275266492
2022-12-31,Foxbit,USDC,USDC/BRL,5.2828,5.32,5.2599,5.2778,1283.61005551,6774.637150970678
2023-01-01,Foxbit,USDC,USDC/BRL,5.2848,5.32,5.2617,5.3043,642.46480305,3407.8260548181147
2023-01-02,Foxbit,USDC,USDC/BRL,5.2781,5.34,5.2469,5.3108,38595.77459706,204974.43973006628
2023-01-03,Foxbit,USDC,USDC/BRL,5.3106,5.4633,5.2809,5.4271,58916.48007884,319745.6290358726
2023-01-04,Foxbit,USDC,USDC/BRL,5.4098,5.4997,5.3583,5.404,154529.4765315,835077.291176226
2023-01-05,Foxbit,USDC,USDC/BRL,5.3848,5.4421,5.3211,5.3656,41833.06720222,224459.50538023163
2023-01-06,Foxbit,USDC,USDC/BRL,5.3719,5.4112,5.1872,5.2754,36427.50173311,192169.6426428485
2023-01-07,Foxbit,USDC,USDC/BRL,5.2754,5.3059,5.2501,5.2909,3262.47473213,17261.427560226617
2023-01-08,Foxbit,USDC,USDC/BRL,5.2701,5.3548,5.2601,5.3273,11917.49399164,63488.06574166377
2023-01-09,Foxbit,USDC,USDC/BRL,5.2604,5.3798,5.26,5.2828,29385.66201471,155238.57529131
2023-01-10,Foxbit,USDC,USDC/BRL,5.2825,5.2975,5.19,5.2404,29214.43239153,153095.31150457382
2023-01-11,Foxbit,USDC,USDC/BRL,5.2404,5.2629,5.1,5.152,17640.95605905,90886.2056162256
2023-01-12,Foxbit,USDC,USDC/BRL,5.14,5.2798,5.095,5.1551,205458.27511707,1059157.9540560076
2023-01-13,Foxbit,USDC,USDC/BRL,5.1553,5.2093,5.0989,5.1242,9795.66325042,50194.93762780217
2023-01-14,Foxbit,USDC,USDC/BRL,5.1549,5.18,5.1002,5.1547,8099.72769262,41751.666337148316
2023-01-15,Foxbit,USDC,USDC/BRL,5.14,5.1697,5.12,5.135,3165.13926819,16252.99014215565
2023-01-16,Foxbit,USDC,USDC/BRL,5.1499,5.2415,5.12,5.2168,38045.43117927,198475.40537601575
2023-01-17,Foxbit,USDC,USDC/BRL,5.1985,5.223,5.0957,5.1769,20538.11155549,106323.74971161617
2023-01-18,Foxbit,USDC,USDC/BRL,5.127,5.2429,5.003,5.2185,18632.07692701,97231.49344360168
2023-01-19,Foxbit,USDC,USDC/BRL,5.1877,5.274,5.1271,5.1721,152134.73274449,786856.0512277768
2023-01-20,Foxbit,USDC,USDC/BRL,5.1455,5.248,5.1455,5.2299,22526.55237942,117811.61628912867
2023-01-21,Foxbit,USDC,USDC/BRL,5.2299,5.2504,5.1781,5.2001,23981.92680073,124708.41755647608
2023-01-22,Foxbit,USDC,USDC/BRL,5.2254,5.2254,5.17,5.1851,5065.27046174,26263.93387116808
2023-01-23,Foxbit,USDC,USDC/BRL,5.2228,5.2539,5.1462,5.1914,150604.35838468,781847.4661182277
2023-01-24,Foxbit,USDC,USDC/BRL,5.209,5.2539,5.1244,5.1634,17904.01657273,92445.5991716341
2023-01-25,Foxbit,USDC,USDC/BRL,5.1917,5.1998,5.0586,5.1919,29598.23968272,153671.10060871398
2023-01-26,Foxbit,USDC,USDC/BRL,5.1997,5.2547,5.0591,5.0901,22188.90752058,112943.75817050425
2023-01-27,Foxbit,USDC,USDC/BRL,5.0901,5.1649,5.0872,5.1635,46841.26539084,241864.87384560236
2023-01-28,Foxbit,USDC,USDC/BRL,5.1635,5.1635,5.1081,5.15,3153.70635547,16241.5877306705
2023-01-29,Foxbit,USDC,USDC/BRL,5.145,5.1634,5.1082,5.1234,3011.50984723,15429.169551298182
2023-01-30,Foxbit,USDC,USDC/BRL,5.1234,5.1634,5.1062,5.1375,127294.97475816,653977.932820047
2023-01-31,Foxbit,USDC,USDC/BRL,5.135,5.1636,5.0727,5.1247,134477.36262835,689156.1402615053
2023-02-01,Foxbit,USDC,USDC/BRL,5.1248,5.1391,5.0607,5.0968,17016.23397474,86728.34132245483
2023-02-02,Foxbit,USDC,USDC/BRL,5.0942,5.1246,5.0,5.065,99103.93291761,501961.4202276947
2023-02-03,Foxbit,USDC,USDC/BRL,5.0402,5.1626,5.0402,5.1304,83518.14751631,428481.5040176768
2023-02-04,Foxbit,USDC,USDC/BRL,5.145,5.15,5.1304,5.15,3996.7294905,20583.156876075
2023-02-05,Foxbit,USDC,USDC/BRL,5.1386,5.15,5.1282,5.15,5261.81625434,27098.353709851002
2023-02-06,Foxbit,USDC,USDC/BRL,5.1302,5.23,5.0742,5.2087,75624.08887136,393903.19170425285
2023-02-07,Foxbit,USDC,USDC/BRL,5.2061,5.22,5.1291,5.2042,62864.88433714,327161.431067344
2023-02-08,Foxbit,USDC,USDC/BRL,5.1789,5.25,5.1702,5.2039,8719.10861483,45373.369320713835
2023-02-09,Foxbit,USDC,USDC/BRL,5.2057,5.3172,5.17,5.2809,58686.46386079,309917.3470024459
2023-02-10,Foxbit,USDC,USDC/BRL,5.2813,5.3244,5.2161,5.2503,23032.80452607,120929.13360322532
2023-02-11,Foxbit,USDC,USDC/BRL,5.2572,5.2605,5.1805,5.2228,10639.12023333,55565.99715463593
2023-02-12,Foxbit,USDC,USDC/BRL,5.2228,5.258,5.2186,5.2261,2244.30788466,11728.977436021627
2023-02-13,Foxbit,USDC,USDC/BRL,5.2376,5.2605,5.1697,5.2026,220882.75039198,1149164.5971893151
2023-02-14,Foxbit,USDC,USDC/BRL,5.209,5.2421,5.1453,5.1943,50111.83137813,260295.88572742068
2023-02-15,Foxbit,USDC,USDC/BRL,5.2248,5.26,5.1724,5.2111,104033.27989295,542127.8248501518
2023-02-16,Foxbit,USDC,USDC/BRL,5.214,5.264,5.1732,5.2373,327699.49647803,1716260.5729043866
2023-02-17,Foxbit,USDC,USDC/BRL,5.2444,5.2725,5.17,5.2109,11686.84865133,60898.99963721549
2023-02-18,Foxbit,USDC,USDC/BRL,5.2109,5.211,5.1723,5.2109,2714.91133566,14147.131478990694
2023-02-19,Foxbit,USDC,USDC/BRL,5.2109,5.2218,5.1801,5.211,2415.91586234,12589.33755865374
2023-02-20,Foxbit,USDC,USDC/BRL,5.2218,5.2317,5.1796,5.2126,5620.72818895,29298.607757720772
2023-02-21,Foxbit,USDC,USDC/BRL,5.2104,5.2293,5.1742,5.1871,1837.34027734,9530.467752590315
2023-02-22,Foxbit,USDC,USDC/BRL,5.2212,5.2824,5.17,5.1982,97370.87601445,506153.28769831394
2023-02-23,Foxbit,USDC,USDC/BRL,5.1931,5.2164,5.145,5.1672,11081.98063404,57262.810332211484
2023-02-24,Foxbit,USDC,USDC/BRL,5.1655,5.23,5.146,5.2235,18379.32147351,96004.38571687948
2023-02-25,Foxbit,USDC,USDC/BRL,5.2235,5.2235,5.1937,5.1937,9771.60834433,50750.802257946714
2023-02-26,Foxbit,USDC,USDC/BRL,5.2199,5.22,5.1937,5.2165,613.3419134,3199.4980912510996
2023-02-27,Foxbit,USDC,USDC/BRL,5.1937,5.2514,5.1678,5.2046,53137.71273308,276560.5396905882
2023-02-28,Foxbit,USDC,USDC/BRL,5.2101,5.2726,5.1982,5.2479,31591.75357474,165790.36358487804
2023-03-01,Foxbit,USDC,USDC/BRL,5.2346,5.2716,5.1755,5.2262,37499.62161551,195980.52248697836
2023-03-02,Foxbit,USDC,USDC/BRL,5.2225,5.2545,5.1862,5.21,72410.44907752,377258.43969387916
2023-03-03,Foxbit,USDC,USDC/BRL,5.2038,5.2584,5.1852,5.2001,178899.49651128,930295.2718083072
2023-03-04,Foxbit,USDC,USDC/BRL,5.2,5.2461,5.2,5.205,2600.04721252,13533.2457411666
2023-03-05,Foxbit,USDC,USDC/BRL,5.205,5.243,5.199,5.2407,3962.43925323,20765.955394402463
2023-03-06,Foxbit,USDC,USDC/BRL,5.2413,5.2416,5.1479,5.1922,33725.71735471,175110.66964912528
2023-03-07,Foxbit,USDC,USDC/BRL,5.165,5.2359,5.165,5.2013,4978.35871433,25893.93718084463
2023-03-08,Foxbit,USDC,USDC/BRL,5.1926,5.2283,5.124,5.1533,16468.7657894,84868.49074251502
2023-03-09,Foxbit,USDC,USDC/BRL,5.18,5.2128,5.1383,5.1735,13979.71035632,72324.03152842152
2023-03-10,Foxbit,USDC,USDC/BRL,5.2074,5.2844,5.1482,5.1482,66562.59875085,342677.570889126
2023-03-11,Foxbit,USDC,USDC/BRL,5.2149,5.39,2.72,4.9452,54929.70602422,271638.38223097275
2023-03-12,Foxbit,USDC,USDC/BRL,5.0122,5.1,4.859,5.0352,31560.70160383,158914.4447156048
2023-03-13,Foxbit,USDC,USDC/BRL,5.085,5.283,5.0298,5.22,69635.63217398,363497.9999481756
2023-03-14,Foxbit,USDC,USDC/BRL,5.22,5.2706,5.1574,5.2658,17641.89105051,92898.66989377554
2023-03-15,Foxbit,USDC,USDC/BRL,5.2418,5.3299,5.2235,5.263,13208.50741679,69516.37453456577
2023-03-16,Foxbit,USDC,USDC/BRL,5.2691,5.3133,5.2116,5.2533,13823.99713624,72621.60415580959
2023-03-17,Foxbit,USDC,USDC/BRL,5.2486,5.2998,5.1742,5.2585,21133.46280344,111130.31415188924
2023-03-18,Foxbit,USDC,USDC/BRL,5.2559,5.2998,5.2282,5.2318,919.70806568,4811.728658024624
2023-03-19,Foxbit,USDC,USDC/BRL,5.2349,5.2788,5.2258,5.2258,1759.04977878,9192.442333948524
2023-03-20,Foxbit,USDC,USDC/BRL,5.2338,5.2992,5.2178,5.2437,5924.8877855,31068.33408082635
2023-03-21,Foxbit,USDC,USDC/BRL,5.2706,5.3227,5.2376,5.2485,74882.08931126,393018.6457501481
2023-03-22,Foxbit,USDC,USDC/BRL,5.2488,5.3274,5.1779,5.2704,8857.88351646,46684.58928515079
2023-03-23,Foxbit,USDC,USDC/BRL,5.274,5.3201,5.2355,5.28,11885.57142363,62755.8171167664
2023-03-24,Foxbit,USDC,USDC/BRL,5.2738,5.3452,5.2277,5.2559,26681.81847642,140236.96973021587
2023-03-25,Foxbit,USDC,USDC/BRL,5.2795,5.2944,5.2465,5.2913,3100.80309547,16407.279419060407
2023-03-26,Foxbit,USDC,USDC/BRL,5.2913,5.2944,5.2544,5.285,2089.57380182,11043.3975426187
2023-03-27,Foxbit,USDC,USDC/BRL,5.2651,5.2944,5.2018,5.2288,9083.67201397,47496.70422664633
2023-03-28,Foxbit,USDC,USDC/BRL,5.2298,5.2642,5.1531,5.1867,23857.04838337,123739.35285002517
2023-03-29,Foxbit,USDC,USDC/BRL,5.1867,5.2635,5.15,5.1695,8976.23533104,46402.64854381128
2023-03-30,Foxbit,USDC,USDC/BRL,5.1501,5.1806,5.1103,5.1395,15117.0896431,77694.28222071246
2023-03-31,Foxbit,USDC,USDC/BRL,5.1395,5.1507,5.0711,5.1112,30617.57149138,156492.53140674147
2023-04-01,Foxbit,USDC,USDC/BRL,5.1112,5.2076,5.058,5.1106,8007.25050564,40921.85443412378
2023-04-02,Foxbit,USDC,USDC/BRL,5.1106,5.1533,5.0852,5.1058,6182.24384119,31565.300604347904
2023-04-03,Foxbit,USDC,USDC/BRL,5.1324,5.1473,5.0545,5.1111,15431.71883785,78873.05815213514
2023-04-04,Foxbit,USDC,USDC/BRL,5.0898,5.14,5.0567,5.0883,32428.419944,165005.5292010552
2023-04-05,Foxbit,USDC,USDC/BRL,5.0772,5.1546,5.051,5.084,19337.07446208,98309.68656521471
2023-04-06,Foxbit,USDC,USDC/BRL,5.0811,5.1366,5.051,5.0673,19332.57895775,97963.97735260658
2023-04-07,Foxbit,USDC,USDC/BRL,5.0702,5.0978,5.0602,5.0889,6017.76503061,30623.80446427123
2023-04-08,Foxbit,USDC,USDC/BRL,5.0889,5.0974,5.0536,5.0922,1832.04444682,9329.136732096804
2023-04-09,Foxbit,USDC,USDC/BRL,5.0922,5.0973,5.0539,5.0539,5427.09328295,27427.986742701003
2023-04-10,Foxbit,USDC,USDC/BRL,5.0791,5.1523,5.051,5.0573,18436.00829278,93236.42473907629
2023-04-11,Foxbit,USDC,USDC/BRL,5.0767,5.0824,5.0,5.0409,28205.59433456,142181.58048108348
2023-04-12,Foxbit,USDC,USDC/BRL,5.0409,5.0641,4.9353,4.965,26456.82123285,131358.11742110027
2023-04-13,Foxbit,USDC,USDC/BRL,4.9506,4.9939,4.92,4.9629,22538.16638174,111854.66593593746
2023-04-14,Foxbit,USDC,USDC/BRL,4.9629,5.0148,4.925,4.9353,34098.78858163,168287.75128691853
2023-04-15,Foxbit,USDC,USDC/BRL,4.9572,4.9847,4.935,4.9684,6072.24067648,30169.32057702323
2023-04-16,Foxbit,USDC,USDC/BRL,4.97,4.9999,4.9501,4.9901,6146.29280309,30670.61571669941
2023-04-17,Foxbit,USDC,USDC/BRL,4.9642,5.0,4.925,4.9815,9814.45052664,48890.68529845715
2023-04-18,Foxbit,USDC,USDC/BRL,4.9567,5.0318,4.925,4.9799,28780.72790072,143325.14687279554
2023-04-19,Foxbit,USDC,USDC/BRL,5.0072,5.1248,4.9252,5.0878,22550.07473291,114730.2702260995
2023-04-20,Foxbit,USDC,USDC/BRL,5.12,5.1437,4.9944,5.0545,19269.34568981,97396.90778914465
2023-04-21,Foxbit,USDC,USDC/BRL,5.0739,5.122,4.9993,5.0605,29498.83017636,149278.83010746978
2023-04-22,Foxbit,USDC,USDC/BRL,5.0605,5.0999,5.0605,5.0998,2459.97652443,12545.388279288116
2023-04-23,Foxbit,USDC,USDC/BRL,5.0762,5.0999,5.0615,5.0617,1577.29706025,7983.804529867425
2023-04-24,Foxbit,USDC,USDC/BRL,5.0645,5.0999,5.0001,5.0424,37808.86605005,190647.4261707721
2023-04-25,Foxbit,USDC,USDC/BRL,5.0615,5.092,5.0419,5.0771,39409.62891327,200086.6269555631
2023-04-26,Foxbit,USDC,USDC/BRL,5.0771,5.0995,5.0,5.0533,39914.10472803,201697.94542215398
2023-04-27,Foxbit,USDC,USDC/BRL,5.0709,5.08,4.98,4.98,22200.52575003,110558.6182351494
2023-04-28,Foxbit,USDC,USDC/BRL,4.9989,5.0798,4.98,5.0111,33288.35534679,166811.27747829937
2023-04-29,Foxbit,USDC,USDC/BRL,4.9911,5.0156,4.9911,5.0106,603.82290446,3025.515045087276
2023-04-30,Foxbit,USDC,USDC/BRL,5.0106,5.0204,4.9907,4.9911,1671.67956797,8343.519891695069
2023-05-01,Foxbit,USDC,USDC/BRL,4.9909,5.024,4.9869,4.9905,35495.16406255,177138.6162541558
2023-05-02,Foxbit,USDC,USDC/BRL,4.9911,5.0587,4.9801,5.0166,34899.59199949,175077.29322464156
2023-05-03,Foxbit,USDC,USDC/BRL,5.0329,5.0747,4.979,4.9992,16050.95748018,80241.94663491586
2023-05-04,Foxbit,USDC,USDC/BRL,4.98,5.0733,4.97,4.9715,5705.45888527,28364.688848119804
2023-05-05,Foxbit,USDC,USDC/BRL,4.9912,5.0747,4.9512,4.9919,45039.35688201,224831.9656193057
2023-05-06,Foxbit,USDC,USDC/BRL,4.9919,5.0173,4.9588,5.0133,2325.70336283,11659.448668875639
2023-05-07,Foxbit,USDC,USDC/BRL,5.0133,5.041,4.9883,5.041,6324.67020977,31882.66252745057
2023-05-08,Foxbit,USDC,USDC/BRL,5.0175,5.0518,4.9502,5.05,10143.07372996,51222.522336298
2023-05-09,Foxbit,USDC,USDC/BRL,5.0305,5.071,4.9865,4.9978,5971.60274413,29844.876194612913
2023-05-10,Foxbit,USDC,USDC/BRL,4.9911,5.02,4.9501,4.97,11544.34462752,57375.392798774395
2023-05-11,Foxbit,USDC,USDC/BRL,4.97,4.99,4.9338,4.9352,32454.95025916,160171.67051900644
2023-05-12,Foxbit,USDC,USDC/BRL,4.9645,4.9772,4.9179,4.9747,22531.51732864,112087.53925478541
2023-05-13,Foxbit,USDC,USDC/BRL,4.9486,4.9747,4.934,4.9557,18836.47768351,93347.9324561705
2023-05-14,Foxbit,USDC,USDC/BRL,4.9595,4.9743,4.9338,4.9667,2547.9095701,12654.702461815672
2023-05-15,Foxbit,USDC,USDC/BRL,4.9525,4.9747,4.9014,4.9017,5182.42618136,25402.69841317231
2023-05-16,Foxbit,USDC,USDC/BRL,4.9299,4.9716,4.9,4.9451,25241.27460313,124820.62703993818
2023-05-17,Foxbit,USDC,USDC/BRL,4.9658,5.0046,4.9357,4.9645,3671.08571353,18225.105024819684
2023-05-18,Foxbit,USDC,USDC/BRL,4.9645,5.0076,4.9456,4.9937,17828.9976207,89032.66541848959
2023-05-19,Foxbit,USDC,USDC/BRL,4.9937,5.0199,4.9603,4.9942,19477.62426439,97275.15110121654
2023-05-20,Foxbit,USDC,USDC/BRL,4.975,5.0088,4.9714,4.9714,4256.09851053,21158.76813524884
2023-05-21,Foxbit,USDC,USDC/BRL,4.9714,5.0088,4.9714,4.989,8622.94667336,43019.88095339304
2023-05-22,Foxbit,USDC,USDC/BRL,5.0088,5.0088,4.9001,4.9846,28556.98815924,142345.16317854772
2023-05-23,Foxbit,USDC,USDC/BRL,4.9846,5.0086,4.9452,4.9856,8853.26974918,44138.86166151181
2023-05-24,Foxbit,USDC,USDC/BRL,4.9607,5.0076,4.9267,4.9394,7295.90877258,36037.41179128165
2023-05-25,Foxbit,USDC,USDC/BRL,4.939,5.0683,4.9,5.0254,44827.43635558,225275.79866133176
2023-05-26,Foxbit,USDC,USDC/BRL,5.0254,5.0426,4.957,4.9901,14455.37304477,72133.75703070678
2023-05-27,Foxbit,USDC,USDC/BRL,5.0144,5.0255,4.9632,5.0254,5673.03984713,28509.294447767104
2023-05-28,Foxbit,USDC,USDC/BRL,5.0245,5.032,4.9876,5.0267,2188.10240342,10998.934351271313
2023-05-29,Foxbit,USDC,USDC/BRL,5.0382,5.0632,4.9579,4.9826,35985.74483731,179302.57222638078
2023-05-30,Foxbit,USDC,USDC/BRL,5.0,5.0906,4.9826,5.0647,17726.66647688,89780.24770545414
2023-05-31,Foxbit,USDC,USDC/BRL,5.0556,5.13,5.0172,5.06,26717.43793354,135190.23594371238
2023-06-01,Foxbit,USDC,USDC/BRL,5.08,5.0953,4.9854,5.0003,34086.00564546,170440.25402899363
2023-06-02,Foxbit,USDC,USDC/BRL,5.0375,5.0405,4.9352,4.9578,8726.9568304,43266.50657375712
2023-06-03,Foxbit,USDC,USDC/BRL,4.9871,4.9961,4.9413,4.9961,6949.00706533,34717.934199095216
2023-06-04,Foxbit,USDC,USDC/BRL,4.958,4.9961,4.9431,4.9658,2544.16953304,12633.83706717003
2023-06-05,Foxbit,USDC,USDC/BRL,4.9959,4.9962,4.9129,4.9871,15878.92482919,79189.78601565344
2023-06-06,Foxbit,USDC,USDC/BRL,4.9515,4.9816,4.9,4.9428,8302.7527571,41038.84632779388
2023-06-07,Foxbit,USDC,USDC/BRL,4.9002,4.95,4.9,4.925,7874.56165053,38782.21612886025
2023-06-08,Foxbit,USDC,USDC/BRL,4.925,4.925,4.912,4.925,8026.95526259,39532.754668255744
2023-06-09,Foxbit,USDC,USDC/BRL,4.9128,4.9461,4.8633,4.8929,20179.96658708,98738.55851392374
2023-06-10,Foxbit,USDC,USDC/BRL,4.92,4.9402,4.8644,4.8825,7981.49113607,38969.630471861776
2023-06-11,Foxbit,USDC,USDC/BRL,4.9265,4.9399,4.8845,4.9399,1710.04786137,8447.465430381662
2023-06-12,Foxbit,USDC,USDC/BRL,4.94,4.94,4.8405,4.8667,15157.57739867,73767.3819261073
2023-06-13,Foxbit,USDC,USDC/BRL,4.8929,4.9353,4.8,4.8895,96339.65266708,471052.7317156876
2023-06-14,Foxbit,USDC,USDC/BRL,4.869,4.9,4.8,4.8644,89213.52899353,433970.2904361273
2023-06-15,Foxbit,USDC,USDC/BRL,4.8625,4.92,4.8,4.84,51784.50615343,250637.00978260118
2023-06-16,Foxbit,USDC,USDC/BRL,4.8575,4.9188,4.8,4.8366,29607.94728617,143201.79784428983
2023-06-17,Foxbit,USDC,USDC/BRL,4.86,4.8874,4.82,4.8439,4332.60753967,20986.71766140751
2023-06-18,Foxbit,USDC,USDC/BRL,4.8755,4.8868,4.8203,4.878,1614.66512595,7876.3364843841
2023-06-19,Foxbit,USDC,USDC/BRL,4.8415,4.8747,4.78,4.8148,35155.08178477,169264.6877773106
2023-06-20,Foxbit,USDC,USDC/BRL,4.8078,4.8453,4.78,4.8182,14762.23768959,71127.41363598254
2023-06-21,Foxbit,USDC,USDC/BRL,4.8139,4.8464,4.767,4.7811,41199.9661018,196981.157929316
2023-06-22,Foxbit,USDC,USDC/BRL,4.7873,4.8135,4.767,4.7674,7854.98103407,37447.836581825315
2023-06-23,Foxbit,USDC,USDC/BRL,4.7729,4.8474,4.7376,4.8,14291.19267716,68597.72485036799
2023-06-24,Foxbit,USDC,USDC/BRL,4.829,4.8409,4.7464,4.7808,20084.34017443,96019.21350591494
2023-06-25,Foxbit,USDC,USDC/BRL,4.8033,4.8199,4.7715,4.8199,893.51154864,4306.636313289936
2023-06-26,Foxbit,USDC,USDC/BRL,4.8001,4.8199,4.7533,4.7919,16502.75827737,79079.56738932931
2023-06-27,Foxbit,USDC,USDC/BRL,4.7721,4.84,4.772,4.8353,7248.17680995,35047.10932915124
2023-06-28,Foxbit,USDC,USDC/BRL,4.8358,4.892,4.8052,4.8507,40639.52745768,197130.15583896838
2023-06-29,Foxbit,USDC,USDC/BRL,4.8525,4.892,4.8385,4.8455,1628.29199233,7889.888848835016
2023-06-30,Foxbit,USDC,USDC/BRL,4.8508,4.8839,4.788,4.8256,9687.31792922,46747.12139924403
2023-07-01,Foxbit,USDC,USDC/BRL,4.8199,4.8447,4.7775,4.8272,10515.5652534,50760.73659121249
2023-07-02,Foxbit,USDC,USDC/BRL,4.8007,4.8301,4.7765,4.7819,11882.29917654,56819.96643229663
2023-07-03,Foxbit,USDC,USDC/BRL,4.8185,4.83,4.7614,4.8152,42065.86118327,202555.5347696817
2023-07-04,Foxbit,USDC,USDC/BRL,4.7901,4.8712,4.79,4.8416,26870.82770833,130097.79943265053
2023-07-05,Foxbit,USDC,USDC/BRL,4.8675,4.9075,4.8321,4.8652,3472.89164836,16896.31244760107
2023-07-06,Foxbit,USDC,USDC/BRL,4.8413,4.9617,4.8365,4.906,158597.98613749,778081.7199905259
2023-07-07,Foxbit,USDC,USDC/BRL,4.9088,4.9588,4.8287,4.9004,48254.3307446,236465.52238083788
2023-07-08,Foxbit,USDC,USDC/BRL,4.9017,4.9243,4.8748,4.9243,1063.96277774,5239.271906425082
2023-07-09,Foxbit,USDC,USDC/BRL,4.9223,4.9288,4.888,4.897,1844.56041255,9032.81234025735
2023-07-10,Foxbit,USDC,USDC/BRL,4.9134,4.9285,4.8675,4.8751,11290.06307807,55040.18651189905
2023-07-11,Foxbit,USDC,USDC/BRL,4.8947,4.9379,4.865,4.8881,13619.32007711,66572.59846892138
2023-07-12,Foxbit,USDC,USDC/BRL,4.8706,4.8968,4.8108,4.8593,2262.19142687,10992.666800589392
2023-07-13,Foxbit,USDC,USDC/BRL,4.8308,4.8656,4.7915,4.8102,11288.56002679,54300.23144086526
2023-07-14,Foxbit,USDC,USDC/BRL,4.8052,4.8479,4.785,4.837,17155.69454923,82982.0945346255
2023-07-15,Foxbit,USDC,USDC/BRL,4.8371,4.8498,4.8071,4.8454,4416.34961204,21398.980410178614
2023-07-16,Foxbit,USDC,USDC/BRL,4.8444,4.8595,4.7953,4.8071,6609.65480776,31773.2716263831
2023-07-17,Foxbit,USDC,USDC/BRL,4.8096,4.8733,4.7955,4.813,7145.12883922,34389.50510316586
2023-07-18,Foxbit,USDC,USDC/BRL,4.843,4.8546,4.8117,4.8354,14956.71854844,72321.71686912677
2023-07-19,Foxbit,USDC,USDC/BRL,4.8159,4.8493,4.79,4.8323,16645.86625036,80437.81948161463
2023-07-20,Foxbit,USDC,USDC/BRL,4.7998,4.842,4.785,4.8316,5627.39118064,27189.303228380224
2023-07-21,Foxbit,USDC,USDC/BRL,4.7934,4.8387,4.7801,4.782,58333.57113127,278951.13714973314
2023-07-22,Foxbit,USDC,USDC/BRL,4.8177,4.82,4.7858,4.82,481.34823083,2320.0984726006
2023-07-23,Foxbit,USDC,USDC/BRL,4.82,4.82,4.78,4.82,2234.9518714,10772.468020148
2023-07-24,Foxbit,USDC,USDC/BRL,4.7952,4.82,4.7263,4.7479,65401.99013256,310522.1089503816
2023-07-25,Foxbit,USDC,USDC/BRL,4.7449,4.7914,4.74,4.7862,4372.30119661,20926.707987214784
2023-07-26,Foxbit,USDC,USDC/BRL,4.7878,4.7924,4.7252,4.7471,59189.02947829,280976.24183639046
2023-07-27,Foxbit,USDC,USDC/BRL,4.7804,4.7831,4.7285,4.7797,3587.3017704,17146.22627198088
2023-07-28,Foxbit,USDC,USDC/BRL,4.7532,4.7915,4.6908,4.7542,44229.34376436,210275.1461245203
2023-07-29,Foxbit,USDC,USDC/BRL,4.765,4.7858,4.7414,4.7549,27648.1456476,131464.16773977323
2023-07-30,Foxbit,USDC,USDC/BRL,4.753,4.7928,4.7465,4.76,2057.97574969,9795.9645685244
2023-07-31,Foxbit,USDC,USDC/BRL,4.7893,4.7893,4.7309,4.7705,13092.93147775,62459.82961460638
2023-08-01,Foxbit,USDC,USDC/BRL,4.7667,4.8313,4.7246,4.8142,19349.77868184,93153.70453011413
2023-08-02,Foxbit,USDC,USDC/BRL,4.7825,4.85,4.7822,4.82,26527.86404432,127864.3046936224
2023-08-03,Foxbit,USDC,USDC/BRL,4.82,4.942,4.8025,4.9406,12994.8262816,64202.23872687296
2023-08-04,Foxbit,USDC,USDC/BRL,4.9062,4.9434,4.8551,4.9,28693.38700857,140597.59634199302
2023-08-05,Foxbit,USDC,USDC/BRL,4.9,4.9283,4.844,4.8775,20569.84365798,100329.41244179745
2023-08-06,Foxbit,USDC,USDC/BRL,4.9124,4.9228,4.8767,4.9,2607.65747526,12777.521628774
2023-08-07,Foxbit,USDC,USDC/BRL,4.8828,4.9406,4.875,4.9239,18842.09676587,92776.60026546728
2023-08-08,Foxbit,USDC,USDC/BRL,4.8961,4.953,4.879,4.8966,8648.2007851,42346.77996432066
2023-08-09,Foxbit,USDC,USDC/BRL,4.9211,4.9388,4.8862,4.9013,25068.26910108,122867.10734512341
2023-08-10,Foxbit,USDC,USDC/BRL,4.9316,4.9316,4.8522,4.9136,20427.28633245,100371.51412312631
2023-08-11,Foxbit,USDC,USDC/BRL,4.9176,4.9405,4.865,4.9008,13758.10639515,67425.72782135113
2023-08-12,Foxbit,USDC,USDC/BRL,4.9049,4.9418,4.9008,4.9393,3267.093268,16137.1537786324
2023-08-13,Foxbit,USDC,USDC/BRL,4.9066,4.9529,4.9033,4.9214,1929.26016703,9494.660986021443
2023-08-14,Foxbit,USDC,USDC/BRL,4.923,5.0002,4.9037,4.977,13935.47745787,69356.87130781899
2023-08-15,Foxbit,USDC,USDC/BRL,4.9495,5.02,4.9495,4.9866,12956.44712013,64608.61920924026
2023-08-16,Foxbit,USDC,USDC/BRL,5.0158,5.02,4.9658,5.02,7074.43058867,35513.6415551234
2023-08-17,Foxbit,USDC,USDC/BRL,4.9968,5.071,4.9801,5.0523,24352.55140418,123036.39545933862
2023-08-18,Foxbit,USDC,USDC/BRL,5.0294,5.0561,4.9468,5.0175,29146.5428102,146242.7785501785
2023-08-19,Foxbit,USDC,USDC/BRL,4.986,5.0417,4.9839,4.9992,3450.47825875,17249.630911143
2023-08-20,Foxbit,USDC,USDC/BRL,4.9983,5.0398,4.9946,5.0024,911.96084445,4561.99292827668
2023-08-21,Foxbit,USDC,USDC/BRL,5.0057,5.0459,4.9023,4.9735,46823.75478565,232877.94442643027
2023-08-22,Foxbit,USDC,USDC/BRL,4.9966,5.0149,4.9337,4.972,31877.04648383,158492.67511760278
2023-08-23,Foxbit,USDC,USDC/BRL,4.9687,4.9746,4.8625,4.8987,17592.75405907,86181.6243091662
2023-08-24,Foxbit,USDC,USDC/BRL,4.8989,4.911,4.866,4.9033,7152.28051225,35069.77703571542
2023-08-25,Foxbit,USDC,USDC/BRL,4.906,4.9197,4.8618,4.9004,12258.77467201,60072.89940271781
2023-08-26,Foxbit,USDC,USDC/BRL,4.902,4.9158,4.8693,4.9094,4043.64157338,19851.85394035177
2023-08-27,Foxbit,USDC,USDC/BRL,4.9094,4.9253,4.8602,4.8718,4771.69410967,23246.73936349031
2023-08-28,Foxbit,USDC,USDC/BRL,4.9006,4.9393,4.8608,4.8799,23862.46647814,116446.45016667538
2023-08-29,Foxbit,USDC,USDC/BRL,4.886,4.9216,4.85,4.8655,13049.83088411,63493.95216663721
2023-08-30,Foxbit,USDC,USDC/BRL,4.891,4.9182,4.8506,4.8977,8841.76750057,43304.324687541695
2023-08-31,Foxbit,USDC,USDC/BRL,4.9027,4.9915,4.8805,4.9698,5218.92207596,25936.99893310601
2023-09-01,Foxbit,USDC,USDC/BRL,4.9853,4.9883,4.85,4.9412,12211.61854345,60340.04954689514
2023-09-02,Foxbit,USDC,USDC/BRL,4.9691,4.9926,4.946,4.9824,2285.38715446,11386.712958381506
2023-09-03,Foxbit,USDC,USDC/BRL,4.96,5.0024,4.9489,4.9806,4350.99873564,21670.58430272858
2023-09-04,Foxbit,USDC,USDC/BRL,4.9654,4.9922,4.8627,4.9534,33760.86718725,167231.07952532414
2023-09-05,Foxbit,USDC,USDC/BRL,4.9496,5.0085,4.9312,4.9822,16614.02938468,82774.4172003527
2023-09-06,Foxbit,USDC,USDC/BRL,4.9807,5.02,4.953,4.9688,18602.96441919,92434.40960607128
2023-09-07,Foxbit,USDC,USDC/BRL,4.9919,5.0186,4.9777,4.9887,9787.37294114,48826.26739146512
2023-09-08,Foxbit,USDC,USDC/BRL,5.0035,5.0262,4.9588,4.9899,38386.84048901,191546.49535611097
2023-09-09,Foxbit,USDC,USDC/BRL,4.9882,5.021,4.982,5.0013,19299.33632981,96521.77078627875
2023-09-10,Foxbit,USDC,USDC/BRL,5.021,5.036,4.9915,4.9915,578.3572383,2886.87015497445
2023-09-11,Foxbit,USDC,USDC/BRL,5.0176,5.0318,4.9242,4.9432,12164.31360609,60130.63501762409
2023-09-12,Foxbit,USDC,USDC/BRL,4.959,4.9873,4.9369,4.9861,4606.06444456,22966.29792702062
2023-09-13,Foxbit,USDC,USDC/BRL,4.9802,4.9852,4.9263,4.9329,12045.3431732,59418.473339078286
2023-09-14,Foxbit,USDC,USDC/BRL,4.961,4.961,4.8771,4.8945,7616.42507153,37278.59251260359
2023-09-15,Foxbit,USDC,USDC/BRL,4.9145,4.9359,4.85,4.9359,31255.52962999,154274.16870066765
2023-09-16,Foxbit,USDC,USDC/BRL,4.8977,4.9161,4.8631,4.8874,5568.8465194,27217.18047891556
2023-09-17,Foxbit,USDC,USDC/BRL,4.8856,4.9143,4.8585,4.8766,5313.21074795,25910.40353345297
2023-09-18,Foxbit,USDC,USDC/BRL,4.8726,4.907,4.8536,4.8653,5024.02891622,24443.407886085166
2023-09-19,Foxbit,USDC,USDC/BRL,4.8855,4.9049,4.8603,4.9012,2375.66769314,11643.62249761777
2023-09-20,Foxbit,USDC,USDC/BRL,4.8853,4.9043,4.848,4.8774,6590.16213112,32142.856778324684
2023-09-21,Foxbit,USDC,USDC/BRL,4.8751,4.9717,4.8751,4.9444,5731.94953273,28341.05126963021
2023-09-22,Foxbit,USDC,USDC/BRL,4.9647,4.9778,4.9221,4.975,1641.90908456,8168.497695686
2023-09-23,Foxbit,USDC,USDC/BRL,4.9611,4.97,4.947,4.9623,2398.97070089,11904.412309026447
2023-09-24,Foxbit,USDC,USDC/BRL,4.9464,4.9698,4.9409,4.9615,1345.66795474,6676.531557442509
2023-09-25,Foxbit,USDC,USDC/BRL,4.9615,4.9996,4.9462,4.9753,10799.81293428,53732.30929192328
2023-09-26,Foxbit,USDC,USDC/BRL,4.9935,5.0135,4.9576,5.0066,15220.79661057,76204.44031047975
2023-09-27,Foxbit,USDC,USDC/BRL,5.0007,5.0807,4.9833,5.0568,13450.69829452,68017.49113572873
2023-09-28,Foxbit,USDC,USDC/BRL,5.038,5.0802,5.028,5.0634,40691.07737114,206035.20116103027
2023-09-29,Foxbit,USDC,USDC/BRL,5.0476,5.0762,5.0153,5.0537,9445.38427248,47734.13849783217
2023-09-30,Foxbit,USDC,USDC/BRL,5.0567,5.066,5.0287,5.0538,1553.6127272,7851.64800072336
2023-10-01,Foxbit,USDC,USDC/BRL,5.055,5.0766,5.0275,5.0275,22714.90846119,114199.20228863272
2023-10-02,Foxbit,USDC,USDC/BRL,5.046,5.0999,5.0263,5.0823,32582.14017483,165592.2110105385
2023-10-03,Foxbit,USDC,USDC/BRL,5.0591,5.1666,4.8,5.1574,49127.46216841,253369.97338735772
2023-10-04,Foxbit,USDC,USDC/BRL,5.1323,5.1899,5.1221,5.1431,14059.53599156,72309.59955819223
2023-10-05,Foxbit,USDC,USDC/BRL,5.1432,5.204,5.1394,5.1721,21387.70693499,110619.3590384618
2023-10-06,Foxbit,USDC,USDC/BRL,5.1895,5.2358,5.1166,5.181,22599.73596193,117089.23201875933
2023-10-07,Foxbit,USDC,USDC/BRL,5.1816,5.1893,5.1206,5.1576,12378.10450805,63841.31181071869
2023-10-08,Foxbit,USDC,USDC/BRL,5.1565,5.2103,5.1565,5.1988,3068.91103003,15954.654662919964
2023-10-09,Foxbit,USDC,USDC/BRL,5.201,5.2073,5.0886,5.1594,15526.86794283,80109.3224642371
2023-10-10,Foxbit,USDC,USDC/BRL,5.1599,5.1654,5.059,5.0874,2836.80621602,14431.967943380148
2023-10-11,Foxbit,USDC,USDC/BRL,5.0741,5.132,5.033,5.0941,57256.03349661,291667.960235081
2023-10-12,Foxbit,USDC,USDC/BRL,5.0749,5.0986,5.0656,5.0912,3243.38173246,16512.70507630035
2023-10-13,Foxbit,USDC,USDC/BRL,5.0982,5.1271,5.0633,5.1251,17143.96738655,87864.5472528074
2023-10-14,Foxbit,USDC,USDC/BRL,5.0983,5.135,5.0942,5.131,10199.57781408,52334.03376404448
2023-10-15,Foxbit,USDC,USDC/BRL,5.1317,5.14,5.1052,5.1358,481.51703898,2472.975208793484
2023-10-16,Foxbit,USDC,USDC/BRL,5.1158,5.1313,5.0177,5.0546,23532.25159336,118946.11890379745
2023-10-17,Foxbit,USDC,USDC/BRL,5.057,5.0973,5.0343,5.069,9371.50483121,47504.157989403495
2023-10-18,Foxbit,USDC,USDC/BRL,5.0563,5.0932,5.0424,5.0885,8663.29082259,44083.155350749206
2023-10-19,Foxbit,USDC,USDC/BRL,5.0758,5.1,5.0479,5.0889,17975.12867824,91473.63233069552
2023-10-20,Foxbit,USDC,USDC/BRL,5.0829,5.1104,5.0452,5.0642,19272.42552473,97599.41734233765
2023-10-21,Foxbit,USDC,USDC/BRL,5.0642,5.0768,5.044,5.0766,1134.53846772,5759.597985227352
2023-10-22,Foxbit,USDC,USDC/BRL,5.0567,5.0768,5.0529,5.0545,4860.60892521,24567.947812473943
2023-10-23,Foxbit,USDC,USDC/BRL,5.0543,5.081,5.0235,5.0493,5039.17971158,25444.330117680893
2023-10-24,Foxbit,USDC,USDC/BRL,5.0487,5.0661,5.0073,5.0244,15657.65104233,78670.30189708286
2023-10-25,Foxbit,USDC,USDC/BRL,5.0309,5.0483,4.96,5.0197,139877.96321998,702145.4119753337
2023-10-26,Foxbit,USDC,USDC/BRL,5.0296,5.0433,4.9692,5.0317,20476.82457695,103033.2382238393
2023-10-27,Foxbit,USDC,USDC/BRL,5.0305,5.0488,4.9486,5.0229,50110.25820092,251698.81591740105
2023-10-28,Foxbit,USDC,USDC/BRL,5.0474,5.0535,5.0186,5.0535,2173.53328736,10983.95046767376
2023-10-29,Foxbit,USDC,USDC/BRL,5.0363,5.0537,5.0214,5.0227,6670.85925208,33505.72476542222
2023-10-30,Foxbit,USDC,USDC/BRL,5.041,5.0852,4.9916,5.0716,20784.75959954,105411.98678502707
2023-10-31,Foxbit,USDC,USDC/BRL,5.0716,5.0984,5.0,5.0739,11232.58526037,56993.014352591345
2023-11-01,Foxbit,USDC,USDC/BRL,5.0701,5.0859,4.9785,4.9958,76277.78989743,381068.5827695808
2023-11-02,Foxbit,USDC,USDC/BRL,4.9966,5.0484,4.9787,4.982,18226.17599396,90802.80880190873
2023-11-03,Foxbit,USDC,USDC/BRL,4.9879,5.013,4.8902,4.95,57266.6215748,283469.77679526
2023-11-04,Foxbit,USDC,USDC/BRL,4.95,4.95,4.9335,4.95,16851.25732183,83413.7237430585
2023-11-05,Foxbit,USDC,USDC/BRL,4.9433,4.9552,4.943,4.948,15631.03725888,77342.37235693824
2023-11-06,Foxbit,USDC,USDC/BRL,4.951,4.9532,4.9028,4.9052,31329.2600489,153676.28639186427
2023-11-07,Foxbit,USDC,USDC/BRL,4.9052,4.924,4.89,4.9095,33169.98291679,162848.03112998052
2023-11-08,Foxbit,USDC,USDC/BRL,4.9095,4.945,4.8866,4.9422,31279.89926761,154591.51816038214
2023-11-09,Foxbit,USDC,USDC/BRL,4.9251,4.9861,4.9083,4.9567,34872.30223831,172851.54050463118
2023-11-10,Foxbit,USDC,USDC/BRL,4.9806,4.9865,4.9267,4.9475,17131.03039265,84755.77286763587
2023-11-11,Foxbit,USDC,USDC/BRL,4.9299,4.9637,4.9299,4.963,13838.40232913,68679.99075947219
2023-11-12,Foxbit,USDC,USDC/BRL,4.9417,4.965,4.9362,4.9422,12802.97248009,63274.850591100796
2023-11-13,Foxbit,USDC,USDC/BRL,4.9422,4.993,4.927,4.9555,61222.46003809,303387.900718755
2023-11-14,Foxbit,USDC,USDC/BRL,4.9431,4.9579,4.8611,4.9048,40366.91985415,197991.66850063493
2023-11-15,Foxbit,USDC,USDC/BRL,4.9048,4.97,4.8872,4.8872,16711.3755796,81671.83473262112
2023-11-16,Foxbit,USDC,USDC/BRL,4.9068,4.9389,4.8519,4.9179,25752.72601006,126649.33124487408
2023-11-17,Foxbit,USDC,USDC/BRL,4.9179,4.9728,4.88,4.9311,17559.80300714,86589.14460850804
2023-11-18,Foxbit,USDC,USDC/BRL,4.9593,4.9862,4.9279,4.9429,17548.8746747,86742.33262957462
2023-11-19,Foxbit,USDC,USDC/BRL,4.9636,4.9988,4.9373,4.9454,19343.153065,95659.629167651
2023-11-20,Foxbit,USDC,USDC/BRL,4.9685,4.9935,4.8794,4.9251,23716.62452902,116806.74746787638
2023-11-21,Foxbit,USDC,USDC/BRL,4.9282,5.0,4.8909,4.967,42214.196947,209677.91623574897
2023-11-22,Foxbit,USDC,USDC/BRL,4.98,4.9999,4.8914,4.9252,29723.67359108,146395.03717078723
2023-11-23,Foxbit,USDC,USDC/BRL,4.9435,4.9695,4.9063,4.9637,26573.92209494,131904.97710265368
2023-11-24,Foxbit,USDC,USDC/BRL,4.9633,4.9633,4.9077,4.9301,187090.97686044,922377.2250196553
2023-11-25,Foxbit,USDC,USDC/BRL,4.9291,4.9726,4.9255,4.9439,12493.02367981,61764.25977061266
2023-11-26,Foxbit,USDC,USDC/BRL,4.9727,5.0099,4.9363,4.945,26834.55643163,132696.88155441036
2023-11-27,Foxbit,USDC,USDC/BRL,4.945,4.9589,4.91,4.9213,71284.92089946,350814.4812225125
2023-11-28,Foxbit,USDC,USDC/BRL,4.9205,4.9882,4.8776,4.9005,34274.8453023,167963.87940392114
2023-11-29,Foxbit,USDC,USDC/BRL,4.9005,4.9441,4.8866,4.9312,32632.72166715,160918.47708505005
2023-11-30,Foxbit,USDC,USDC/BRL,4.936,4.9721,4.9092,4.9481,42002.55153528,207832.82525171898
2023-12-01,Foxbit,USDC,USDC/BRL,4.9576,4.9576,4.8759,4.91,64642.51539646,317394.7505966186
2023-12-02,Foxbit,USDC,USDC/BRL,4.91,4.9265,4.8933,4.924,13360.2799698,65786.01857129521
2023-12-03,Foxbit,USDC,USDC/BRL,4.8978,4.927,4.8968,4.92,41525.12102456,204303.5954408352
2023-12-04,Foxbit,USDC,USDC/BRL,4.92,4.9867,4.8879,4.9852,74849.45913222,373139.5236659431
2023-12-05,Foxbit,USDC,USDC/BRL,4.9693,5.0034,4.9425,4.9681,53751.65658709,267043.6050903218
2023-12-06,Foxbit,USDC,USDC/BRL,4.9635,4.9947,4.9079,4.9244,35784.65715123,176217.965675517
2023-12-07,Foxbit,USDC,USDC/BRL,4.9331,4.9481,4.9101,4.9301,28515.04518109,140582.02424729182
2023-12-08,Foxbit,USDC,USDC/BRL,4.9409,5.0034,4.9204,4.9428,44620.98025692,220552.58121390417
2023-12-09,Foxbit,USDC,USDC/BRL,4.9597,4.9708,4.9364,4.9647,42332.99313448,210170.61101475282
2023-12-10,Foxbit,USDC,USDC/BRL,4.9654,4.9763,4.9365,4.9714,25241.45889534,125485.38875229328
2023-12-11,Foxbit,USDC,USDC/BRL,4.9717,4.9999,4.9201,4.9641,115434.06359067,573026.235070445
2023-12-12,Foxbit,USDC,USDC/BRL,4.9884,5.0211,4.9546,5.0075,43204.95050004,216348.78962895033
2023-12-13,Foxbit,USDC,USDC/BRL,5.0075,5.0157,4.9447,4.9652,46447.03837145,230618.83492192355
2023-12-14,Foxbit,USDC,USDC/BRL,4.9695,4.9695,4.901,4.941,33664.34166768,166335.51218000686
2023-12-15,Foxbit,USDC,USDC/BRL,4.9395,4.996,4.9169,4.9845,65658.57996372,327275.1918291623
2023-12-16,Foxbit,USDC,USDC/BRL,4.974,4.9951,4.95,4.9639,7517.71588706,37317.18989177713
2023-12-17,Foxbit,USDC,USDC/BRL,4.9639,5.15,4.9639,5.0004,28123.24532682,140627.47593223074
2023-12-18,Foxbit,USDC,USDC/BRL,5.006,5.1495,4.9188,4.9413,142997.47440685,706593.4202865679
2023-12-19,Foxbit,USDC,USDC/BRL,4.929,5.0998,4.8809,4.9147,22709.6952389,111611.33919062183
2023-12-20,Foxbit,USDC,USDC/BRL,4.9147,4.989,4.8858,4.9448,24155.40970987,119443.66993336518
2023-12-21,Foxbit,USDC,USDC/BRL,4.9568,4.9627,4.8582,4.9276,48258.32547475,237797.7246093781
2023-12-22,Foxbit,USDC,USDC/BRL,4.9263,4.963,4.87,4.8865,35806.89550824,174970.39490101475
2023-12-23,Foxbit,USDC,USDC/BRL,4.8865,4.9064,4.8857,4.9039,30482.52425513,149483.250694732
2023-12-24,Foxbit,USDC,USDC/BRL,4.9044,4.9715,4.8902,4.9229,30648.50669332,150879.53360054502
2023-12-25,Foxbit,USDC,USDC/BRL,4.926,4.9679,4.901,4.9388,66485.06109249,328356.41972358956
2023-12-26,Foxbit,USDC,USDC/BRL,4.9425,4.9435,4.8245,4.8572,12934.71323095,62826.48910537033
2023-12-27,Foxbit,USDC,USDC/BRL,4.8594,4.8839,4.8422,4.863,636041.64226569,3093070.506338051
2023-12-28,Foxbit,USDC,USDC/BRL,4.8777,4.9083,4.8531,4.8858,23068.15006589,112706.36759192536
2023-12-29,Foxbit,USDC,USDC/BRL,4.9035,4.9335,4.8444,4.9165,30580.62800657,150349.65759430142
2023-12-30,Foxbit,USDC,USDC/BRL,4.9165,4.9332,4.8868,4.9287,3063.5982605,15099.55674652635
2023-12-31,Foxbit,USDC,USDC/BRL,4.9233,4.9545,4.8556,4.931,8740.08540881,43097.36115084211
2024-01-01,Foxbit,USDC,USDC/BRL,4.9248,4.9416,4.875,4.8786,2104.08162798,10264.972630263228
2024-01-02,Foxbit,USDC,USDC/BRL,4.9064,4.9482,4.8516,4.9474,80282.95536846,397191.89338991896
2024-01-03,Foxbit,USDC,USDC/BRL,4.9267,4.9956,4.882,4.9671,100236.83519369,497886.3840905776
2024-01-04,Foxbit,USDC,USDC/BRL,4.9455,4.9678,4.919,4.9192,36135.81855397,177759.31863068923
2024-01-05,Foxbit,USDC,USDC/BRL,4.9195,4.9564,4.88,4.9163,6387.25763665,31401.67471906239
2024-01-06,Foxbit,USDC,USDC/BRL,4.9162,4.938,4.8923,4.9181,4380.20683371,21542.295228869152
2024-01-07,Foxbit,USDC,USDC/BRL,4.9229,4.9294,4.8909,4.8998,2882.02374955,14121.33996804509
2024-01-08,Foxbit,USDC,USDC/BRL,4.8942,4.9336,4.882,4.9084,23410.65868902,114908.87710918578
2024-01-09,Foxbit,USDC,USDC/BRL,4.882,4.9548,4.8812,4.9201,13659.11869291,67204.22988098649
2024-01-10,Foxbit,USDC,USDC/BRL,4.9328,4.9487,4.8604,4.9296,44684.74886404,220277.93800017156
2024-01-11,Foxbit,USDC,USDC/BRL,4.9257,4.932,4.8505,4.8911,425559.1752861,2081452.4822418436
2024-01-12,Foxbit,USDC,USDC/BRL,4.8933,4.9204,4.8402,4.8975,10300.59858105,50447.181550692374
2024-01-13,Foxbit,USDC,USDC/BRL,4.8702,4.9129,4.8693,4.9038,10620.84781719,52082.51352593633
2024-01-14,Foxbit,USDC,USDC/BRL,4.8889,4.9099,4.8722,4.8789,3139.37167969,15316.68048803954
2024-01-15,Foxbit,USDC,USDC/BRL,4.9069,4.9446,4.856,4.914,59482.63930797,292297.6895593646
2024-01-16,Foxbit,USDC,USDC/BRL,4.9034,4.9666,4.8983,4.9598,100259.93583998,497269.2297791328
2024-01-17,Foxbit,USDC,USDC/BRL,4.9475,4.9796,4.9412,4.9531,7230.43959279,35813.09034704815
2024-01-18,Foxbit,USDC,USDC/BRL,4.9746,4.9887,4.9343,4.9641,64396.56283525,319670.97757046454
2024-01-19,Foxbit,USDC,USDC/BRL,4.9806,4.9851,4.8912,4.9563,10113.48991936,50125.49008732396
2024-01-20,Foxbit,USDC,USDC/BRL,4.956,4.9844,4.9358,4.972,25981.01571998,129177.61015974058
2024-01-21,Foxbit,USDC,USDC/BRL,4.9797,4.985,4.9516,4.9774,1897.27400418,9443.491628405533
2024-01-22,Foxbit,USDC,USDC/BRL,4.9775,5.0323,4.9517,4.9947,22996.41611701,114860.19957962986
2024-01-23,Foxbit,USDC,USDC/BRL,5.0154,5.0399,4.9712,4.995,20398.03044859,101888.16209070706
2024-01-24,Foxbit,USDC,USDC/BRL,4.9925,5.0066,4.941,4.9608,14608.40328154,72469.36699906363
2024-01-25,Foxbit,USDC,USDC/BRL,4.9605,4.98,4.9289,4.9489,15138.44601978,74918.65550728924
2024-01-26,Foxbit,USDC,USDC/BRL,4.9435,4.9587,4.922,4.922,49204.03791678,242182.27462639112
2024-01-27,Foxbit,USDC,USDC/BRL,4.9252,4.9697,4.9252,4.9659,2042.03417093,10140.53748942129
2024-01-28,Foxbit,USDC,USDC/BRL,4.9644,4.967,4.9452,4.9533,5287.47152833,26190.43272127699
2024-01-29,Foxbit,USDC,USDC/BRL,4.9651,4.9897,4.9178,4.9897,38304.577607,191128.3508856479
2024-01-30,Foxbit,USDC,USDC/BRL,4.9559,4.9905,4.9501,4.9867,6088.25468722,30360.299648759974
2024-01-31,Foxbit,USDC,USDC/BRL,4.9908,5.0071,4.9467,5.0038,4223.52633531,21133.681076624176
2024-02-01,Foxbit,USDC,USDC/BRL,4.9815,5.0102,4.9156,4.916,11404.4035258,56064.047732832805
2024-02-02,Foxbit,USDC,USDC/BRL,4.919,5.003,4.915,4.9946,13422.10742377,67038.05773876164
2024-02-03,Foxbit,USDC,USDC/BRL,4.9938,5.0199,4.9721,5.0036,30774.95021203,153985.5408809133
2024-02-04,Foxbit,USDC,USDC/BRL,5.0026,5.0116,4.9409,5.0022,10381.93833475,51932.53193808645
2024-02-05,Foxbit,USDC,USDC/BRL,5.0022,5.0449,4.9909,5.0182,43456.34052823,218072.6080387638
2024-02-06,Foxbit,USDC,USDC/BRL,5.0085,5.0182,4.97,4.9951,16344.91429989,81644.48141938054
2024-02-07,Foxbit,USDC,USDC/BRL,4.9951,4.9951,4.9726,4.9943,17670.87019523,88253.6270160372
2024-02-08,Foxbit,USDC,USDC/BRL,4.9951,5.0281,4.9728,4.9966,13350.60866802,66707.65127062873
2024-02-09,Foxbit,USDC,USDC/BRL,5.0224,5.023,4.9612,4.999,26912.51258044,134535.65038961955
2024-02-10,Foxbit,USDC,USDC/BRL,4.999,4.9991,4.9724,4.9918,4217.5434781,21053.13353397958
2024-02-11,Foxbit,USDC,USDC/BRL,4.9985,5.0,4.9525,4.9844,6242.53945869,31115.313677894435
2024-02-12,Foxbit,USDC,USDC/BRL,4.9837,5.0085,4.9572,4.9994,23340.71944386,116689.59278763368
2024-02-13,Foxbit,USDC,USDC/BRL,4.9847,5.0161,4.9723,4.9891,3536.74067788,17645.152916011106
2024-02-14,Foxbit,USDC,USDC/BRL,5.0052,5.0243,4.9696,4.9895,34105.64441858,170170.1128265049
2024-02-15,Foxbit,USDC,USDC/BRL,5.0,5.0249,4.9812,5.0181,44132.13866881,221459.48505395546
2024-02-16,Foxbit,USDC,USDC/BRL,5.018,5.0246,4.9877,5.0005,12351.86568287,61765.50434719143
2024-02-17,Foxbit,USDC,USDC/BRL,4.9917,5.0326,4.9844,5.0111,10676.40270307,53500.52158535407
2024-02-18,Foxbit,USDC,USDC/BRL,5.0194,5.0289,4.984,5.0216,10331.15744981,51878.9402499659
2024-02-19,Foxbit,USDC,USDC/BRL,5.0216,5.0529,4.9872,5.0084,17143.40318328,85861.02050313955
2024-02-20,Foxbit,USDC,USDC/BRL,5.0198,5.0386,4.9356,4.9662,57353.36629285,284828.28768355167
2024-02-21,Foxbit,USDC,USDC/BRL,4.9637,5.0473,4.949,4.9714,25776.74244499,128146.49739102328
2024-02-22,Foxbit,USDC,USDC/BRL,4.9654,5.0228,4.9445,4.9929,33996.9258437,169743.25104500973
2024-02-23,Foxbit,USDC,USDC/BRL,4.9971,5.0354,4.9871,5.0221,26830.18704209,134743.8823440802
2024-02-24,Foxbit,USDC,USDC/BRL,5.025,5.0436,5.0189,5.024,11091.2741524,55722.561341657594
2024-02-25,Foxbit,USDC,USDC/BRL,5.0377,5.0459,5.02,5.0258,2375.94196192,11941.009112217536
2024-02-26,Foxbit,USDC,USDC/BRL,5.0335,5.1107,4.9862,5.0166,28531.07620042,143128.996867027
2024-02-27,Foxbit,USDC,USDC/BRL,4.9929,5.0199,4.9083,4.9648,116257.27646766,577194.1262066384
2024-02-28,Foxbit,USDC,USDC/BRL,4.9676,5.0138,4.942,4.9835,75261.28826654,375064.6300763021
2024-02-29,Foxbit,USDC,USDC/BRL,4.994,5.0597,4.9405,5.0165,17799.82139608,89292.80403343531
2024-03-01,Foxbit,USDC,USDC/BRL,5.0055,5.0184,4.9731,4.9996,7526.5566824,37629.77278932704
2024-03-02,Foxbit,USDC,USDC/BRL,4.9996,4.9996,4.9643,4.9994,5881.0932325,29401.937506560498
2024-03-03,Foxbit,USDC,USDC/BRL,4.9994,5.0195,4.9641,4.9986,10895.025015,54459.872039978996
2024-03-04,Foxbit,USDC,USDC/BRL,4.9834,5.0123,4.9326,4.955,103758.53286013,514123.53032194416
2024-03-05,Foxbit,USDC,USDC/BRL,4.9414,5.011,4.9414,4.9877,98028.32956557,488935.89937419357
2024-03-06,Foxbit,USDC,USDC/BRL,5.0085,5.0609,4.9476,4.9969,71167.53748045,355617.0680360606
2024-03-07,Foxbit,USDC,USDC/BRL,4.9969,5.0057,4.9566,4.9856,31045.74372834,154781.65993201188
2024-03-08,Foxbit,USDC,USDC/BRL,4.9856,5.034,4.9648,5.0309,51453.11212053,258855.46176717436
2024-03-09,Foxbit,USDC,USDC/BRL,5.0163,5.0383,4.9579,4.9962,4714.21117448,23553.14186993698
2024-03-10,Foxbit,USDC,USDC/BRL,4.996,5.0612,4.9577,5.031,4340.68307919,21837.976571404888
2024-03-11,Foxbit,USDC,USDC/BRL,5.031,5.0366,4.9809,5.0202,12705.84338795,63785.87497618659
2024-03-12,Foxbit,USDC,USDC/BRL,5.0202,5.0319,4.85,4.9913,102695.05167453,512581.81142308156
2024-03-13,Foxbit,USDC,USDC/BRL,5.0046,5.0217,4.9782,5.0162,67490.72532491,338546.9763748136
2024-03-14,Foxbit,USDC,USDC/BRL,5.0165,5.04,4.9716,5.04,25844.24915373,130255.0157347992
2024-03-15,Foxbit,USDC,USDC/BRL,5.0247,5.3,4.969,5.0341,257201.30726497,1294777.1009025853
2024-03-16,Foxbit,USDC,USDC/BRL,5.0456,5.0574,4.9997,5.0346,8589.40494337,43244.21812789061
2024-03-17,Foxbit,USDC,USDC/BRL,5.0344,5.05,4.9697,5.0322,15706.44403646,79037.967680274
2024-03-18,Foxbit,USDC,USDC/BRL,5.0464,5.0699,5.0186,5.0698,13593.05405386,68914.06544225942
2024-03-19,Foxbit,USDC,USDC/BRL,5.0653,5.0856,5.0215,5.0802,34430.6134728,174914.40256451856
2024-03-20,Foxbit,USDC,USDC/BRL,5.0725,5.0852,5.0009,5.0137,22736.21245939,113992.54840764364
2024-03-21,Foxbit,USDC,USDC/BRL,5.0262,5.0262,4.9778,5.0166,280557.81042717,1407446.3117889413
2024-03-22,Foxbit,USDC,USDC/BRL,5.023,5.05,5.0092,5.0418,27412.90995038,138210.40938782587
2024-03-23,Foxbit,USDC,USDC/BRL,5.036,5.048,5.0266,5.0366,2003.77943915,10092.23552322289
2024-03-24,Foxbit,USDC,USDC/BRL,5.0357,5.054,5.0268,5.0268,2457.8919546,12355.33127738328
2024-03-25,Foxbit,USDC,USDC/BRL,5.0274,5.0425,4.9784,4.9893,51010.27565664,254505.56833367396
2024-03-26,Foxbit,USDC,USDC/BRL,4.9924,5.0421,4.9696,5.0046,34454.06765126,172428.82696749578
2024-03-27,Foxbit,USDC,USDC/BRL,5.0165,5.0251,4.85,4.9987,113678.05623524,568242.4997030942
2024-03-28,Foxbit,USDC,USDC/BRL,4.9986,5.0399,4.9808,5.0305,65452.80933276,329260.3573484492
2024-03-29,Foxbit,USDC,USDC/BRL,5.0206,5.0509,5.0116,5.05,30791.33066733,155496.2198700165
2024-03-30,Foxbit,USDC,USDC/BRL,5.05,5.05,5.0254,5.0499,9914.32772305,50066.3635686302
2024-03-31,Foxbit,USDC,USDC/BRL,5.0392,5.0498,5.0254,5.0263,3185.64075826,16011.986143242239
2024-04-01,Foxbit,USDC,USDC/BRL,5.0263,5.1068,5.0093,5.0744,81614.95362408,414146.9206700315
2024-04-02,Foxbit,USDC,USDC/BRL,5.0824,5.1075,5.0538,5.0872,48303.59417077,245730.04426554113
2024-04-03,Foxbit,USDC,USDC/BRL,5.0872,5.13,5.0626,5.0911,30620.43975948,155891.72085948862
2024-04-04,Foxbit,USDC,USDC/BRL,5.0938,5.0942,5.0371,5.08,44195.32882418,224512.27042683438
2024-04-05,Foxbit,USDC,USDC/BRL,5.0798,5.1073,5.0579,5.1,63364.9230527,323161.10756877
2024-04-06,Foxbit,USDC,USDC/BRL,5.1,5.1,5.0785,5.098,9547.94454512,48675.42129102176
2024-04-07,Foxbit,USDC,USDC/BRL,5.098,5.1137,5.0713,5.1007,7150.71569205,36473.655530439435
2024-04-08,Foxbit,USDC,USDC/BRL,5.1012,5.1064,5.0406,5.0583,76302.68504864,385961.87178153574
2024-04-09,Foxbit,USDC,USDC/BRL,5.0583,5.0926,5.015,5.0446,136122.04887508,686681.2877552286
2024-04-10,Foxbit,USDC,USDC/BRL,5.0446,5.099,5.0002,5.0914,56429.66994288,287306.0215471792
2024-04-11,Foxbit,USDC,USDC/BRL,5.0899,5.101,5.0695,5.0979,28280.15775988,144169.41624409225
2024-04-12,Foxbit,USDC,USDC/BRL,5.101,5.1878,5.0804,5.1712,42231.62045781,218388.15571142707
2024-04-13,Foxbit,USDC,USDC/BRL,5.168,5.379,5.0999,5.3241,70869.13284772,377314.35019454604
2024-04-14,Foxbit,USDC,USDC/BRL,5.3151,5.3791,5.1162,5.2684,56081.22710822,295458.33689694625
2024-04-15,Foxbit,USDC,USDC/BRL,5.2584,5.3091,5.1533,5.1958,265507.56518956,1379524.2072119159
2024-04-16,Foxbit,USDC,USDC/BRL,5.21,5.3213,5.1825,5.2933,124477.51091976,658896.8085515656
2024-04-17,Foxbit,USDC,USDC/BRL,5.2933,5.2999,5.0,5.2663,61672.38608197,324785.28682347864
2024-04-18,Foxbit,USDC,USDC/BRL,5.2816,5.2999,5.2039,5.2677,16152.00575825,85083.92073273352
2024-04-19,Foxbit,USDC,USDC/BRL,5.294,5.3034,5.2121,5.2409,34285.09551471,179684.75708304366
2024-04-20,Foxbit,USDC,USDC/BRL,5.2409,5.262,5.225,5.2416,4106.13569638,21522.720866145406
2024-04-21,Foxbit,USDC,USDC/BRL,5.2398,5.2621,5.2266,5.2458,3849.68609295,20194.68330639711
2024-04-22,Foxbit,USDC,USDC/BRL,5.2379,5.2661,5.1777,5.2038,19310.86745545,100489.89206467071
2024-04-23,Foxbit,USDC,USDC/BRL,5.1856,5.271,5.1372,5.156,24142.94189081,124481.00838901637
2024-04-24,Foxbit,USDC,USDC/BRL,5.1633,5.2111,5.1431,5.1886,103335.5039235,536166.5956574721
2024-04-25,Foxbit,USDC,USDC/BRL,5.1885,5.2156,5.1659,5.195,66419.9087064,345051.42572974804
2024-04-26,Foxbit,USDC,USDC/BRL,5.1748,5.195,5.1293,5.162,53765.97352717,277539.9553472515
2024-04-27,Foxbit,USDC,USDC/BRL,5.162,5.1623,5.1383,5.1622,13333.86091369,68832.05680865052
2024-04-28,Foxbit,USDC,USDC/BRL,5.1622,5.1711,5.139,5.1621,9107.91186229,47015.95182432721
2024-04-29,Foxbit,USDC,USDC/BRL,5.1553,5.1621,5.1211,5.1377,54967.75658971,282407.843030953
2024-04-30,Foxbit,USDC,USDC/BRL,5.1375,5.2477,5.1301,5.24,48159.38433264,252355.17390303363
2024-05-01,Foxbit,USDC,USDC/BRL,5.236,5.2499,5.1923,5.226,92687.67082091,484385.76771007566
2024-05-02,Foxbit,USDC,USDC/BRL,5.2331,5.2436,5.1302,5.1408,47728.55302219,245362.94537647432
2024-05-03,Foxbit,USDC,USDC/BRL,5.1553,5.1618,5.0701,5.111,29561.25897565,151087.59462454714
2024-05-04,Foxbit,USDC,USDC/BRL,5.1107,5.1187,5.0905,5.1039,11988.14818918,61186.3095427558
2024-05-05,Foxbit,USDC,USDC/BRL,5.1184,5.1186,5.0929,5.1057,8367.83870074,42723.67405436822
2024-05-06,Foxbit,USDC,USDC/BRL,5.1099,5.1186,5.069,5.1002,72437.39317161,369445.19265384536
2024-05-07,Foxbit,USDC,USDC/BRL,5.1023,5.1125,5.0673,5.1041,64682.55128486,330146.2100130539
2024-05-08,Foxbit,USDC,USDC/BRL,5.0981,5.1569,5.0821,5.1168,13434.51223192,68741.71218828825
2024-05-09,Foxbit,USDC,USDC/BRL,5.1335,5.1977,5.1066,5.1424,83022.63552695,426935.60093378776
2024-05-10,Foxbit,USDC,USDC/BRL,5.1522,5.2,5.1312,5.1982,28550.06626323,148408.9544495222
2024-05-11,Foxbit,USDC,USDC/BRL,5.1984,5.2076,5.1787,5.1942,6350.22326412,32984.329678492104
2024-05-12,Foxbit,USDC,USDC/BRL,5.1952,5.2005,5.1701,5.1993,19390.10746225,100814.98572847641
2024-05-13,Foxbit,USDC,USDC/BRL,5.1987,5.2333,5.1353,5.1813,71335.08025527,369608.4513266305
2024-05-14,Foxbit,USDC,USDC/BRL,5.1813,5.2416,5.0499,5.1706,49532.51946715,256112.8451568458
2024-05-15,Foxbit,USDC,USDC/BRL,5.165,5.1873,5.1274,5.1518,59417.93392404,306109.3119898693
2024-05-16,Foxbit,USDC,USDC/BRL,5.1498,5.1687,5.1279,5.1485,51444.29113398,264860.932903296
2024-05-17,Foxbit,USDC,USDC/BRL,5.1405,5.1599,5.1065,5.1243,99790.08596215,511354.3374958452
2024-05-18,Foxbit,USDC,USDC/BRL,5.1265,5.1512,5.098,5.1391,18994.9553326,97616.97494976466
2024-05-19,Foxbit,USDC,USDC/BRL,5.1389,5.1432,5.0958,5.1372,15728.08982873,80798.34306815176
2024-05-20,Foxbit,USDC,USDC/BRL,5.1372,5.152,5.065,5.0752,89774.49307897,455623.5072743885
2024-05-21,Foxbit,USDC,USDC/BRL,5.0737,5.1286,5.0255,5.1147,53147.23975804,271832.1871904472
2024-05-22,Foxbit,USDC,USDC/BRL,5.1138,5.1816,5.0807,5.1608,10499.35004443,54185.04570929435
2024-05-23,Foxbit,USDC,USDC/BRL,5.1718,5.1949,5.1067,5.1808,148317.14729918,768401.4767275917
2024-05-24,Foxbit,USDC,USDC/BRL,5.1711,5.195,5.143,5.1891,66303.97781857,344057.9712983416
2024-05-25,Foxbit,USDC,USDC/BRL,5.1891,5.1981,5.1656,5.1763,17030.53828265,88155.1753124812
2024-05-26,Foxbit,USDC,USDC/BRL,5.1764,5.2,5.1748,5.199,9409.54576514,48920.22843296285
2024-05-27,Foxbit,USDC,USDC/BRL,5.1999,5.2,5.1537,5.1924,19915.61341944,103409.83111910026
2024-05-28,Foxbit,USDC,USDC/BRL,5.1993,5.2057,5.1374,5.1851,75474.98287803,391345.3337208734
2024-05-29,Foxbit,USDC,USDC/BRL,5.1851,5.2488,5.1402,5.2463,36519.22769789,191590.82427144027
2024-05-30,Foxbit,USDC,USDC/BRL,5.2462,5.2464,5.2104,5.2357,6485.17186349,33954.41432567459
2024-05-31,Foxbit,USDC,USDC/BRL,5.2359,5.2868,5.2122,5.2596,73532.84814394,386753.3680978668
2024-06-01,Foxbit,USDC,USDC/BRL,5.2589,5.2801,5.2333,5.2628,19835.69711902,104391.30679797845
2024-06-02,Foxbit,USDC,USDC/BRL,5.2629,5.2919,5.2611,5.2751,5882.91748658,31032.978033458156
2024-06-03,Foxbit,USDC,USDC/BRL,5.2856,5.2924,5.1999,5.2532,168554.34902182,885449.7062814247
2024-06-04,Foxbit,USDC,USDC/BRL,5.2434,5.3029,5.2306,5.2848,85963.86369088,454301.8268335626
2024-06-05,Foxbit,USDC,USDC/BRL,5.271,5.3296,5.2098,5.2958,118876.03970785,629543.731084832
2024-06-06,Foxbit,USDC,USDC/BRL,5.3047,5.3174,5.219,5.2743,86706.28996094,457314.98514098587
2024-06-07,Foxbit,USDC,USDC/BRL,5.282,5.3791,5.2562,5.3791,26128.69177518,140548.84592787075
2024-06-08,Foxbit,USDC,USDC/BRL,5.3704,5.3878,5.3525,5.3877,11855.30594493,63872.831839499355
2024-06-09,Foxbit,USDC,USDC/BRL,5.374,5.3922,5.3686,5.3699,2041.51249183,10962.717929877917
2024-06-10,Foxbit,USDC,USDC/BRL,5.37,5.3995,5.12,5.3684,53671.15541832,288128.2307477091
2024-06-11,Foxbit,USDC,USDC/BRL,5.3767,5.4144,5.3264,5.3887,27536.76549217,148387.3682076565
2024-06-12,Foxbit,USDC,USDC/BRL,5.402,5.4392,5.3682,5.4261,127111.79232927,689721.2963578519
2024-06-13,Foxbit,USDC,USDC/BRL,5.4301,5.455,5.3934,5.4219,67035.22286042,363458.2748269112
2024-06-14,Foxbit,USDC,USDC/BRL,5.4221,5.4317,5.3707,5.4286,22634.45661015,122873.41115386029
2024-06-15,Foxbit,USDC,USDC/BRL,5.4286,5.4311,5.4115,5.4132,2943.61592745,15934.38173847234
2024-06-16,Foxbit,USDC,USDC/BRL,5.4296,5.4311,5.3962,5.4154,15516.91758026,84030.31546414
2024-06-17,Foxbit,USDC,USDC/BRL,5.4217,5.459,5.3862,5.4503,17673.94466711,96328.30061914965
2024-06-18,Foxbit,USDC,USDC/BRL,5.4507,5.48,5.4254,5.4705,11386.97378659,62292.4400995406
2024-06-19,Foxbit,USDC,USDC/BRL,5.4654,5.5252,5.4566,5.4591,70353.44663503,384066.5005252923
2024-06-20,Foxbit,USDC,USDC/BRL,5.4649,5.502,5.4284,5.4759,123312.90424256,675249.1323418344
2024-06-21,Foxbit,USDC,USDC/BRL,5.4757,5.4983,5.4474,5.4584,16692.86640515,91116.34198587078
2024-06-22,Foxbit,USDC,USDC/BRL,5.4691,5.4839,5.4531,5.4772,7216.81834455,39527.957436769255
2024-06-23,Foxbit,USDC,USDC/BRL,5.4773,5.4871,5.4663,5.4765,1860.63440582,10189.76432347323
2024-06-24,Foxbit,USDC,USDC/BRL,5.4755,5.489,5.4018,5.4368,75377.41434433,409811.9263072533
2024-06-25,Foxbit,USDC,USDC/BRL,5.4471,5.508,5.4221,5.4848,8103.88110234,44448.16707011443
2024-06-26,Foxbit,USDC,USDC/BRL,5.4857,5.55,5.4733,5.5342,16217.40074114,89750.33918161699
2024-06-27,Foxbit,USDC,USDC/BRL,5.5199,5.7,5.5078,5.5232,82228.78358817,454166.01751418057
2024-06-28,Foxbit,USDC,USDC/BRL,5.5137,5.6363,5.5045,5.6134,62500.88636911,350842.4755443621
2024-06-29,Foxbit,USDC,USDC/BRL,5.6114,5.6386,5.6063,5.6194,2798.60620372,15726.487701184167
2024-06-30,Foxbit,USDC,USDC/BRL,5.6273,5.6358,5.6075,5.6075,5595.18402206,31374.994403701447
2024-07-01,Foxbit,USDC,USDC/BRL,5.6055,5.6555,5.5793,5.6155,45591.25717899,256017.70468861837
2024-07-02,Foxbit,USDC,USDC/BRL,5.6193,5.7274,5.6089,5.6904,38165.92103888,217179.35707964277
2024-07-03,Foxbit,USDC,USDC/BRL,5.7006,5.7125,5.5655,5.5993,58020.82270291,324875.992560404
2024-07-04,Foxbit,USDC,USDC/BRL,5.5993,5.6026,5.45,5.5481,214455.57114636,1189820.9542771198
2024-07-05,Foxbit,USDC,USDC/BRL,5.5277,5.5841,5.45,5.5054,283581.29491138,1561228.4610051112
2024-07-06,Foxbit,USDC,USDC/BRL,5.5005,5.526,5.4973,5.5112,9681.19276427,53354.98956244482
2024-07-07,Foxbit,USDC,USDC/BRL,5.5201,5.5272,5.4737,5.5237,15547.70220664,85880.84267881737
2024-07-08,Foxbit,USDC,USDC/BRL,5.5136,5.5358,5.4512,5.5126,39784.76265459,219317.48260969282
2024-07-09,Foxbit,USDC,USDC/BRL,5.5123,5.5258,5.45,5.4591,67661.64802089,369371.7027108406
2024-07-10,Foxbit,USDC,USDC/BRL,5.458,5.4708,5.4021,5.463,392173.54574609,2142444.08041089
2024-07-11,Foxbit,USDC,USDC/BRL,5.4635,5.4876,5.4151,5.4731,60488.64494252,331060.4026349062
2024-07-12,Foxbit,USDC,USDC/BRL,5.4776,5.5013,5.4475,5.467,19879.49981239,108681.22547433613
2024-07-13,Foxbit,USDC,USDC/BRL,5.4593,5.4781,5.4497,5.4757,9867.65523589,54032.319775162876
2024-07-14,Foxbit,USDC,USDC/BRL,5.4688,5.4834,5.4576,5.4728,9794.52139331,53603.456681306976
2024-07-15,Foxbit,USDC,USDC/BRL,5.4748,5.4936,5.4315,5.458,102064.78781862,557069.611914028
2024-07-16,Foxbit,USDC,USDC/BRL,5.4601,5.4746,5.4322,5.4472,20660.45225519,112541.61552447097
2024-07-17,Foxbit,USDC,USDC/BRL,5.4447,5.5174,5.4406,5.4959,32535.87747299,178813.92900380574
2024-07-18,Foxbit,USDC,USDC/BRL,5.4959,5.5981,5.49,5.5626,26567.29572186,147783.23918241842
2024-07-19,Foxbit,USDC,USDC/BRL,5.5645,5.5979,5.5223,5.5728,38771.01314207,216063.1020381277
2024-07-20,Foxbit,USDC,USDC/BRL,5.5671,5.6255,5.5517,5.6046,9911.38556416,55549.35153289113
2024-07-21,Foxbit,USDC,USDC/BRL,5.6037,5.62,5.57,5.579,13270.76948308,74037.6229461033
2024-07-22,Foxbit,USDC,USDC/BRL,5.5793,5.5949,5.5456,5.5805,24284.46920031,135519.48037232994
2024-07-23,Foxbit,USDC,USDC/BRL,5.5706,5.62,5.5658,5.5982,15205.16094065,85121.53197794683
2024-07-24,Foxbit,USDC,USDC/BRL,5.6135,5.6799,5.5965,5.6799,44780.59081017,254349.27774268456
2024-07-25,Foxbit,USDC,USDC/BRL,5.6781,5.7072,5.6516,5.6711,45479.23200241,257917.27260886732
2024-07-26,Foxbit,USDC,USDC/BRL,5.6666,5.68,5.6099,5.6756,91518.97584305,519425.0992948146
2024-07-27,Foxbit,USDC,USDC/BRL,5.6757,5.7037,5.6558,5.6875,53312.60709513,303215.4528535519
2024-07-28,Foxbit,USDC,USDC/BRL,5.694,5.7133,5.6801,5.6923,6761.24111342,38487.01278992067
2024-07-29,Foxbit,USDC,USDC/BRL,5.7004,5.7041,5.6418,5.6466,27803.54074071,156995.47314649308
2024-07-30,Foxbit,USDC,USDC/BRL,5.6456,5.6916,5.6166,5.6459,86019.40348977,485656.95016289246
2024-07-31,Foxbit,USDC,USDC/BRL,5.6503,5.7115,5.6408,5.6994,29649.1425314,168982.32294346116
2024-08-01,Foxbit,USDC,USDC/BRL,5.6984,5.77,5.6572,5.7333,145656.42521871,835091.98270643
2024-08-02,Foxbit,USDC,USDC/BRL,5.752,5.8,5.7283,5.7834,30239.54136447,174887.3635272758
2024-08-03,Foxbit,USDC,USDC/BRL,5.7776,5.7909,5.7315,5.7825,34720.72050757,200772.5663350235
2024-08-04,Foxbit,USDC,USDC/BRL,5.7835,5.8439,5.7828,5.8062,51437.41695139,298655.93030316057
2024-08-05,Foxbit,USDC,USDC/BRL,5.8108,6.1741,5.7016,5.7735,347079.54202063,2003863.7358561072
2024-08-06,Foxbit,USDC,USDC/BRL,5.7743,5.8009,5.5,5.7011,101351.82753254,577816.9039457638
2024-08-07,Foxbit,USDC,USDC/BRL,5.6962,5.7164,5.626,5.67,74884.3364348,424594.187585316
2024-08-08,Foxbit,USDC,USDC/BRL,5.6696,5.6906,5.5675,5.5777,28012.41079329,156244.82368173363
2024-08-09,Foxbit,USDC,USDC/BRL,5.5742,5.5906,5.5187,5.5542,13539.43589445,75200.73484495419
2024-08-10,Foxbit,USDC,USDC/BRL,5.5544,5.5675,5.5023,5.5428,11526.21719593,63887.516673600796
2024-08-11,Foxbit,USDC,USDC/BRL,5.5385,5.58,5.5282,5.5625,30611.13111345,170274.41681856563
2024-08-12,Foxbit,USDC,USDC/BRL,5.56,5.5772,5.4891,5.5148,56053.86036017,309125.8291142655
2024-08-13,Foxbit,USDC,USDC/BRL,5.5161,5.5309,5.4581,5.472,20491.49795089,112129.47678727009
2024-08-14,Foxbit,USDC,USDC/BRL,5.4666,5.5075,5.4151,5.503,39922.51829198,219693.61816076594
2024-08-15,Foxbit,USDC,USDC/BRL,5.4963,5.5316,5.4702,5.5252,24289.46755511,134204.16613549378
2024-08-16,Foxbit,USDC,USDC/BRL,5.5287,5.5345,5.4577,5.4921,14140.3036745,77659.96181072145
2024-08-17,Foxbit,USDC,USDC/BRL,5.492,5.515,5.4848,5.5058,3620.24622792,19932.351681681936
2024-08-18,Foxbit,USDC,USDC/BRL,5.5061,5.5165,5.4845,5.5041,3210.20049758,17669.26455873008
2024-08-19,Foxbit,USDC,USDC/BRL,5.5,5.5042,5.3617,5.4175,24793.94291243,134321.18572808953
2024-08-20,Foxbit,USDC,USDC/BRL,5.4174,5.5024,5.2005,5.4891,63357.38543116,347775.0243701803
2024-08-21,Foxbit,USDC,USDC/BRL,5.4894,5.5076,5.4631,5.4793,13917.3167836,76257.15385237947
2024-08-22,Foxbit,USDC,USDC/BRL,5.4896,5.6034,5.4717,5.5885,48073.83647214,268660.6351245544
2024-08-23,Foxbit,USDC,USDC/BRL,5.5842,5.59,5.4638,5.492,30100.46070292,165311.73018043666
2024-08-24,Foxbit,USDC,USDC/BRL,5.5043,5.5295,5.4852,5.5132,12636.5728635,69667.9535110482
2024-08-25,Foxbit,USDC,USDC/BRL,5.5219,5.5345,5.5093,5.523,4258.90792101,23521.94844773823
2024-08-26,Foxbit,USDC,USDC/BRL,5.523,5.5265,5.4803,5.5028,20557.13793441,113121.81862547134
2024-08-27,Foxbit,USDC,USDC/BRL,5.507,5.5463,5.4897,5.5385,32248.91034693,178610.58995647178
2024-08-28,Foxbit,USDC,USDC/BRL,5.5376,5.5904,5.5261,5.5897,44831.84581891,250596.5685739612
2024-08-29,Foxbit,USDC,USDC/BRL,5.5905,5.6715,5.5714,5.6539,25113.69012746,141990.2926116461
2024-08-30,Foxbit,USDC,USDC/BRL,5.6549,5.7001,5.6051,5.666,65343.43722425,370235.91531260055
2024-08-31,Foxbit,USDC,USDC/BRL,5.6714,5.6718,5.666,5.6715,17187.44331899,97478.5847836518
2024-09-01,Foxbit,USDC,USDC/BRL,5.666,5.6752,5.568,5.6681,48295.11784463,273741.55745514727
2024-09-02,Foxbit,USDC,USDC/BRL,5.6741,5.689,5.6193,5.6438,180797.38113376,1020384.2596427146
2024-09-03,Foxbit,USDC,USDC/BRL,5.6546,5.6717,5.6064,5.664,37132.79873891,210320.17205718622
2024-09-04,Foxbit,USDC,USDC/BRL,5.6616,5.7057,5.6346,5.6523,24208.07515666,136831.30320798935
2024-09-05,Foxbit,USDC,USDC/BRL,5.6523,5.6778,5.5434,5.5988,103943.70972463,581960.0420062584
2024-09-06,Foxbit,USDC,USDC/BRL,5.5998,5.668,5.551,5.6395,29982.93998474,169088.79004394123
2024-09-07,Foxbit,USDC,USDC/BRL,5.6421,5.6698,5.6409,5.6615,9023.2071209,51084.887114975354
2024-09-08,Foxbit,USDC,USDC/BRL,5.6615,5.6625,5.5587,5.6493,24177.02703724,136583.27884147994
2024-09-09,Foxbit,USDC,USDC/BRL,5.6554,5.6613,5.6007,5.6024,16609.90678933,93055.3417965424
2024-09-10,Foxbit,USDC,USDC/BRL,5.6113,5.75,5.5965,5.6815,42630.0523661,242202.64251799713
2024-09-11,Foxbit,USDC,USDC/BRL,5.6744,5.6916,5.6078,5.6791,34177.61162601,194098.0741852734
2024-09-12,Foxbit,USDC,USDC/BRL,5.6788,5.6852,5.6423,5.6564,8846.73883956,50040.69357208718
2024-09-13,Foxbit,USDC,USDC/BRL,5.6581,5.6655,5.5603,5.5844,27271.83212967,152296.81934492916
2024-09-14,Foxbit,USDC,USDC/BRL,5.5986,5.6071,5.5557,5.5859,5464.86351478,30526.1811072096
2024-09-15,Foxbit,USDC,USDC/BRL,5.5989,5.6154,5.5857,5.6044,5198.56566304,29134.841401941376
2024-09-16,Foxbit,USDC,USDC/BRL,5.6056,5.6063,5.4573,5.5253,23395.7072165,129268.30108332743
2024-09-17,Foxbit,USDC,USDC/BRL,5.5253,5.5499,5.4982,5.5049,14471.33488819,79663.25142599714
2024-09-18,Foxbit,USDC,USDC/BRL,5.5049,5.5124,5.43,5.4809,20884.87887744,114467.93263936091
2024-09-19,Foxbit,USDC,USDC/BRL,5.4772,5.4786,5.43,5.4363,75586.52391599,410911.01996449643
2024-09-20,Foxbit,USDC,USDC/BRL,5.4353,5.5135,5.43,5.4839,162359.01925604,890360.6256981977
2024-09-21,Foxbit,USDC,USDC/BRL,5.4731,5.53,5.4623,5.5145,19150.1347491,105603.41807391196
2024-09-22,Foxbit,USDC,USDC/BRL,5.5153,5.5453,5.5082,5.5163,11216.67535097,61874.546238555806
2024-09-23,Foxbit,USDC,USDC/BRL,5.5163,5.5837,5.4763,5.5263,46580.61234815,257418.43801958137
2024-09-24,Foxbit,USDC,USDC/BRL,5.5205,5.527,5.4473,5.4474,11259.00516214,61332.30472024144
2024-09-25,Foxbit,USDC,USDC/BRL,5.4555,5.5129,5.4345,5.493,18241.77865411,100202.09014702623
2024-09-26,Foxbit,USDC,USDC/BRL,5.4954,5.507,5.4301,5.4523,25486.65913883,138960.9116226428
2024-09-27,Foxbit,USDC,USDC/BRL,5.4501,5.4704,5.43,5.4443,49288.8124609,268343.0816808779
2024-09-28,Foxbit,USDC,USDC/BRL,5.4443,5.4638,5.4309,5.4632,9145.36662011,49962.96691898495
2024-09-29,Foxbit,USDC,USDC/BRL,5.4486,5.4783,5.4478,5.471,7120.80701906,38957.93520127726
2024-09-30,Foxbit,USDC,USDC/BRL,5.4593,5.4971,5.1042,5.4487,47083.05310264,256541.43144035456
2024-10-01,Foxbit,USDC,USDC/BRL,5.4487,5.4926,5.3888,5.452,93881.14851927,511840.0217270601
2024-10-02,Foxbit,USDC,USDC/BRL,5.4536,5.4769,5.3828,5.4714,40855.46810496,223536.60818947814
2024-10-03,Foxbit,USDC,USDC/BRL,5.4722,5.5252,5.4541,5.4935,25189.96568347,138381.07648214244
2024-10-04,Foxbit,USDC,USDC/BRL,5.507,5.5384,5.4428,5.4814,32595.58143266,178669.42006498252
2024-10-05,Foxbit,USDC,USDC/BRL,5.4818,5.4999,5.4567,5.4999,16231.48102595,89271.5224946224
2024-10-06,Foxbit,USDC,USDC/BRL,5.4999,5.5025,5.4807,5.4987,6964.39297564,38295.107655151674
2024-10-07,Foxbit,USDC,USDC/BRL,5.496,5.5104,5.4571,5.5048,44677.06853756,245938.3268855603
2024-10-08,Foxbit,USDC,USDC/BRL,5.5048,5.5549,5.5005,5.546,30335.4302898,168240.2963872308
2024-10-09,Foxbit,USDC,USDC/BRL,5.5483,5.6367,5.5324,5.6367,23254.1961526,131076.92745336043
2024-10-10,Foxbit,USDC,USDC/BRL,5.6233,5.6398,5.5768,5.61,47296.90816347,265335.6547970667
2024-10-11,Foxbit,USDC,USDC/BRL,5.616,5.661,5.5882,5.6187,22735.2842331,127742.74152051896
2024-10-12,Foxbit,USDC,USDC/BRL,5.6076,5.6529,5.6016,5.648,18434.26434359,104116.7250125963
2024-10-13,Foxbit,USDC,USDC/BRL,5.6518,5.6715,5.6336,5.6585,11267.30899234,63756.06793315589
2024-10-14,Foxbit,USDC,USDC/BRL,5.6577,5.6621,5.5797,5.6053,27538.46800222,154361.37469284376
2024-10-15,Foxbit,USDC,USDC/BRL,5.5939,5.6687,5.5862,5.648,27037.01587513,152705.06566273424
2024-10-16,Foxbit,USDC,USDC/BRL,5.6554,5.697,5.6384,5.68,13482.16641635,76578.705244868
2024-10-17,Foxbit,USDC,USDC/BRL,5.6789,5.7,5.6681,5.6745,10024.79879045,56885.720736408526
2024-10-18,Foxbit,USDC,USDC/BRL,5.6739,5.7,5.6461,5.6999,23996.87576195,136779.7921555388
2024-10-19,Foxbit,USDC,USDC/BRL,5.6999,5.7376,5.6646,5.7237,73098.6299325,418394.62814465025
2024-10-20,Foxbit,USDC,USDC/BRL,5.7353,5.7376,5.708,5.732,25403.08021189,145610.45577455347
2024-10-21,Foxbit,USDC,USDC/BRL,5.7257,5.75,5.6926,5.7239,35090.91458615,200856.885999664
2024-10-22,Foxbit,USDC,USDC/BRL,5.7236,5.7404,5.7041,5.7093,8620.35457522,49216.19037630355
2024-10-23,Foxbit,USDC,USDC/BRL,5.7223,5.75,5.7096,5.716,22626.12993779,129330.95872440764
2024-10-24,Foxbit,USDC,USDC/BRL,5.7175,5.7406,5.6696,5.7089,44060.12858583,251534.8680836449
2024-10-25,Foxbit,USDC,USDC/BRL,5.7081,5.75,5.6807,5.7486,65829.75142365,378428.90903399437
2024-10-26,Foxbit,USDC,USDC/BRL,5.7487,5.7792,5.7432,5.7647,29788.06684261,171719.26892759386
2024-10-27,Foxbit,USDC,USDC/BRL,5.7657,5.7805,5.7425,5.7629,11984.32993054,69064.49495670896
2024-10-28,Foxbit,USDC,USDC/BRL,5.7659,5.7678,5.6883,5.7161,54663.14594776,312460.00855199096
2024-10-29,Foxbit,USDC,USDC/BRL,5.7029,5.742,5.6414,5.713,91782.92278608,524355.8378768751
2024-10-30,Foxbit,USDC,USDC/BRL,5.722,5.7857,5.697,5.7658,51330.63457731,295962.17284585396
2024-10-31,Foxbit,USDC,USDC/BRL,5.7785,5.8272,5.7622,5.8178,121658.19888165,707783.0694536633
2024-11-01,Foxbit,USDC,USDC/BRL,5.8265,5.9062,5.7886,5.8968,81807.53993946,482402.7015150077
2024-11-02,Foxbit,USDC,USDC/BRL,5.8968,5.9274,5.8793,5.9254,11339.16561758,67189.09195040853
2024-11-03,Foxbit,USDC,USDC/BRL,5.9254,5.9447,5.9093,5.9215,37972.80429159,224855.96061265017
2024-11-04,Foxbit,USDC,USDC/BRL,5.9191,5.9341,5.7784,5.8358,71601.6178994,417852.7217373185
2024-11-05,Foxbit,USDC,USDC/BRL,5.8249,5.8441,5.7594,5.7909,63917.16411567,370137.90567743336
2024-11-06,Foxbit,USDC,USDC/BRL,5.7833,5.8769,5.6583,5.663,216477.17848748,1225910.2617745993
2024-11-07,Foxbit,USDC,USDC/BRL,5.6703,5.7221,5.6487,5.7061,89792.47036884,512364.815171638
2024-11-08,Foxbit,USDC,USDC/BRL,5.6996,5.7916,5.6757,5.7732,61062.53073095,352526.20241592056
2024-11-09,Foxbit,USDC,USDC/BRL,5.76,5.7825,5.7534,5.7758,24594.17073039,142051.01130458657
2024-11-10,Foxbit,USDC,USDC/BRL,5.7758,5.7973,5.7515,5.7825,30999.24659291,179253.14342350207
2024-11-11,Foxbit,USDC,USDC/BRL,5.7866,5.8352,5.7492,5.771,58015.04882168,334804.8467499153
2024-11-12,Foxbit,USDC,USDC/BRL,5.7719,5.819,5.7315,5.7815,43197.61559241,249747.01454751845
2024-11-13,Foxbit,USDC,USDC/BRL,5.7815,5.8375,5.7575,5.8345,85971.13977544,501598.6150198047
2024-11-14,Foxbit,USDC,USDC/BRL,5.8345,5.8375,5.7916,5.8248,51970.27602479,302716.4637891968
2024-11-15,Foxbit,USDC,USDC/BRL,5.8249,5.8428,5.8096,5.8341,64218.98018941,374659.9523230369
2024-11-16,Foxbit,USDC,USDC/BRL,5.8325,5.857,5.8201,5.857,42102.77133963,246595.93173621292
2024-11-17,Foxbit,USDC,USDC/BRL,5.8554,5.8604,5.8353,5.8501,15601.24248586,91268.82866652959
2024-11-18,Foxbit,USDC,USDC/BRL,5.8593,5.8595,5.76,5.7919,44996.57181422,260615.64429078082
2024-11-19,Foxbit,USDC,USDC/BRL,5.7925,5.8183,5.775,5.8141,22655.49224167,131721.29744229355
2024-11-20,Foxbit,USDC,USDC/BRL,5.8123,5.8222,5.7903,5.8111,18235.24271022,105966.81891335944
2024-11-21,Foxbit,USDC,USDC/BRL,5.8111,5.8458,5.7073,5.8213,281465.0817681,1638492.6804966403
2024-11-22,Foxbit,USDC,USDC/BRL,5.8212,5.8436,5.8049,5.8403,62394.38444454,364401.92347144696
2024-11-23,Foxbit,USDC,USDC/BRL,5.8412,5.854,5.8095,5.852,76484.93913662,447589.86382750026
2024-11-24,Foxbit,USDC,USDC/BRL,5.8503,5.8668,5.8159,5.8327,31559.34402547,184076.18589735887
2024-11-25,Foxbit,USDC,USDC/BRL,5.8356,5.8509,5.8,5.84,67769.44014207,395773.5304296888
2024-11-26,Foxbit,USDC,USDC/BRL,5.84,5.8451,5.8015,5.8437,39896.32599259,233142.16020289817
2024-11-27,Foxbit,USDC,USDC/BRL,5.8399,5.93,5.8155,5.9023,129998.42570728,767289.7080520787
2024-11-28,Foxbit,USDC,USDC/BRL,5.9004,6.0151,5.8713,5.9748,117770.27424609,703653.8345655386
2024-11-29,Foxbit,USDC,USDC/BRL,5.9748,6.0336,5.9262,5.9832,65587.06796402,392420.54504232446
2024-11-30,Foxbit,USDC,USDC/BRL,5.9776,6.0296,5.9604,6.0187,31167.00861231,187584.8747349102
2024-12-01,Foxbit,USDC,USDC/BRL,6.027,6.0289,5.9802,6.0171,37379.48895081,224916.12296591888
2024-12-02,Foxbit,USDC,USDC/BRL,6.0181,6.0994,5.9997,6.0777,67570.04335069,410670.4524724886
2024-12-03,Foxbit,USDC,USDC/BRL,6.0706,6.1195,6.0578,6.0767,85691.02692319,520718.66330414865
2024-12-04,Foxbit,USDC,USDC/BRL,6.0623,6.0885,6.0172,6.0304,166103.69214495,1001671.7051109065
2024-12-05,Foxbit,USDC,USDC/BRL,6.0364,6.0829,5.9724,6.0371,181134.25718162,1093525.624031158
2024-12-06,Foxbit,USDC,USDC/BRL,6.0512,6.1066,5.9852,6.091,178953.04766694,1090003.0133393316
2024-12-07,Foxbit,USDC,USDC/BRL,6.0911,6.1462,6.0885,6.1448,16137.27970374,99160.35632354155
2024-12-08,Foxbit,USDC,USDC/BRL,6.1421,6.1514,6.0992,6.1248,16633.48749383,101876.78420221
2024-12-09,Foxbit,USDC,USDC/BRL,6.1249,6.1481,6.0674,6.1277,68073.36489002,417133.1580365756
2024-12-10,Foxbit,USDC,USDC/BRL,6.1382,6.1481,6.0458,6.085,65737.04175632,400009.8990872072
2024-12-11,Foxbit,USDC,USDC/BRL,6.0944,6.1029,5.9643,5.9954,73630.61273041,441444.9755639001
2024-12-12,Foxbit,USDC,USDC/BRL,5.9943,6.065,5.8974,6.0268,63016.14831315,379785.7226536924
2024-12-13,Foxbit,USDC,USDC/BRL,6.0412,6.0945,6.0103,6.0555,31608.70148971,191406.49187093892
2024-12-14,Foxbit,USDC,USDC/BRL,6.0452,6.0998,6.0268,6.0991,13422.49728334,81865.153180819
2024-12-15,Foxbit,USDC,USDC/BRL,6.0979,6.1,6.0541,6.065,18076.37810034,109633.2331785621
2024-12-16,Foxbit,USDC,USDC/BRL,6.0631,6.1471,6.0559,6.1178,64982.69873367,397551.1543128463
2024-12-17,Foxbit,USDC,USDC/BRL,6.1258,6.2144,6.0892,6.1407,84897.17101283,521328.0580384852
2024-12-18,Foxbit,USDC,USDC/BRL,6.1339,6.3411,6.1237,6.3323,94276.40859796,596986.5021648621
2024-12-19,Foxbit,USDC,USDC/BRL,6.3315,6.3574,6.1349,6.2045,251926.62029566,1563078.7156244225
2024-12-20,Foxbit,USDC,USDC/BRL,6.2045,6.2668,6.079,6.1467,234836.37283364,1443468.732896535
2024-12-21,Foxbit,USDC,USDC/BRL,6.1467,6.1629,6.1286,6.1524,28026.43984133,172429.8684797987
2024-12-22,Foxbit,USDC,USDC/BRL,6.1414,6.159,6.1389,6.1577,18919.76491753,116502.23643267449
2024-12-23,Foxbit,USDC,USDC/BRL,6.1577,6.2519,6.1385,6.2403,54684.07506759,341245.0336442819
2024-12-24,Foxbit,USDC,USDC/BRL,6.2404,6.2573,6.2256,6.23,63451.13581657,395300.57613723114
2024-12-25,Foxbit,USDC,USDC/BRL,6.2342,6.4451,6.2181,6.2646,314309.25985563,1969021.7892915795
2024-12-26,Foxbit,USDC,USDC/BRL,6.2646,6.2647,6.1765,6.213,139293.08656887,865427.9468523894
2024-12-27,Foxbit,USDC,USDC/BRL,6.213,6.2478,6.2061,6.2455,61954.85724944,386939.0609513775
2024-12-28,Foxbit,USDC,USDC/BRL,6.245,6.2523,6.2344,6.2471,17251.51216804,107771.92166496268
2024-12-29,Foxbit,USDC,USDC/BRL,6.2477,6.2596,6.2344,6.2531,10421.84715053,65168.85241697914
2024-12-30,Foxbit,USDC,USDC/BRL,6.2556,6.2727,6.1883,6.2326,102509.30712251,638899.5075717558
2024-12-31,Foxbit,USDC,USDC/BRL,6.2276,6.2439,6.205,6.2324,50689.71410571,315918.57419242704
2025-01-01,Foxbit,USDC,USDC/BRL,6.239,6.2399,6.2155,6.23,77634.59144476,483663.50470085477
2025-01-02,Foxbit,USDC,USDC/BRL,6.2287,6.2491,6.1679,6.1889,30292.73948789,187478.73541660243
2025-01-03,Foxbit,USDC,USDC/BRL,6.1891,6.2277,6.1662,6.183,30077.22854293,185967.50408093617
2025-01-04,Foxbit,USDC,USDC/BRL,6.1961,6.2143,6.1793,6.1975,32132.42798702,199140.72244955646
2025-01-05,Foxbit,USDC,USDC/BRL,6.2084,6.2171,6.1945,6.2139,12171.33054138,75631.43085108118
2025-01-06,Foxbit,USDC,USDC/BRL,6.2139,6.214,6.099,6.1007,183489.65070354,1119415.3120470864
2025-01-07,Foxbit,USDC,USDC/BRL,6.101,6.1507,6.0687,6.1371,56596.56191467,347338.7601265212
2025-01-08,Foxbit,USDC,USDC/BRL,6.1363,6.1812,6.1273,6.15,63645.43671423,391419.43579251453
2025-01-09,Foxbit,USDC,USDC/BRL,6.15,6.172,6.0539,6.0816,107085.08981349,651248.6822097208
2025-01-10,Foxbit,USDC,USDC/BRL,6.0817,6.1562,6.0629,6.1395,208746.21529939,1281597.388830605
2025-01-11,Foxbit,USDC,USDC/BRL,6.1441,6.166,6.1262,6.1548,30623.59195039,188482.08373626036
2025-01-12,Foxbit,USDC,USDC/BRL,6.1453,6.1593,6.1103,6.1219,21687.46157531,132768.4710178903
2025-01-13,Foxbit,USDC,USDC/BRL,6.1209,6.1809,6.1001,6.103,129011.2683183,787355.7705465849
2025-01-14,Foxbit,USDC,USDC/BRL,6.1081,6.115,6.0504,6.0657,33471.02053549,203025.1692621217
2025-01-15,Foxbit,USDC,USDC/BRL,6.067,6.0865,5.9865,5.9944,65186.56303334,390754.3334470533
2025-01-16,Foxbit,USDC,USDC/BRL,6.0027,6.0628,5.9744,6.018,51865.1457624,312124.4471981232
2025-01-17,Foxbit,USDC,USDC/BRL,6.0176,6.0714,5.9972,6.0501,34834.65681215,210753.1571791887
2025-01-18,Foxbit,USDC,USDC/BRL,6.0674,6.1213,6.0419,6.1048,68112.41224877,415812.65429629106
2025-01-19,Foxbit,USDC,USDC/BRL,6.1203,6.1512,6.0101,6.137,223802.81609509,1373477.8823755672
2025-01-20,Foxbit,USDC,USDC/BRL,6.1279,6.1489,5.99,6.0468,205899.00202459,1245030.0854422909
2025-01-21,Foxbit,USDC,USDC/BRL,6.063,6.0897,6.03,6.0556,82846.47671025,501685.12436658994
2025-01-22,Foxbit,USDC,USDC/BRL,6.0514,6.062,5.9339,5.976,78211.70727834,467393.1626953599
2025-01-23,Foxbit,USDC,USDC/BRL,5.9749,5.9936,5.889,5.9477,131324.06646653,781076.1501229805
2025-01-24,Foxbit,USDC,USDC/BRL,5.9478,5.9478,5.8756,5.9265,49636.82306851,294172.6319155245
2025-01-25,Foxbit,USDC,USDC/BRL,5.9183,5.9584,5.9151,5.9208,17920.10218868,106101.34103873654
2025-01-26,Foxbit,USDC,USDC/BRL,5.9289,5.9628,5.8978,5.9628,13610.15961187,81154.65973365844
2025-01-27,Foxbit,USDC,USDC/BRL,5.9522,5.974,5.914,5.9177,91596.36204751,542039.7916885499
2025-01-28,Foxbit,USDC,USDC/BRL,5.922,5.9453,5.8702,5.8842,53823.98471759,316711.09087524307
2025-01-29,Foxbit,USDC,USDC/BRL,5.8842,5.9,5.8196,5.8317,39051.29298079,227735.42527607302
2025-01-30,Foxbit,USDC,USDC/BRL,5.8177,5.9178,5.8037,5.8548,139826.25376244,818654.7505283337
2025-01-31,Foxbit,USDC,USDC/BRL,5.8539,5.8784,5.8105,5.848,83680.33958338,489362.62588360626
2025-02-01,Foxbit,USDC,USDC/BRL,5.8596,5.8931,5.8467,5.8802,29680.99266036,174530.17304144887
2025-02-02,Foxbit,USDC,USDC/BRL,5.8827,5.9113,5.8473,5.8884,57888.93768613,340873.2206710079
2025-02-03,Foxbit,USDC,USDC/BRL,5.905,5.9333,5.8118,5.821,276417.93356296,1609028.7912699901
2025-02-04,Foxbit,USDC,USDC/BRL,5.82,5.8411,5.7639,5.7829,143316.68573266,828786.0619233995
2025-02-05,Foxbit,USDC,USDC/BRL,5.796,5.8243,5.7665,5.816,71740.57637459,417243.19219461543
2025-02-06,Foxbit,USDC,USDC/BRL,5.8168,5.8245,5.7695,5.7836,31683.87309968,183246.84845930926
2025-02-07,Foxbit,USDC,USDC/BRL,5.7884,5.8486,5.7583,5.8354,57779.10508935,337164.189838393
2025-02-08,Foxbit,USDC,USDC/BRL,5.8334,5.869,5.8334,5.8508,24036.02589255,140629.9802921315
2025-02-09,Foxbit,USDC,USDC/BRL,5.8617,5.862,5.8455,5.8584,7992.14023214,46821.154335968975
2025-02-10,Foxbit,USDC,USDC/BRL,5.8556,5.8582,5.7753,5.7896,33946.259161,196535.2620385256
2025-02-11,Foxbit,USDC,USDC/BRL,5.7996,5.8081,5.7583,5.7723,29248.99590025,168833.9790350131
2025-02-12,Foxbit,USDC,USDC/BRL,5.7728,5.7974,5.7531,5.7583,31760.66823305,182887.4558863718
2025-02-13,Foxbit,USDC,USDC/BRL,5.757,5.8149,5.757,5.7735,14123.88362039,81544.24208232167
2025-02-14,Foxbit,USDC,USDC/BRL,5.7669,5.7832,5.709,5.7213,17879.37304354,102293.25699400541
2025-02-15,Foxbit,USDC,USDC/BRL,5.7191,5.747,5.709,5.747,20248.59128097,116368.65409173458
2025-02-16,Foxbit,USDC,USDC/BRL,5.747,5.7559,5.7331,5.7503,30440.08679407,175039.63109194074
2025-02-17,Foxbit,USDC,USDC/BRL,5.754,5.754,5.7189,5.7503,158536.18194964,911630.607065015
2025-02-18,Foxbit,USDC,USDC/BRL,5.7516,5.7605,5.6948,5.704,49418.57594132,281883.55716928927
2025-02-19,Foxbit,USDC,USDC/BRL,5.7152,5.7444,5.69,5.7216,12238.32863206,70022.8211011945
2025-02-20,Foxbit,USDC,USDC/BRL,5.7216,5.7374,5.6999,5.7058,60196.68744456,343470.25922117045
2025-02-21,Foxbit,USDC,USDC/BRL,5.7257,5.7567,5.7002,5.7431,98377.03368776,564989.1421721745
2025-02-22,Foxbit,USDC,USDC/BRL,5.7598,5.7669,5.7418,5.7624,2751.40747788,15854.710450535713
2025-02-23,Foxbit,USDC,USDC/BRL,5.7602,5.7666,5.7436,5.7476,4544.95086171,26122.559572764396
2025-02-24,Foxbit,USDC,USDC/BRL,5.7537,5.8098,5.7232,5.7933,49682.7439029,287827.0402526706
2025-02-25,Foxbit,USDC,USDC/BRL,5.7921,5.8334,5.7524,5.7824,195470.22694616,1130287.0402934756
2025-02-26,Foxbit,USDC,USDC/BRL,5.7824,5.8402,5.7582,5.8398,111374.70776699,650406.0184176683
2025-02-27,Foxbit,USDC,USDC/BRL,5.8304,5.8657,5.8133,5.8491,18211.00077038,106517.96460602967
2025-02-28,Foxbit,USDC,USDC/BRL,5.8492,5.9331,5.8433,5.9253,133897.78230629,793384.5294994601
2025-03-01,Foxbit,USDC,USDC/BRL,5.9255,5.9401,5.9078,5.9252,53727.66661465,318347.17022512417
2025-03-02,Foxbit,USDC,USDC/BRL,5.9113,5.9397,5.9003,5.9207,26246.39807268,155397.04906891647
2025-03-03,Foxbit,USDC,USDC/BRL,5.9222,5.9381,5.8763,5.9369,106286.74752335,631013.7913713766
2025-03-04,Foxbit,USDC,USDC/BRL,5.932,5.9609,5.8749,5.8842,37176.22471899,218752.34149148097
2025-03-05,Foxbit,USDC,USDC/BRL,5.8909,5.9223,5.7614,5.7813,239591.96128953,1385153.00580316
2025-03-06,Foxbit,USDC,USDC/BRL,5.7788,5.8006,5.7504,5.7991,109543.44466663,635253.3899662541
2025-03-07,Foxbit,USDC,USDC/BRL,5.801,5.8333,5.7766,5.823,70605.72029605,411137.1092838992
2025-03-08,Foxbit,USDC,USDC/BRL,5.822,5.8439,5.822,5.8369,23755.7887546,138660.16338172473
2025-03-09,Foxbit,USDC,USDC/BRL,5.8369,5.8492,5.8247,5.8434,43526.83080868,254344.68314744072
2025-03-10,Foxbit,USDC,USDC/BRL,5.8434,5.898,5.7955,5.8821,111278.25479106,654549.822506494
2025-03-11,Foxbit,USDC,USDC/BRL,5.8911,5.9094,5.8106,5.8311,74318.16192748,433356.63401532866
2025-03-12,Foxbit,USDC,USDC/BRL,5.8385,5.8537,5.7973,5.8224,16755.90832968,97559.60065872884
2025-03-13,Foxbit,USDC,USDC/BRL,5.8217,5.8491,5.8021,5.8167,43307.42021937,251906.27119000946
2025-03-14,Foxbit,USDC,USDC/BRL,5.8189,5.8271,5.723,5.776,38955.77040861,225008.52988013133
2025-03-15,Foxbit,USDC,USDC/BRL,5.7717,5.7889,5.7569,5.7711,16211.73075965,93559.5193870161
2025-03-16,Foxbit,USDC,USDC/BRL,5.7815,5.7957,5.7712,5.7825,55576.11895028,321368.90782999404
2025-03-17,Foxbit,USDC,USDC/BRL,5.7825,5.7909,5.6805,5.7101,80215.67957869,458039.5519622778
2025-03-18,Foxbit,USDC,USDC/BRL,5.7061,5.7222,5.6728,5.7039,18366.39365351,104760.07276025569
2025-03-19,Foxbit,USDC,USDC/BRL,5.7057,5.7096,5.6501,5.6588,18169.22971316,102816.03710082981
2025-03-20,Foxbit,USDC,USDC/BRL,5.6588,5.6999,5.6476,5.683,32449.60665139,184411.11459984936
2025-03-21,Foxbit,USDC,USDC/BRL,5.683,5.767,5.6829,5.7666,124423.9649639,717503.2363608258
2025-03-22,Foxbit,USDC,USDC/BRL,5.7538,5.7758,5.7506,5.7628,9088.15114525,52373.1974198467
2025-03-23,Foxbit,USDC,USDC/BRL,5.7704,5.771,5.7507,5.7617,6260.65226875,36072.000176856876
2025-03-24,Foxbit,USDC,USDC/BRL,5.7518,5.776,5.7225,5.7639,19702.66463905,113564.18871302028
2025-03-25,Foxbit,USDC,USDC/BRL,5.7608,5.7747,5.6897,5.7209,25036.17029349,143229.42663202694
2025-03-26,Foxbit,USDC,USDC/BRL,5.7111,5.7621,5.7031,5.7577,60522.91606868,348472.79384863883
2025-03-27,Foxbit,USDC,USDC/BRL,5.7577,5.7887,5.734,5.7539,90709.61716946,521934.0662313559
2025-03-28,Foxbit,USDC,USDC/BRL,5.7567,5.7961,5.7522,5.7931,113604.21351221,658120.5692975838
2025-03-29,Foxbit,USDC,USDC/BRL,5.7999,5.817,5.7895,5.8029,16583.40691668,96231.85199680238
2025-03-30,Foxbit,USDC,USDC/BRL,5.8074,5.8143,5.7896,5.8102,14225.89238081,82655.27991098227
2025-03-31,Foxbit,USDC,USDC/BRL,5.7973,5.8087,5.7179,5.7288,152667.95316045,874604.170065586
2025-04-01,Foxbit,USDC,USDC/BRL,5.7251,5.7419,5.6838,5.6889,80388.50731315,457322.17925377906
2025-04-02,Foxbit,USDC,USDC/BRL,5.6944,5.7223,5.6695,5.7014,393659.70210174,2244411.4255628604
2025-04-03,Foxbit,USDC,USDC/BRL,5.7064,5.7212,5.5959,5.6627,486486.02813491,2754824.431519555
2025-04-04,Foxbit,USDC,USDC/BRL,5.6691,5.8599,5.6445,5.8483,152108.61462466,889576.8109093991
2025-04-05,Foxbit,USDC,USDC/BRL,5.8416,5.8876,5.8416,5.8803,15603.7393225,91754.66833809674
2025-04-06,Foxbit,USDC,USDC/BRL,5.876,5.8992,5.8661,5.8985,20996.71709882,123849.13580738979
2025-04-07,Foxbit,USDC,USDC/BRL,5.8923,5.9565,5.841,5.9427,89474.96341515,531722.865087212
2025-04-08,Foxbit,USDC,USDC/BRL,5.9425,6.0401,5.8765,6.0243,58969.66961384,355250.9806546563
2025-04-09,Foxbit,USDC,USDC/BRL,6.0386,6.1039,5.832,5.8467,122834.20891484,718174.769262395
2025-04-10,Foxbit,USDC,USDC/BRL,5.8467,5.9641,5.8303,5.9131,65750.39637506,388788.66880536726
2025-04-11,Foxbit,USDC,USDC/BRL,5.9057,5.9247,5.8445,5.8913,75623.58462882,445521.2241237673
2025-04-12,Foxbit,USDC,USDC/BRL,5.8926,5.9154,5.8813,5.8988,13709.88064324,80871.8439383441
2025-04-13,Foxbit,USDC,USDC/BRL,5.8897,5.9146,5.8818,5.911,13237.87333571,78249.0692873818
2025-04-14,Foxbit,USDC,USDC/BRL,5.9161,5.9165,5.8432,5.8761,27038.29001225,158879.69594098223
2025-04-15,Foxbit,USDC,USDC/BRL,5.8761,5.914,5.8574,5.9042,73947.86021275,436602.9562681186
2025-04-16,Foxbit,USDC,USDC/BRL,5.9044,5.9299,5.8633,5.8868,6967.12929614,41014.09674051696
2025-04-17,Foxbit,USDC,USDC/BRL,5.8872,5.9009,5.8165,5.827,31602.92618581,184150.25088471486
2025-04-18,Foxbit,USDC,USDC/BRL,5.8271,5.8673,5.8271,5.8649,22868.57542476,134121.90800867492
2025-04-19,Foxbit,USDC,USDC/BRL,5.8607,5.8854,5.8495,5.8766,61182.680938,359546.1428002508
2025-04-20,Foxbit,USDC,USDC/BRL,5.8765,5.8834,5.8519,5.8731,20374.15750229,119659.4644266994
2025-04-21,Foxbit,USDC,USDC/BRL,5.8731,5.8731,5.8245,5.8396,22138.49557551,129279.95876274821
2025-04-22,Foxbit,USDC,USDC/BRL,5.837,5.837,5.732,5.7425,82211.06151978,472097.0207773367
2025-04-23,Foxbit,USDC,USDC/BRL,5.7425,5.7515,5.6777,5.7338,19017.76371816,109044.05360718581
2025-04-24,Foxbit,USDC,USDC/BRL,5.7338,5.7618,5.6757,5.6983,118401.30042282,674686.1301993552
2025-04-25,Foxbit,USDC,USDC/BRL,5.6983,5.7184,5.6817,5.6987,42378.21067502,241500.70917373642
2025-04-26,Foxbit,USDC,USDC/BRL,5.6987,5.731,5.6986,5.7289,13576.74525369,77779.81588386465
2025-04-27,Foxbit,USDC,USDC/BRL,5.7254,5.7367,5.7083,5.7249,39740.10349194,227508.1184810073
2025-04-28,Foxbit,USDC,USDC/BRL,5.725,5.7267,5.6557,5.6649,62895.64472856,356297.53782281955
2025-04-29,Foxbit,USDC,USDC/BRL,5.6649,5.6822,5.6303,5.6554,39854.47781946,225393.0138601741
2025-04-30,Foxbit,USDC,USDC/BRL,5.6555,5.7002,5.6254,5.6922,36656.44756183,208655.83081144872
2025-05-01,Foxbit,USDC,USDC/BRL,5.6985,5.7038,5.6733,5.689,48976.33765152,278626.38489949726
2025-05-02,Foxbit,USDC,USDC/BRL,5.6869,5.689,5.6268,5.6749,39152.18657283,222184.743582153
2025-05-03,Foxbit,USDC,USDC/BRL,5.6689,5.689,5.6686,5.6783,44910.48915864,255015.2305895055
2025-05-04,Foxbit,USDC,USDC/BRL,5.6783,5.6996,5.6776,5.6952,24026.30863379,136834.6329311608
2025-05-05,Foxbit,USDC,USDC/BRL,5.6952,5.7001,5.6549,5.6987,48653.91012664,277264.0376386834
2025-05-06,Foxbit,USDC,USDC/BRL,5.6913,5.7494,5.6888,5.722,52188.67801174,298623.6155831763
2025-05-07,Foxbit,USDC,USDC/BRL,5.7219,5.7739,5.7004,5.7546,46552.85473393,267893.0578518736
2025-05-08,Foxbit,USDC,USDC/BRL,5.7514,5.7707,5.6826,5.6939,34793.793118,198112.3786345802
2025-05-09,Foxbit,USDC,USDC/BRL,5.6935,5.6992,5.6496,5.6795,33061.802031,187774.50463506448
2025-05-10,Foxbit,USDC,USDC/BRL,5.6772,5.6963,5.6728,5.6849,29949.78179786,170261.5145426543
2025-05-11,Foxbit,USDC,USDC/BRL,5.6937,5.6999,5.6848,5.6921,6570.68102069,37400.97343786955
2025-05-12,Foxbit,USDC,USDC/BRL,5.6932,5.7174,5.6713,5.6947,116685.40165178,664488.3567863916
2025-05-13,Foxbit,USDC,USDC/BRL,5.6861,5.6996,5.6081,5.6268,56646.81544403,318740.301140468
2025-05-14,Foxbit,USDC,USDC/BRL,5.6208,5.6577,5.6053,5.6567,20056.41119323,113453.10119674414
2025-05-15,Foxbit,USDC,USDC/BRL,5.6507,5.705,5.627,5.6989,315056.44814206,1795475.192316786
2025-05-16,Foxbit,USDC,USDC/BRL,5.6989,5.7185,5.675,5.6836,24757.04129538,140709.11990642178
2025-05-17,Foxbit,USDC,USDC/BRL,5.6919,5.7144,5.6872,5.7122,19521.20658687,111509.03626551882
2025-05-18,Foxbit,USDC,USDC/BRL,5.7122,5.7141,5.6846,5.6846,6799.83107458,38654.31972655746
2025-05-19,Foxbit,USDC,USDC/BRL,5.6833,5.7117,5.6497,5.6625,74671.69916221,422828.49650601414
2025-05-20,Foxbit,USDC,USDC/BRL,5.6626,5.6914,5.6364,5.677,331939.52237104,1884420.668500394
2025-05-21,Foxbit,USDC,USDC/BRL,5.6702,5.6813,5.6412,5.6553,23233.32530007,131391.42456948588
2025-05-22,Foxbit,USDC,USDC/BRL,5.6542,5.7138,5.6111,5.6958,62533.89874043,356180.5804457412
2025-05-23,Foxbit,USDC,USDC/BRL,5.6957,5.7267,5.657,5.698,96399.89791416,549286.6183148837
2025-05-24,Foxbit,USDC,USDC/BRL,5.6907,5.7039,5.672,5.6848,40196.96985543,228511.73423414846
2025-05-25,Foxbit,USDC,USDC/BRL,5.6854,5.6987,5.6741,5.6923,27431.21615229,156146.71170368037
2025-05-26,Foxbit,USDC,USDC/BRL,5.6922,5.6999,5.6701,5.6999,65044.30054755,370746.00869098026
2025-05-27,Foxbit,USDC,USDC/BRL,5.6999,5.7,5.6593,5.6693,93945.59681696,532605.7720343913
2025-05-28,Foxbit,USDC,USDC/BRL,5.6785,5.7199,5.6631,5.7093,56949.33218248,325140.82222943305
2025-05-29,Foxbit,USDC,USDC/BRL,5.706,5.7209,5.6487,5.7041,106795.97039656,609174.8947390179
2025-05-30,Foxbit,USDC,USDC/BRL,5.7034,5.7732,5.6764,5.7688,57243.33583478,330225.35576367885
2025-05-31,Foxbit,USDC,USDC/BRL,5.7688,5.7757,5.7463,5.7547,14035.62898894,80770.83414265301
2025-06-01,Foxbit,USDC,USDC/BRL,5.7481,5.77,5.7362,5.7476,33998.33008181,195408.80197821118
2025-06-02,Foxbit,USDC,USDC/BRL,5.7481,5.7702,5.6714,5.693,93178.93406175,530467.6716135427
2025-06-03,Foxbit,USDC,USDC/BRL,5.6935,5.7271,5.6429,5.6618,29530.24317209,167194.33079173916
2025-06-04,Foxbit,USDC,USDC/BRL,5.6633,5.67,5.6088,5.6528,60579.97546192,342446.4852911414
2025-06-05,Foxbit,USDC,USDC/BRL,5.6547,5.6644,5.5925,5.6229,202257.41464446,1137273.216804334
2025-06-06,Foxbit,USDC,USDC/BRL,5.6229,5.6337,5.5768,5.6139,25415.33347235,142679.14058042568
2025-06-07,Foxbit,USDC,USDC/BRL,5.6139,5.6225,5.5998,5.6211,5797.41792992,32587.86592587331
2025-06-08,Foxbit,USDC,USDC/BRL,5.62,5.6332,5.6121,5.6279,28513.99903494,160473.93516873883
2025-06-09,Foxbit,USDC,USDC/BRL,5.628,5.6337,5.5714,5.5838,60609.85823133,338433.3263921005
2025-06-10,Foxbit,USDC,USDC/BRL,5.5863,5.5902,5.5571,5.5799,71841.85848672,400870.3861700489
2025-06-11,Foxbit,USDC,USDC/BRL,5.5745,5.5817,5.5362,5.5669,103873.84663609,578255.3168384494
2025-06-12,Foxbit,USDC,USDC/BRL,5.567,5.5727,5.5416,5.5651,26476.44043386,147344.03865847428
2025-06-13,Foxbit,USDC,USDC/BRL,5.5646,5.6123,5.5538,5.5941,129211.58542851,722822.5300456278
2025-06-14,Foxbit,USDC,USDC/BRL,5.5879,5.6156,5.5699,5.57,21979.96663349,122428.4141485393
2025-06-15,Foxbit,USDC,USDC/BRL,5.57,5.579,5.5558,5.5644,10458.86327513,58197.29880813337
2025-06-16,Foxbit,USDC,USDC/BRL,5.5644,5.5776,5.4938,5.519,103645.74733101,572020.8795198442
2025-06-17,Foxbit,USDC,USDC/BRL,5.519,5.5275,5.483,5.5196,58274.10762726,321649.76445942424
2025-06-18,Foxbit,USDC,USDC/BRL,5.522,5.5296,5.4905,5.5206,70069.49539293,386825.6562662093
2025-06-19,Foxbit,USDC,USDC/BRL,5.521,5.5314,5.5141,5.5308,28439.91588362,157295.4867691255
2025-06-20,Foxbit,USDC,USDC/BRL,5.5308,5.5601,5.5004,5.5495,152702.58539079,847422.997626189
2025-06-21,Foxbit,USDC,USDC/BRL,5.5495,5.5625,5.5392,5.541,12139.61770502,67265.62170351583
2025-06-22,Foxbit,USDC,USDC/BRL,5.5465,5.5636,5.5392,5.5584,28926.49463595,160785.02778446447
2025-06-23,Foxbit,USDC,USDC/BRL,5.5535,5.5664,5.4957,5.5121,90642.04448727,499628.013418281
2025-06-24,Foxbit,USDC,USDC/BRL,5.5123,5.5373,5.4788,5.5281,84007.16457941,464400.0065114365
2025-06-25,Foxbit,USDC,USDC/BRL,5.528,5.5837,5.5152,5.5837,18327.04292037,102332.70955446998
2025-06-26,Foxbit,USDC,USDC/BRL,5.5865,5.5882,5.5012,5.5035,80548.31031367,443297.6258112828
2025-06-27,Foxbit,USDC,USDC/BRL,5.5044,5.5187,5.4743,5.5187,91410.70543288,504468.26007243484
2025-06-28,Foxbit,USDC,USDC/BRL,5.5212,5.5226,5.4948,5.5171,31035.60171036,171226.51819622715
2025-06-29,Foxbit,USDC,USDC/BRL,5.5171,5.5178,5.4936,5.5084,13679.33845737,75351.26795857691
2025-06-30,Foxbit,USDC,USDC/BRL,5.5098,5.5515,5.4417,5.4694,127750.30214971,698717.5025776239
2025-07-01,Foxbit,USDC,USDC/BRL,5.4691,5.4879,5.4361,5.4776,110485.80891794,605197.0669289081
2025-07-02,Foxbit,USDC,USDC/BRL,5.477,5.4931,5.4147,5.437,106395.27937266,578471.1339491525
2025-07-03,Foxbit,USDC,USDC/BRL,5.4441,5.4566,5.4168,5.4303,49694.76667301,269857.49146444624
2025-07-04,Foxbit,USDC,USDC/BRL,5.4313,5.4636,5.4153,5.4593,85002.97638226,464056.748963672
2025-07-05,Foxbit,USDC,USDC/BRL,5.461,5.4649,5.4484,5.4603,19584.72465272,106938.47202124703
2025-07-06,Foxbit,USDC,USDC/BRL,5.4595,5.4623,5.4327,5.4565,18185.22216289,99227.66473180929
2025-07-07,Foxbit,USDC,USDC/BRL,5.4529,5.4959,5.4438,5.4823,136253.23809607,746981.1272140847
2025-07-08,Foxbit,USDC,USDC/BRL,5.4823,5.4875,5.4462,5.4637,59623.54985163,325765.18932435085
2025-07-09,Foxbit,USDC,USDC/BRL,5.4666,5.6012,5.4403,5.5053,296262.34445569,1631013.0849319103
2025-07-10,Foxbit,USDC,USDC/BRL,5.5161,5.5854,5.4732,5.4829,146699.24873361,804337.3108815103
2025-07-11,Foxbit,USDC,USDC/BRL,5.4826,5.579,5.4472,5.5666,204447.36467409,1138076.7001947893
2025-07-12,Foxbit,USDC,USDC/BRL,5.5652,5.5963,5.556,5.556,10564.46900388,58696.18978555728
2025-07-13,Foxbit,USDC,USDC/BRL,5.5624,5.5844,5.5463,5.5628,35257.80606025,196132.12355195868
2025-07-14,Foxbit,USDC,USDC/BRL,5.5692,5.5844,5.5343,5.5843,201516.16135274,1125326.6998421059
2025-07-15,Foxbit,USDC,USDC/BRL,5.5843,5.5955,5.5501,5.5775,37876.95024015,211258.6899644366
2025-07-16,Foxbit,USDC,USDC/BRL,5.5779,5.6014,5.5504,5.5753,43862.46030056,244546.37491371218
2025-07-17,Foxbit,USDC,USDC/BRL,5.5753,5.6141,5.5405,5.5534,34613.3860554,192221.97812005834
2025-07-18,Foxbit,USDC,USDC/BRL,5.5485,5.602,5.5331,5.5916,56024.29480784,313265.44684751815
2025-07-19,Foxbit,USDC,USDC/BRL,5.602,5.6198,5.5855,5.5959,31275.7058631,175015.7224393213
2025-07-20,Foxbit,USDC,USDC/BRL,5.6063,5.62,5.5957,5.62,8592.29277516,48288.6853963992
2025-07-21,Foxbit,USDC,USDC/BRL,5.6073,5.62,5.5609,5.5776,34879.54105656,194544.12819706908
2025-07-22,Foxbit,USDC,USDC/BRL,5.5851,5.5908,5.5587,5.5724,34260.13069322,190911.15227489916
2025-07-23,Foxbit,USDC,USDC/BRL,5.5602,5.5822,5.5207,5.5334,26037.04039182,144073.35930409678
2025-07-24,Foxbit,USDC,USDC/BRL,5.5334,5.5553,5.5247,5.5393,40742.16329549,225683.06514270775
2025-07-25,Foxbit,USDC,USDC/BRL,5.539,5.5957,5.5318,5.5771,71104.10258726,396554.6905394077
2025-07-26,Foxbit,USDC,USDC/BRL,5.5852,5.5977,5.575,5.5928,7022.10760257,39273.243399653504
2025-07-27,Foxbit,USDC,USDC/BRL,5.5982,5.5998,5.5797,5.5883,57980.1632908,324010.54651797767
2025-07-28,Foxbit,USDC,USDC/BRL,5.5883,5.611,5.5747,5.6021,70786.69472499,396554.14251886646
2025-07-29,Foxbit,USDC,USDC/BRL,5.6021,5.6054,5.5628,5.5899,96753.13089121,540840.3263687749
2025-07-30,Foxbit,USDC,USDC/BRL,5.5889,5.6362,5.5606,5.5856,56012.20817727,312861.7899949593
2025-07-31,Foxbit,USDC,USDC/BRL,5.5952,5.6263,5.5828,5.6143,75953.53134473,426425.91102871764
2025-08-01,Foxbit,USDC,USDC/BRL,5.6142,5.6444,5.5427,5.5657,157881.97774804,878723.7235522661
2025-08-02,Foxbit,USDC,USDC/BRL,5.5657,5.5829,5.5643,5.581,31212.47769188,174196.8379983823
2025-08-03,Foxbit,USDC,USDC/BRL,5.581,5.5823,5.571,5.5728,38732.7248799,215849.72921070672
2025-08-04,Foxbit,USDC,USDC/BRL,5.571,5.5767,5.505,5.5147,144915.70068413,799166.6145627717
2025-08-05,Foxbit,USDC,USDC/BRL,5.5199,5.5348,5.5087,5.5166,50698.81809767,279685.09991760633
2025-08-06,Foxbit,USDC,USDC/BRL,5.5122,5.5282,5.4658,5.4824,273571.91025496,1499830.6407817928
2025-08-07,Foxbit,USDC,USDC/BRL,5.4836,5.5008,5.4193,5.4435,211256.09936962,1149972.5769185266
2025-08-08,Foxbit,USDC,USDC/BRL,5.4439,5.4753,5.4237,5.4696,170688.73728967,933599.117479579
2025-08-09,Foxbit,USDC,USDC/BRL,5.4696,5.4753,5.4433,5.4655,66554.77181275,363755.10534258507
2025-08-10,Foxbit,USDC,USDC/BRL,5.4565,5.4696,5.4453,5.4487,17408.49712621,94853.67829158042
2025-08-11,Foxbit,USDC,USDC/BRL,5.4545,5.4675,5.4378,5.4525,63510.77238022,346292.4864031495
2025-08-12,Foxbit,USDC,USDC/BRL,5.4533,5.456,5.3821,5.4213,115043.98503394,623687.9560644989
2025-08-13,Foxbit,USDC,USDC/BRL,5.4221,5.4253,5.3876,5.4,99529.639656,537460.0541424
2025-08-14,Foxbit,USDC,USDC/BRL,5.4,5.4407,5.3815,5.4369,131048.19080014,712495.9085612812
2025-08-15,Foxbit,USDC,USDC/BRL,5.4301,5.4468,5.3905,5.4208,170980.60202105,926851.6474357079
2025-08-16,Foxbit,USDC,USDC/BRL,5.423,5.433,5.4081,5.4122,9638.09903457,52163.31959489975
2025-08-17,Foxbit,USDC,USDC/BRL,5.4209,5.4287,5.4063,5.4104,8408.79482419,45494.943516797575
2025-08-18,Foxbit,USDC,USDC/BRL,5.4189,5.4498,5.4047,5.44,34663.55943357,188569.76331862083
2025-08-19,Foxbit,USDC,USDC/BRL,5.44,5.52,5.4399,5.52,87475.8503349,482866.69384864793
2025-08-20,Foxbit,USDC,USDC/BRL,5.52,5.5327,5.4677,5.4967,38483.41884704,211531.80837652474
2025-08-21,Foxbit,USDC,USDC/BRL,5.4966,5.5034,5.4765,5.4863,42872.66661409,235212.31084488195
2025-08-22,Foxbit,USDC,USDC/BRL,5.4863,5.496,5.42,5.4295,196740.24860262,1068201.1797879252
2025-08-23,Foxbit,USDC,USDC/BRL,5.4299,5.4501,5.428,5.4459,64694.53765304,352319.98260469054
2025-08-24,Foxbit,USDC,USDC/BRL,5.4458,5.4606,5.426,5.4476,64602.10923645,351926.45027648506
2025-08-25,Foxbit,USDC,USDC/BRL,5.4486,5.4639,5.4119,5.4342,167714.90454639,911396.3342859924
2025-08-26,Foxbit,USDC,USDC/BRL,5.4354,5.455,5.4054,5.4404,38432.66568479,209089.07439153153
2025-08-27,Foxbit,USDC,USDC/BRL,5.4404,5.4578,5.4184,5.4305,27817.17276142,151061.15668089132
2025-08-28,Foxbit,USDC,USDC/BRL,5.4307,5.4379,5.4008,5.4243,66709.38443984,361851.7140170241
2025-08-29,Foxbit,USDC,USDC/BRL,5.4243,5.4697,5.4122,5.4608,84048.8242765,458973.81960911123
2025-08-30,Foxbit,USDC,USDC/BRL,5.4613,5.4673,5.4444,5.4653,36014.90427081,196832.2563112579
2025-08-31,Foxbit,USDC,USDC/BRL,5.4653,5.4741,5.4528,5.4617,11295.97364443,61695.21925378333
2025-09-01,Foxbit,USDC,USDC/BRL,5.4616,5.4723,5.4292,5.4614,144881.28550126,791254.6526365813
2025-09-02,Foxbit,USDC,USDC/BRL,5.4595,5.5103,5.4399,5.4787,598728.82103129,3280255.5917841285
2025-09-03,Foxbit,USDC,USDC/BRL,5.4799,5.4871,5.4373,5.4585,159669.78300117,871557.5105118864
2025-09-04,Foxbit,USDC,USDC/BRL,5.4547,5.4817,5.4385,5.4613,127595.2576851,696835.9807956367
2025-09-05,Foxbit,USDC,USDC/BRL,5.4613,5.4643,5.4,5.4406,188340.42872405,1024684.9365160664
2025-09-06,Foxbit,USDC,USDC/BRL,5.4441,5.4501,5.431,5.4481,36998.86723314,201573.52857287004
2025-09-07,Foxbit,USDC,USDC/BRL,5.4481,5.45,5.4294,5.44,13348.40383116,72615.3168415104
2025-09-08,Foxbit,USDC,USDC/BRL,5.4391,5.4554,5.4134,5.4381,89040.48664925,484211.0704472865
2025-09-09,Foxbit,USDC,USDC/BRL,5.4381,5.4518,5.4149,5.4427,48512.88275433,264041.06696699193
2025-09-10,Foxbit,USDC,USDC/BRL,5.4427,5.4427,5.4016,5.4159,64655.42276914,350167.30417538533
2025-09-11,Foxbit,USDC,USDC/BRL,5.4159,5.4322,5.3801,5.4037,108724.82846674,587516.355585723
2025-09-12,Foxbit,USDC,USDC/BRL,5.4035,5.4104,5.3501,5.3731,158552.3998577,851917.8996754078
2025-09-13,Foxbit,USDC,USDC/BRL,5.3679,5.3829,5.3629,5.3788,38750.015008,208428.58072503042
2025-09-14,Foxbit,USDC,USDC/BRL,5.3788,5.3791,5.3603,5.3743,10524.22739412,56560.35528421911
2025-09-15,Foxbit,USDC,USDC/BRL,5.3798,5.3798,5.3103,5.3303,33192.71925758,176927.15145867868
2025-09-16,Foxbit,USDC,USDC/BRL,5.3303,5.3353,5.2905,5.3097,65339.50496561,346933.16951589944
2025-09-17,Foxbit,USDC,USDC/BRL,5.3076,5.3217,5.2866,5.3124,35311.57652374,187589.21912471636
2025-09-18,Foxbit,USDC,USDC/BRL,5.3124,5.3221,5.2714,5.3095,60568.87304782,321590.4314474003
2025-09-19,Foxbit,USDC,USDC/BRL,5.3096,5.35,5.308,5.3458,599282.75572696,3203645.755565183
2025-09-20,Foxbit,USDC,USDC/BRL,5.3458,5.3519,5.3339,5.3429,25366.80812516,135532.31913191738
2025-09-21,Foxbit,USDC,USDC/BRL,5.3428,5.3472,5.3279,5.3279,11507.92991928,61313.099816931914
2025-09-22,Foxbit,USDC,USDC/BRL,5.3339,5.3699,5.3279,5.3396,44234.51121649,236194.59609156998
2025-09-23,Foxbit,USDC,USDC/BRL,5.3395,5.3503,5.2799,5.2905,25681.75660876,135869.33333864476
2025-09-24,Foxbit,USDC,USDC/BRL,5.2934,5.3333,5.2853,5.3206,95596.082151,508628.51469261054
2025-09-25,Foxbit,USDC,USDC/BRL,5.32,5.3797,5.3124,5.3768,48565.83069823,261128.75849824306
2025-09-26,Foxbit,USDC,USDC/BRL,5.3734,5.377,5.3377,5.3641,21333.8004353,114436.63891499273
2025-09-27,Foxbit,USDC,USDC/BRL,5.3693,5.3745,5.3552,5.3656,12047.64967371,64642.869089258376
2025-09-28,Foxbit,USDC,USDC/BRL,5.3618,5.3689,5.3531,5.3622,23868.28631509,127986.5248787756
2025-09-29,Foxbit,USDC,USDC/BRL,5.359,5.3615,5.3076,5.3202,38252.11131086,203508.88259603735
2025-09-30,Foxbit,USDC,USDC/BRL,5.3201,5.3365,5.3079,5.3252,64111.268992,341405.32963619835
2025-10-01,Foxbit,USDC,USDC/BRL,5.3252,5.335,5.2914,5.3284,106963.68154391,569945.28073857
2025-10-02,Foxbit,USDC,USDC/BRL,5.3271,5.3685,5.3047,5.3482,54944.50029353,293854.17646985716
2025-10-03,Foxbit,USDC,USDC/BRL,5.3477,5.3627,5.319,5.3507,67450.00500162,360904.7417621681
2025-10-04,Foxbit,USDC,USDC/BRL,5.3551,5.3587,5.3396,5.3476,17314.90114097,92593.16534145117
2025-10-05,Foxbit,USDC,USDC/BRL,5.3461,5.3569,5.33,5.3411,8433.08180057,45041.93320502443
2025-10-06,Foxbit,USDC,USDC/BRL,5.3401,5.3471,5.3,5.3107,119271.91653875,633417.3671623396
2025-10-07,Foxbit,USDC,USDC/BRL,5.307,5.3699,5.2813,5.35,147473.20316684,788981.6369425938
2025-10-08,Foxbit,USDC,USDC/BRL,5.3499,5.37,5.3323,5.3474,101427.16506764,542371.6224826982
2025-10-09,Foxbit,USDC,USDC/BRL,5.3474,5.3967,5.3273,5.3799,76853.02838172,413461.6073908154
2025-10-10,Foxbit,USDC,USDC/BRL,5.3799,5.69,5.37,5.6058,441061.16504313,2472500.678998778
2025-10-11,Foxbit,USDC,USDC/BRL,5.6159,5.6426,5.5446,5.6222,39052.8827755,219563.11754041613
2025-10-12,Foxbit,USDC,USDC/BRL,5.6371,5.6511,5.5348,5.5804,54924.1975054,306498.99175913417
2025-10-13,Foxbit,USDC,USDC/BRL,5.5798,5.5826,5.459,5.4871,42158.70412862,231329.02542415078
2025-10-14,Foxbit,USDC,USDC/BRL,5.4741,5.532,5.4685,5.4916,30154.51865709,165596.55465727544
2025-10-15,Foxbit,USDC,USDC/BRL,5.4976,5.5032,5.4359,5.4568,70351.75425434,383895.45261508255
2025-10-16,Foxbit,USDC,USDC/BRL,5.4565,5.4707,5.4186,5.4577,32725.31457257,178604.9493427153
2025-10-17,Foxbit,USDC,USDC/BRL,5.4608,5.4786,5.4101,5.4325,55003.60408097,298807.07916986954
2025-10-18,Foxbit,USDC,USDC/BRL,5.4323,5.436,5.4147,5.4286,7072.35945545,38393.01053985587
2025-10-19,Foxbit,USDC,USDC/BRL,5.4216,5.4295,5.4088,5.427,2189.63868103,11883.16912194981
2025-10-20,Foxbit,USDC,USDC/BRL,5.4281,5.4291,5.3702,5.3854,26704.83981541,143816.244341909
2025-10-21,Foxbit,USDC,USDC/BRL,5.3806,5.4075,5.379,5.4002,23506.17618205,126938.0526183064
2025-10-22,Foxbit,USDC,USDC/BRL,5.4002,5.4199,5.388,5.4065,25675.11400367,138812.50386084188
2025-10-23,Foxbit,USDC,USDC/BRL,5.4153,5.4212,5.3791,5.3877,18163.64554893,97860.27312397015
2025-10-24,Foxbit,USDC,USDC/BRL,5.3974,5.415,5.3691,5.4021,33025.6899006,178408.07941203128
2025-10-25,Foxbit,USDC,USDC/BRL,5.4021,5.412,5.3845,5.4003,10041.7275688,54228.34138979064
2025-10-26,Foxbit,USDC,USDC/BRL,5.4003,5.4004,5.3799,5.3847,14055.70365372,75685.74746418608
2025-10-27,Foxbit,USDC,USDC/BRL,5.3839,5.3945,5.3573,5.3606,66642.62511804,357244.4562077652
2025-10-28,Foxbit,USDC,USDC/BRL,5.3615,5.3817,5.3466,5.3686,47557.61704492,255317.8228673575
2025-10-29,Foxbit,USDC,USDC/BRL,5.3686,5.3703,5.333,5.3562,83039.14534944,444774.27032067056
2025-10-30,Foxbit,USDC,USDC/BRL,5.364,5.4007,5.3493,5.3947,38111.51590045,205600.19482815763
2025-10-31,Foxbit,USDC,USDC/BRL,5.3991,5.4049,5.3734,5.3793,54754.72035087,294542.06718343496
2025-11-01,Foxbit,USDC,USDC/BRL,5.3862,5.3947,5.3634,5.3698,32121.94738954,172488.4330923519
2025-11-02,Foxbit,USDC,USDC/BRL,5.3747,5.3864,5.3608,5.3696,16802.32280647,90221.75254162132
2025-11-03,Foxbit,USDC,USDC/BRL,5.3696,5.3837,5.3456,5.3642,63069.09733109,338315.251903433
2025-11-04,Foxbit,USDC,USDC/BRL,5.3642,5.4197,5.358,5.4164,89497.45778673,484754.03035604436
2025-11-05,Foxbit,USDC,USDC/BRL,5.4164,5.4184,5.3557,5.3644,60826.0736007,326295.3892235951
2025-11-06,Foxbit,USDC,USDC/BRL,5.3644,5.3688,5.3334,5.3629,32716.30327633,175454.26284063014
2025-11-07,Foxbit,USDC,USDC/BRL,5.3651,5.37,5.3365,5.3467,55541.50131472,296963.74507941346
2025-11-08,Foxbit,USDC,USDC/BRL,5.3417,5.3525,5.3339,5.3525,13228.5626896,70805.881796084
2025-11-09,Foxbit,USDC,USDC/BRL,5.3488,5.3593,5.3368,5.3506,14119.86363439,75549.74236216713
2025-11-10,Foxbit,USDC,USDC/BRL,5.3572,5.3576,5.2992,5.3152,67621.86099177,359423.71554345585
2025-11-11,Foxbit,USDC,USDC/BRL,5.3053,5.3214,5.2756,5.2889,99150.10872755,524395.0100491391
2025-11-12,Foxbit,USDC,USDC/BRL,5.2888,5.3091,5.2728,5.3,55319.21001336,293191.813070808
2025-11-13,Foxbit,USDC,USDC/BRL,5.3,5.3139,5.2748,5.3037,53343.26787962,282916.68985314056
2025-11-14,Foxbit,USDC,USDC/BRL,5.3038,5.3286,5.2767,5.3186,22511.21489292,119728.14752948431
2025-11-15,Foxbit,USDC,USDC/BRL,5.3187,5.3224,5.3073,5.3189,20843.88357168,110866.53232940874
2025-11-16,Foxbit,USDC,USDC/BRL,5.3207,5.3241,5.3113,5.3208,16636.68281109,88520.46190124766
2025-11-17,Foxbit,USDC,USDC/BRL,5.3227,5.3375,5.2986,5.3363,26631.66230778,142114.5395730064
2025-11-18,Foxbit,USDC,USDC/BRL,5.3363,5.3519,5.3153,5.3294,72407.73877745,385889.803040542
2025-11-19,Foxbit,USDC,USDC/BRL,5.3279,5.3498,5.321,5.3402,78063.80811394,416876.34809006244
2025-11-20,Foxbit,USDC,USDC/BRL,5.3464,5.3573,5.3324,5.3546,25814.23710063,138224.9139790334
2025-11-21,Foxbit,USDC,USDC/BRL,5.351,5.4355,5.3428,5.42,69447.54736229,376405.7067036118
2025-11-22,Foxbit,USDC,USDC/BRL,5.4205,5.4303,5.4122,5.4254,11568.39164571,62763.15203463503
2025-11-23,Foxbit,USDC,USDC/BRL,5.428,5.4368,5.4157,5.4306,4564.79695489,24789.586343225634
2025-11-24,Foxbit,USDC,USDC/BRL,5.4312,5.4344,5.3697,5.3981,119819.47733212,646797.520586517
2025-11-25,Foxbit,USDC,USDC/BRL,5.3981,5.4068,5.3597,5.3845,27050.54621315,145653.66608470617
2025-11-26,Foxbit,USDC,USDC/BRL,5.3863,5.4146,5.3324,5.3505,46848.66210709,250663.76660398504
2025-11-27,Foxbit,USDC,USDC/BRL,5.345,5.3736,5.3306,5.3652,80820.39007175,433617.55681295303
2025-11-28,Foxbit,USDC,USDC/BRL,5.3697,5.3768,5.3266,5.3419,121274.95096619,647838.6605662903
2025-11-29,Foxbit,USDC,USDC/BRL,5.3434,5.369,5.3414,5.3649,11082.78789831,59458.04879564331
2025-11-30,Foxbit,USDC,USDC/BRL,5.3706,5.3742,5.3488,5.3695,72221.88352331,387795.40357841307
2025-12-01,Foxbit,USDC,USDC/BRL,5.3703,5.3738,5.3295,5.3638,136331.3430476,731254.057838717
2025-12-02,Foxbit,USDC,USDC/BRL,5.3594,5.3664,5.3243,5.3338,71637.51066498,382100.1543848703
2025-12-03,Foxbit,USDC,USDC/BRL,5.3352,5.3377,5.2973,5.313,60788.33719885,322968.43553749006
2025-12-04,Foxbit,USDC,USDC/BRL,5.3131,5.3256,5.2925,5.3161,26699.31245241,141936.21492825678
2025-12-05,Foxbit,USDC,USDC/BRL,5.3161,5.4668,5.3007,5.466,125593.39532504,686493.4988466686
2025-12-06,Foxbit,USDC,USDC/BRL,5.4618,5.4893,5.4528,5.4764,45788.81200774,250757.85007918734
2025-12-07,Foxbit,USDC,USDC/BRL,5.4764,5.4928,5.4547,5.477,8827.96761353,48350.77861930381
2025-12-08,Foxbit,USDC,USDC/BRL,5.4754,5.4893,5.3932,5.435,63686.99560009,346138.82108648913
2025-12-09,Foxbit,USDC,USDC/BRL,5.441,5.494,5.4169,5.4335,24355.96402665,132338.13053880277
2025-12-10,Foxbit,USDC,USDC/BRL,5.4419,5.4867,5.4186,5.4694,43447.88709874,237633.87369784858
2025-12-11,Foxbit,USDC,USDC/BRL,5.469,5.4938,5.3874,5.3992,94259.79718411,508927.49695644673
2025-12-12,Foxbit,USDC,USDC/BRL,5.4095,5.4389,5.3788,5.4291,44322.24320144,240629.89056493787
2025-12-13,Foxbit,USDC,USDC/BRL,5.4366,5.4425,5.4212,5.4384,3710.55572414,20179.486250162976
2025-12-14,Foxbit,USDC,USDC/BRL,5.4303,5.4434,5.43,5.4399,18101.45429935,98470.10124303406
2025-12-15,Foxbit,USDC,USDC/BRL,5.4397,5.4403,5.3837,5.4214,39339.5653784,213275.51974245778
2025-12-16,Foxbit,USDC,USDC/BRL,5.4297,5.4999,5.4162,5.485,144001.35169239,789847.4140327591
2025-12-17,Foxbit,USDC,USDC/BRL,5.4784,5.5299,5.4773,5.5282,36104.24218827,199591.4716651942
2025-12-18,Foxbit,USDC,USDC/BRL,5.5299,5.5615,5.5063,5.5262,157485.00147842,870293.6151700446
2025-12-19,Foxbit,USDC,USDC/BRL,5.5329,5.5719,5.4994,5.5603,79630.88391023,442771.60380605183
2025-12-20,Foxbit,USDC,USDC/BRL,5.5585,5.569,5.5477,5.5609,3434.57410024,19099.323114024617
2025-12-21,Foxbit,USDC,USDC/BRL,5.5609,5.5678,5.542,5.5532,1803.76080581,10016.644506824092
2025-12-22,Foxbit,USDC,USDC/BRL,5.5516,5.607,5.5208,5.5867,77959.2382885,435534.87654636294
2025-12-23,Foxbit,USDC,USDC/BRL,5.595,5.6139,5.5261,5.5328,41626.95853069,230313.6361586016
2025-12-24,Foxbit,USDC,USDC/BRL,5.5361,5.5516,5.5278,5.5341,13240.55856992,73274.57518179427
2025-12-25,Foxbit,USDC,USDC/BRL,5.5337,5.5468,5.5255,5.5442,3792.52220579,21026.50161334092
2025-12-26,Foxbit,USDC,USDC/BRL,5.5377,5.567,5.524,5.5477,47879.41580183,265620.6350438123
2025-12-27,Foxbit,USDC,USDC/BRL,5.5529,5.5576,5.538,5.5475,5950.9105589,33012.676325497756
2025-12-28,Foxbit,USDC,USDC/BRL,5.5407,5.5538,5.5325,5.5459,24898.75283957,138085.99337297125
2025-12-29,Foxbit,USDC,USDC/BRL,5.5459,5.5895,5.5238,5.5796,67295.45171261,375481.70237567875
2025-12-30,Foxbit,USDC,USDC/BRL,5.58,5.584,5.4856,5.4962,72653.56402206,399318.5185780462
2025-12-31,Foxbit,USDC,USDC/BRL,5.501,5.5163,5.4875,5.4989,75566.50632036,415532.6616050276
2026-01-01,Foxbit,USDC,USDC/BRL,5.5094,5.5175,5.4947,5.5105,32927.1190344,181444.8894390612
2026-01-02,Foxbit,USDC,USDC/BRL,5.5103,5.5112,5.4169,5.4326,113789.77220597,618174.3164861526
2026-01-03,Foxbit,USDC,USDC/BRL,5.4325,5.4514,5.4237,5.436,21735.83565008,118156.00259383488
2026-01-04,Foxbit,USDC,USDC/BRL,5.4351,5.4474,5.4265,5.4331,38045.07696731,206702.70767109195
2026-01-05,Foxbit,USDC,USDC/BRL,5.4327,5.4566,5.3947,5.4099,110616.30001959,598423.1214759799
2026-01-06,Foxbit,USDC,USDC/BRL,5.4099,5.4224,5.3432,5.3831,141196.06393046,760072.5317440592
2026-01-07,Foxbit,USDC,USDC/BRL,5.3803,5.4077,5.3758,5.4049,209371.16646027,1131630.2176011133
2026-01-08,Foxbit,USDC,USDC/BRL,5.4052,5.4177,5.3816,5.3951,95806.89186791,516887.7623165613
2026-01-09,Foxbit,USDC,USDC/BRL,5.3952,5.4,5.3547,5.3908,175568.6653017,946455.5609084043
2026-01-10,Foxbit,USDC,USDC/BRL,5.3908,5.3948,5.3836,5.386,31742.60402579,170965.66528290493
2026-01-11,Foxbit,USDC,USDC/BRL,5.3862,5.3907,5.3705,5.3881,41425.8876321,223206.82515051798
2026-01-12,Foxbit,USDC,USDC/BRL,5.3878,5.3882,5.3573,5.3809,87447.70900117,470547.37736439565
2026-01-13,Foxbit,USDC,USDC/BRL,5.3808,5.3907,5.3632,5.3783,151257.95157508,813510.6409562528
2026-01-14,Foxbit,USDC,USDC/BRL,5.3772,5.4041,5.3614,5.3955,190717.36834831,1029015.5609233066
2026-01-15,Foxbit,USDC,USDC/BRL,5.3954,5.4025,5.3542,5.3738,423952.97930037,2278238.520164328
2026-01-16,Foxbit,USDC,USDC/BRL,5.3698,5.3958,5.354,5.3827,1014807.29150731,5462403.207996397
2026-01-17,Foxbit,USDC,USDC/BRL,5.3821,5.3857,5.3797,5.3818,40391.6649745,217379.86255976412
2026-01-18,Foxbit,USDC,USDC/BRL,5.3851,5.3854,5.3801,5.3827,16846.85413882,90681.5617730264
2026-01-19,Foxbit,USDC,USDC/BRL,5.3827,5.3854,5.3581,5.3822,922470.72515365,4964921.936921976
2026-01-20,Foxbit,USDC,USDC/BRL,5.3777,5.4113,5.3601,5.3919,354898.25786545,1913575.9165847197
2026-01-21,Foxbit,USDC,USDC/BRL,5.3844,5.3959,5.3159,5.3251,493012.58859121,2625341.3355070525
2026-01-22,Foxbit,USDC,USDC/BRL,5.3251,5.3338,5.28,5.295,888210.5066781,4703074.6328605395
2026-01-23,Foxbit,USDC,USDC/BRL,5.2921,5.3093,5.2802,5.3033,422237.52371144,2239252.25949888
2026-01-24,Foxbit,USDC,USDC/BRL,5.3033,5.3116,5.3016,5.3079,23832.93741434,126502.84850157528
2026-01-25,Foxbit,USDC,USDC/BRL,5.308,5.3154,5.3001,5.3068,19069.05514522,101195.6618446535
2026-01-26,Foxbit,USDC,USDC/BRL,5.3067,5.3112,5.2614,5.2811,1266301.77767524,6687466.318080711
2026-01-27,Foxbit,USDC,USDC/BRL,5.285,5.2891,5.18,5.1916,634624.17392678,3294714.861358271
2026-01-28,Foxbit,USDC,USDC/BRL,5.1915,5.2267,5.1742,5.2047,994302.91255255,5175048.368962257
2026-01-29,Foxbit,USDC,USDC/BRL,5.2018,5.2435,5.1695,5.2082,667658.52345217,3477299.1218435913
2026-01-30,Foxbit,USDC,USDC/BRL,5.2082,5.2804,5.1999,5.2793,378040.08623599,1995787.027265662
2026-01-31,Foxbit,USDC,USDC/BRL,5.2793,5.2863,5.2741,5.2804,55467.96320831,292893.03292516014
2026-02-01,Foxbit,USDC,USDC/BRL,5.2804,5.3012,5.2741,5.2843,118060.8651495,623869.0297095028
2026-02-02,Foxbit,USDC,USDC/BRL,5.2882,5.2941,5.246,5.2719,796431.19213563,4198705.601819827
2026-02-03,Foxbit,USDC,USDC/BRL,5.2703,5.2728,5.2072,5.2472,326402.46492458,1712699.0139522564
2026-02-04,Foxbit,USDC,USDC/BRL,5.2472,5.2655,5.2201,5.2493,133529.00358108,700933.7984981632
2026-02-05,Foxbit,USDC,USDC/BRL,5.2515,5.2932,5.2401,5.2912,621037.44806586,3286033.345206078
2026-02-06,Foxbit,USDC,USDC/BRL,5.291,5.3095,5.2105,5.2448,1074739.02006603,5636791.212442314
2026-02-07,Foxbit,USDC,USDC/BRL,5.244,5.2526,5.2258,5.246,133492.03570642,700299.2193158794
2026-02-08,Foxbit,USDC,USDC/BRL,5.2458,5.2523,5.2387,5.2485,104854.36381916,550328.1285048613
2026-02-09,Foxbit,USDC,USDC/BRL,5.2486,5.2489,5.1806,5.2008,589027.99314598,3063416.786753613
2026-02-10,Foxbit,USDC,USDC/BRL,5.2025,5.2151,5.1864,5.2003,723722.80961481,3763575.7268398968
2026-02-11,Foxbit,USDC,USDC/BRL,5.1997,5.2045,5.174,5.195,310594.48679881,1613538.3589198182
2026-02-12,Foxbit,USDC,USDC/BRL,5.1947,5.2242,5.1609,5.2182,525379.25232034,2741534.0144579983
2026-02-13,Foxbit,USDC,USDC/BRL,5.2182,5.2488,5.2096,5.2319,218815.83866429,1144822.5863076989
2026-02-14,Foxbit,USDC,USDC/BRL,5.2319,5.2399,5.2309,5.2344,38364.09449851,200813.01624300075
2026-02-15,Foxbit,USDC,USDC/BRL,5.235,5.2435,5.2304,5.2365,25629.16480832,134207.1215187677
2026-02-16,Foxbit,USDC,USDC/BRL,5.239,5.2418,5.229,5.2346,107405.29201662,562223.7415901992
2026-02-17,Foxbit,USDC,USDC/BRL,5.2346,5.2541,5.2346,5.2449,484653.37517244,2541958.487441931
2026-02-18,Foxbit,USDC,USDC/BRL,5.2478,5.2538,5.2039,5.2406,474022.00238178,2484159.7056819564
2026-02-19,Foxbit,USDC,USDC/BRL,5.243,5.2562,5.2132,5.2169,256780.55064526,1339598.4546612569
2026-02-20,Foxbit,USDC,USDC/BRL,5.2147,5.2277,5.1698,5.1916,556540.44152913,2889335.356242631
2026-02-21,Foxbit,USDC,USDC/BRL,5.1932,5.1951,5.1884,5.19,15211.00295802,78945.1053521238
2026-02-22,Foxbit,USDC,USDC/BRL,5.1901,5.1948,5.179,5.179,15171.1249502,78571.2561170858
2026-02-23,Foxbit,USDC,USDC/BRL,5.181,5.1936,5.1424,5.1764,407106.53664465,2107346.276287366
2026-02-24,Foxbit,USDC,USDC/BRL,5.1761,5.1866,5.1446,5.1629,798188.90771822,4120969.511658398
2026-02-25,Foxbit,USDC,USDC/BRL,5.1629,5.1682,5.1217,5.1306,913974.43329304,4689237.227453272
2026-02-26,Foxbit,USDC,USDC/BRL,5.1305,5.1674,5.1254,5.1365,697674.6383487,3583605.7798780976
2026-02-27,Foxbit,USDC,USDC/BRL,5.1365,5.1692,5.1256,5.1497,812654.55569673,4184927.165471451
2026-02-28,Foxbit,USDC,USDC/BRL,5.1504,5.1549,5.1411,5.1457,64316.11794493,330951.4481092263
2026-03-01,Foxbit,USDC,USDC/BRL,5.1472,5.1503,5.1401,5.1503,119883.01639023,617433.4993146015
2026-03-02,Foxbit,USDC,USDC/BRL,5.1491,5.2143,5.147,5.1772,768170.44063017,3976972.005230516
2026-03-03,Foxbit,USDC,USDC/BRL,5.1749,5.3308,5.1749,5.2826,1213751.59764979,6411764.189744782
2026-03-04,Foxbit,USDC,USDC/BRL,5.2826,5.2915,5.1966,5.239,1072589.13499928,5619294.478261229
2026-03-05,Foxbit,USDC,USDC/BRL,5.2385,5.2938,5.2308,5.2797,870763.79908103,4597371.630008114
2026-03-06,Foxbit,USDC,USDC/BRL,5.2781,5.3183,5.2429,5.2731,779457.81773698,4110159.01870887
2026-03-07,Foxbit,USDC,USDC/BRL,5.2749,5.2813,5.2719,5.281,98786.84059916,521693.30520416395
2026-03-08,Foxbit,USDC,USDC/BRL,5.281,5.293,5.2699,5.2929,43823.30239629,231952.35725332334
2026-03-09,Foxbit,USDC,USDC/BRL,5.2939,5.3062,5.1607,5.1828,685339.84124912,3551979.3292259392
2026-03-10,Foxbit,USDC,USDC/BRL,5.1791,5.1865,5.1327,5.1694,643786.32143349,3327989.0100182835
2026-03-11,Foxbit,USDC,USDC/BRL,5.1692,5.1839,5.15,5.1757,135193.20928742,699719.4933088997
2026-03-12,Foxbit,USDC,USDC/BRL,5.1747,5.2644,5.1559,5.2569,656249.40262355,3449837.48465174
2026-03-13,Foxbit,USDC,USDC/BRL,5.2556,5.3445,5.2188,5.3404,364987.36140819,1949178.5048642978
2026-03-14,Foxbit,USDC,USDC/BRL,5.3438,5.348,5.3292,5.3431,20991.28079238,112158.51240176556
2026-03-15,Foxbit,USDC,USDC/BRL,5.3432,5.3432,5.3158,5.3161,41430.79824489,220250.26654965972
2026-03-16,Foxbit,USDC,USDC/BRL,5.3151,5.3185,5.2269,5.2374,185776.12667343,972983.8858394223
2026-03-17,Foxbit,USDC,USDC/BRL,5.2351,5.2434,5.1781,5.1996,140627.57798715,731207.1545019852
2026-03-18,Foxbit,USDC,USDC/BRL,5.1986,5.2734,5.1922,5.2584,598938.51535758,3149458.2891562986
2026-03-19,Foxbit,USDC,USDC/BRL,5.2572,5.3118,5.2101,5.2253,250214.26245959,1307444.5856300956
2026-03-20,Foxbit,USDC,USDC/BRL,5.2253,5.3269,5.2201,5.3117,530181.87294569,2816167.0545256212
2026-03-21,Foxbit,USDC,USDC/BRL,5.3095,5.3205,5.3082,5.3176,14783.0430834,78610.30990028783
2026-03-22,Foxbit,USDC,USDC/BRL,5.3177,5.3209,5.3043,5.3158,18301.18383253,97285.43301696298
2026-03-23,Foxbit,USDC,USDC/BRL,5.3153,5.3481,5.2223,5.2415,571363.48951149,2994801.7302744747
2026-03-24,Foxbit,USDC,USDC/BRL,5.2415,5.2802,5.2225,5.2385,306533.82460048,1605777.4401696143
2026-03-25,Foxbit,USDC,USDC/BRL,5.2385,5.2473,5.2097,5.2311,114705.00385119,600033.34564596
2026-03-26,Foxbit,USDC,USDC/BRL,5.2327,5.2609,5.2237,5.2487,222170.12879868,1166104.3550256318
2026-03-27,Foxbit,USDC,USDC/BRL,5.2487,5.2803,5.2239,5.2528,539827.77377275,2835607.3300735014
2026-03-28,Foxbit,USDC,USDC/BRL,5.2565,5.2612,5.2512,5.258,17142.16021569,90133.47841409802
2026-03-29,Foxbit,USDC,USDC/BRL,5.2549,5.2609,5.2469,5.2489,4723.50580581,24793.20962411611
2026-03-30,Foxbit,USDC,USDC/BRL,5.2489,5.2635,5.2268,5.2594,201124.32698028,1057793.2853200845
2026-03-31,Foxbit,USDC,USDC/BRL,5.2565,5.2605,5.1801,5.1827,177299.05598666,918887.8174620628
2026-04-01,Foxbit,USDC,USDC/BRL,5.184,5.186,5.1218,5.1611,297415.92184301,1534993.3142239589
2026-04-02,Foxbit,USDC,USDC/BRL,5.162,5.2011,5.1455,5.1734,289329.14272917,1496815.386995088
2026-04-03,Foxbit,USDC,USDC/BRL,5.1743,5.1847,5.17,5.178,68357.8210238,353956.7972612364
2026-04-04,Foxbit,USDC,USDC/BRL,5.177,5.18,5.1737,5.1742,56573.06303852,292720.34277391015
2026-04-05,Foxbit,USDC,USDC/BRL,5.1742,5.1813,5.1694,5.1694,79700.8039461,412005.33591896936
2026-04-06,Foxbit,USDC,USDC/BRL,5.1706,5.1776,5.1435,5.1504,407896.87924889,2100832.086883483
2026-04-07,Foxbit,USDC,USDC/BRL,5.1509,5.1731,5.1269,5.1387,162412.49219721,834589.073653803
2026-04-08,Foxbit,USDC,USDC/BRL,5.1351,5.1592,5.0684,5.1068,851307.42252644,4347456.745358024
2026-04-09,Foxbit,USDC,USDC/BRL,5.1107,5.1223,5.0619,5.0679,1286268.1701068,6518678.459284252
2026-04-10,Foxbit,USDC,USDC/BRL,5.0679,5.0759,5.0092,5.0224,325690.16819177,1635746.3007263455
2026-04-11,Foxbit,USDC,USDC/BRL,5.0248,5.0294,5.02,5.0247,131593.30528085,661216.881044687
2026-04-12,Foxbit,USDC,USDC/BRL,5.0229,5.0532,5.0224,5.0353,115576.71243764,581963.4201372487
2026-04-13,Foxbit,USDC,USDC/BRL,5.038,5.0454,4.9872,4.9988,311729.11626445,1558271.506382733
2026-04-14,Foxbit,USDC,USDC/BRL,4.9986,5.0056,4.9737,4.9902,403120.63353042,2011652.5854435018
2026-04-15,Foxbit,USDC,USDC/BRL,4.9925,5.0021,4.9872,4.9962,226072.51974142,1129503.5231320825
2026-04-16,Foxbit,USDC,USDC/BRL,4.9962,5.0136,4.9886,5.0006,81434.65108295,407222.1162053998
2026-04-17,Foxbit,USDC,USDC/BRL,4.9984,5.0038,4.9555,4.9939,530321.49342954,2648372.5060377796
2026-04-18,Foxbit,USDC,USDC/BRL,4.9948,4.9986,4.9845,4.9946,57385.82834221,286619.2582380021
2026-04-19,Foxbit,USDC,USDC/BRL,4.9954,4.9973,4.9865,4.9896,27337.6042282,136403.71005702674
2026-04-20,Foxbit,USDC,USDC/BRL,4.9896,4.9967,4.9637,4.9684,150950.22418996,749981.0938653972
2026-04-21,Foxbit,USDC,USDC/BRL,4.9684,4.9967,4.9605,4.9853,356964.32197777,1779574.2343557768
2026-04-22,Foxbit,USDC,USDC/BRL,4.9867,4.9886,4.96,4.9697,155418.94240221,772385.518056263
2026-04-23,Foxbit,USDC,USDC/BRL,4.9713,5.0346,4.9441,5.0268,295084.95374978,1483333.045509394
2026-04-24,Foxbit,USDC,USDC/BRL,5.0273,5.0379,4.9834,5.0024,100016.40836148,500322.08118746756
2026-04-25,Foxbit,USDC,USDC/BRL,5.0024,5.0096,4.9644,5.0038,242706.34971934,1214454.0327256336
2026-04-26,Foxbit,USDC,USDC/BRL,5.004,5.0077,4.9967,5.0023,7649.91214906,38267.155543242836
2026-04-27,Foxbit,USDC,USDC/BRL,5.0024,5.0037,4.9681,4.9825,179836.58614636,896035.7904742387
2026-04-28,Foxbit,USDC,USDC/BRL,4.9824,5.0132,4.9749,4.983,137012.5271109,682733.4225936147
2026-04-29,Foxbit,USDC,USDC/BRL,4.983,5.0149,4.9809,5.0082,575400.2845639,2881719.705152924
2026-04-30,Foxbit,USDC,USDC/BRL,5.0082,5.0116,4.9574,4.9676,388035.70505642,1927606.168438272
2026-05-01,Foxbit,USDC,USDC/BRL,4.9679,4.9755,4.95,4.9696,318308.81710011,1581867.4974607066
2026-05-02,Foxbit,USDC,USDC/BRL,4.9695,4.9711,4.9606,4.9636,123671.15597597,613854.1498023247
2026-05-03,Foxbit,USDC,USDC/BRL,4.9647,4.9684,4.9552,4.9589,72662.36827231,360325.41802555806
2026-05-04,Foxbit,USDC,USDC/BRL,4.9581,4.9822,4.951,4.9701,434770.96957515,2160855.1958854534
2026-05-05,Foxbit,USDC,USDC/BRL,4.9701,4.976,4.906,4.9153,358284.50163885,1761075.8109054395
2026-05-06,Foxbit,USDC,USDC/BRL,4.9151,4.9351,4.8768,4.9287,214912.81718349,1059240.8020522671
2026-05-07,Foxbit,USDC,USDC/BRL,4.928,4.9414,4.8991,4.9366,287104.85562876,1417321.8302969367
2026-05-08,Foxbit,USDC,USDC/BRL,4.9392,4.9434,4.8954,4.9068,1105955.82326982,5426704.033620353
2026-05-09,Foxbit,USDC,USDC/BRL,4.9069,4.9105,4.9008,4.9073,65360.62025672,320744.17178580206
2026-05-10,Foxbit,USDC,USDC/BRL,4.9074,4.9209,4.9057,4.911,216021.39615513,1060881.0765178434
2026-05-11,Foxbit,USDC,USDC/BRL,4.9111,4.9201,4.8928,4.8993,296212.26625657,1451232.7560708134
2026-05-12,Foxbit,USDC,USDC/BRL,4.8996,4.9183,4.894,4.905,267761.81731801,1313371.7139448393
2026-05-13,Foxbit,USDC,USDC/BRL,4.9021,5.0171,4.8985,5.0167,502230.12461988,2519537.866180552
2026-05-14,Foxbit,USDC,USDC/BRL,5.017,5.0314,4.9769,4.9954,417793.57031998,2087046.001176428
2026-05-15,Foxbit,USDC,USDC/BRL,4.9954,5.0825,4.9954,5.072,728547.33049972,3695192.0602945797
2026-05-16,Foxbit,USDC,USDC/BRL,5.0719,5.0732,5.0676,5.0676,35147.70457765,178114.50771769913
2026-05-17,Foxbit,USDC,USDC/BRL,5.0673,5.0756,5.0665,5.0694,38006.53196675,192670.31315224245
2026-05-18,Foxbit,USDC,USDC/BRL,5.0709,5.0754,4.9974,5.0082,1173070.42782495,5874971.316632915
2026-05-19,Foxbit,USDC,USDC/BRL,5.0082,5.0581,5.0069,5.0559,208162.05705266,1052446.5442525437
2026-05-20,Foxbit,USDC,USDC/BRL,5.056,5.0621,5.0006,5.0078,502882.03818193,2518332.670807469
2026-05-21,Foxbit,USDC,USDC/BRL,5.006,5.0248,4.9852,5.0085,504959.33602917,2529088.834502098
2026-05-22,Foxbit,USDC,USDC/BRL,5.0086,5.0615,5.0036,5.0591,1875650.41193885,9489102.999039836
2026-05-23,Foxbit,USDC,USDC/BRL,5.0587,5.0601,5.0511,5.056,36478.42067164,184434.89491581183
2026-05-24,Foxbit,USDC,USDC/BRL,5.0561,5.0561,5.0229,5.0265,25208.73488746,126711.7059118177
2026-05-25,Foxbit,USDC,USDC/BRL,5.0277,5.0511,5.0045,5.0439,5538523.76620894,27935760.024381272
2026-05-26,Foxbit,USDC,USDC/BRL,5.0439,5.0651,5.0186,5.0508,6162944.42088545,31127799.68100823
2026-05-27,Foxbit,USDC,USDC/BRL,5.0495,5.0728,5.0381,5.0699,5016715.12518904,25434244.01319591
2026-05-28,Foxbit,USDC,USDC/BRL,5.0699,5.0807,5.0311,5.0543,642438.4852076,3247076.835784773
2026-05-29,Foxbit,USDC,USDC/BRL,5.0543,5.0756,5.0411,5.0539,943519.89817975,4768455.213410638
2026-05-30,Foxbit,USDC,USDC/BRL,5.0539,5.0633,5.0517,5.0618,103629.80715495,524553.3578569259
2026-05-31,Foxbit,USDC,USDC/BRL,5.062,5.0662,5.0583,5.0608,49196.0634344,248971.43782881153
2026-06-01,Foxbit,USDC,USDC/BRL,5.0632,5.0647,5.0186,5.034,1422713.96969829,7161942.1234611925
2026-06-02,Foxbit,USDC,USDC/BRL,5.0308,5.0349,5.0086,5.0226,504647.56257614,2534642.8477949207
2026-06-03,Foxbit,USDC,USDC/BRL,5.0226,5.0941,5.0173,5.0776,357905.37793502,1817300.3470028578
2026-06-04,Foxbit,USDC,USDC/BRL,5.0776,5.0852,5.071,5.0761,178997.39487681,908608.6761341753
2026-06-05,Foxbit,USDC,USDC/BRL,5.079,5.1948,5.0671,5.1933,367690.09113564,1909524.950294719
2026-06-06,Foxbit,USDC,USDC/BRL,5.1947,5.2013,5.1831,5.1998,63914.69779187,332343.6455781656
2026-06-07,Foxbit,USDC,USDC/BRL,5.1998,5.2244,5.1852,5.2005,260323.03336431,1353809.935011094
2026-06-08,Foxbit,USDC,USDC/BRL,5.2005,5.2161,5.1451,5.1966,477553.81325482,2481656.1459599975
2026-06-09,Foxbit,USDC,USDC/BRL,5.1966,5.1979,5.1574,5.1832,187400.49935108,971334.268236518
2026-06-10,Foxbit,USDC,USDC/BRL,5.1851,5.2019,5.1648,5.194,521044.22948447,2706303.727942337
2026-06-11,Foxbit,USDC,USDC/BRL,5.1959,5.1959,5.0978,5.1107,306070.99539691,1564237.036174988
2026-06-12,Foxbit,USDC,USDC/BRL,5.1107,5.1209,5.0636,5.0834,467362.22211886,2375789.1199190128
2026-06-13,Foxbit,USDC,USDC/BRL,5.0828,5.0844,5.0762,5.0765,70582.60439016,358312.5911866473
2026-06-14,Foxbit,USDC,USDC/BRL,5.0785,5.0807,5.0585,5.0603,104689.56737009,529760.6177628664
2026-06-15,Foxbit,USDC,USDC/BRL,5.0612,5.0776,5.0331,5.0694,905863.957781,4592186.747575001
2026-06-16,Foxbit,USDC,USDC/BRL,5.0701,5.1056,5.0547,5.0974,268166.30286012,1366950.912199176
2026-06-17,Foxbit,USDC,USDC/BRL,5.0976,5.126,5.0565,5.1213,436714.0211653,2236543.5165938507
2026-06-18,Foxbit,USDC,USDC/BRL,5.1211,5.1892,5.1097,5.1769,392373.53560729,2031278.5564853796
2026-06-19,Foxbit,USDC,USDC/BRL,5.1772,5.1852,5.149,5.1674,526693.1488772,2721634.177508043
2026-06-20,Foxbit,USDC,USDC/BRL,5.1702,5.1748,5.1651,5.1732,47980.60967785,248213.2899854536
2026-06-21,Foxbit,USDC,USDC/BRL,5.1733,5.1739,5.1681,5.1696,48121.16494666,248767.17430825354
2026-06-22,Foxbit,USDC,USDC/BRL,5.1697,5.1715,5.1322,5.1585,404768.40077934,2087997.7954202255
2026-06-23,Foxbit,USDC,USDC/BRL,5.1558,5.227,5.1527,5.2146,2433262.38860252,12688490.0516067
2026-06-24,Foxbit,USDC,USDC/BRL,5.2136,5.3131,5.2097,5.289,8054121.7086119,42598249.716848336
2026-06-25,Foxbit,USDC,USDC/BRL,5.2839,5.3257,5.2,5.2393,7081466.63105475,37101928.12008515
2026-06-26,Foxbit,USDC,USDC/BRL,5.2404,5.2558,5.1749,5.2535,19590662.93410859,102919547.72433947
2026-06-27,Foxbit,USDC,USDC/BRL,5.2557,5.2616,5.2304,5.2548,88481.63678767,464953.3049918483
2026-06-28,Foxbit,USDC,USDC/BRL,5.2537,5.2568,5.2199,5.235,776001.59468051,4062368.34815247
2026-06-29,Foxbit,USDC,USDC/BRL,5.2354,5.2701,5.185,5.2272,40080662.29183564,209509637.93188328
2026-06-30,Foxbit,USDC,USDC/BRL,5.2299,5.2727,5.2,5.25,40026670.40001869,210140019.60009813
2026-07-01,Foxbit,USDC,USDC/BRL,5.2501,5.2789,5.21,5.2707,45692896.50922951,240833549.63119596
2026-07-02,Foxbit,USDC,USDC/BRL,5.2679,5.2713,5.2,5.2651,62418795.07927796,328641197.9719064
2026-07-03,Foxbit,USDC,USDC/BRL,5.2621,5.291,5.2198,5.2889,15694697.60614979,83007686.16916563
2026-07-04,Foxbit,USDC,USDC/BRL,5.292,5.2933,5.2684,5.2697,115102.2196021,606554.1666371864
2026-07-05,Foxbit,USDC,USDC/BRL,5.273,5.2772,5.2673,5.2727,28250.15103875,148954.57138201714
2026-07-06,Foxbit,USDC,USDC/BRL,5.2727,5.2799,5.1799,5.2247,87435947.7924624,456826596.4312783
2026-07-07,Foxbit,USDC,USDC/BRL,5.2232,5.2387,5.18,5.2377,89738166.62338808,470021595.3233198
2026-07-08,Foxbit,USDC,USDC/BRL,5.2377,5.2459,5.1637,5.2075,86765741.20252721,451832597.31216043
2026-07-09,Foxbit,USDC,USDC/BRL,5.2101,5.2121,5.0987,5.1522,59272064.73012055,305381531.90252703
2026-07-10,Foxbit,USDC,USDC/BRL,5.1557,5.1711,5.1186,5.157,97668806.07412589,503678032.9242672
2026-07-11,Foxbit,USDC,USDC/BRL,5.1545,5.165,5.1492,5.161,29750.57978416,153542.74226604975
2026-07-12,Foxbit,USDC,USDC/BRL,5.1639,5.1646,5.14,5.1497,2655395.99703268,13674492.765919194
2026-07-13,Foxbit,USDC,USDC/BRL,5.1544,5.181,5.1379,5.1777,90666500.31627072,469443938.6875549
2026-07-14,Foxbit,USDC,USDC/BRL,5.1777,5.1813,5.0949,5.1099,101455083.09702788,518425329.11750275
2026-07-15,Foxbit,USDC,USDC/BRL,5.11,5.1157,5.0829,5.1153,83949026.34740087,429424454.4748597
2026-07-16,Foxbit,USDC,USDC/BRL,5.1153,5.145,5.11,5.1379,43666493.73675731,224354078.17008537
2026-07-17,Foxbit,USDC,USDC/BRL,5.1379,5.1617,5.128,5.1483,60915052.45939824,313608964.57671994
2026-07-18,Foxbit,USDC,USDC/BRL,5.1512,5.1586,5.1469,5.1564,91309.6167484,470828.90780144976
2026-07-19,Foxbit,USDC,USDC/BRL,5.1549,5.165,5.1411,5.1454,974518.00836037,5014284.960217448
2026-07-20,Foxbit,USDC,USDC/BRL,5.1454,5.1592,5.0809,5.1267,100876317.9494868,517162619.23163396
2026-07-21,Foxbit,USDC,USDC/BRL,5.1266,5.1294,5.0884,5.1029,68485502.10790779,349474668.70644265
2026-07-22,Foxbit,USDC,USDC/BRL,5.1034,5.1103,5.071,5.0891,60422470.90904169,307495996.70320404
2026-07-23,Foxbit,USDC,USDC/BRL,5.089,5.1181,5.0848,5.11,30171541.23377246,154176575.7045773
2026-07-24,Foxbit,USDC,USDC/BRL,5.1094,5.1172,5.0735,5.1168,47238295.58591851,241708910.8540278
2026-07-25,Foxbit,USDC,USDC/BRL,5.114,5.124,5.1007,5.1142,1973369.29338273,10092205.24021796
2026-07-26,Foxbit,USDC,USDC/BRL,5.1141,5.115,5.1056,5.106,64307.95764974,328356.4317595724
2026-07-27,Foxbit,USDC,USDC/BRL,5.1085,5.135,5.0987,5.13,52824317.18100233,270988747.13854194
2026-07-28,Foxbit,USDC,USDC/BRL,5.1294,5.145,5.1234,5.144,47741818.15924384,245583912.6111503
2026-07-29,Foxbit,USDC,USDC/BRL,5.144,5.1589,5.106,5.1399,54076824.13284139,277949468.3603915
2026-07-30,Foxbit,USDC,USDC/BRL,5.1398,5.1399,5.0747,5.0919,69732312.29846802,355069960.9925693
2026-07-31,Foxbit,USDC,USDC/BRL,5.0949,5.1116,5.0838,5.1089,46065772.72585786,235345426.27913523
2026-08-01,Foxbit,USDC,USDC/BRL,5.1093,5.1138,5.1064,5.1119,42466.33716062,217083.6689313734
2026-08-02,Foxbit,USDC,USDC/BRL,5.1094,5.1124,5.0992,5.0992,179145.71203864,913499.814827433
2026-08-03,Foxbit,USDC,USDC/BRL,5.1022,5.1095,5.0792,5.1063,43350960.43134991,221363009.25060207
2026-08-04,Foxbit,USDC,USDC/BRL,5.1062,5.1545,5.0965,5.1522,24514750.24492819,126304896.21191901
2026-08-05,Foxbit,USDC,USDC/BRL,5.1533,5.1573,5.1149,5.1424,34658645.55080253,178228618.88044694
2026-08-06,Foxbit,USDC,USDC/BRL,5.143,5.1467,5.105,5.1316,48925337.7684836,251065263.29275045
2026-08-07,Foxbit,USDC,USDC/BRL,5.1317,5.1355,5.092,5.1068,68334151.14489423,348968843.0667458
2026-08-08,Foxbit,USDC,USDC/BRL,5.1053,5.1101,5.1052,5.1096,42368.44413444,216485.80214933463
2026-08-09,Foxbit,USDC,USDC/BRL,5.1109,5.1128,5.1068,5.1102,354117.87245033,1809613.1517956764
2026-08-10,Foxbit,USDC,USDC/BRL,5.1101,5.142,5.1003,5.1348,23071618.97311946,118468149.1031738
2026-08-11,Foxbit,USDC,USDC/BRL,5.1356,5.194,5.1149,5.1786,27570779.73323662,142778039.92653915
2026-08-12,Foxbit,USDC,USDC/BRL,5.1785,5.209,5.1473,5.209,27912524.3946402,145396339.57168078
2026-08-13,Foxbit,USDC,USDC/BRL,5.206,5.2195,5.194,5.2073,29424992.21656566,153224761.96932235
2026-08-14,Foxbit,USDC,USDC/BRL,5.2073,5.2627,5.1947,5.241,16417395.301749,86043568.7764665
2026-08-15,Foxbit,USDC,USDC/BRL,5.2408,5.2472,5.2361,5.247,20437.11803886,107233.55834989842
2026-08-16,Foxbit,USDC,USDC/BRL,5.2468,5.2532,5.2407,5.2463,55110.98439908,289128.75745289336
2026-08-17,Foxbit,USDC,USDC/BRL,5.2479,5.2585,5.2,5.227,88349048.89563905,461800478.57750535
2026-08-18,Foxbit,USDC,USDC/BRL,5.227,5.2437,5.208,5.243,41773705.71740961,219019539.0763786
2026-08-19,Foxbit,USDC,USDC/BRL,5.2425,5.2461,5.1728,5.1924,74543241.90797816,387058329.2829858
2026-08-20,Foxbit,USDC,USDC/BRL,5.1918,5.2182,5.1818,5.2103,34274154.81063054,178578628.80982828
2026-08-21,Foxbit,USDC,USDC/BRL,5.2102,5.216,5.148,5.1684,91058532.53402472,470626919.54885334
2026-08-22,Foxbit,USDC,USDC/BRL,5.1681,5.1728,5.1591,5.1614,153514.71971508,792350.8743374139
2026-08-23,Foxbit,USDC,USDC/BRL,5.1621,5.1636,5.1492,5.1633,97394.65839406,502877.8396860499
2026-08-24,Foxbit,USDC,USDC/BRL,5.1624,5.1776,5.1528,5.1732,44700535.18825792,231244808.63589585
2026-08-25,Foxbit,USDC,USDC/BRL,5.1733,5.1762,5.1544,5.1639,28370204.07446205,146500896.82011458
2026-08-26,Foxbit,USDC,USDC/BRL,5.1666,5.1773,5.158,5.1687,31368881.89874831,162136339.87006038
2026-08-27,Foxbit,USDC,USDC/BRL,5.1686,5.1893,5.1599,5.1821,36095910.00601646,187052615.24217793
2026-08-28,Foxbit,USDC,USDC/BRL,5.1833,5.2444,5.1769,5.2175,13326885.8267237,69533026.80093092
2026-08-29,Foxbit,USDC,USDC/BRL,5.2163,5.2187,5.2013,5.212,256348.25496721,1336087.1048890986
2026-08-30,Foxbit,USDC,USDC/BRL,5.2121,5.2204,5.2095,5.2181,254930.41258683,1330252.3859193376
2026-08-31,Foxbit,USDC,USDC/BRL,5.2171,5.2188,5.1769,5.2058,30471528.30790598,158628682.06529695
2026-09-01,Foxbit,USDC,USDC/BRL,5.2054,5.2135,5.1518,5.1674,56114520.7056256,289966174.2942497
2026-09-02,Foxbit,USDC,USDC/BRL,5.169,5.1812,5.102,5.115,35921930.86764552,183740676.38800684
2026-09-03,Foxbit,USDC,USDC/BRL,5.1158,5.1269,5.087,5.1239,18536416.54521176,94978744.73601052
2026-09-04,Foxbit,USDC,USDC/BRL,5.1242,5.1541,5.1197,5.1496,15448264.02278686,79552380.41174322
2026-09-05,Foxbit,USDC,USDC/BRL,5.1515,5.1639,5.1491,5.1621,124970.69630355,645111.2313885554
2026-09-06,Foxbit,USDC,USDC/BRL,5.1624,5.178,5.1588,5.1745,344859.0269624,1784473.0350169388
2026-09-07,Foxbit,USDC,USDC/BRL,5.1746,5.1943,5.1587,5.1857,1228185.94135228,6369003.836070519
2026-09-08,Foxbit,USDC,USDC/BRL,5.1864,5.1895,5.0905,5.1143,75438926.73676474,385817303.00983596
2026-09-09,Foxbit,USDC,USDC/BRL,5.1144,5.1649,5.0989,5.1282,28507404.86761464,146191673.6421014
2026-09-10,Foxbit,USDC,USDC/BRL,5.1281,5.1616,5.1,5.1264,7734991.52153514,39652660.53599775
2026-09-11,Foxbit,USDC,USDC/BRL,5.1265,5.1568,5.0848,5.1568,19206244.38265293,99042761.03246462
2026-09-12,Foxbit,USDC,USDC/BRL,5.1568,5.1573,5.1525,5.1558,88087.15501379,454159.75382009853
