month,asset,operation_count,total_value_brl,average_value_brl,stablecoin_flag,share_of_monthly_crypto_volume
2020-08-01,AAVE,1,59638.94,59638.94,False,6.351426726845818e-06
2021-01-01,AAVE,32,296891.7700000001,9277.867812500002,False,1.9074002366550295e-05
2021-02-01,AAVE,129,974326.69,7552.92007751938,False,5.817786708962558e-05
2021-03-01,AAVE,103,64072.38999999999,622.0620388349514,False,3.5318580341153075e-06
2021-04-01,AAVE,2859,2948464.5100000016,1031.2922385449465,False,0.00012940385357641866
2021-05-01,AAVE,59256,61860554.280000135,1043.954270959905,False,0.002380936759793016
2021-06-01,AAVE,25401,18010101.160000112,709.0311861737771,False,0.0010884710794902067
2021-07-01,AAVE,26930,20536073.530000016,762.5723553657637,False,0.0015088898588569643
2021-08-01,AAVE,28661,22763849.690000176,794.2447817591911,False,0.0014116527747536577
2021-09-01,AAVE,20999,16247672.880000006,773.7355531215775,False,0.0012744779115207478
2021-10-01,AAVE,23243,20454895.560000103,880.0454141031753,False,0.0014643273431995023
2021-11-01,AAVE,20521,13956242.730000071,680.0956449490801,False,0.0007673657706409728
2021-12-01,AAVE,14111,9001406.05000005,637.8999397633087,False,0.0006044946509782849
2022-01-01,AAVE,10788,7027490.850000032,651.417394327033,False,0.0004677860221193074
2022-02-01,AAVE,5828,3025437.629999993,519.1210758407675,False,0.00023549484824837342
2022-03-01,AAVE,10743,7271146.680000009,676.8264618821567,False,0.0005502001123360814
2022-04-01,AAVE,9442,7126368.919999994,754.7520567676333,False,0.0005396762973863209
2022-05-01,AAVE,9636,35073104.59,3639.799147986716,False,0.0020326296089027635
2022-06-01,AAVE,9318,5628916.790000031,604.090662159265,False,0.00037806332765241794
2022-07-01,AAVE,10091,5621278.939999994,557.0586601922499,False,0.0003896976937247947
2022-08-01,AAVE,7852,3920630.799999996,499.3161996943449,False,0.00026536571712491164
2022-09-01,AAVE,5129,2930971.5600000024,571.4508793137069,False,0.00023898594356975465
2022-10-01,AAVE,4653,1962271.27,421.7217429615301,False,0.00014203489566209302
2022-11-01,AAVE,12685,2640025.3899999927,208.121828143476,False,0.00016836413320098592
2022-12-01,AAVE,28229,1514105.7199999988,53.63653406071766,False,0.00011024220959719696
2023-01-01,AAVE,50329,4705243.199999996,93.4897017624033,False,0.00027508932298693506
2023-02-01,AAVE,33996,4716632.799999991,138.74081656665464,False,0.00030436522639908103
2023-03-01,AAVE,22591,3122750.2199999974,138.22983577530863,False,0.00015359550874817883
2023-04-01,AAVE,20279,2247310.0000000005,110.81956703979488,False,0.00010090595415141852
2023-05-01,AAVE,14249,1324898.939999972,92.98188925538436,False,7.385485311953544e-05
2023-06-01,AAVE,20202,3436567.4800000214,170.11026037026144,False,0.00016169571144718556
2023-07-01,AAVE,27737,5062978.919999978,182.53520279770623,False,0.00023154298982877052
2023-08-01,AAVE,20278,3891275.4499999695,191.8964123680821,False,0.00016266607163642667
2023-09-01,AAVE,32940,3616155.3899999647,109.78006648451624,False,0.00021472185026953175
2023-10-01,AAVE,104105,13080126.430000344,125.64359473608708,False,0.0005974385016504256
2023-11-01,AAVE,109538,20714725.7800004,189.10995070204316,False,0.0009097467268881042
2023-12-01,AAVE,48966,10883209.099999975,222.26052975534,False,0.00044040520385055313
2024-01-01,AAVE,15160,8072867.549999992,532.5110521108174,False,0.00030344290985172615
2024-02-01,AAVE,57179,25729576.630000927,449.98297679219513,False,0.0011963857653739533
2024-03-01,AAVE,112733,53579101.7400007,475.2743361748618,False,0.0016379703267389754
2024-04-01,AAVE,65550,27686061.530000143,422.36554584287023,False,0.0008835204539845147
2024-05-01,AAVE,49196,21455935.14000002,436.1317005447601,False,0.0007708182574672047
2024-06-01,AAVE,49152,24149328.42000017,491.3193444824253,False,0.0009031729881908884
2024-07-01,AAVE,89317,41086497.88000074,460.0075895966136,False,0.0013927574062367566
2024-08-01,AAVE,144288,78937132.53000115,547.0803707169075,False,0.00235884981114241
2024-09-01,AAVE,151195,82400200.33000153,544.9928921591423,False,0.0024228917485534227
2024-10-01,AAVE,108545,66790200.80000084,615.3226846008645,False,0.0021189171970830848
2024-11-01,AAVE,283020,241098078.65000132,851.8764703907899,False,0.0064145029489259256
2024-12-01,AAVE,503434,508578345.37999785,1010.2185100330884,False,0.01066576231073395
2025-01-01,AAVE,299787,329048533.6200022,1097.607746900307,False,0.007661102356555317
2025-02-01,AAVE,154325,154961631.7600014,1004.1252665478788,False,0.0047012278882704725
2025-03-01,AAVE,199352,197018995.9600041,988.2970622818136,False,0.005638906908808591
2025-04-01,AAVE,120123,76058046.05999868,633.1680532454125,False,0.002240145733533869
2025-05-01,AAVE,185307,198706200.08000183,1072.3081161532043,False,0.006098961087228342
2025-06-01,AAVE,133616,142118307.5700017,1063.6324060741356,False,0.0038759026968226413
2025-07-01,AAVE,153301,169933685.73000094,1108.4969160670898,False,0.004246811868999143
2025-08-01,AAVE,126489,139227857.04000047,1100.7111846880002,False,0.0037080508265875324
2025-09-01,AAVE,97033,94960339.77000111,978.639635690962,False,0.002804300370083045
2025-10-01,AAVE,100628,98911031.48000064,982.9374675040808,False,0.002144187179781565
2025-11-01,AAVE,88978,69104894.32000099,776.6514680033378,False,0.0014317795445327047
2025-12-01,AAVE,60270,24891735.570000123,413.0037426580409,False,0.000644154137411536
2026-01-01,AAVE,74962,39902925.77000037,532.3087133481013,False,0.0010553569426297905
2026-02-01,AAVE,67474,29598932.000000414,438.6716661232536,False,0.0008008554198328708
2026-03-01,AAVE,66743,29810821.050000604,446.6509004689721,False,0.0007693438968790065
2026-04-01,AAVE,67010,42985421.83000047,641.4777172063941,False,0.0010566489582679024
2026-05-01,AAVE,56413,24825813.86000037,440.07256944322,False,0.0004530844478784792
2026-06-01,AAVE,67531,40077696.78000122,593.4710989027443,False,0.0007740058378046178
2019-08-01,ADA,1089,268153.02,246.23785123966945,False,6.738328030276944e-05
2019-09-01,ADA,1005,352891.50999999995,351.13583084577107,False,6.1004054062525595e-05
2019-10-01,ADA,1231,449362.8499999997,365.0388708367179,False,6.944339732270453e-05
2019-11-01,ADA,1583,544227.4899999998,343.79500315855955,False,9.8762666729821e-05
2019-12-01,ADA,685,153358.65000000008,223.8812408759125,False,2.5791360436349e-05
2020-01-01,ADA,2448,670268.85,273.80263480392153,False,9.989192780659167e-05
2020-02-01,ADA,2103,843999.5499999978,401.33121730860574,False,0.00013299185106631858
2020-03-01,ADA,1375,666906.4600000005,485.0228800000004,False,8.885159071674145e-05
2020-04-01,ADA,1960,1190848.1400000008,607.5755816326534,False,0.00020747947406546098
2020-05-01,ADA,4501,3383610.199999998,751.7463230393241,False,0.0005302423421183562
2020-06-01,ADA,6100,6373308.800000012,1044.8047213114774,False,0.0009762201233537723
2020-07-01,ADA,10762,9880544.619999971,918.0955788886796,False,0.0009526066828643419
2020-08-01,ADA,8288,7015136.190000011,846.4208723455612,False,0.0007470978439527834
2020-09-01,ADA,3747,3108455.15999999,829.5850440352255,False,0.0004663117308940101
2020-10-01,ADA,3067,1955869.4899999928,637.7142125855863,False,0.00031111862230806704
2020-11-01,ADA,6904,6005406.740000006,869.8445451911944,False,0.0006191375449175072
2020-12-01,ADA,6866,5074100.619999991,739.0184415962701,False,0.00045828206076856375
2021-01-01,ADA,30935,28837820.870000064,932.206913528368,False,0.001852704315517182
2021-02-01,ADA,107400,159879093.57000265,1488.632156145276,False,0.009546515302916957
2021-03-01,ADA,80950,112510591.61000198,1389.877598641161,False,0.006201913755688712
2021-04-01,ADA,107704,94514753.78999966,877.5417235200147,False,0.004148116186839356
2021-05-01,ADA,231785,256087532.09000427,1104.8494600168444,False,0.009856494594567403
2021-06-01,ADA,80383,77343500.54000004,962.1872851224766,False,0.0046743859335615584
2021-07-01,ADA,40743,34853018.249999866,855.4357374272848,False,0.002560828666256799
2021-08-01,ADA,285751,241112445.90000468,843.7851342602639,False,0.014952086660100424
2021-09-01,ADA,230640,182639770.3000007,791.8824588102701,False,0.01432638105972096
2021-10-01,ADA,273012,211031510.7899953,772.9752201001983,False,0.015107347315465315
2021-11-01,ADA,254719,203739251.79999915,799.8588711482031,False,0.011202336545154137
2021-12-01,ADA,135481,81440273.53000003,601.1195188255182,False,0.005469168866467606
2022-01-01,ADA,115013,73843205.31999943,642.0422501804094,False,0.00491538445435068
2022-02-01,ADA,71475,60529968.60000023,846.8690954879361,False,0.004711548381823987
2022-03-01,ADA,74293,32238440.50000016,433.9364475791819,False,0.0024394492870607504
2022-04-01,ADA,57326,19543403.01000012,340.91691396574186,False,0.001480011979896987
2022-05-01,ADA,79823,44889210.0699998,562.3593459278629,False,0.002601512999067462
2022-06-01,ADA,74792,34818328.84000041,465.53546956894337,False,0.0023385553127969827
2022-07-01,ADA,52659,20859299.61000008,396.1203139064562,False,0.0014460803382106405
2022-08-01,ADA,51880,14646770.550000235,282.32017251349725,False,0.0009913585259200771
2022-09-01,ADA,58404,13212047.329999965,226.2181927607692,False,0.0010772856484654175
2022-10-01,ADA,47156,13259336.600000024,281.1802655017394,False,0.0009597493064909291
2022-11-01,ADA,59103,22049303.149999864,373.0657183222487,False,0.001406165193182292
2022-12-01,ADA,29922,11953908.840000035,399.5023340685795,False,0.0008703654615643817
2023-01-01,ADA,54358,14159664.05000005,260.48905496891075,False,0.0008278365711759509
2023-02-01,ADA,52602,19418334.08000005,369.1558130869559,False,0.0012530688521167508
2023-03-01,ADA,65724,18080991.699999988,275.10485819487536,False,0.0008893311738628585
2023-04-01,ADA,38543,14485984.77,375.8395757984589,False,0.0006504319008235475
2023-05-01,ADA,41510,10254778.610000052,247.04357046494945,False,0.0005716399531687478
2023-06-01,ADA,50711,15740427.06000008,310.39472816548835,False,0.000740610963341022
2023-07-01,ADA,38309,10723409.900000015,279.9188154219639,False,0.000490408992144382
2023-08-01,ADA,30737,6901191.66,224.5239177538472,False,0.00028848889043366977
2023-09-01,ADA,19472,5234721.969999988,268.8332975554636,False,0.0003108298913684062
2023-10-01,ADA,26392,8933946.349999996,338.5096373901181,False,0.00040806054511272375
2023-11-01,ADA,77792,19896999.780000072,255.7717988996307,False,0.0008738339390533822
2023-12-01,ADA,148315,51811941.71000046,349.3371655597914,False,0.002096647095633381
2024-01-01,ADA,110770,28946392.43000037,261.31978360567274,False,0.001088036870946718
2024-02-01,ADA,105254,37210893.41999996,353.53424496931194,False,0.0017302493486280753
2024-03-01,ADA,143034,67188043.6100002,469.7347736202595,False,0.0020540102049277672
2024-04-01,ADA,100583,35943126.70000027,357.3479285764023,False,0.0011470207701877852
2024-05-01,ADA,81801,25502949.570000112,311.76818828620816,False,0.0009162098514724288
2024-06-01,ADA,71504,25467024.77000029,356.16223945513946,False,0.0009524541826514434
2024-07-01,ADA,84335,39805013.6300003,471.98688124740977,False,0.0013493174254095605
2024-08-01,ADA,81748,94115649.45000003,1151.289933087049,False,0.002812423948213496
2024-09-01,ADA,69179,20759872.229999937,300.0892211509264,False,0.0006104223403056047
2024-10-01,ADA,76401,24039445.92000005,314.6483150744107,False,0.0007626507295698423
2024-11-01,ADA,301269,226975013.54000056,753.3965112241902,False,0.0060387536136212484
2024-12-01,ADA,274406,169982067.49999884,619.4546310940681,False,0.0035648162087740863
2025-01-01,ADA,192374,102650491.77000092,533.5985724162357,False,0.002389969393721412
2025-02-01,ADA,101479,63764685.75000087,628.3535091004136,False,0.0019344938197281166
2025-03-01,ADA,203927,103426860.11999758,507.1759017687583,False,0.0029601939307691413
2025-04-01,ADA,190766,60422208.91000141,316.73468495434935,False,0.0017796217561736577
2025-05-01,ADA,142946,63002067.56000059,440.74033243323066,False,0.001933745189172112
2025-06-01,ADA,75652,36560474.73999986,483.2717540844903,False,0.0009970906990437068
2025-07-01,ADA,131306,89977678.25000162,685.2518411192301,False,0.002248631695920616
2025-08-01,ADA,132841,119415071.71000172,898.9323455108116,False,0.0031803775822970884
2025-09-01,ADA,99604,55556694.18000042,557.7757337054779,False,0.001640660284355719
2025-10-01,ADA,97465,68770361.27000068,705.5903275021873,False,0.0014907996082711681
2025-11-01,ADA,83878,44421294.140000336,529.5941026252455,False,0.0009203617329447943
2025-12-01,ADA,64422,50966698.24000052,791.138093197984,False,0.0013189281016253952
2026-01-01,ADA,80181,51230744.43000062,638.9387065514351,False,0.0013549563288149115
2026-02-01,ADA,59717,22982760.99000004,384.8612788653154,False,0.0006218423253097358
2026-03-01,ADA,55409,19193785.580000367,346.4019487808906,False,0.0004953443506037639
2026-04-01,ADA,53439,13425499.68999985,251.23036901887852,False,0.0003300197987533448
2026-05-01,ADA,59183,13649268.450000018,230.6281947518716,False,0.0002491064862762695
2026-06-01,ADA,72805,20081796.230000515,275.82990495159004,False,0.0003878323547619467
2019-08-01,BCH,57610,27731957.14000032,481.3740173581031,False,0.00696867125087396
2019-09-01,BCH,45577,17916807.190000076,393.110717905963,False,0.0030972631629664652
2019-10-01,BCH,43785,21539850.990000125,491.9458944844153,False,0.0033287140460552768
2019-11-01,BCH,40279,19261112.6199998,478.1924233471485,False,0.0034953744187648265
2019-12-01,BCH,21021,7395494.300000098,351.8145806574425,False,0.0012437502488204413
2020-01-01,BCH,81230,56837869.829998605,699.7152508925102,False,0.008470697078849294
2020-02-01,BCH,75931,64964706.69000013,855.5755447709122,False,0.010236707586732232
2020-03-01,BCH,63706,55936739.60000085,878.0450758170479,False,0.007452421877827087
2020-04-01,BCH,48649,43473179.83999994,893.6089095356522,False,0.007574259207522784
2020-05-01,BCH,42236,37548951.31000023,889.0271642674551,False,0.005884260511657831
2020-06-01,BCH,19054,12904153.339999998,677.2411745565234,False,0.0019765705006088465
2020-07-01,BCH,29284,32856428.64999997,1121.9925095615345,False,0.003167766020072433
2020-08-01,BCH,44894,37626616.47000009,838.1212738896086,False,0.004007158703497004
2020-09-01,BCH,27986,15988606.839999976,571.3073265204023,False,0.0023985145502771936
2020-10-01,BCH,23931,15965016.469999978,667.1270097363243,False,0.0025395426201325995
2020-11-01,BCH,60979,55994613.93000028,918.2606131619128,False,0.005772859241374881
2020-12-01,BCH,67877,55976510.90000023,824.6756765914851,False,0.005055680344369309
2021-01-01,BCH,157763,145803503.14999545,924.1932718698012,False,0.009367239664926839
2021-02-01,BCH,177554,201622291.06999496,1135.5547668314707,False,0.012039036775412536
2021-03-01,BCH,106123,100354632.60999817,945.6445125938596,False,0.005531841647304121
2021-04-01,BCH,229227,286483685.90999466,1249.781596016153,False,0.012573355662853015
2021-05-01,BCH,235273,359317427.119981,1527.2361347030087,False,0.013829686471800698
2021-06-01,BCH,46635,37538809.75999981,804.9492818698362,False,0.00226872178114097
2021-07-01,BCH,34212,24465903.140000142,715.126363264356,False,0.0017976344446660611
2021-08-01,BCH,58810,42183286.54999973,717.2808459445627,False,0.0026159087464320413
2021-09-01,BCH,48134,33342211.52000005,692.6956313624477,False,0.0026153845179761317
2021-10-01,BCH,56549,37984720.92999979,671.7133977612299,False,0.0027192544356164313
2021-11-01,BCH,46421,32202890.53000006,693.7138478274932,False,0.0017706338580154698
2021-12-01,BCH,23337,13286944.310000146,569.3510009855656,False,0.0008922924617139566
2022-01-01,BCH,16741,9081970.380000072,542.4986786930334,False,0.0006045427717726006
2022-02-01,BCH,15347,7525020.600000067,490.3251840750679,False,0.0005857346278405692
2022-03-01,BCH,18531,8626637.530000055,465.5246629971429,False,0.000652768696187089
2022-04-01,BCH,15136,7934351.110000035,524.2039581131102,False,0.0006008643780973196
2022-05-01,BCH,19593,89489422.11999942,4567.418063594111,False,0.005186277382942925
2022-06-01,BCH,17713,5281372.46000004,298.1636346186439,False,0.0003547206898397659
2022-07-01,BCH,18060,6558225.310000074,363.1353992248103,False,0.0004546519227232315
2022-08-01,BCH,16363,6565608.180000034,401.24721505836544,False,0.00044438954135821634
2022-09-01,BCH,11546,4715958.930000013,408.4495868699128,False,0.0003845304779150647
2022-10-01,BCH,7628,2896027.9,379.6575642370215,False,0.00020962291345732762
2022-11-01,BCH,17113,5159405.350000024,301.49040787705394,False,0.00032903426341111277
2022-12-01,BCH,28206,1570826.039999998,55.69120187194207,False,0.00011437202254438005
2023-01-01,BCH,51271,5202300.140000015,101.4667188079034,False,0.0003041494695720388
2023-02-01,BCH,43197,3554750.1899999995,82.29159872213347,False,0.0002293887169617122
2023-03-01,BCH,40226,5191101.220000011,129.04840700044775,False,0.0002553293656798443
2023-04-01,BCH,31017,2562618.459999999,82.6198039784634,False,0.00011506354745555289
2023-05-01,BCH,30268,2986699.339999959,98.6751466895718,False,0.00016648986153458247
2023-06-01,BCH,73562,20005168.099999096,271.94975802723,False,0.0009412734967013873
2023-07-01,BCH,70300,17704973.910000082,251.84884651493715,False,0.0008096937906985823
2023-08-01,BCH,45713,7222671.280000263,158.0003780106373,False,0.00030192762731276023
2023-09-01,BCH,61123,7123705.300000236,116.54704939221304,False,0.00042299487102265683
2023-10-01,BCH,178115,15884202.180000354,89.17947494596386,False,0.0007255154605054979
2023-11-01,BCH,138504,12654153.819999976,91.36309290706389,False,0.0005557435392361422
2023-12-01,BCH,75552,11869974.3600002,157.10999523507255,False,0.0004803361241783675
2024-01-01,BCH,23616,9253066.940000022,391.8134713753397,False,0.000347804239315981
2024-02-01,BCH,94672,19574389.48000202,206.7600714044493,False,0.0009101790237952793
2024-03-01,BCH,267209,131754635.08000258,493.0770860263037,False,0.004027879819983027
2024-04-01,BCH,204229,128716608.14000122,630.256271832116,False,0.004107617688271466
2024-05-01,BCH,112212,42851973.70000118,381.8840560724448,False,0.0015394846918084673
2024-06-01,BCH,88311,28555917.150001027,323.35628800490343,False,0.0010679772362339542
2024-07-01,BCH,124040,42380828.48000088,341.670658497266,False,0.0014366328549190485
2024-08-01,BCH,104364,31968498.19000073,306.3172951400937,False,0.0009553030810858186
2024-09-01,BCH,85017,24429926.29999998,287.35342696166623,False,0.0007183364435157447
2024-10-01,BCH,116684,38230454.570000656,327.6409325186029,False,0.0012128600703454836
2024-11-01,BCH,280862,171012238.97000223,608.8835049597391,False,0.004549843438478593
2024-12-01,BCH,283202,171399309.42000458,605.2192760644507,False,0.00359453820852674
2025-01-01,BCH,151669,68955461.62000069,454.6444007674653,False,0.0016054617952633667
2025-02-01,BCH,81946,34978745.360000364,426.8511624728524,False,0.0010611856064979244
2025-03-01,BCH,148890,84663505.0800021,568.631238363907,False,0.0024231654485565024
2025-04-01,BCH,105862,59806430.33000046,564.947104060007,False,0.0017614851640542321
2025-05-01,BCH,117294,73715492.8300021,628.4677206847929,False,0.0022625762161172245
2025-06-01,BCH,95641,42921703.19000171,448.77932257088185,False,0.001170576458380679
2025-07-01,BCH,110957,59549484.3800013,536.6897481006273,False,0.001488200858890223
2025-08-01,BCH,83365,43543258.36000102,522.3206184849879,False,0.0011596861331258463
2025-09-01,BCH,69407,39760705.75000066,572.8630505568698,False,0.0011741845292419031
2025-10-01,BCH,60769,42468759.62000059,698.8556602873273,False,0.0009206351258892938
2025-11-01,BCH,63895,41939284.16000036,656.3781854605269,False,0.0008689371391637219
2025-12-01,BCH,62410,21705826.48000003,347.7940471078357,False,0.0005617084390804825
2026-01-01,BCH,79663,31751513.75000066,398.57291025947626,False,0.000839767506478464
2026-02-01,BCH,65982,27466785.27000042,416.2769432572583,False,0.0007431661334559366
2026-03-01,BCH,59854,15827187.750000574,264.4299086109629,False,0.000408460749195664
2026-04-01,BCH,37878,9619493.479999945,253.9599102381315,False,0.00023646220816222964
2026-05-01,BCH,46681,17606587.490000185,377.1681731325418,False,0.00032132968598398866
2026-06-01,BCH,53329,31318727.86000093,587.2738633764168,False,0.0006048470881278549
2019-08-01,BNB,1,100.21,100.21,False,2.5181437520787665e-08
2019-09-01,BNB,18,8131.09,451.7272222222222,False,1.4056145866112259e-06
2019-10-01,BNB,10,5161.74,516.174,False,7.976822331808185e-07
2019-11-01,BNB,26,64010.73999999999,2461.951538461538,False,1.1616229422275645e-05
2019-12-01,BNB,188,1648.06,8.76627659574468,False,2.7716538637194125e-07
2020-01-01,BNB,1976,326976.84,165.47410931174088,False,4.8730217577181874e-05
2020-02-01,BNB,3990,1497228.0099999993,375.2451152882204,False,0.0002359232591039189
2020-03-01,BNB,1139,622838.6299999999,546.829350307287,False,8.298045731231319e-05
2020-04-01,BNB,1210,871098.1699999992,719.9158429752059,False,0.00015176997309748096
2020-05-01,BNB,1467,829162.1099999994,565.2093456032716,False,0.00012993720707018736
2020-06-01,BNB,699,323603.14,462.95155937052937,False,4.956732949272244e-05
2020-07-01,BNB,1513,686854.1599999984,453.9683807005938,False,6.622123457089092e-05
2020-08-01,BNB,2496,1433026.819999996,574.1293349358958,False,0.00015261446371841696
2020-09-01,BNB,2713,2263305.399999997,834.244526354588,False,0.00033952745151252626
2020-10-01,BNB,4755,1312853.349999979,276.09954784436985,False,0.00020883455037918992
2020-11-01,BNB,3096,1118140.8400000052,361.15660206718513,False,0.00011527661730862244
2020-12-01,BNB,2227,1087823.9300000002,488.4705568028739,False,9.824996186097681e-05
2021-01-01,BNB,5694,2660675.6099999994,467.2770653319282,False,0.00017093681270370891
2021-02-01,BNB,54577,83884422.21000017,1536.9921800392135,False,0.005008809484859156
2021-03-01,BNB,26039,44794693.67999978,1720.2923952532656,False,0.0024692148795985515
2021-04-01,BNB,49410,79804877.29999988,1615.1563914187386,False,0.0035025209297205465
2021-05-01,BNB,31642,42747814.39999993,1350.983325959166,False,0.0016453108752482527
2021-06-01,BNB,16758,16668340.819999993,994.6497684687904,False,0.0010073795124455568
2021-07-01,BNB,18853,10345216.230000006,548.7305060202624,False,0.0007601156975955508
2021-08-01,BNB,20126,16992841.209999982,844.3228266918405,False,0.0010537756913577914
2021-09-01,BNB,18878,156810999.68,8306.547286788855,False,0.012300355678729481
2021-10-01,BNB,31340,20266777.73,646.6744649010848,False,0.001450860343018324
2021-11-01,BNB,37800,26807162.609999992,709.1841960317458,False,0.001473956808640316
2021-12-01,BNB,26497,18463581.35999998,696.8178042797291,False,0.0012399325292099554
2022-01-01,BNB,20318,14297808.42999999,703.7015665911995,False,0.0009517358433122064
2022-02-01,BNB,22637,10276278.839999992,453.9593956796392,False,0.0007998878251487124
2022-03-01,BNB,23853,8709107.45,365.1158114283318,False,0.0006590091093220797
2022-04-01,BNB,21739,9894342.140000025,455.1424692948169,False,0.0007492935029230376
2022-05-01,BNB,28046,9070017.91000003,323.39791449761213,False,0.0005256445693262314
2022-06-01,BNB,36952,13078930.319999771,353.943773544051,False,0.0008784396897992144
2022-07-01,BNB,34915,10308498.439999912,295.2455517685783,False,0.0007146412961733606
2022-08-01,BNB,34887,7831127.780000005,224.4712293977701,False,0.000530045532274174
2022-09-01,BNB,43911,6885505.130000006,156.8059285828154,False,0.0005614312205907029
2022-10-01,BNB,66084,6600482.880000007,99.8801961140368,False,0.00047776212775119126
2022-11-01,BNB,16705,11773463.790000008,704.7868177192461,False,0.0007508371068266701
2022-12-01,BNB,11193,6223374.910000004,556.0059778432952,False,0.0004531246346722458
2023-01-01,BNB,11736,6934518.649999995,590.8758222563049,False,0.00040542262314278993
2023-02-01,BNB,16503,6470846.689999999,392.1012355329333,False,0.0004175649878437849
2023-03-01,BNB,14437,5363658.770000012,371.52169910646336,False,0.00026381677671606527
2023-04-01,BNB,15302,4417856.760000001,288.71106783427007,False,0.00019836517955782438
2023-05-01,BNB,11118,5529152.249999999,497.31536697247697,False,0.0003082157551573764
2023-06-01,BNB,8549,4372213.370000002,511.4298011463332,False,0.0002057192694674055
2023-07-01,BNB,10012,3525098.1799999992,352.087313224131,False,0.00016121176582681898
2023-08-01,BNB,10085,19791772.9,1962.4960733763007,False,0.0008273508235874982
2023-09-01,BNB,10866,4859465.280000002,447.2174930977363,False,0.00028854771537960896
2023-10-01,BNB,10539,5621049.679999997,533.3570243856151,False,0.00025674304575676137
2023-11-01,BNB,12564,6905830.550000002,549.652224609997,False,0.00030328939933986694
2023-12-01,BNB,15156,7476585.439999992,493.3086196885717,False,0.0003025511229779901
2024-01-01,BNB,12016,9292410.129999995,773.3363956391476,False,0.00034928307096811695
2024-02-01,BNB,17552,7346089.589999993,418.5329073609841,False,0.0003415818745493853
2024-03-01,BNB,24082,16517215.049999973,685.8738912880979,False,0.0005049488933866927
2024-04-01,BNB,14348,9761599.26,680.345641204349,False,0.00031151316341851887
2024-05-01,BNB,11442,5837243.739999998,510.15938996678886,False,0.00020970673236655503
2024-06-01,BNB,12810,8686934.040000005,678.1369274004687,False,0.0003248870543590833
2024-07-01,BNB,18953,6587850.359999994,347.5887912203869,False,0.00022331612216906985
2024-08-01,BNB,23810,5868138.479999995,246.4568870222593,False,0.00017535546201966016
2024-09-01,BNB,18118,4790548.650000002,264.40824870294745,False,0.00014086107495666725
2024-10-01,BNB,22312,5977036.960000004,267.8844101828614,False,0.00018962132544067826
2024-11-01,BNB,37251,8918930.759999987,239.42795522267824,False,0.0002372914292043685
2024-12-01,BNB,40290,15289404.279999992,379.4838490940678,False,0.00032064509510595424
2025-01-01,BNB,27075,8139877.38,300.6418238227147,False,0.00018951743407556263
2025-02-01,BNB,26922,32654498.210000087,1212.9298792808888,False,0.0009906725679043615
2025-03-01,BNB,24457,7822302.540000012,319.83900478390694,False,0.00022388316223351107
2025-04-01,BNB,19298,5525586.960000007,286.3295139392687,False,0.00016274570140744702
2025-05-01,BNB,14421,6216654.01,431.083420705915,False,0.0001908100043405132
2025-06-01,BNB,15984,4906638.380000001,306.9718706206207,False,0.0001338156445467672
2025-07-01,BNB,20915,7466392.580000002,356.98745302414545,False,0.0001865925786940852
2025-08-01,BNB,18863,6432965.960000003,341.03620632985223,False,0.00017132896571505967
2025-09-01,BNB,21373,8010759.099999995,374.8074252561641,False,0.0002365679689350994
2025-10-01,BNB,35999,12810714.160000026,355.8630561960062,False,0.00027770986364925574
2025-11-01,BNB,31718,6098174.899999992,192.26227694053824,False,0.00012634766562801445
2025-12-01,BNB,14012,4157603.140000001,296.71732372252364,False,0.00010759142353954313
2026-01-01,BNB,15389,3960822.7199999993,257.38012346481247,False,0.00010475627226363587
2026-02-01,BNB,16808,3823852.409999999,227.50192824845303,False,0.00010346160216826206
2026-03-01,BNB,15010,2665562.989999997,177.58580879413705,False,6.879161813971617e-05
2026-04-01,BNB,13968,2708726.290000002,193.92370346506317,False,6.658473246768999e-05
2026-05-01,BNB,14064,2551769.590000006,181.4398172639367,False,4.6571166702457047e-05
2026-06-01,BNB,19762,3624179.699999988,183.39134196943567,False,6.99924514238239e-05
2020-08-01,BRLT,1,3000000.0,3000000.0,False,0.00031949394440171895
2019-08-01,BRZ,58,3835538.43,66129.97293103448,False,0.0009638196919830857
2019-09-01,BRZ,50,1854402.22,37088.0444,False,0.0003205689286278026
2019-10-01,BRZ,181,41550173.52,229558.9697237569,False,0.006421058635747657
2019-11-01,BRZ,149,52138654.95999999,349923.8587919462,False,0.009461764975443652
2019-12-01,BRZ,230,120533411.56000005,524058.3111304349,False,0.02027091828316665
2020-01-01,BRZ,258,112661452.48,436672.29643410846,False,0.01679023227428504
2020-02-01,BRZ,156,54899904.94,351922.4675641025,False,0.008650762884098157
2020-03-01,BRZ,148,34941946.440000005,236094.23270270275,False,0.004655296822185796
2020-04-01,BRZ,51,2704506.98,53029.54862745098,False,0.0004712017149531491
2020-05-01,BRZ,1387,11251028.3,8111.772386445567,False,0.0017631379634190463
2020-06-01,BRZ,1382,34926638.12999999,25272.531208393622,False,0.005349825036502403
2020-07-01,BRZ,1277,75136076.69000001,58837.96138606109,False,0.007244046915614448
2020-08-01,BRZ,10194,115166718.01999997,11297.500296252692,False,0.012265023001336771
2020-09-01,BRZ,8393,157407914.70999992,18754.6663541046,False,0.02361338780413259
2020-10-01,BRZ,7772,327521563.09,42141.22016083376,False,0.05209859758318835
2020-11-01,BRZ,7145,248875819.7,34832.16510846746,False,0.025658272731480306
2020-12-01,BRZ,10247,347504280.3500008,33912.78231189624,False,0.0313858533070823
2021-01-01,BRZ,12535,220230600.7899999,17569.25415157558,False,0.014148856334600486
2021-02-01,BRZ,12974,392635430.7899969,30263.251949282945,False,0.023444592190303568
2021-03-01,BRZ,17124,416595097.9399998,24328.14166900256,False,0.022963943496292896
2021-04-01,BRZ,26931,946370520.91,35140.56369648361,False,0.041534836828297665
2021-05-01,BRZ,59077,1098969646.7300005,18602.326569223227,False,0.04229799199588092
2021-06-01,BRZ,37138,892552284.7700038,24033.3966495235,False,0.05394291460520871
2021-07-01,BRZ,34953,832567076.8499992,23819.61711011928,False,0.06117294122666446
2021-08-01,BRZ,47754,570361375.7900012,11943.74033149058,False,0.035369773993014914
2021-09-01,BRZ,51587,807513782.599998,15653.435605869658,False,0.06334190051543333
2021-10-01,BRZ,55071,1068300354.0299972,19398.60097020205,False,0.0764776048143179
2021-11-01,BRZ,71839,1000956035.989996,13933.323626303203,False,0.05503625974375645
2021-12-01,BRZ,87506,1059696870.2999943,12109.990975475905,False,0.07116455875854777
2022-01-01,BRZ,66156,854041808.1900002,12909.514000090698,False,0.05684942587677348
2022-02-01,BRZ,49379,566477936.1099977,11472.041477348625,False,0.044093665748540324
2022-03-01,BRZ,55687,1241334242.2499988,22291.27520336881,False,0.09393047198610123
2022-04-01,BRZ,37179,725491614.8499997,19513.478438096765,False,0.05494111136854685
2022-05-01,BRZ,33487,521110079.7099998,15561.563583181529,False,0.030200456728835725
2022-06-01,BRZ,54595,653950938.1799968,11978.220316512445,False,0.0439222815034274
2022-07-01,BRZ,93786,1119591325.620011,11937.723387499322,False,0.07761617279010255
2022-08-01,BRZ,415596,557104693.0899999,1340.4958014273475,False,0.03770732158597585
2022-09-01,BRZ,549075,624411517.7000006,1137.2062426808736,False,0.050913348245984716
2022-10-01,BRZ,935747,655889030.3699186,700.9256031490548,False,0.04747515362363877
2022-11-01,BRZ,959712,447706554.6599988,466.500944720915,False,0.02855189434512625
2022-12-01,BRZ,1753261,346236623.2,197.4815062902785,False,0.025209527895476237
2023-01-01,BRZ,2178776,254547904.20999992,116.83069035550233,False,0.014881996033036533
2023-02-01,BRZ,1212020,179582600.10000053,148.1680171119293,False,0.01158849990119485
2023-03-01,BRZ,1330516,274490425.32000035,206.30373879006368,False,0.013501078713727376
2023-04-01,BRZ,2232983,420746786.6899829,188.4236407934959,False,0.018891855581604704
2023-05-01,BRZ,1899677,451042872.88999295,237.4313490609156,False,0.02514282721662109
2023-06-01,BRZ,1911614,448028445.3399941,234.3718163499504,False,0.02108041778298687
2023-07-01,BRZ,2482482,464780698.8999938,187.2241969528858,False,0.021255611437151826
2023-08-01,BRZ,2954232,552297070.270006,186.95115017033396,False,0.023087544418663567
2023-09-01,BRZ,2378920,490004897.5200006,205.9778796764921,False,0.02909575139596748
2023-10-01,BRZ,1707300,535865958.5100067,313.86748580214766,False,0.02447583034086002
2023-11-01,BRZ,1173363,629219578.4099977,536.2531274720591,False,0.027633986470874596
2023-12-01,BRZ,835641,572913904.8200015,685.5981274494687,False,0.02318381120152049
2024-01-01,BRZ,892651,659884617.6100383,739.2414477887083,False,0.024803740095300317
2024-02-01,BRZ,1219198,849783873.610011,697.0023520461901,False,0.039513643953469096
2024-03-01,BRZ,3838706,1283033555.5100255,334.2359523000787,False,0.039223705211296034
2024-04-01,BRZ,3841359,1164573754.7399976,303.1671225574068,False,0.03716399789733214
2024-05-01,BRZ,4072879,719812516.0000038,176.73309617103868,False,0.025859727188111123
2024-06-01,BRZ,4332388,674492271.2700003,155.6860261061568,False,0.025225678725296047
2024-07-01,BRZ,4029768,655550274.3699988,162.67692690249137,False,0.022221959692353736
2024-08-01,BRZ,4999130,749133406.7011042,149.85275571971607,False,0.022386082928028347
2024-09-01,BRZ,4258835,710435513.7999994,166.8145194166948,False,0.020889613585546214
2024-10-01,BRZ,8062339,927794773.5599988,115.0776187357042,False,0.029434262474324874
2024-11-01,BRZ,15585053,1262838032.8000035,81.02879295951085,False,0.03359826976128991
2024-12-01,BRZ,5437529,1062953844.8899908,195.4847219922856,False,0.022291969683464412
2025-01-01,BRZ,1372286,718541662.210002,523.6092638196425,False,0.01672951148293947
2025-02-01,BRZ,277084,419324936.6899997,1513.34951382974,False,0.01272148508133559
2025-03-01,BRZ,268971,275968300.4600045,1026.0150739670987,False,0.007898525461940701
2025-04-01,BRZ,176890,324558234.630001,1834.8026153541807,False,0.00955924826173077
2025-05-01,BRZ,178441,225178375.06999528,1261.920607203475,False,0.006911481104687618
2025-06-01,BRZ,140522,120926742.59000064,860.5538107200342,False,0.0032979585511296507
2025-07-01,BRZ,213195,175754091.68999824,824.3818649123958,False,0.004392269604510061
2025-08-01,BRZ,229442,79434009.23000011,346.2051813966062,False,0.0021155632920489475
2025-09-01,BRZ,295043,85609984.12999362,290.16104137360867,False,0.002528172400815136
2025-10-01,BRZ,275054,77230623.70999305,280.78349600439566,False,0.0016742006505005888
2025-11-01,BRZ,266075,78651979.33998987,295.6007867706093,False,0.001629584941329012
2025-12-01,BRZ,303881,170589098.72002473,561.368097117045,False,0.004414544475164869
2026-01-01,BRZ,299494,164880912.67003536,550.5316055414645,False,0.0043607884017437155
2026-02-01,BRZ,285395,468832511.3600504,1642.749562396154,False,0.01268515558995666
2026-03-01,BRZ,227641,367676419.220042,1615.159040858378,False,0.009488823158504071
2026-04-01,BRZ,672422,433284537.5100306,644.3640117515944,False,0.010650812198707666
2026-05-01,BRZ,707636,306382748.8600211,432.9665942094821,False,0.0055916498604864405
2026-06-01,BRZ,541579,399406965.1801279,737.4860642309393,False,0.007713600020635599
2019-11-01,BRZX,185,12625.779999999992,68.24745945945942,False,2.2912398312404967e-06
2019-12-01,BRZX,399,32215.89999999996,80.74160401002497,False,5.41796559034247e-06
2020-01-01,BRZX,388,73346.62999999998,189.03770618556692,False,1.0931040982759066e-05
2020-02-01,BRZX,435,32089.960000000006,73.77002298850576,False,5.056523052700837e-06
2020-03-01,BRZX,696,23220.48000000005,33.36275862068973,False,3.0936521220776347e-06
2020-04-01,BRZX,758,33321.71000000003,43.96003957783645,False,5.805585643994719e-06
2020-05-01,BRZX,1132,66185.10000000012,58.46740282685524,False,1.0371804186350337e-05
2020-06-01,BRZX,5622,500803.1800000015,89.07918534329447,False,7.67096272120946e-05
2020-07-01,BRZX,4328,549113.6899999996,126.8746973197781,False,5.294134998261864e-05
2020-08-01,BRZX,4717,944550.6900000062,200.2439453042201,False,0.00010059274187848909
2020-09-01,BRZX,1309,138299.53,105.65281130634072,False,2.074686295816739e-05
2020-10-01,BRZX,2745,860302.3700000009,313.4070564663027,False,0.00013684762173102165
2020-11-01,BRZX,2035,581065.609999999,285.53592628992584,False,5.99059398949875e-05
2020-12-01,BRZX,1731,481774.39999999927,278.32143269786206,False,4.35128471806967e-05
2021-02-01,BRZX,1945,445940.3400000003,229.27523907455029,False,2.6627473204518766e-05
2021-03-01,BRZX,1310,221757.5699999996,169.28058778625925,False,1.2223927579888722e-05
2021-04-01,BRZX,1649,356047.6399999999,215.91730745906605,False,1.5626417247528404e-05
2021-05-01,BRZX,1983,343550.4500000017,173.24783156833166,False,1.3222834886768731e-05
2019-08-01,BSV,72,60528.53,840.6740277777777,False,1.5210012937033448e-05
2019-09-01,BSV,70,33557.92999999999,479.3989999999999,False,5.801130709963664e-06
2019-10-01,BSV,1,39.26,39.26,False,6.06714101730791e-09
2019-11-01,BSV,2,260.19,130.095,False,4.721749402337639e-08
2019-12-01,BSV,1,26.14,26.14,False,4.396140431636315e-09
2020-01-01,BSV,4,1512.31,378.0775,False,2.2538353280357076e-07
2020-02-01,BSV,3,2963.66,987.8866666666668,False,4.6699388563798017e-07
2020-03-01,BSV,4091,3243390.029999995,792.8110559765327,False,0.00043211511773378095
2020-04-01,BSV,3205,2610704.390000009,814.5723525741058,False,0.0004548586470291599
2020-05-01,BSV,3226,3061045.6600000053,948.8672225666476,False,0.00047969355929049787
2020-06-01,BSV,1397,1021219.8200000016,731.0091768074456,False,0.00015642351091660846
2020-07-01,BSV,2112,1560785.0999999982,739.0080965909083,False,0.00015047898410028057
2020-08-01,BSV,2470,1781550.689999995,721.2755829959494,False,0.0001897315523665675
2020-09-01,BSV,1493,1261194.6000000008,844.7385130609516,False,0.00018919682178081702
2020-10-01,BSV,779,435097.52000000014,558.533401797176,False,6.9210620485755e-05
2020-11-01,BSV,1521,995115.2900000004,654.2506837606841,False,0.00010259309056566465
2020-12-01,BSV,1380,1109592.8599999985,804.0527971014482,False,0.0001002160856823696
2021-01-01,BSV,7595,6095455.699999994,802.5616458196173,False,0.00039160646469588005
2021-02-01,BSV,9724,7563558.410000004,777.82377725216,False,0.00045162644153943897
2021-03-01,BSV,6618,4993861.060000014,754.5876488365085,False,0.0002752762665169293
2021-04-01,BSV,13634,9989284.40000002,732.674519583396,False,0.0004384152807153189
2021-05-01,BSV,12061,10761572.290000005,892.2620255368546,False,0.00041419970054673203
2021-06-01,BSV,2207,1617697.3200000008,732.984739465338,False,9.776828750409996e-05
2021-07-01,BSV,1416,996165.49,703.5067019774011,False,7.319334942039807e-05
2021-08-01,BSV,2020,898094.0899999993,444.601034653465,False,5.5693436365259644e-05
2021-09-01,BSV,1597,828531.2100000005,518.8047651847216,False,6.49905210395003e-05
2021-10-01,BSV,1441,830796.06,576.54133240805,False,5.947512094167878e-05
2021-11-01,BSV,882,583894.5400000004,662.0119501133792,False,3.2104678338462396e-05
2021-12-01,BSV,1065,833864.6599999991,782.9715117370883,False,5.599866552068528e-05
2022-01-01,BSV,306,218810.21000000008,715.0660457516342,False,1.4565135682103359e-05
2022-02-01,BSV,180,87632.79,486.8488333333333,False,6.821185265231074e-06
2022-03-01,BSV,178,98581.39000000004,553.8280337078653,False,7.459551325162788e-06
2022-04-01,BSV,184,85519.76999999997,464.7813586956521,False,6.476368729298088e-06
2022-05-01,BSV,250,45839.12000000002,183.3564800000001,False,2.6565641578422603e-06
2022-06-01,BSV,488,128773.69999999998,263.8805327868852,False,8.649019936234285e-06
2022-07-01,BSV,144,47375.07,328.99354166666666,False,3.284298060300621e-06
2022-08-01,BSV,137,47728.029999999984,348.3797810218977,False,3.230445189562176e-06
2022-09-01,BSV,82,20195.84,246.29073170731704,False,1.6467310513868617e-06
2022-10-01,BSV,66,17326.06,262.51606060606065,False,1.2541105615510357e-06
2022-11-01,BSV,178,48473.1,272.3207865168539,False,3.0913079457409055e-06
2022-12-01,BSV,95,34044.57000000001,358.36389473684216,False,2.478789011897034e-06
2023-01-01,BSV,492,91733.96,186.45113821138213,False,5.3631729283006245e-06
2023-02-01,BSV,737,144337.19999999998,195.8442333785617,False,9.314107419133732e-06
2023-03-01,BSV,286,73367.70999999998,256.53045454545446,False,3.6086622205534115e-06
2023-04-01,BSV,75,14071.69,187.6225333333333,False,6.318297457729348e-07
2023-05-01,BSV,717,98416.90999999996,137.26207810320773,False,5.48612895148719e-06
2023-06-01,BSV,881,41492.42999999999,47.09696935300793,False,1.952281754270253e-06
2023-07-01,BSV,450,38265.53,85.03451111111112,False,1.7499806662403707e-06
2023-08-01,BSV,155,8763.259999999998,56.53716129032257,False,3.663284949228262e-07
2023-09-01,BSV,70,4435.97,63.371,False,2.6340120470877887e-07
2023-10-01,BSV,457,49786.15999999999,108.94126914660828,False,2.2739970437218137e-06
2023-11-01,BSV,241,40077.16000000001,166.29526970954362,False,1.760103682771038e-06
2023-12-01,BSV,750,162591.74000000008,216.7889866666668,False,6.579515999478162e-06
2024-01-01,BSV,379,540824.25,1426.97691292876,False,2.0328499522871223e-05
2024-02-01,BSV,73,165705.32,2269.935890410959,False,7.705042680864692e-06
2024-03-01,BSV,327,72920.67000000004,222.9989908256882,False,2.229262712270389e-06
2024-04-01,BSV,177,164637.37999999998,930.1546892655366,False,5.253925068497104e-06
2024-05-01,BSV,121,12200.090000000013,100.82719008264472,False,4.3829607301577027e-07
2024-06-01,BSV,175,25536.610000000004,145.92348571428573,False,9.550566359793273e-07
2024-07-01,BSV,270,55418.95999999998,205.2554074074073,False,1.8786017540694113e-06
2024-08-01,BSV,247,73684.37000000001,298.3172874493928,False,2.201883406299164e-06
2024-09-01,BSV,107,16036.65,149.8752336448598,False,4.7154092834519836e-07
2024-10-01,BSV,144,21688.60999999999,150.61534722222214,False,6.88070527702734e-07
2024-11-01,BSV,175,47297.69,270.2725142857143,False,1.2583724170726925e-06
2024-12-01,BSV,243,161417.75,664.2705761316872,False,3.385207746010309e-06
2025-01-01,BSV,90,18740.34,208.226,False,4.363236673847327e-07
2025-02-01,BSV,64,5635.06,88.0478125,False,1.7095651951514513e-07
2025-03-01,BSV,102,19998.76,196.06627450980392,False,5.723871720191794e-07
2025-04-01,BSV,150,33141.65,220.94433333333333,False,9.761245482326297e-07
2025-05-01,BSV,56,11158.65,199.2616071428572,False,3.4249647020878156e-07
2025-06-01,BSV,115,18047.38,156.93373913043476,False,4.921947777778632e-07
2025-07-01,BSV,215,34992.94,162.7578604651163,False,8.745083841663467e-07
2025-08-01,BSV,121,19091.590000000004,157.78173553719012,False,5.084656733604068e-07
2025-09-01,BSV,83,9885.290000000005,119.09987951807231,False,2.919252655637156e-07
2025-10-01,BSV,265,28970.170000000013,109.32139622641516,False,6.280135408622486e-07
2025-11-01,BSV,150,22025.17,146.83446666666669,False,4.5633797983724257e-07
2025-12-01,BSV,103,12610.400000000003,122.4310679611651,False,3.2633487173166184e-07
2026-01-01,BSV,237,38816.16000000001,163.78126582278486,False,1.026614042748385e-06
2026-02-01,BSV,136,18705.66,137.5416176470588,False,5.06117220464263e-07
2026-03-01,BSV,50,12144.520000000002,242.89040000000008,False,3.134201613183963e-07
2026-04-01,BSV,127,13472.740000000003,106.0845669291339,False,3.311810395234674e-07
2026-05-01,BSV,46,4919.4800000000005,106.94521739130435,False,8.978315443025673e-08
2026-06-01,BSV,127,23038.37,181.4044881889764,False,4.449315780641581e-07
2019-08-01,BTC,1042292,3798621044.9700418,3644.4883439286127,False,0.9545428451158793
2019-09-01,BTC,680741,4085187085.310005,6001.088645035344,False,0.7062028038242771
2019-10-01,BTC,637264,5486079798.659916,8608.802315304043,False,0.8478048846325497
2019-11-01,BTC,455909,4238625347.729917,9297.08636532711,False,0.7691966141041895
2019-12-01,BTC,351874,4779770675.530094,13583.75633189748,False,0.8038463320829177
2020-01-01,BTC,552970,4677529818.680216,8458.921494258668,False,0.6971045588061924
2020-02-01,BTC,477527,2818004088.449948,5901.2455598321085,False,0.4440423931925239
2020-03-01,BTC,712118,3360166290.959969,4718.552670989878,False,0.44767315647919514
2020-04-01,BTC,684786,1904940945.159971,2781.8047465339114,False,0.33189466578631316
2020-05-01,BTC,962450,2957648145.2400875,3073.0408283444203,False,0.46349023291575286
2020-06-01,BTC,536581,2687572122.71997,5008.697890383689,False,0.4116640306466625
2020-07-01,BTC,591224,3454595912.879993,5843.125300867342,False,0.3330657650737205
2020-08-01,BTC,637279,3434285767.5100346,5388.983110239054,False,0.36574450202148856
2020-09-01,BTC,518361,3097097085.2299786,5974.788005328292,False,0.46460786089009876
2020-10-01,BTC,509960,2372680702.269964,4652.680018570013,False,0.37742045419767295
2020-11-01,BTC,820407,3358594780.3400483,4093.815362789504,False,0.34625999814835023
2020-12-01,BTC,1031276,3813763174.1802673,3698.101356164855,False,0.3444510421921028
2021-01-01,BTC,2553676,8228747756.421338,3222.314716675623,False,0.5286611824225576
2021-02-01,BTC,2082708,7745729718.290613,3719.066579804088,False,0.4625040437544355
2021-03-01,BTC,1779009,7359879320.990873,4137.066940634293,False,0.40569813159710033
2021-04-01,BTC,1895620,7632550370.24098,4026.4137170113104,False,0.3349816242235533
2021-05-01,BTC,1955707,7760015435.660578,3967.8824259771927,False,0.2986734636048826
2021-06-01,BTC,1303467,4175172073.270261,3203.128328734261,False,0.252333621742401
2021-07-01,BTC,1066253,2817060072.290003,2642.0184255425334,False,0.20698374344344533
2021-08-01,BTC,1346151,5590902122.98028,4153.2503582289655,False,0.34670816240489627
2021-09-01,BTC,1280129,3430476977.7002363,2679.790066235697,False,0.269088820679125
2021-10-01,BTC,1817097,5176343980.190475,2848.6888593126705,False,0.37056468979590423
2021-11-01,BTC,1419831,4669862272.900597,3289.0268439698784,False,0.2567662752187997
2021-12-01,BTC,2834096,3298050847.0402684,1163.704704089159,False,0.22148252002143964
2022-01-01,BTC,2009468,2295961340.150089,1142.5717354792855,False,0.1528310239277678
2022-02-01,BTC,1802177,1990211164.420099,1104.3372345891105,False,0.15491460524583048
2022-03-01,BTC,1835643,1914763436.3201609,1043.102300567246,False,0.14488815920302303
2022-04-01,BTC,1678307,1883084327.0700617,1122.0142244953167,False,0.14260501928931618
2022-05-01,BTC,1855087,2592462457.000075,1397.4883425952933,False,0.15024378399537508
2022-06-01,BTC,2308869,2440157900.7901263,1056.862862635397,False,0.1638919618795873
2022-07-01,BTC,3395613,1843716055.4500544,542.9700190952428,False,0.1278164457521588
2022-08-01,BTC,2586839,1511095493.049965,584.1474838789599,False,0.10227765877812986
2022-09-01,BTC,2418493,1455390999.9799652,601.775981977192,False,0.11866986228728213
2022-10-01,BTC,1813293,1097281092.2999833,605.1317091611688,False,0.07942439347685888
2022-11-01,BTC,1892618,1444287214.539987,763.1160723082985,False,0.09210750998470207
2022-12-01,BTC,1025755,986778441.3400072,962.0020778256084,False,0.07184745049123814
2023-01-01,BTC,1978702,1062416696.1193992,536.9260738198067,False,0.062113577820058705
2023-02-01,BTC,1628341,1085401592.7500217,666.5689758779159,False,0.07004117460898887
2023-03-01,BTC,2247497,1628229958.0500093,724.4636847346222,False,0.08008607514107141
2023-04-01,BTC,1672027,1245736885.909971,745.045914874563,False,0.05593454801267399
2023-05-01,BTC,1454840,998580329.509969,686.384983578929,False,0.05566462568384093
2023-06-01,BTC,1438838,1113628838.960013,773.9779175696033,False,0.05239792567778748
2023-07-01,BTC,1242621,794898297.1300088,639.6948845464617,False,0.036352734474209794
2023-08-01,BTC,1481615,1073174687.7500304,724.3276342032378,False,0.044861668848435704
2023-09-01,BTC,1146639,733352895.9299386,639.567375547089,False,0.04354538832873476
2023-10-01,BTC,1675645,1206446218.309806,719.9891494378618,False,0.05510477477768644
2023-11-01,BTC,1567254,1192855129.619985,761.1115553828448,False,0.05238766186667067
2023-12-01,BTC,1859012,1508364276.230021,811.3795264527722,False,0.06103819842568089
2024-01-01,BTC,2273787,1936429250.269988,851.6317712564932,False,0.07278649411557882
2024-02-01,BTC,2592650,3252432861.709893,1254.4820402714956,False,0.15123312888277587
2024-03-01,BTC,4364060,7423800083.169382,1701.122368429715,False,0.2269534921821111
2024-04-01,BTC,3027925,6230667034.190992,2057.7349287683783,False,0.19883368967845919
2024-05-01,BTC,2182590,3420632057.8600183,1567.2352837042313,False,0.122888404773399
2024-06-01,BTC,2172471,3388924459.0699267,1559.940021786218,False,0.12674410555932777
2024-07-01,BTC,2631016,4297734364.470101,1633.488494357351,False,0.14568536319732311
2024-08-01,BTC,2389622,5274399079.70904,2207.2106298439835,False,0.15761296204080885
2024-09-01,BTC,2023339,3118286992.9399123,1541.158942194023,False,0.0916899691330573
2024-10-01,BTC,2367537,3865265568.279906,1632.6104167664143,False,0.12262543884912698
2024-11-01,BTC,5692329,7355947276.469257,1292.2561707992031,False,0.19570767946912224
2024-12-01,BTC,6926089,7872842805.030285,1136.6938549346223,False,0.16510704954510919
2025-01-01,BTC,5032063,5820696457.78988,1156.7216979973978,False,0.13552089370823597
2025-02-01,BTC,2918041,4101108705.989543,1405.4321738418148,False,0.12441948631056864
2025-03-01,BTC,3314820,3914617895.410019,1180.9443334509924,False,0.11204079986406222
2025-04-01,BTC,2368101,3079897503.780204,1300.5769195571486,False,0.09071254929915243
2025-05-01,BTC,2817458,3743944003.659954,1328.837556286537,False,0.11491422402466857
2025-06-01,BTC,2229538,3716051732.08047,1666.7362171357788,False,0.10134552807567584
2025-07-01,BTC,2695750,4527780535.519921,1679.599568031131,False,0.11315374015379565
2025-08-01,BTC,2752609,3924371549.110685,1425.6916071663954,False,0.10451765527308027
2025-09-01,BTC,2263172,2761195854.129974,1220.0556803150507,False,0.08154164753793998
2025-10-01,BTC,2962728,4929596990.5906,1663.87092928902,False,0.1068634965236547
2025-11-01,BTC,3000956,4921829209.960218,1640.0870955656192,False,0.10197504031874341
2025-12-01,BTC,2102715,2731966867.230114,1299.2568499440551,False,0.07069847563857523
2026-01-01,BTC,2385831,2709913655.070257,1135.8363836626556,False,0.0716720925751215
2026-02-01,BTC,2386632,3113575334.199946,1304.5896201006044,False,0.08424370451784996
2026-03-01,BTC,2191151,2149983517.360083,981.2119371782608,False,0.055485781310656186
2026-04-01,BTC,1837592,1496636866.5899088,814.4554757475593,False,0.03678967702682535
2026-05-01,BTC,1773085,1362370579.7202308,768.3616858301947,False,0.02486399541216955
2026-06-01,BTC,2014068,2386411374.050024,1184.871302284741,False,0.046087886363763285
2019-08-01,BTG,8202,19355.580000000056,2.359861009509882,False,4.863799305943606e-06
2019-09-01,BTG,5791,9786.230000000029,1.6899032982213826,False,1.6917372253821341e-06
2019-10-01,BTG,3,5.65,1.8833333333333333,False,8.731366976003489e-10
2019-11-01,BTG,6,11.01,1.835,False,1.9980191752080176e-09
2020-05-01,BTG,2,802.89,401.445,False,1.258201296542395e-07
2021-05-01,BTG,1,10.71,10.71,False,4.12214746443477e-10
2022-02-01,BTG,26,1694.9700000000005,65.19115384615385,False,1.3193354210231944e-07
2022-03-01,BTG,27,1625.4899999999998,60.203333333333326,False,1.2299913892002186e-07
2022-04-01,BTG,9,332.72,36.96888888888889,False,2.5196716544163538e-08
2022-05-01,BTG,13,558.59,42.96846153846154,False,3.237257113419951e-08
2022-06-01,BTG,5,177.83,35.566,False,1.1943861326191167e-08
2022-07-01,BTG,4,176.15,44.0375,False,1.2211678068696351e-08
2022-08-01,BTG,3,195.48,65.16000000000001,False,1.323095517781929e-08
2023-04-01,BTG,2261,46273915.67000005,20466.128115877957,False,0.0020777345417426303
2023-05-01,BTG,1671,7643210.499999962,4574.033812088547,False,0.00042606131818567246
2023-06-01,BTG,3704,45247251.28999973,12215.78058585306,False,0.002128951790105994
2023-07-01,BTG,1233,10392877.249999965,8428.935320356823,False,0.00047529288772713533
2023-08-01,BTG,1019,14931706.759999989,14653.29417075563,False,0.0006241866227887551
2023-09-01,BTG,570,5990234.22,10509.182842105263,False,0.00035569106870329424
2023-10-01,BTG,605,3730826.8399999966,6166.655933884292,False,0.00017040657895282525
2023-11-01,BTG,1780,30851624.17999999,17332.373134831454,False,0.001354937758530943
2023-12-01,BTG,1778,88658836.59000011,49864.362536558,False,0.0035877113673734307
2024-01-01,BTG,1468,29711569.470000017,20239.488739782028,False,0.0011167983421502467
2024-02-01,BTG,1626,59611868.20000004,36661.66555965562,False,0.0027718602442400823
2024-03-01,BTG,2062,10485785.639999978,5085.2500678952365,False,0.0003205616588014377
2024-04-01,BTG,1559,18304493.44999997,11741.176042334808,False,0.000584134884818356
2024-05-01,BTG,1042,4631644.059999986,4444.95591170824,False,0.0001663947891453924
2024-06-01,BTG,951,5513592.220000003,5797.678464773926,False,0.00020620563331605072
2024-07-01,BTG,956,6710853.039999985,7019.72075313806,False,0.00022748568887337507
2024-08-01,BTG,805,107303438.46999982,133296.19685714264,False,0.0032065098827055985
2024-09-01,BTG,584,52358163.27999997,89654.38917808214,False,0.001539537055401263
2024-10-01,BTG,772,23533916.559999976,30484.34787564764,False,0.0007466128251811112
2024-11-01,BTG,1652,24121977.23999992,14601.681138014475,False,0.0006417740655848346
2024-12-01,BTG,896,10818213.55999997,12073.899062499968,False,0.00022687653830700565
2025-01-01,BTG,2734,24664207.18999989,9021.290120702226,False,0.0005742466430319644
2025-02-01,BTG,1890,9874908.229999984,5224.819169312161,False,0.0002995850872097652
2025-03-01,BTG,1102,3793942.840000004,3442.7793466424714,False,0.00010858694303996931
2025-04-01,BTG,1000,5105698.209999999,5105.698209999999,False,0.0001503786733203807
2025-05-01,BTG,1081,3790592.410000002,3506.560971322851,False,0.00011634602039002918
2025-06-01,BTG,928,3381583.509999999,3643.947747844826,False,9.222378784298531e-05
2025-07-01,BTG,1755,24019535.959999964,13686.345276353257,False,0.0006002721000523256
2025-08-01,BTG,1561,6828068.8699999945,4374.163273542597,False,0.00018185172820785374
2025-09-01,BTG,1693,3677494.959999999,2172.176585942114,False,0.00010860113287594243
2025-10-01,BTG,1434,9011943.459999971,6284.479400278921,False,0.00019536034901986986
2025-11-01,BTG,1048,4882013.569999996,4658.409895038164,False,0.00010115010281744944
2025-12-01,BTG,951,3970134.870000004,4174.6949211356505,False,0.00010274007593405831
2026-01-01,BTG,1323,4819899.550000003,3643.159145880577,False,0.00012747723017080055
2026-02-01,BTG,788,14449964.779999947,18337.518756345115,False,0.00039097128945250097
2026-03-01,BTG,748,21609310.719999988,28889.452834224583,False,0.0005576831074296675
2026-04-01,BTG,1485,7142072.499999973,4809.476430976413,False,0.0001755633223013255
2026-05-01,BTG,932,2282411.580000002,2448.9394635193157,False,4.165523822854172e-05
2026-06-01,BTG,665,3109843.589999997,4676.456526315785,False,6.0059267041522706e-05
2019-08-01,BTT,479,84097.38000000003,175.56864300626313,False,2.1132550844545847e-05
2019-09-01,BTT,653,165321.20000000027,253.1718223583465,False,2.8578934705687944e-05
2019-10-01,BTT,825,123075.58,149.1825212121212,False,1.901978857990222e-05
2019-11-01,BTT,854,132092.9200000002,154.67555035128828,False,2.3971315810101636e-05
2019-12-01,BTT,673,119355.55000000012,177.34851411589915,False,2.0072829345646148e-05
2020-01-01,BTT,1381,743607.1400000002,538.4555684286751,False,0.00011082172585723794
2020-02-01,BTT,1533,749913.34,489.1802609262883,False,0.0001181663701431189
2020-03-01,BTT,940,358769.06000000023,381.6692127659577,False,4.779860983945192e-05
2020-04-01,BTT,1349,522753.2799999994,387.51169755374303,False,9.107842717913172e-05
2020-05-01,BTT,2505,1011558.7799999992,403.8158802395207,False,0.00015852041606257924
2020-06-01,BTT,1695,437220.0399999989,257.9469262536867,False,6.697039399401758e-05
2020-07-01,BTT,3419,1382339.8699999915,404.3111640830628,False,0.00013327465729837687
2020-08-01,BTT,4787,2109308.710000001,440.63269479841256,False,0.00022463711990626729
2020-09-01,BTT,2530,1055438.520000001,417.1693754940715,False,0.00015833053326508797
2020-10-01,BTT,2280,961994.6499999992,421.9274780701752,False,0.00015302373277254405
2020-11-01,BTT,2234,760980.9100000001,340.63603849597143,False,7.845461144343575e-05
2020-12-01,BTT,2422,716578.01,295.8621015689513,False,6.471981375967217e-05
2021-01-01,BTT,10206,3634576.569999994,356.1215530080339,False,0.0002335057051180237
2021-02-01,BTT,63606,53689154.38000028,844.0894629437519,False,0.0032058246168685427
2021-03-01,BTT,82734,108019390.99999943,1305.622730679037,False,0.005954345607266887
2021-04-01,BTT,180283,284350723.21999764,1577.2464581796266,False,0.012479743007627149
2021-05-01,BTT,94873,93513635.27000016,985.6717429616454,False,0.003599224972159748
2021-06-01,BTT,30347,23717714.509999886,781.5505489834213,False,0.0014334203948324715
2021-07-01,BTT,16744,13356539.000000004,797.691053511706,False,0.0009813729103124967
2021-08-01,BTT,37367,42538000.35999957,1138.3841453688967,False,0.002637905585321277
2021-09-01,BTT,18794,15957916.660000028,849.0963424497195,False,0.0012517492472472142
2021-10-01,BTT,20584,15785605.879999982,766.8871881072669,False,0.0011300617131605975
2021-11-01,BTT,12063,8890508.949999966,737.0064619083118,False,0.0004888330178682092
2021-12-01,BTT,13299,10328807.079999965,776.6604316113966,False,0.0006936370380543585
2022-01-01,BTT,3080,1579873.0500000014,512.9457954545459,False,0.00010516449544903996
2022-11-01,BTT,1,0.01,0.01,False,6.377367954062987e-13
2023-11-01,BTT,1,0.01,0.01,False,4.391787448938591e-13
2024-01-01,BTT,9003,703570.9,78.14849494612908,False,2.6445819885029336e-05
2024-02-01,BTT,16272,1098699.4299999643,67.5208597590932,False,5.1087834727282345e-05
2024-03-01,BTT,35382,4745309.789999966,134.11649397998886,False,0.00014506918508865244
2024-04-01,BTT,16316,1319989.3399999775,80.90152856092041,False,4.212363609998428e-05
2024-05-01,BTT,13650,997953.5899999728,73.11015311355112,False,3.5852124004739116e-05
2024-06-01,BTT,10813,653647.7899999968,60.45017941366844,False,2.4446105392717302e-05
2024-07-01,BTT,8630,405603.449999999,46.99924101969861,False,1.3749217824127396e-05
2024-08-01,BTT,6770,355207.7099999972,52.46790398818276,False,1.0614543660188984e-05
2024-09-01,BTT,5900,363581.5399999967,61.62398983050792,False,1.0690735091230109e-05
2024-10-01,BTT,5997,258163.08000000083,43.04870435217622,False,8.190216278911548e-06
2024-11-01,BTT,18935,1813037.5999999663,95.75059941906346,False,4.823653136031867e-05
2024-12-01,BTT,21178,3176939.039999955,150.0112871848123,False,6.662587383859832e-05
2025-01-01,BTT,11827,614640.2199999958,51.96924156590816,False,1.4310416722031569e-05
2025-02-01,BTT,4015,251921.8900000005,62.74517808219191,False,7.642809394057442e-06
2025-03-01,BTT,3233,141870.95000000042,43.882137333745874,False,4.060507344564096e-06
2025-04-01,BTT,3162,297839.63000000035,94.19343137254911,False,8.77230235306703e-06
2025-05-01,BTT,3615,242670.3700000001,67.1287330567082,False,7.448369215743754e-06
2025-06-01,BTT,3366,306443.2899999999,91.0407872846108,False,8.357433988926219e-06
2025-07-01,BTT,4350,326687.0199999996,75.100464367816,False,8.164233642223792e-06
2025-08-01,BTT,2722,279865.5100000007,102.81613152094074,False,7.453648700422751e-06
2025-09-01,BTT,1926,458265.8799999987,237.93659397715408,False,1.3533177956113516e-05
2025-10-01,BTT,2070,362186.06999999913,174.96911594202857,False,7.851447066816714e-06
2025-11-01,BTT,2900,1603818.3200000012,553.0408000000004,False,3.3229401279298225e-05
2025-12-01,BTT,3339,1196149.7499999844,358.2359239293155,False,3.095424215235871e-05
2026-01-01,BTT,3071,823875.2899999921,268.27590035818696,False,2.1789943729297015e-05
2026-02-01,BTT,4401,2359598.190000005,536.1504635310168,False,6.384341837365314e-05
2026-03-01,BTT,41117,52811785.26000815,1284.4270073207713,False,0.0013629421546264698
2026-04-01,BTT,5500,3633017.380000002,660.548614545455,False,8.930525435176693e-05
2026-05-01,BTT,898,151767.2900000001,169.005890868597,False,2.7698346238894283e-06
2026-06-01,BTT,700,119752.07000000018,171.07438571428597,False,2.31272774426097e-06
2020-03-01,BUSD,6,150188.8,25031.466666666664,False,2.000957343828777e-05
2020-06-01,BUSD,1,100.0,100.0,False,1.531732031176287e-08
2020-08-01,BUSD,2,0.37,0.185,False,3.940425314287867e-11
2020-09-01,BUSD,1,10062.0,10062.0,False,1.5094406689963465e-06
2020-11-01,BUSD,17,2204552.62,129679.56588235297,False,0.00022728207361825706
2020-12-01,BUSD,923,70709075.87999998,76607.88286023833,False,0.006386294525102893
2021-01-01,BUSD,645,69787926.92000005,108198.3363100776,False,0.004483570168444614
2021-02-01,BUSD,1883,105120760.75000004,55826.21388741372,False,0.006276849141096435
2021-03-01,BUSD,1010,182342265.57,180536.8966039604,False,0.010051240411231602
2021-04-01,BUSD,838,509280228.87,607732.9700119331,False,0.022351574503455165
2021-05-01,BUSD,2986,797938336.9500003,267226.50266242475,False,0.03071166659601999
2021-06-01,BUSD,1549,274936038.71,177492.60084570688,False,0.01661622687106734
2021-07-01,BUSD,2022,28155737.110000003,13924.696889218598,False,0.0020687453291331134
2021-08-01,BUSD,4915,46870971.84,9536.311666327569,False,0.002906605796224446
2021-09-01,BUSD,4257,98829103.45,23215.669121447027,False,0.0077522184433850986
2021-10-01,BUSD,4637,29167051.8,6290.069398317877,False,0.0020880141551432125
2021-11-01,BUSD,6317,59665441.61999995,9445.217923064738,False,0.003280626345867875
2021-12-01,BUSD,5815,101652242.22,17481.039074806537,False,0.006826515362223731
2022-01-01,BUSD,4162,49439738.40999999,11878.841520903408,False,0.003290963881572741
2022-02-01,BUSD,4147,19988238.71,4819.927347480107,False,0.0015558500347481051
2022-03-01,BUSD,3862,43783182.08,11336.91923355774,False,0.003313027883911025
2022-04-01,BUSD,4865,52039740.28,10696.760591983557,False,0.00394094308988654
2022-05-01,BUSD,5633,63929192.03,11349.04882478253,False,0.003704957690870004
2022-06-01,BUSD,9518,49424805.55,5192.772173776003,False,0.0033195918774287995
2022-07-01,BUSD,9973,59908867.95000001,6007.105981149103,False,0.00415320924703628
2022-08-01,BUSD,6732,24529732.25,3643.75107694593,False,0.0016602812969288843
2022-09-01,BUSD,6838,37998901.42999998,5557.01980549868,False,0.0030983594098274486
2022-10-01,BUSD,4437,34551122.08999998,7787.0457719179585,False,0.0025009106009391785
2022-11-01,BUSD,8518,28446033.56999999,3339.520259450574,False,0.0018141082290951786
2022-12-01,BUSD,7893,31757135.130000014,4023.455610034209,False,0.0023122406189760455
2023-01-01,BUSD,8583,28775226.40000001,3352.5837585925674,False,0.0016823269728484574
2023-02-01,BUSD,8520,45073826.92999999,5290.355273474178,False,0.0029086227654233476
2023-03-01,BUSD,5395,18759589.590000004,3477.2177182576465,False,0.0009227086715193932
2023-04-01,BUSD,6640,24079544.220000003,3626.437382530121,False,0.0010811901273301745
2023-05-01,BUSD,8434,32393468.340000022,3840.819105999528,False,0.0018057338367883922
2023-06-01,BUSD,7291,40364172.690000005,5536.164132492114,False,0.0018991955368461346
2023-07-01,BUSD,4828,17678647.120000023,3661.6916155758126,False,0.0008084897991818237
2023-08-01,BUSD,3715,19488837.34999997,5245.985827725431,False,0.0008146872801013836
2023-09-01,BUSD,5081,5249264.780000031,1033.1164691989827,False,0.00031169342148106753
2023-10-01,BUSD,7758,7231841.6000000145,932.1786027326648,False,0.00033031642567059734
2023-11-01,BUSD,545,406264.56,745.4395596330274,False,1.784227595556559e-05
2023-12-01,BUSD,287,247296.18,861.6591637630662,False,1.0007206841625722e-05
2024-01-01,BUSD,22,660708.69,30032.21318181818,False,2.483471532465837e-05
2024-02-01,BUSD,16,595402.19,37212.636875,False,2.7685286665692496e-05
2024-03-01,BUSD,28,25990600.99,928235.7496428572,False,0.000794560412795231
2024-04-01,BUSD,45,133022303.86,2956051.196888889,False,0.0042450214946283355
2024-05-01,BUSD,100,228699464.25,2286994.6425,False,0.008216175215230825
2024-06-01,BUSD,227,214346789.31000003,944258.9837444936,False,0.00801646434398999
2024-07-01,BUSD,455,413796101.0500001,909441.9803296706,False,0.014026933765260369
2024-08-01,BUSD,514,342166903.9500001,665694.3656614788,False,0.01022484996468403
2024-09-01,BUSD,539,449473941.31999993,833903.4161781075,False,0.013216311359106047
2024-10-01,BUSD,590,596673897.2999998,1011311.6903389829,False,0.01892946220996449
2024-11-01,BUSD,2582,700671236.9699999,271367.63631680864,False,0.018641615648443972
2024-12-01,BUSD,532,646713709.6599998,1215627.273796992,False,0.013562698398361354
2025-01-01,BUSD,776,658523799.69,848613.1439304125,False,0.015332140150118403
2025-02-01,BUSD,362,275940426.52,762266.3716022099,False,0.008371484050104851
2025-03-01,BUSD,21,33107614.98,1576553.0942857142,False,0.0009475774553373322
2025-04-01,BUSD,76,243655281.32,3205990.5436842106,False,0.007176404958804987
2025-05-01,BUSD,35,508912574.92,14540359.28342857,False,0.015620237264809104
2025-06-01,BUSD,14,728532.1,52038.00714285714,False,1.986879508624188e-05
2025-07-01,BUSD,9,940323.84,104480.42666666668,False,2.3499628265344215e-05
2025-08-01,BUSD,6,653727.75,108954.625,False,1.741070914460941e-05
2025-09-01,BUSD,5,49109.57,9821.914,False,1.4502684558540897e-06
2025-10-01,BUSD,12,1560376.12,130031.34333333332,False,3.3825736341833565e-05
2025-11-01,BUSD,4,113547.69,28386.9225,False,2.3525867664034136e-06
2025-12-01,BUSD,3,33065.01,11021.67,False,8.556640389802159e-07
2026-01-01,BUSD,2,41585.5,20792.75,False,1.0998578497902148e-06
2026-02-01,BUSD,2,15806.18,7903.09,False,4.2766627254840645e-07
2026-03-01,BUSD,2,14637.79,7318.895,False,3.7776532157259474e-07
2026-05-01,BUSD,5,35582.020000000004,7116.404,False,6.493909918528957e-07
2026-06-01,BUSD,7,6904.16,986.3085714285714,False,1.3333750625619079e-07
2019-12-01,CBRL,13,1305.02,100.38615384615385,False,2.1947403160267877e-07
2020-01-01,CBRL,10,1009.0,100.9,False,1.5037392108681614e-07
2020-02-01,CBRL,49,40423.420000000006,824.9677551020409,False,6.369654405895427e-06
2020-03-01,CBRL,40,63838.48,1595.962,False,8.505166522062e-06
2020-04-01,CBRL,320,433273.04,1353.97825,False,7.548843504591893e-05
2020-05-01,CBRL,3797,2415956.7199999983,636.2804108506712,False,0.0003786022839360697
2020-06-01,CBRL,3130,1667454.9800000018,532.7332204472849,False,0.00025540942034104177
2020-07-01,CBRL,6887,5005166.979999999,726.755768839843,False,0.0004825599900990021
2020-08-01,CBRL,14029,76477097.41000013,5451.357716872202,False,0.008144656502638476
2020-09-01,CBRL,6390,112642115.34999996,17627.87407668231,False,0.016897892064308046
2020-10-01,CBRL,8141,6124671.0900000185,752.324172706058,False,0.0009742466158163038
2020-11-01,CBRL,11383,27849633.209999982,2446.598718264077,False,0.0028712049456441065
2020-12-01,CBRL,8947,9005709.23999998,1006.5618911366917,False,0.0008133766549528326
2021-01-01,CBRL,22819,16043443.82000018,703.0739217318979,False,0.0010307213480195158
2021-02-01,CBRL,9674,15901168.859999975,1643.7015567500491,False,0.0009494721821761567
2021-03-01,CBRL,13932,21392651.90999997,1535.504730835485,False,0.0011792257089108988
2021-04-01,CBRL,10380,15936157.63999999,1535.275302504816,False,0.0006994149676291281
2021-05-01,CBRL,9447,12626430.159999987,1336.5544786704763,False,0.00048597578962564567
2021-06-01,CBRL,14115,7221874.929999843,511.6454077222701,False,0.0004364662880660989
2021-07-01,CBRL,7375,6171239.020000001,836.77817220339,False,0.00045343234480814534
2021-08-01,CBRL,11206,12262211.289999949,1094.2540862038147,False,0.0007604155196890128
2021-09-01,CBRL,7575,7196893.43,950.0849412541254,False,0.0005645289498285238
2021-10-01,CBRL,5196,6755744.060000002,1300.1816897613553,False,0.0004836309587451921
2021-11-01,CBRL,4253,6473493.0799999945,1522.1004185280965,False,0.00035593655844026544
2021-12-01,CBRL,2113,2338989.6800000016,1106.9520492191205,False,0.0001570762103608695
2022-01-01,CBRL,1539,3707194.4,2408.833268356076,False,0.0002467699721870096
2022-02-01,CBRL,1171,1204863.9099999997,1028.918795900939,False,9.378452916426257e-05
2022-03-01,CBRL,1100,1185248.09,1077.4982636363634,False,8.968649113596552e-05
2022-04-01,CBRL,1046,1126174.6300000004,1076.6487858508608,False,8.52846325178476e-05
2022-05-01,CBRL,942,971439.5200000006,1031.2521443736737,False,5.629888641718013e-05
2022-06-01,CBRL,635,632851.2799999999,996.6161889763778,False,4.25051337143484e-05
2022-07-01,CBRL,106,110038.81999999996,1038.1020754716978,False,7.628490745950752e-06
2022-08-01,CBRL,1,33117.22,33117.22,False,2.241520633486702e-06
2022-10-01,CBRL,4,240409.74,60102.435,False,1.7401555462334682e-05
2023-06-01,CBRL,1,530.0,530.0,False,2.4937303738615315e-08
2023-08-01,CBRL,1,30000.0,30000.0,False,1.2540829380487158e-06
2019-11-01,CHZ,4,1353.1799999999998,338.295,False,2.455658117627598e-07
2020-06-01,CHZ,1,5066.35,5066.35,False,7.760290576149982e-07
2020-07-01,CHZ,22123,9472376.10000004,428.1686977353903,False,0.0009132541901788949
2020-08-01,CHZ,39503,20672908.65000049,523.3250297445888,False,0.0022016230422816905
2020-09-01,CHZ,18868,7031757.880000019,372.68167691329336,False,0.0010548619875380204
2020-10-01,CHZ,11173,3286101.0399999893,294.1108959097816,False,0.0005227175093006368
2020-11-01,CHZ,25106,9229272.360000156,367.6122185931712,False,0.0009515074128593493
2020-12-01,CHZ,91911,56948108.38000038,619.6005742511819,False,0.0051434329785242094
2021-01-01,CHZ,96102,49828000.06999932,518.49077095169,False,0.0032012318538019264
2021-02-01,CHZ,178585,229037776.80999044,1282.5140790659375,False,0.013676038514099365
2021-03-01,CHZ,1093514,2695210256.5209,2464.7240515630338,False,0.14856789325516528
2021-04-01,CHZ,534200,1009498785.3401626,1889.7393959943145,False,0.04430544527861074
2021-05-01,CHZ,397802,1006175677.0800176,2529.3379044851904,False,0.0387264660695736
2021-06-01,CHZ,242192,729986892.1099887,3014.0834218718564,False,0.044117998750244414
2021-07-01,CHZ,148831,806993212.5400014,5422.211854653946,False,0.059293899234885046
2021-08-01,CHZ,202897,404626450.9599996,1994.245607179996,False,0.025092067467275738
2021-09-01,CHZ,137749,164077124.55999506,1191.1311483930558,False,0.012870315188026607
2021-10-01,CHZ,170869,259535618.0799987,1518.915766347311,False,0.01857966475428552
2021-11-01,CHZ,191849,351470056.8699926,1832.0140155538609,False,0.01932512183006916
2021-12-01,CHZ,73145,81703903.07999922,1117.0128249367588,False,0.005486873062004294
2022-01-01,CHZ,51346,51618521.73999946,1005.3075554083952,False,0.003435994933018408
2022-02-01,CHZ,41836,30833742.219999928,737.0145860024842,False,0.0024000453266750585
2022-03-01,CHZ,50425,50696307.89999981,1005.3804243926586,False,0.0038361369298637823
2022-04-01,CHZ,34211,25905679.940000176,757.2324673350728,False,0.0019618239791176
2022-05-01,CHZ,40403,67170931.25000021,1662.5233584139844,False,0.003892829714175078
2022-06-01,CHZ,24447,18640167.46000009,762.4725921380983,False,0.0012519573482495758
2022-07-01,CHZ,21347,13769212.720000053,645.0186311893967,False,0.0009545568719616206
2022-08-01,CHZ,49421,44512941.02000026,900.6887966653903,False,0.003012833678476248
2022-09-01,CHZ,39459,40629541.06999993,1029.6647423908344,False,0.0033128568499040723
2022-10-01,CHZ,35514,29375657.360000085,827.1571031142672,False,0.002126295427101171
2022-11-01,CHZ,96110,94215455.25000194,980.2877458121104,False,0.006008466250888177
2022-12-01,CHZ,31231,19115650.520000044,612.0729569978561,False,0.0013918126874341466
2023-01-01,CHZ,29906,15829934.310000092,529.3230224704104,False,0.0009254879561306381
2023-02-01,CHZ,28243,16273593.920000143,576.1991969691655,False,0.0010501381616537036
2023-03-01,CHZ,21445,11955436.53,557.4929601305665,False,0.0005880397812066805
2023-04-01,CHZ,16323,10186196.529999988,624.0394860013471,False,0.0004573680889746038
2023-05-01,CHZ,27333,6129510.759999993,224.25312845278577,False,0.0003416819979299109
2023-06-01,CHZ,20335,5381564.440000036,264.6454113597264,False,0.0002532107679796455
2023-07-01,CHZ,12524,3968193.999999998,316.84717342702,False,0.00018147567222748617
2023-08-01,CHZ,11512,3170426.100000008,275.4018502432252,False,0.0001325325759451447
2023-09-01,CHZ,8049,2018621.4199999983,250.79157907814613,False,0.00011986269381419293
2023-10-01,CHZ,12049,4664501.8900000015,387.12771931280616,False,0.00021305245289644388
2023-11-01,CHZ,15642,6767988.940000047,432.680535737121,False,0.00029723568881247404
2023-12-01,CHZ,15958,5594003.290000023,350.5453872665762,False,0.00022636964305621315
2024-01-01,CHZ,23823,10335064.549999978,433.82716492465175,False,0.0003884743607068615
2024-02-01,CHZ,18670,10137664.489999954,542.9922062131737,False,0.00047138581657931095
2024-03-01,CHZ,40543,17020802.439999994,419.82099104654304,False,0.0005203440973925886
2024-04-01,CHZ,22996,10621559.80000003,461.88727604800965,False,0.00033895631295736885
2024-05-01,CHZ,17934,10658083.97999999,594.2948578119766,False,0.00038289851585572576
2024-06-01,CHZ,18027,9555153.190000027,530.0467737282979,False,0.0003573580229289856
2024-07-01,CHZ,12610,6391413.880000013,506.8528057097552,False,0.00021665728346312543
2024-08-01,CHZ,11206,5686299.440000024,507.4334677851172,False,0.00016992163168639808
2024-09-01,CHZ,8764,3507624.090000013,400.2309550433607,False,0.00010313801945447383
2024-10-01,CHZ,14681,9725757.33000001,662.4724017437511,False,0.000308549371230422
2024-11-01,CHZ,26912,15492244.880000008,575.663082639715,False,0.0004121768660483769
2024-12-01,CHZ,49500,27943829.500000197,564.521808080812,False,0.0005860301489556882
2025-01-01,CHZ,42062,13465265.39000028,320.1289855451543,False,0.00031350626388174574
2025-02-01,CHZ,24839,9761928.29000002,393.0081037883981,False,0.00029615750040191865
2025-03-01,CHZ,20668,6887851.459999958,333.26163441068115,False,0.00019713811348691382
2025-04-01,CHZ,19308,5276992.089999991,273.305991816863,False,0.00015542381021700492
2025-05-01,CHZ,23920,8110025.440000038,339.04788628762697,False,0.00024892393672204375
2025-06-01,CHZ,16911,6695717.7900000345,395.93860741529386,False,0.00018260807550527292
2025-07-01,CHZ,25580,11984665.070000554,468.51700820956034,False,0.0002995087033310445
2025-08-01,CHZ,21867,8480823.070000136,387.8366063017394,False,0.0002258694751426199
2025-09-01,CHZ,16667,7510901.750000214,450.6450920981709,False,0.00022180654163831185
2025-10-01,CHZ,21018,12958775.090000505,616.5560514797081,False,0.00028091951926787856
2025-11-01,CHZ,14462,9619654.560000094,665.1676503941428,False,0.0001993089600962245
2025-12-01,CHZ,15790,7709469.410000147,488.2501209626439,False,0.000199507447109653
2026-01-01,CHZ,22946,11747636.420000382,511.9688146082272,False,0.00031070277219268343
2026-02-01,CHZ,22361,5373232.680000071,240.2948293904597,False,0.0001453830332054244
2026-03-01,CHZ,20055,4563518.940000054,227.5501839940192,False,0.0001177731884302034
2026-04-01,CHZ,34068,5829942.290000181,171.12663760714398,False,0.00014330910772152386
2026-05-01,CHZ,32657,9670582.970000096,296.1258832715833,False,0.0001764933375531823
2026-06-01,CHZ,23592,6138290.330000206,260.1852462699308,False,0.00011854654661518821
2020-07-01,COMP,1,5293.59,5293.59,False,5.103675358275814e-07
2020-08-01,COMP,1,613.23,613.23,False,6.530775717515537e-08
2021-01-01,COMP,5,1322.7399999999998,264.54799999999994,False,8.498028049188002e-08
2021-02-01,COMP,21,56796.45999999999,2704.593333333333,False,3.3913644519388413e-06
2021-03-01,COMP,8,6416.12,802.015,False,3.536753501757607e-07
2021-04-01,COMP,29,32060.15,1105.5224137931034,False,1.407073730128777e-06
2021-05-01,COMP,12733,10083383.650000133,791.9094989397732,False,0.0003880970527149492
2021-06-01,COMP,8574,5012286.990000009,584.5914380685804,False,0.0003029260847705308
2021-07-01,COMP,21646,23304915.07000012,1076.638412177775,False,0.0017123307412819726
2021-08-01,COMP,13541,13854987.570000043,1023.1879159589428,False,0.0008591882266715076
2021-09-01,COMP,7663,8129463.770000033,1060.87221323242,False,0.0006376803671451824
2021-10-01,COMP,9734,9898193.560000034,1016.8680460242484,False,0.0007085929838005588
2021-11-01,COMP,5381,4310056.419999993,800.976848169484,False,0.00023698282053592157
2021-12-01,COMP,3868,1970389.1299999985,509.4077378490171,False,0.0001323226263557735
2022-01-01,COMP,2989,1640484.859999995,548.8407025761107,False,0.00010919913001471115
2022-02-01,COMP,1775,728578.0200000013,410.4664901408458,False,5.67112567635384e-05
2022-03-01,COMP,2780,1151542.1899999997,414.2238093525178,False,8.713600071367784e-05
2022-04-01,COMP,3052,1514184.1,496.12847313237216,False,0.00011466839253239773
2022-05-01,COMP,1719,521196.35,303.1974112856312,False,3.0205456444369117e-05
2022-06-01,COMP,4069,898422.029999999,220.79676333251388,False,6.034205780079372e-05
2022-07-01,COMP,3264,867785.3799999998,265.86561887254896,False,6.015961222413469e-05
2022-08-01,COMP,2063,898208.5399999993,435.38950072709616,False,6.079474592323765e-05
2022-09-01,COMP,1903,626915.3999999994,329.4353126642141,False,5.111751012944319e-05
2022-10-01,COMP,1315,235874.13999999987,179.37196958174894,False,1.7073255556702875e-05
2022-11-01,COMP,1495,413470.56,276.56893645484945,False,2.636853899292477e-05
2022-12-01,COMP,1015,157694.58000000007,155.36411822660105,False,1.1481760296567644e-05
2023-01-01,COMP,1817,365768.8700000001,201.3037259218493,False,2.138446548692666e-05
2023-02-01,COMP,1655,407244.05000000016,246.06891238670704,False,2.6279537274542327e-05
2023-03-01,COMP,1554,544071.8300000001,350.11057271557274,False,2.6760702469633564e-05
2023-04-01,COMP,1347,158915.11999999994,117.9770749814402,False,7.135411586602276e-06
2023-05-01,COMP,1216,199550.58000000037,164.10409539473713,False,1.1123700329791527e-05
2023-06-01,COMP,2406,642652.1100000002,267.10395261845395,False,3.0237756349683068e-05
2023-07-01,COMP,5918,1818334.6800000009,307.2549307198379,False,8.315710078376995e-05
2023-08-01,COMP,2238,1006872.3199999998,449.8982663092046,False,4.209004657685088e-05
2023-09-01,COMP,1955,324250.46,165.8570127877238,False,1.925350301994281e-05
2023-10-01,COMP,1762,334709.56000000006,189.9600227014756,False,1.5287954522811748e-05
2023-11-01,COMP,2274,674518.8499999999,296.62218557607736,False,2.9623434195024916e-05
2023-12-01,COMP,2892,757264.1199999998,261.84789764868594,False,3.064381618261018e-05
2024-01-01,COMP,4387,551108.9199999992,125.62318668794148,False,2.0715079653454995e-05
2024-02-01,COMP,4465,1206266.9299999992,270.16056662933914,False,5.608955813950702e-05
2024-03-01,COMP,13410,1963281.2699999972,146.4042706935121,False,6.001960389159678e-05
2024-04-01,COMP,3387,689116.9500000002,203.4593888396812,False,2.1991171256073602e-05
2024-05-01,COMP,2421,434428.14000000025,179.441610904585,False,1.5607110092593182e-05
2024-06-01,COMP,2095,1056614.5099999998,504.3506014319808,False,3.9516862240036754e-05
2024-07-01,COMP,6873,1247310.1899999997,181.47973083078705,False,4.228154246854598e-05
2024-08-01,COMP,5594,930724.679999999,166.37909903467985,False,2.7812509338481104e-05
2024-09-01,COMP,2005,610849.98,304.6633316708229,False,1.796140507205968e-05
2024-10-01,COMP,1438,254788.5699999999,177.18259388038936,False,8.083160046334227e-06
2024-11-01,COMP,3579,1235371.1599999997,345.17215982117904,False,3.286750352059679e-05
2024-12-01,COMP,6734,3090038.989999999,458.8712488862488,False,6.480343038124289e-05
2025-01-01,COMP,2912,812159.7099999993,278.90099931318656,False,1.890918217968941e-05
2025-02-01,COMP,1539,433324.0400000002,281.5620792722549,False,1.314619004955432e-05
2025-03-01,COMP,1724,364985.2999999998,211.7084106728537,False,1.0446292854935592e-05
2025-04-01,COMP,1641,791587.1699999996,482.3809689213891,False,2.331470125063162e-05
2025-05-01,COMP,1628,214461.41,131.73305282555282,False,6.5825414293842255e-06
2025-06-01,COMP,2305,778137.2899999988,337.58667678958733,False,2.122164605234766e-05
2025-07-01,COMP,1881,709488.6800000006,377.1869643806489,False,1.7730827965044227e-05
2025-08-01,COMP,1637,778229.1199999998,475.3995846059864,False,2.072654993792956e-05
2025-09-01,COMP,1176,288971.5900000001,245.72414115646265,False,8.53370089811418e-06
2025-10-01,COMP,7352,538341.7200000002,73.2238465723613,False,1.1670138275718546e-05
2025-11-01,COMP,8322,256833.4500000022,30.861986301370127,False,5.321314556374841e-06
2025-12-01,COMP,7718,460363.79999999865,59.64806944804336,False,1.1913401765439633e-05
2026-01-01,COMP,4435,279650.32000000146,63.05531454340507,False,7.396222232469181e-06
2026-02-01,COMP,3245,814497.219999999,251.0006841294296,False,2.203777193973743e-05
2026-03-01,COMP,1795,228283.40000000043,127.17738161559912,False,5.891432518890176e-06
2026-04-01,COMP,3303,427522.09000000026,129.43448077505306,False,1.0509162218334611e-05
2026-05-01,COMP,2493,153064.17000000004,61.39758122743684,False,2.7935033810177236e-06
2026-06-01,COMP,2065,201038.62999999977,97.35526876513306,False,3.8825852218605876e-06
2020-08-01,CRV,1,25000.0,25000.0,False,2.6624495366809914e-06
2020-09-01,CRV,1,5000.0,5000.0,False,7.500699011112833e-07
2021-01-01,CRV,12,12662.69,1055.2241666666666,False,8.135226484280542e-07
2021-02-01,CRV,14,35098.09,2507.0064285714284,False,2.095736508172343e-06
2021-03-01,CRV,15,27380.56,1825.3706666666665,False,1.5092967628424075e-06
2021-04-01,CRV,7,10439.04,1491.2914285714287,False,4.5815440513420893e-07
2021-05-01,CRV,21061,13020972.5700003,618.2504425241109,False,0.0005011612424267173
2021-06-01,CRV,14596,12130289.800000204,831.0694573855991,False,0.000733114684689266
2021-07-01,CRV,8878,5485396.1800000165,617.8639535931535,False,0.00040303998014632885
2021-08-01,CRV,18264,12601648.640000114,689.9720017520868,False,0.000781465020696448
2021-09-01,CRV,18089,16390420.170000136,906.0987434352444,False,0.0012856751007661415
2021-10-01,CRV,30222,41347513.35999991,1368.126310634634,False,0.0029599903949035023
2021-11-01,CRV,25477,30852210.72000013,1210.9828755348012,False,0.001696368493522931
2021-12-01,CRV,17166,18025315.49000013,1050.0591570546503,False,0.0012105005301811754
2022-01-01,CRV,13819,16983560.720000222,1229.000703379421,False,0.0011305133624799509
2022-02-01,CRV,6473,5369574.560000015,829.5341510891419,False,0.00041795842480002904
2022-03-01,CRV,7953,4638954.560000002,583.2961850873887,False,0.00035102487026626386
2022-04-01,CRV,7360,3409779.13,463.2852078804348,False,0.0002582208409978797
2022-05-01,CRV,8002,3033914.89000001,379.1445751062247,False,0.00017582775486785015
2022-06-01,CRV,6080,1967891.670000001,323.66639309210547,False,0.00013217244115979734
2022-07-01,CRV,9190,4293278.839999996,467.16853536452624,False,0.0002976334888062791
2022-08-01,CRV,5585,3407436.7399999998,610.1050564010742,False,0.00023063046233985407
2022-09-01,CRV,4203,2684231.3899999983,638.646535807756,False,0.0002188672112187616
2022-10-01,CRV,3137,1345007.04,428.7558304112209,False,9.735551730886861e-05
2022-11-01,CRV,6145,3011192.479999995,490.02318633034906,False,0.00019203482425467417
2022-12-01,CRV,2625,956265.4199999984,364.291588571428,False,6.962579393874259e-05
2023-01-01,CRV,4452,2155724.2200000025,484.21478436657736,False,0.00012603317002324977
2023-02-01,CRV,6450,4258309.139999999,660.2029674418603,False,0.00027478951201657633
2023-03-01,CRV,4168,1879622.8699999985,450.9651799424181,False,9.245108018032965e-05
2023-04-01,CRV,2356,791232.23,335.83710950764004,False,3.5526938038590405e-05
2023-05-01,CRV,1680,408074.9799999998,242.9017738095237,False,2.274763515899408e-05
2023-06-01,CRV,2708,428969.9899999998,158.4084158050221,False,2.0183688557322206e-05
2023-07-01,CRV,2740,560117.0600000004,204.422284671533,False,2.561558734013088e-05
2023-08-01,CRV,3343,939339.8199999993,280.98708345797166,False,3.926700137639169e-05
2023-09-01,CRV,2405,396094.4600000004,164.69624116424134,False,2.351949132714453e-05
2023-10-01,CRV,2313,390941.5500000008,169.01926070038945,False,1.785636668841352e-05
2023-11-01,CRV,2312,664123.3700000002,287.25059256055374,False,2.916688680912801e-05
2023-12-01,CRV,2786,738547.9099999992,265.0925735821964,False,2.988643697537249e-05
2024-01-01,CRV,5915,710866.0500000004,120.18022823330524,False,2.6720029951042983e-05
2024-02-01,CRV,4892,1109055.49,226.7079905968929,False,5.156937559939116e-05
2024-03-01,CRV,6753,3899760.3700000034,577.4856167629207,False,0.00011921983683955148
2024-04-01,CRV,8652,1077071.7400000012,124.48818076745276,False,3.437162456883001e-05
2024-05-01,CRV,3186,905912.919999999,284.34178279974856,False,3.2545503789746534e-05
2024-06-01,CRV,5670,6017091.959999999,1061.2155132275132,False,0.0002250362755939749
2024-07-01,CRV,2579,1618961.9399999997,627.7479410624271,False,5.487985953283168e-05
2024-08-01,CRV,3023,1355182.770000001,448.290694674165,False,4.04964370838149e-05
2024-09-01,CRV,1652,1685620.130000002,1020.3511682808728,False,4.956389775530145e-05
2024-10-01,CRV,1719,778980.2100000001,453.1589354275742,False,2.471312473066217e-05
2024-11-01,CRV,6877,9269247.179999985,1347.8620299549198,False,0.00024661172624584454
2024-12-01,CRV,11244,10494691.139999978,933.3592262540002,False,0.000220091716921551
2025-01-01,CRV,4427,8065591.66999999,1821.9091190422384,False,0.00018778787028848708
2025-02-01,CRV,2340,1587042.5900000003,678.2233290598293,False,4.814771759461328e-05
2025-03-01,CRV,1730,522254.76000000007,301.8813641618498,False,1.494752300392401e-05
2025-04-01,CRV,3557,1564474.6200000015,439.8298060163063,False,4.6078637655907794e-05
2025-05-01,CRV,4858,2081651.799999999,428.4997529847672,False,6.389288970473635e-05
2025-06-01,CRV,2103,832391.13,395.8112838801712,False,2.270127670911869e-05
2025-07-01,CRV,7380,6398193.5699999975,866.9638983739834,False,0.0001598972227107584
2025-08-01,CRV,16062,8351765.719999989,519.9704719213042,False,0.00022243229508742623
2025-09-01,CRV,17169,3594438.769999993,209.3563265187252,False,0.00010614837728430453
2025-10-01,CRV,15963,6449563.269999992,404.0320284407688,False,0.00013981323085807904
2025-11-01,CRV,7369,1770884.8200000003,240.31548649748956,False,3.669084058298933e-05
2025-12-01,CRV,5051,770680.8700000015,152.5798594337758,False,1.994385926358371e-05
2026-01-01,CRV,5996,1288886.7199999993,214.9577585056703,False,3.408861686122234e-05
2026-02-01,CRV,3573,407728.76,114.11384270920796,False,1.1031877341646356e-05
2026-03-01,CRV,3452,377265.6299999999,109.28900057937425,False,9.736297080039916e-06
2026-04-01,CRV,3553,204451.3400000002,57.54329862088382,False,5.025733986788576e-06
2026-05-01,CRV,3555,366036.7899999999,102.96393530239096,False,6.680368177881695e-06
2026-06-01,CRV,3089,586757.8699999993,189.9507510521202,False,1.1331839233446804e-05
2019-08-01,DAI,21,15656.69,745.5566666666667,False,3.9343175433324125e-06
2019-09-01,DAI,12,183330.23,15277.519166666663,False,3.1692140347086425e-05
2019-10-01,DAI,2,913.44,456.72,False,1.411607053196571e-07
2019-11-01,DAI,2,100.0,50.0,False,1.8147313126321687e-08
2019-12-01,DAI,5,40289.95,8057.99,False,6.775833136327678e-06
2020-01-01,DAI,5,1045.57,209.114,False,1.5582404427229172e-07
2020-02-01,DAI,9,433167.48,48129.72,False,6.825565841466702e-05
2020-03-01,DAI,32,4460.710000000001,139.39718750000003,False,5.942980057894108e-07
2020-04-01,DAI,29,46292.3,1596.286206896552,False,8.065429784590781e-06
2020-05-01,DAI,153,62021.2,405.3673202614379,False,9.719283370463599e-06
2020-06-01,DAI,188,22507.73,119.72196808510638,False,3.447581099006745e-06
2020-07-01,DAI,3843,1357366.8800000066,353.2050169138711,False,0.0001308669522497163
2020-08-01,DAI,4079,1699347.4100000008,416.6088281441532,False,0.0001809770689765818
2020-09-01,DAI,1729,1313936.6200000006,759.9402082128402,False,0.00019710886212597885
2020-10-01,DAI,1737,1289706.3400000017,742.4906966033401,False,0.0002051525736938519
2020-11-01,DAI,7545,4188352.340000002,555.1162809807822,False,0.00043180525438266907
2020-12-01,DAI,6794,3877527.9700000114,570.7282852516944,False,0.00035021014399579526
2021-01-01,DAI,12103,6030013.559999955,498.2247013137201,False,0.0003874020923980799
2021-02-01,DAI,16421,6524312.639999986,397.3151842153332,False,0.00038957220151803845
2021-03-01,DAI,12431,5160751.109999998,415.15172632933775,False,0.000284475735491106
2021-04-01,DAI,19238,8054941.679999909,418.6995363343336,False,0.0003535197694223898
2021-05-01,DAI,24833,12263703.759999966,493.8470486852159,False,0.0004720148959744446
2021-06-01,DAI,7898,3968003.139999999,502.4060698911116,False,0.0002398130150878232
2021-07-01,DAI,5907,5380697.479999987,910.9018926697116,False,0.0003953472337001901
2021-08-01,DAI,14810,10588874.229999991,714.9813794733284,False,0.0006566470035542074
2021-09-01,DAI,12279,9436043.920000035,768.4700643374898,False,0.0007401693545284923
2021-10-01,DAI,10332,5394004.839999993,522.0678319783192,False,0.00038614661968786935
2021-11-01,DAI,7787,4859523.44,624.0559188390907,False,0.000267194546671764
2021-12-01,DAI,5710,3705304.510000001,648.9149754816115,False,0.000248831876275674
2022-01-01,DAI,4462,3342035.659999999,748.9994755714924,False,0.00022246312382922086
2022-02-01,DAI,3085,2411607.5700000003,781.7204440842788,False,0.00018771537482720476
2022-03-01,DAI,3022,2400400.7499999986,794.3086532097943,False,0.00018163583000386008
2022-04-01,DAI,2556,3009596.4599999995,1177.4634037558685,False,0.0002279152107325619
2022-05-01,DAI,2378,1761623.7599999993,740.800571909167,False,0.0001020932893218568
2022-06-01,DAI,1581,1105497.5599999998,699.2394433902592,False,7.4250180245643e-05
2022-07-01,DAI,1784,932112.5399999996,522.4846076233182,False,6.461912155705277e-05
2022-08-01,DAI,1624,1016422.7,625.8760467980295,False,6.879600565489085e-05
2022-09-01,DAI,1421,812294.01,571.6354750175932,False,6.623293555121004e-05
2022-10-01,DAI,1173,1256698.79,1071.3544671781756,False,9.096350960503466e-05
2022-11-01,DAI,1793,1226410.4399999997,683.9991299498047,False,7.821270638584285e-05
2022-12-01,DAI,1220,1170720.9400000004,959.6073278688528,False,8.524032472931123e-05
2023-01-01,DAI,1491,778396.7299999992,522.0635345405763,False,4.55085147290461e-05
2023-02-01,DAI,1334,922042.53,691.1863043478262,False,5.949958270930736e-05
2023-03-01,DAI,2013,1566995.5999999994,778.4379533035268,False,7.707420364481084e-05
2023-04-01,DAI,980,699219.0899999997,713.4888673469385,False,3.139547700910713e-05
2023-05-01,DAI,934,680042.1799999998,728.0965524625266,False,3.790811042462585e-05
2023-06-01,DAI,852,525256.65,616.4984154929577,False,2.4714121927882183e-05
2023-07-01,DAI,942,670402.3999999998,711.6798301486198,False,3.065921832524319e-05
2023-08-01,DAI,1057,1429453.7999999998,1352.368779564806,False,5.97551207102967e-05
2023-09-01,DAI,1188,906435.7599999998,762.9930639730638,False,5.382278761468573e-05
2023-10-01,DAI,919,473655.7000000002,515.4033732317739,False,2.1634359057657528e-05
2023-11-01,DAI,1057,513627.68999999977,485.9296972563858,False,2.2557436423693206e-05
2023-12-01,DAI,1739,534974.3799999998,307.6333410005749,False,2.1648532038102963e-05
2024-01-01,DAI,1753,519885.99,296.56930405019966,False,1.9541472298371295e-05
2024-02-01,DAI,1694,452833.19,267.31593270365994,False,2.105604730289957e-05
2024-03-01,DAI,3942,812466.8200000002,206.1052308472857,False,2.4837977857072584e-05
2024-04-01,DAI,2410,538357.3600000002,223.38479668049803,False,1.718011565486478e-05
2024-05-01,DAI,2023,1318241.7099999995,651.6271428571426,False,4.7358680532569265e-05
2024-06-01,DAI,2179,1707278.2499999988,783.5145709040839,False,6.38513656325437e-05
2024-07-01,DAI,2256,478484.95,212.0943927304964,False,1.6219767862222874e-05
2024-08-01,DAI,2107,459908.3700000002,218.2763977218796,False,1.3743275654268289e-05
2024-09-01,DAI,1557,487084.48,312.8352472703918,False,1.4322209930486617e-05
2024-10-01,DAI,1516,224787.20000000007,148.27651715039582,False,7.1313674470065215e-06
2024-11-01,DAI,3753,487227.08,129.82336264321876,False,1.2962855444375193e-05
2024-12-01,DAI,4495,963187.38,214.27972858731923,False,2.019969538440088e-05
2025-01-01,DAI,4124,442521.49000000017,107.30395004849665,False,1.0303046765072373e-05
2025-02-01,DAI,1717,356290.56000000006,207.5076062900408,False,1.080914738684273e-05
2025-03-01,DAI,1364,317420.64,232.7130791788856,False,9.084938389686063e-06
2025-04-01,DAI,1393,435301.91,312.49239770279974,False,1.2820993530604263e-05
2025-05-01,DAI,1697,418089.0,246.36947554507952,False,1.2832556512940121e-05
2025-06-01,DAI,1144,194052.2800000001,169.62611888111897,False,5.292265072929574e-06
2025-07-01,DAI,1615,169505.73,104.95710835913312,False,4.236116829544389e-06
2025-08-01,DAI,1478,153712.27000000002,104.00018267929636,False,4.09381370903663e-06
2025-09-01,DAI,503,109329.44,217.3547514910537,False,3.228638290422668e-06
2025-10-01,DAI,149,176754.03,1186.2686577181207,False,3.831662853271902e-06
2025-11-01,DAI,112,42337.26,378.01125,False,8.771827731746951e-07
2025-12-01,DAI,183,63698.29,348.078087431694,False,1.6483992019821888e-06
2026-01-01,DAI,174,28732.020000000004,165.12655172413795,False,7.599076057118335e-07
2026-02-01,DAI,182,26607.53000000001,146.19521978021982,False,7.199173473173091e-07
2026-03-01,DAI,180,51290.04000000001,284.9446666666667,False,1.3236696560116827e-06
2026-04-01,DAI,270,61756.88,228.7291851851852,False,1.5180807850612443e-06
2026-05-01,DAI,275,19060.95999999999,69.31258181818177,False,3.4787276607872073e-07
2026-06-01,DAI,74,3357.9500000000003,45.37770270270271,False,6.485085501103333e-08
2019-08-01,DASH,12471,845231.2900000031,67.77574292358295,False,0.0002123953589437166
2019-09-01,DASH,10291,1440027.7900000007,139.93079292585762,False,0.00024893637467418616
2019-10-01,DASH,3922,935357.8900000014,238.4900280469152,False,0.00014454784055735072
2019-11-01,DASH,2817,585489.3,207.84142705005328,False,0.00010625057659210896
2019-12-01,DASH,2090,406415.81000000105,194.4573253588522,False,6.834969297617549e-05
2020-01-01,DASH,19069,8479294.010000091,444.6638004090456,False,0.0012636914651453582
2020-02-01,DASH,12046,5759506.749999987,478.1260791964127,False,0.0009075448724012433
2020-03-01,DASH,7431,2754837.1699999985,370.72226752792335,False,0.0003670254816846518
2020-04-01,DASH,5837,2161442.91,370.3003100908,False,0.0003765845728988746
2020-05-01,DASH,3661,1391130.3899999962,379.9864490576335,False,0.00021800272270890446
2020-06-01,DASH,1706,442227.7199999999,259.2190621336459,False,6.773743637980582e-05
2020-07-01,DASH,1741,549648.41,315.7084491671453,False,5.299290360289485e-05
2020-08-01,DASH,3312,1458644.190000001,440.41189311594246,False,0.00015534266191391692
2020-09-01,DASH,1605,628719.1799999996,391.7253457943922,False,9.431666663387336e-05
2020-10-01,DASH,1549,536609.3899999999,346.42310522918007,False,8.535803385039398e-05
2020-11-01,DASH,3829,2053681.2299999984,536.3492373987983,False,0.0002117277329970433
2020-12-01,DASH,2609,1045624.259999998,400.7758758144876,False,9.443857671517844e-05
2021-01-01,DASH,6834,4299767.169999994,629.1728372841666,False,0.0002762413022637682
2021-02-01,DASH,14842,10922221.390000036,735.8995681175068,False,0.0006521750362302891
2021-03-01,DASH,6320,3982901.490000013,630.2059319620273,False,0.00021954921030019914
2021-04-01,DASH,11037,8360834.119999996,757.5277810999363,False,0.0003669449473011307
2021-05-01,DASH,9188,6297372.360000022,685.3909838920355,False,0.00024237812797736407
2021-06-01,DASH,1674,814408.1500000008,486.50427120669104,False,4.922014098093592e-05
2021-07-01,DASH,2131,1381210.709999999,648.151435945565,False,0.00010148458176384532
2021-08-01,DASH,3018,2070586.6100000048,686.0790622929107,False,0.00012840312043785305
2021-09-01,DASH,1721,1078299.6900000002,626.5541487507264,False,8.458252126655749e-05
2021-10-01,DASH,1649,902980.5400000002,547.5928077622802,False,6.464267154141585e-05
2021-11-01,DASH,2315,1494824.8200000003,645.7126652267821,False,8.219098952089863e-05
2021-12-01,DASH,813,405143.5899999996,498.3315990159896,False,2.7207653079169535e-05
2022-01-01,DASH,1054,574636.9599999995,545.1963567362424,False,3.825079867320355e-05
2022-02-01,DASH,4648,3393473.7600000007,730.0933218588642,False,0.0002641421459896495
2022-03-01,DASH,11624,944063.6499999984,81.2167627322779,False,7.143631522537372e-05
2022-04-01,DASH,5071,355733.4899999997,70.15056004732789,False,2.6939516448653598e-05
2022-05-01,DASH,8401,396201.5099999998,47.16123199619091,False,2.2961495132301423e-05
2022-06-01,DASH,11223,491688.7000000005,43.81080816181061,False,3.3024020966401705e-05
2022-07-01,DASH,11400,333674.1099999998,29.26965877192981,False,2.3132107926078747e-05
2022-08-01,DASH,8089,249975.7099999989,30.903166027939044,False,1.6919467027591254e-05
2022-09-01,DASH,7234,261548.3900000006,36.15543129665477,False,2.1326166936024542e-05
2022-10-01,DASH,13666,432559.040000001,31.652205473437803,False,3.1309880062655795e-05
2022-11-01,DASH,438,130106.51,297.0468264840183,False,8.297370874889754e-06
2022-12-01,DASH,243,79864.98999999999,328.6625102880658,False,5.8149790009762625e-06
2023-01-01,DASH,381,253923.19,666.4650656167979,False,1.484547247797583e-05
2023-02-01,DASH,326,109565.83000000002,336.0915030674847,False,7.070304191064712e-06
2023-03-01,DASH,296,118704.94000000002,401.0302027027028,False,5.838618001993788e-06
2023-04-01,DASH,274,183101.07,668.2520802919709,False,8.221379415610515e-06
2023-05-01,DASH,454,267407.52,589.0033480176212,False,1.4906301542259257e-05
2023-06-01,DASH,293,60639.49999999999,206.9607508532423,False,2.8531804340712516e-06
2023-07-01,DASH,188,25124.49,133.64090425531916,False,1.1490072592526364e-06
2023-08-01,DASH,229,54588.12,238.3760698689956,False,2.2819343304051955e-06
2023-09-01,DASH,188,38885.39,206.83718085106383,False,2.3089557800369933e-06
2023-10-01,DASH,318,103146.04,324.35861635220124,False,4.711224766714524e-06
2023-11-01,DASH,340,104787.52,308.1985882352941,False,4.602045151414016e-06
2023-12-01,DASH,450,185743.19,412.7626444444445,False,7.51637377396362e-06
2024-01-01,DASH,408,391636.13,959.892475490196,False,1.472081712653257e-05
2024-02-01,DASH,422,151977.18,360.1354976303317,False,7.0667052718491825e-06
2024-03-01,DASH,594,162926.21000000008,274.28654882154893,False,4.9808281356237524e-06
2024-04-01,DASH,318,119237.65999999996,374.9611949685534,False,3.8051245165765776e-06
2024-05-01,DASH,310,52039.58,167.8696129032258,False,1.869555352082648e-06
2024-06-01,DASH,243,64335.530000000006,264.755267489712,False,2.406117133626863e-06
2024-07-01,DASH,272,45808.35,168.41305147058824,False,1.5528195884770402e-06
2024-08-01,DASH,234,38935.22000000001,166.38982905982908,False,1.1634871118339934e-06
2024-09-01,DASH,236,40633.24,172.17474576271186,False,1.1947779437272279e-06
2024-10-01,DASH,239,55078.32,230.45322175732215,False,1.7473581159594859e-06
2024-11-01,DASH,588,163291.52000000002,277.7066666666667,False,4.344430874105563e-06
2024-12-01,DASH,1557,490525.17,315.0450674373796,False,1.028715618385849e-05
2025-01-01,DASH,414,169855.41,410.27876811594206,False,3.954674003584641e-06
2025-02-01,DASH,330,82419.1,249.7548484848485,False,2.5004316684419864e-06
2025-03-01,DASH,337,70078.25000000001,207.94732937685464,False,2.0057189214507838e-06
2025-04-01,DASH,239,71881.84,300.7608368200837,False,2.1171434915319595e-06
2025-05-01,DASH,232,139468.83,601.1587499999999,False,4.280767116017495e-06
2025-06-01,DASH,177,25096.520000000004,141.78824858757065,False,6.844415136378633e-07
2025-07-01,DASH,330,63410.990000000005,192.1545151515152,False,1.58470372604555e-06
2025-08-01,DASH,199,102935.90999999996,517.2658793969848,False,2.741488623583274e-06
2025-09-01,DASH,190,271558.41,1429.254789473684,False,8.019467406146943e-06
2025-10-01,DASH,584,367784.79000000015,629.7684760273975,False,7.972815770262255e-06
2025-11-01,DASH,1560,1683377.8400000003,1079.0883589743594,False,3.4877789493038244e-05
2025-12-01,DASH,286,167821.58000000002,586.7887412587413,False,4.3429259803895845e-06
2026-01-01,DASH,1067,496051.2800000002,464.902792877226,False,1.3119618477750274e-05
2026-02-01,DASH,277,297070.01,1072.4549097472925,False,8.037794322386423e-06
2026-03-01,DASH,136,35375.82,260.1163235294118,False,9.129628187174585e-07
2026-04-01,DASH,185,103533.81999999998,559.6422702702702,False,2.5450233681816427e-06
2026-05-01,DASH,232,150533.3,648.8504310344827,False,2.7473136430671866e-06
2026-06-01,DASH,240,187690.22,782.0425833333333,False,3.624792282258207e-06
2019-08-01,DCR,8069,138181.62999999995,17.125000619655466,False,3.4723202099247554e-05
2019-09-01,DCR,6283,77066.43999999997,12.265866624224092,False,1.3322409689500277e-05
2019-10-01,DCR,234,41949.850000000006,179.27286324786328,False,6.482823627226548e-06
2019-11-01,DCR,309,68883.68999999999,222.92456310679609,False,1.2500538917264736e-05
2019-12-01,DCR,70,35970.62,513.866,False,6.049422223910707e-06
2020-01-01,DCR,123,9444.019999999997,76.78065040650404,False,1.4074671141945618e-06
2020-02-01,DCR,143,23691.930000000004,165.6778321678322,False,3.7332171871817393e-06
2020-03-01,DCR,108,25801.54,238.90314814814812,False,3.437525364414121e-06
2020-04-01,DCR,145,25693.25,177.19482758620688,False,4.476491853136204e-06
2020-05-01,DCR,134,31629.31,236.03962686567164,False,4.9565991419424015e-06
2020-06-01,DCR,1639,1156235.7200000002,705.4519341061624,False,0.0001771043287914177
2020-07-01,DCR,2045,1274140.7999999982,623.0517359413194,False,0.00012284292897511562
2020-08-01,DCR,2865,1850794.4199999971,646.0015427574161,False,0.00019710586984083027
2020-09-01,DCR,1097,729060.9000000015,664.5951686417517,False,0.00010936932743342086
2020-10-01,DCR,1913,1925907.8499999996,1006.7474385781492,False,0.00030635264778545806
2020-11-01,DCR,3944,3405343.5900000064,863.4238311359043,False,0.0003510796455916943
2020-12-01,DCR,5351,10406261.44,1944.7320949355264,False,0.0009398715742494775
2021-01-01,DCR,6546,8749698.870000014,1336.6481622364824,False,0.0005621300211621988
2021-02-01,DCR,9675,9559876.739999983,988.1009550387582,False,0.0005708282900193591
2021-03-01,DCR,4262,3882701.940000008,911.0046785546708,False,0.00021402591726114978
2021-04-01,DCR,4751,3209122.5300000003,675.4625405177858,False,0.00014084375802132548
2021-05-01,DCR,4834,3893776.82,805.4978940835746,False,0.00014986668763434063
2021-06-01,DCR,1836,1491123.0199999984,812.1585076252715,False,9.011855451633039e-05
2021-07-01,DCR,1016,725459.8999999999,714.0353346456692,False,5.330323172627374e-05
2021-08-01,DCR,1928,1245587.4699999965,646.0515923236496,False,7.724251531129619e-05
2021-09-01,DCR,991,759340.9500000005,766.2370837537846,False,5.956319254060344e-05
2021-10-01,DCR,1332,1340641.0199999998,1006.487252252252,False,9.597395876417082e-05
2021-11-01,DCR,772,569928.4799999997,738.2493264248701,False,3.133677277805814e-05
2021-12-01,DCR,1502,1107199.619999999,737.150213049267,False,7.435463350252768e-05
2022-01-01,DCR,6133,142016150.59000012,23156.0656432415,False,0.009453327166010096
2022-02-01,DCR,9681,179114341.92999977,18501.636393967543,False,0.013941951522534829
2022-03-01,DCR,9709,240621133.97000024,24783.307649603485,False,0.01820755112874841
2022-04-01,DCR,12406,224548873.5600001,18100.02205062067,False,0.017004972100873227
2022-05-01,DCR,15859,273108857.3699993,17221.064214010927,False,0.01582777334465395
2022-06-01,DCR,16347,264318701.95999992,16169.248299993878,False,0.01775283091789401
2022-07-01,DCR,14301,246007780.62000024,17202.13835535978,False,0.017054600166482657
2022-08-01,DCR,22189,336138552.820001,15148.882456172025,False,0.02275135116584037
2022-09-01,DCR,13445,203877713.2600001,15163.831406470816,False,0.0166238077302548
2022-10-01,DCR,204,61901.45,303.43848039215686,False,4.480606798102012e-06
2022-11-01,DCR,373,90865.24000000002,243.60654155495985,False,5.794810697142424e-06
2022-12-01,DCR,275,71791.33,261.0593818181818,False,5.2271348985601485e-06
2023-01-01,DCR,307,96036.18,312.8214332247557,False,5.614699732938661e-06
2023-02-01,DCR,419,113676.29999999996,271.3038186157517,False,7.33555361479696e-06
2023-03-01,DCR,410,131457.37,320.6277317073171,False,6.465858682686314e-06
2023-04-01,DCR,805,336132.0800000001,417.5553788819877,False,1.509258992008265e-05
2023-05-01,DCR,285,63981.12,224.49515789473685,False,3.566548419174878e-06
2023-06-01,DCR,327,45161.170000000006,138.1075535168196,False,2.124901534870268e-06
2023-07-01,DCR,216,38949.97,180.3239351851852,False,1.7812818599570542e-06
2023-08-01,DCR,55,13376.45,243.2081818181818,False,5.591725905553914e-07
2023-09-01,DCR,25,24256.370000000003,970.2548000000002,False,1.4403066476693672e-06
2023-10-01,DCR,504,99298.93,197.0216865079365,False,4.535506921295785e-06
2023-11-01,DCR,338,52076.060000000005,154.07118343195268,False,2.28706986698173e-06
2023-12-01,DCR,982,189591.22999999992,193.0664256619144,False,7.672090421971885e-06
2024-01-01,DCR,732,135732.26999999996,185.42659836065567,False,5.1019039659061644e-06
2024-02-01,DCR,206,51449.15,249.75315533980583,False,2.3923063945334385e-06
2024-03-01,DCR,573,125444.82,218.92638743455495,False,3.8349820383366e-06
2024-04-01,DCR,288,131043.23000000008,455.0112152777781,False,4.181865085279129e-06
2024-05-01,DCR,366,120436.95000000004,329.06270491803286,False,4.326774821414976e-06
2024-06-01,DCR,246,54780.23,222.68386178861783,False,2.0487536200761894e-06
2024-07-01,DCR,216,53178.06999999999,246.1947685185185,False,1.8026396666416323e-06
2024-08-01,DCR,350,75912.5000000001,216.89285714285745,False,2.2684658100583e-06
2024-09-01,DCR,438,85533.57,195.28212328767123,False,2.515025208037777e-06
2024-10-01,DCR,207,56049.38999999999,270.7699999999999,False,1.778165283746462e-06
2024-11-01,DCR,562,142329.88000000003,253.2560142348755,False,3.7867387417285347e-06
2024-12-01,DCR,475,147286.24999999997,310.0763157894736,False,3.088845894462107e-06
2025-01-01,DCR,244,61340.720000000016,251.396393442623,False,1.4281708821942412e-06
2025-02-01,DCR,218,49743.23,228.1799541284404,False,1.5091107229100228e-06
2025-03-01,DCR,218,62040.87000000002,284.5911467889909,False,1.7756799986053917e-06
2025-04-01,DCR,291,89508.73000000001,307.5901374570447,False,2.6363101606023366e-06
2025-05-01,DCR,289,75824.12999999999,262.36723183391,False,2.327297377518945e-06
2025-06-01,DCR,325,68170.52999999997,209.75547692307683,False,1.8591717392967368e-06
2025-07-01,DCR,200,44783.38000000001,223.91690000000008,False,1.1191812200205955e-06
2025-08-01,DCR,155,45622.130000000005,294.3363225806452,False,1.215052651486126e-06
2025-09-01,DCR,21,16295.05,775.954761904762,False,4.812136820087242e-07
2025-10-01,DCR,123,140328.41,1140.8813821138212,False,3.0420305316699672e-06
2025-11-01,DCR,712,277295.46,389.459915730337,False,5.745265531863723e-06
2025-12-01,DCR,175,52188.95999999999,298.22262857142846,False,1.350558076461399e-06
2026-01-01,DCR,131,44395.52,338.8970992366412,False,1.1741775659188532e-06
2026-02-01,DCR,99,174724.03000000003,1764.8891919191922,False,4.72749105949293e-06
2026-03-01,DCR,54,24284.359999999997,449.71037037037024,False,6.267195433589807e-07
2026-04-01,DCR,140,59041.68999999998,421.726357142857,False,1.451337164483416e-06
2026-05-01,DCR,94,18805.869999999995,200.0624468085106,False,3.4321723645696936e-07
2026-06-01,DCR,111,71700.26,645.9482882882883,False,1.3847207866446468e-06
2019-08-01,DGB,7,372.93,53.27571428571429,False,9.371233903430142e-08
2020-04-01,DGB,2,34677.9,17338.95,False,6.041872353006022e-06
2020-05-01,DGB,1,9.47,9.47,False,1.484034709394373e-09
2020-06-01,DGB,1,50634.09,50634.09,False,7.755785752246291e-06
2020-07-01,DGB,1,20000.0,20000.0,False,1.9282473173312683e-06
2020-08-01,DGB,3564,1721391.049999993,482.9941217732865,False,0.00018332467214077146
2020-09-01,DGB,6926,3716955.8000000063,536.6670228125912,False,0.0005575953338682031
2020-10-01,DGB,4544,1997597.889999992,439.6122117077448,False,0.00031775632609428426
2020-11-01,DGB,6308,2804460.5700000017,444.5879153455932,False,0.0002891305963611971
2020-12-01,DGB,6267,2769121.310000001,441.8575570448383,False,0.00025010119339433746
2021-01-01,DGB,12700,4383983.059999982,345.19551653543164,False,0.00028165180618296035
2021-02-01,DGB,36287,17650363.410000294,486.4101030672223,False,0.0010539180616622415
2021-03-01,DGB,22842,10682172.360000202,467.6548620961476,False,0.0005888326667925326
2021-04-01,DGB,65069,43774337.08999998,672.7372034302045,False,0.0019211925013807093
2021-05-01,DGB,41095,26926962.710000023,655.2369560773823,False,0.0010363857241825975
2021-06-01,DGB,17519,10105864.430000035,576.8516713282742,False,0.0006107650960747714
2021-07-01,DGB,5958,2574580.5800000024,432.1216146357842,False,0.00018916754082989895
2021-08-01,DGB,14999,9217248.029999975,614.524170278017,False,0.0005715884586453729
2021-09-01,DGB,7602,4077096.250000015,536.3188963430696,False,0.0003198100523161868
2021-10-01,DGB,9285,4506705.930000011,485.3748982229414,False,0.00032262656642272904
2021-11-01,DGB,6874,2748904.780000008,399.8988623799837,False,0.0001511449374829947
2021-12-01,DGB,3068,1062712.1600000004,346.3859713168189,False,7.13670522895227e-05
2022-01-01,DGB,1892,511849.6900000002,270.53366279069775,False,3.407135427406492e-05
2022-02-01,DGB,1790,659276.1799999991,368.3107150837984,False,5.1316921037591336e-05
2022-03-01,DGB,4127,2004474.2500000007,485.69766173976274,False,0.00015167648323727415
2022-04-01,DGB,1838,616812.5100000005,335.5889608269861,False,4.671089797837235e-05
2022-05-01,DGB,2470,704073.2100000001,285.04988259109314,False,4.080391713852592e-05
2022-06-01,DGB,1794,357411.3400000001,199.22594202898557,False,2.4005350510983314e-05
2022-07-01,DGB,1430,339270.6599999994,237.25220979020935,False,2.3520091274902802e-05
2022-08-01,DGB,1330,300782.1999999998,226.1520300751878,False,2.035827607164863e-05
2022-09-01,DGB,926,214778.45,231.9421706263499,False,1.751263343261486e-05
2022-10-01,DGB,681,108689.47000000007,159.60274596182097,False,7.867259622579197e-06
2022-11-01,DGB,850,177634.4700000001,208.9817294117648,False,1.1328403765149635e-05
2022-12-01,DGB,799,145148.09,181.66219023779723,False,1.0568248933378854e-05
2023-01-01,DGB,799,185591.4899999999,232.2797121401751,False,1.0850499148744647e-05
2023-02-01,DGB,762,205591.48999999996,269.80510498687653,False,1.3266858594456305e-05
2023-03-01,DGB,545,149015.54999999993,273.4230275229356,False,7.329474854264742e-06
2023-04-01,DGB,575,141758.17999999996,246.53596521739124,False,6.3650517337031945e-06
2023-05-01,DGB,440,93850.83,213.2973409090909,False,5.231598468028541e-06
2023-06-01,DGB,310,57107.72000000005,184.2184516129034,False,2.68700482916943e-06
2023-07-01,DGB,260,47558.26,182.9163846153846,False,2.1749610032850135e-06
2023-08-01,DGB,235,35448.249999999985,150.84361702127654,False,1.4818348502895122e-06
2023-09-01,DGB,233,35386.97,151.8754077253219,False,2.1012248795626247e-06
2023-10-01,DGB,299,49785.13999999999,166.50548494983275,False,2.273950454931182e-06
2023-11-01,DGB,420,103555.17999999996,246.55995238095227,False,4.547923397965764e-06
2023-12-01,DGB,741,116936.66999999993,157.80927125506062,False,4.732015852654613e-06
2024-01-01,DGB,561,110730.8399999998,197.38117647058783,False,4.162150325373031e-06
2024-02-01,DGB,899,207780.4899999999,231.1240155728586,False,9.661473413774395e-06
2024-03-01,DGB,1208,160733.92000000007,133.05788079470204,False,4.913807490428319e-06
2024-04-01,DGB,806,114714.65000000004,142.32586848635242,False,3.660785754479764e-06
2024-05-01,DGB,556,69449.47000000007,124.90911870503612,False,2.4950168379107487e-06
2024-06-01,DGB,356,41591.27000000001,116.82941011235958,False,1.5554930122795438e-06
2024-07-01,DGB,207,22168.85000000001,107.0958937198068,False,7.514836167207342e-07
2024-08-01,DGB,254,28204.25000000001,111.04035433070872,False,8.428174124595652e-07
2024-09-01,DGB,368,64429.33000000003,175.07970108695662,False,1.8944770934614869e-06
2024-10-01,DGB,301,51767.88000000001,171.98631229235883,False,1.6423345022872297e-06
2024-11-01,DGB,1888,497940.2200000002,263.73952330508484,False,1.3247882469505561e-05
2024-12-01,DGB,1676,529929.7899999988,316.1872255369921,False,1.1113538814347322e-05
2025-01-01,DGB,1857,581420.219999998,313.0965105008067,False,1.3536969056166388e-05
2025-02-01,DGB,276,42216.41000000001,152.95800724637684,False,1.2807619652717753e-06
2025-03-01,DGB,392,58945.34000000001,150.37076530612248,False,1.6870824224256418e-06
2025-04-01,DGB,473,96012.71,202.9867019027484,False,2.827872576451097e-06
2025-05-01,DGB,302,56298.76,186.41973509933771,False,1.7279981518491344e-06
2025-06-01,DGB,114,12970.749999999996,113.7785087719298,False,3.5374305931732016e-07
2025-07-01,DGB,176,28766.34999999999,163.4451704545454,False,7.188997053938188e-07
2025-08-01,DGB,138,21876.609999999997,158.52615942028982,False,5.82639017205639e-07
2025-09-01,DGB,139,19212.15,138.21690647482015,False,5.67359378510892e-07
2025-10-01,DGB,72,8571.55,119.04930555555556,False,1.8581352702375594e-07
2025-11-01,DGB,383,102672.35999999996,268.0740469973889,False,2.1272615533738034e-06
2025-12-01,DGB,141,36682.81999999999,260.1618439716312,False,9.492865697722225e-07
2026-01-01,DGB,218,34602.38000000001,158.72651376146794,False,9.151675286920669e-07
2026-02-01,DGB,121,14562.090000000002,120.34785123966944,False,3.9400505060770057e-07
2026-03-01,DGB,123,10765.99,87.52837398373984,False,2.778436959675838e-07
2026-04-01,DGB,90,10649.430000000004,118.32700000000004,False,2.6177966009381905e-07
2026-05-01,DGB,131,22138.60000000001,168.99694656488555,False,4.040413504414455e-07
2026-06-01,DGB,184,24278.330000000005,131.94744565217394,False,4.688784701201689e-07
2019-08-01,DOGE,1397,226603.64000000025,162.20732999284195,False,5.694247482928916e-05
2019-09-01,DOGE,1268,183913.6399999999,145.04230283911664,False,3.179299393571657e-05
2019-10-01,DOGE,1921,246221.0800000005,128.17338885996904,False,3.805038241960916e-05
2019-11-01,DOGE,1752,203314.7899999999,116.04725456621,False,3.689617157342335e-05
2019-12-01,DOGE,1130,104366.18000000008,92.3594513274337,False,1.755196570747642e-05
2020-01-01,DOGE,3964,505669.5699999999,127.56548183652872,False,7.536126463348289e-05
2020-02-01,DOGE,3968,727535.3400000009,183.350640120968,False,0.00011464019333039197
2020-03-01,DOGE,2015,259592.5700000003,128.83005955335005,False,3.458537915909086e-05
2020-04-01,DOGE,3334,545920.1200000005,163.74328734253163,False,9.511474685542471e-05
2020-05-01,DOGE,4437,833487.4199999953,187.84931710615172,False,0.0001306150222939344
2020-06-01,DOGE,3313,527916.2300000007,159.346884998491,False,8.08626199268829e-05
2020-07-01,DOGE,16216,5410278.0800000345,333.6382634435147,False,0.0005216177096888116
2020-08-01,DOGE,6947,1497767.6600000027,215.5992025334681,False,0.0001595092324969112
2020-09-01,DOGE,3715,672101.1900000003,180.91552893674304,False,0.00010082457462401521
2020-10-01,DOGE,3399,533069.5300000001,156.8312827302148,False,8.479495110280056e-05
2020-11-01,DOGE,4610,835808.8900000001,181.3034468546638,False,8.616912835030163e-05
2020-12-01,DOGE,8420,1553002.9900000056,184.44216033254224,False,0.0001402639529519115
2021-01-01,DOGE,89556,91007619.82000016,1016.2090738755658,False,0.00584684296173246
2021-02-01,DOGE,110739,121069102.01000032,1093.2833239418844,False,0.007229138026998029
2021-03-01,DOGE,29306,37280334.8600003,1272.105877977216,False,0.0020550013849928344
2021-04-01,DOGE,331257,368730930.0999935,1113.1264549881014,False,0.016183068551758217
2021-05-01,DOGE,561700,694856536.6300055,1237.0598836211598,False,0.02674417470229041
2021-06-01,DOGE,114335,88694782.14999981,775.7448038658313,False,0.005360419934029866
2021-07-01,DOGE,44114,33193185.49000007,752.4410729020282,False,0.0024388723041847814
2021-08-01,DOGE,100113,73589129.4399999,735.0606758363039,False,0.004563476748456826
2021-09-01,DOGE,52069,22828102.980000097,438.4202304634254,False,0.0017906510812230898
2021-10-01,DOGE,78616,48019766.64000002,610.8141681082734,False,0.003437644406384394
2021-11-01,DOGE,84881,41792710.67000032,492.3682646293083,False,0.002297917587913709
2021-12-01,DOGE,86026,33598296.6800003,390.5597921558633,False,0.0022563131262189353
2022-01-01,DOGE,78203,20693808.21000009,264.61655192256165,False,0.0013774865640779543
2022-02-01,DOGE,51594,45998973.94000007,891.556652711557,False,0.003580480813805845
2022-03-01,DOGE,44019,11114801.590000084,252.5000929144252,False,0.0008410454846457993
2022-04-01,DOGE,61154,15810703.090000125,258.53914854302457,False,0.0011973365115492416
2022-05-01,DOGE,47850,25240987.269999515,527.502346290481,False,0.0014628182672362263
2022-06-01,DOGE,32955,4984384.439999993,151.24820027309946,False,0.00033477364082429805
2022-07-01,DOGE,25800,3611421.819999999,139.97758992248058,False,0.0002503634438609449
2022-08-01,DOGE,26999,4494624.109999988,166.47372532315967,False,0.00030421613536195906
2022-09-01,DOGE,25905,2908661.2799999984,112.28184829183547,False,0.00023716680503225676
2022-10-01,DOGE,52274,22065582.050000027,422.1139007919812,False,0.0015971709376324439
2022-11-01,DOGE,80776,34342470.21000027,425.1568561206332,False,0.0021901456898061845
2022-12-01,DOGE,35921,14059915.149999902,391.41213078700207,False,0.0010237040204069073
2023-01-01,DOGE,29849,7949579.290000012,266.3264863144498,False,0.00046476755652440343
2023-02-01,DOGE,24223,7276310.480000003,300.3884935804815,False,0.00046954172192399863
2023-03-01,DOGE,21554,4636647.609999993,215.1177326714296,False,0.0002280580252569727
2023-04-01,DOGE,35915,11277707.930000002,314.0110797716832,False,0.000506377793592192
2023-05-01,DOGE,19683,3545556.7799999868,180.13294619722535,False,0.0001976426784777091
2023-06-01,DOGE,19369,5872938.980000039,303.21332954721663,False,0.0002763306852502162
2023-07-01,DOGE,26271,9041765.84000004,344.17288416885697,False,0.0004135031034111561
2023-08-01,DOGE,23936,4785761.019999985,199.93988218582825,False,0.00020005804135868663
2023-09-01,DOGE,16838,2880596.239999994,171.07710179356187,False,0.00017104545790336208
2023-10-01,DOGE,20488,5180345.569999987,252.84779236626252,False,0.00023661375996135005
2023-11-01,DOGE,30985,9514586.100000072,307.07071486203233,False,0.00041786039815825895
2023-12-01,DOGE,39947,11110524.240000064,278.13163041029526,False,0.00044960384826234304
2024-01-01,DOGE,30478,8374243.569999983,274.7635530546618,False,0.000314771030361808
2024-02-01,DOGE,61910,16675183.35000012,269.3455556452935,False,0.0007753703950059974
2024-03-01,DOGE,205385,77188089.77000076,375.8214561433442,False,0.0023597222893816257
2024-04-01,DOGE,108206,35664010.300000235,329.59364822653305,False,0.0011381135788136947
2024-05-01,DOGE,90949,35681073.64000024,392.3195817436172,False,0.001281865499139646
2024-06-01,DOGE,54906,16726478.060000127,304.6384376935149,False,0.0006255620408411979
2024-07-01,DOGE,59248,30823563.720000163,520.2464846070781,False,0.0010448626403502085
2024-08-01,DOGE,48067,88426704.06999972,1839.6551494788464,False,0.0026424232488580566
2024-09-01,DOGE,46267,13821592.159999937,298.73543043637875,False,0.0004064094682078293
2024-10-01,DOGE,78241,29992615.70999998,383.33630334479335,False,0.0009515148697295494
2024-11-01,DOGE,372515,291836049.5300021,783.420934808,False,0.007764405302584857
2024-12-01,DOGE,373115,164892976.5599984,441.9360694691942,False,0.003458089221994501
2025-01-01,DOGE,284786,110935064.43999748,389.53833559233067,False,0.002582855709022427
2025-02-01,DOGE,96195,42425035.77000027,441.03161047871794,False,0.0012870912564453228
2025-03-01,DOGE,63369,20650794.97999989,325.8816610645567,False,0.0005910491519749227
2025-04-01,DOGE,55602,16617473.070000142,298.8646644005637,False,0.0004894362046917332
2025-05-01,DOGE,69773,31734900.680000044,454.83067490290006,False,0.0009740507557210126
2025-06-01,DOGE,35650,20064707.440000027,562.8248931276305,False,0.0005472120728664577
2025-07-01,DOGE,71391,43337880.46999989,607.0496346878443,False,0.0010830567486759864
2025-08-01,DOGE,99995,36252812.15000085,362.5462488124491,False,0.0009655199247971758
2025-09-01,DOGE,111104,40959249.95000046,368.65684358799376,False,0.0012095790734459467
2025-10-01,DOGE,83947,42966633.14000054,511.8304780397219,False,0.00093142799704596
2025-11-01,DOGE,59663,16882267.220000587,282.9604146623634,False,0.00034978253145140625
2025-12-01,DOGE,57684,244131883.30000213,4232.228751473583,False,0.006317701803457084
2026-01-01,DOGE,56848,73452698.00000036,1292.089396284836,False,0.0019426849859583365
2026-02-01,DOGE,44123,17112549.530000236,387.8373984089984,False,0.00046301258566555523
2026-03-01,DOGE,34637,11139554.49000036,321.60852527644886,False,0.00028748447573646207
2026-04-01,DOGE,27278,5398767.510000025,197.9165448346662,False,0.0001327101566650384
2026-05-01,DOGE,25453,6072341.900000015,238.5707735826824,False,0.00011082350381768396
2026-06-01,DOGE,21673,6131431.640000017,282.90645688183537,False,0.00011841408725433774
2019-08-01,EOS,699,118991.08999999992,170.23045779685253,False,2.9900875145847922e-05
2019-09-01,EOS,658,466455.9300000002,708.8995896656538,False,8.063583839550481e-05
2019-10-01,EOS,899,561582.6600000006,624.6748164627371,False,8.67855626870832e-05
2019-11-01,EOS,904,544666.12,602.5067699115044,False,9.884226628938703e-05
2019-12-01,EOS,299,249814.8099999999,835.5010367892974,False,4.2013044631313835e-05
2020-01-01,EOS,1577,1010211.6700000012,640.5907863031078,False,0.00015055449945050638
2020-02-01,EOS,1554,1035590.77,666.4033268983269,False,0.00016318152474073538
2020-03-01,EOS,965,665848.9099999999,689.9988704663211,False,8.871069389627498e-05
2020-04-01,EOS,1597,772411.2899999988,483.6639261114582,False,0.000134575923519034
2020-05-01,EOS,5718,3045963.0899999947,532.6972875131155,False,0.0004773299840648499
2020-06-01,EOS,3548,1977796.8500000036,557.4399239007902,False,0.00030294547863045677
2020-07-01,EOS,4876,2720854.750000003,558.0095877768669,False,0.0002623240436267772
2020-08-01,EOS,9401,5885922.079999972,626.0953175194098,False,0.0006268388205934538
2020-09-01,EOS,5016,2989514.830000001,595.9957795055824,False,0.0004484690185817631
2020-10-01,EOS,4096,2540116.100000001,620.1455322265628,False,0.0004040542712972855
2020-11-01,EOS,9669,6699629.379999967,692.89785706898,False,0.0006907095998281005
2020-12-01,EOS,7969,5520053.909999956,692.6909160496871,False,0.0004985596208827945
2021-01-01,EOS,20076,10022457.28999988,499.22580643553897,False,0.0006438992029590679
2021-02-01,EOS,26303,15633632.359999828,594.3668919895003,False,0.0009334973524826048
2021-03-01,EOS,14867,8160833.139999961,548.9226568910984,False,0.0004498490549608547
2021-04-01,EOS,39990,25191471.43999992,629.944272068015,False,0.0011056173376142418
2021-05-01,EOS,90735,69262913.76000063,763.353874028772,False,0.0026658444849220423
2021-06-01,EOS,15604,7510564.789999971,481.32304473211815,False,0.00045391375050734894
2021-07-01,EOS,10130,4233803.2799999975,417.9470167818359,False,0.0003110790786882883
2021-08-01,EOS,18010,10928467.809999952,606.7999894503027,False,0.0006777061928400188
2021-09-01,EOS,14997,8763916.179999886,584.3779542575106,False,0.0006874472222774798
2021-10-01,EOS,13056,8938253.90999991,684.6089085477873,False,0.0006398727171439378
2021-11-01,EOS,8196,4815499.679999983,587.5426647144928,False,0.00026477395775163087
2021-12-01,EOS,5903,2420445.580000002,410.0365204133495,False,0.00016254642863200528
2022-01-01,EOS,4273,1499487.8899999997,350.9215750058506,False,9.98136447632899e-05
2022-02-01,EOS,3405,741168.6100000001,217.67066372980912,False,5.7691286578731524e-05
2022-03-01,EOS,3433,923251.1100000002,268.93420040780666,False,6.986145195415193e-05
2022-04-01,EOS,2941,587063.1600000006,199.61345120707264,False,4.445799481858902e-05
2022-05-01,EOS,4488,550386.6500000012,122.63517156862773,False,3.18971535087252e-05
2022-06-01,EOS,2369,228353.65999999992,96.392427184466,False,1.533725720276784e-05
2022-07-01,EOS,2786,323981.6600000002,116.28918162239778,False,2.2460174465409254e-05
2022-08-01,EOS,4914,1240193.4799999995,252.37962555962545,False,8.39418065567e-05
2022-09-01,EOS,4367,686693.1499999998,157.2459697732997,False,5.5991676151111093e-05
2022-10-01,EOS,1980,229460.9299999998,115.88935858585847,False,1.6609048784104557e-05
2022-11-01,EOS,1470,164207.93999999997,111.70608163265304,False,1.0472144543586975e-05
2022-12-01,EOS,1257,114610.87,91.1780986475736,False,8.34483047369843e-06
2023-01-01,EOS,1907,164465.70999999996,86.24316203460931,False,9.61539263655184e-06
2023-02-01,EOS,2030,299464.84999999986,147.51963054187186,False,1.9324524662767252e-05
2023-03-01,EOS,3310,576702.7100000004,174.23042598187325,False,2.836568406002821e-05
2023-04-01,EOS,1606,267803.02,166.75156911581567,False,1.2024562369113033e-05
2023-05-01,EOS,1058,114483.09,108.20707939508507,False,6.381718289110213e-06
2023-06-01,EOS,2346,199915.12000000008,85.21531116794547,False,9.406309564871192e-06
2023-07-01,EOS,2021,133644.12000000005,66.12771895101437,False,6.111887804943722e-06
2023-08-01,EOS,1480,124005.61000000002,83.78757432432434,False,5.183777324110774e-06
2023-09-01,EOS,1334,56510.589999999975,42.36176161919039,False,3.3555135595605614e-06
2023-10-01,EOS,1457,100002.41,68.63583390528483,False,4.567638570740479e-06
2023-11-01,EOS,1937,237772.0199999999,122.75272070211662,False,1.0442441731447752e-05
2023-12-01,EOS,2984,336844.25,112.88346179624664,False,1.363090235830689e-05
2024-01-01,EOS,9843,245552.8700000001,24.946954180635995,False,9.229840194175209e-06
2024-02-01,EOS,6274,511314.3900000005,81.49735256614608,False,2.3775333213745328e-05
2024-03-01,EOS,9238,1595059.0699999996,172.66281337951932,False,4.8762658223240146e-05
2024-04-01,EOS,6038,699671.0399999984,115.87794633984736,False,2.2327974465807415e-05
2024-05-01,EOS,3038,462889.44999999966,152.36650757077012,False,1.6629600943552823e-05
2024-06-01,EOS,2105,336716.6700000001,159.96041330166275,False,1.2593037608686562e-05
2024-07-01,EOS,3249,279639.4099999999,86.06937827023697,False,9.4792664123061e-06
2024-08-01,EOS,2862,283991.15,99.22821453529002,False,8.486404928491846e-06
2024-09-01,EOS,1327,90128.91,67.91929917106253,False,2.6501463767146404e-06
2024-10-01,EOS,1968,256658.1300000001,130.4157164634147,False,8.142471783498206e-06
2024-11-01,EOS,4871,959715.3299999998,197.02634571956477,False,2.5533578902348433e-05
2024-12-01,EOS,6954,2069044.8499999996,297.5330529191831,False,4.339142785141496e-05
2025-01-01,EOS,3953,707945.0900000008,179.09058689602853,False,1.6482795828454286e-05
2025-02-01,EOS,1948,263677.9700000001,135.35830082135527,False,7.999465493538466e-06
2025-03-01,EOS,1954,213856.71999999997,109.44560900716476,False,6.120821649847165e-06
2025-04-01,EOS,3012,417015.5400000001,138.45137450199206,False,1.2282403126835453e-05
2025-05-01,EOS,1978,266767.63,134.86735591506573,False,8.187995110605877e-06
2025-06-01,EOS,522,67770.51999999999,129.8285823754789,False,1.8482625196172647e-06
2025-07-01,EOS,729,61865.94000000006,84.86411522633753,False,1.5460913894154708e-06
2025-08-01,EOS,305,41409.55999999999,135.76904918032784,False,1.102859416578617e-06
2025-09-01,EOS,14,2220.92,158.63714285714286,False,6.558661008384852e-08
2025-10-01,EOS,8,1511.68,188.96,False,3.277010488549579e-08
2025-11-01,EOS,11,781.0799999999999,71.00727272727272,False,1.6183142708604446e-08
2025-12-01,EOS,1,150.0,150.0,False,3.8817349774590234e-09
2019-08-01,ETC,13,972.03,74.77153846153846,False,2.44258184944928e-07
2019-09-01,ETC,6,897.14,149.52333333333334,False,1.550878258920262e-07
2019-11-01,ETC,8,135.51000000000002,16.938750000000002,False,2.459142401747852e-08
2019-12-01,ETC,2,12.9,6.449999999999999,False,2.169480167104379e-09
2020-01-01,ETC,6,78599.23,13099.871666666666,False,1.1713849761649663e-05
2020-02-01,ETC,1110,903952.2300000002,814.3713783783786,False,0.00014243879673066993
2020-03-01,ETC,1968,1615611.3399999982,820.9407215447145,False,0.00021524703410281246
2020-04-01,ETC,816,448907.3100000004,550.1315073529416,False,7.821236768522045e-05
2020-05-01,ETC,2429,1785267.3999999953,734.9804034582113,False,0.0002797675593611659
2020-06-01,ETC,751,529575.4600000004,705.1603994673774,False,8.111676950069172e-05
2020-07-01,ETC,859,480178.1900000005,558.9967287543661,False,4.6295115335424245e-05
2020-08-01,ETC,1350,742834.0599999991,550.2474518518512,False,7.91103279551143e-05
2020-09-01,ETC,580,352225.80999999994,607.2858793103447,False,5.283879569510832e-05
2020-10-01,ETC,563,228606.16000000012,406.0500177619896,False,3.636420216889719e-05
2020-11-01,ETC,1390,644611.7999999998,463.7494964028776,False,6.645734161827225e-05
2020-12-01,ETC,1054,535644.8799999994,508.2019734345346,False,4.8378315258267425e-05
2021-01-01,ETC,3009,1843052.310000002,612.5132303090734,False,0.00011840807888550099
2021-02-01,ETC,6914,5505447.910000015,796.2753702632361,False,0.0003287349305568524
2021-03-01,ETC,3574,2211676.690000001,618.8239199776164,False,0.00012191410506837742
2021-04-01,ETC,16948,18858159.790000062,1112.7070916922387,False,0.0008276574264025558
2021-05-01,ETC,53113,93487047.37000024,1760.1537734641283,False,0.0035982016365428545
2021-06-01,ETC,4825,5441897.440000003,1127.8543917098452,False,0.0003288903226233605
2021-07-01,ETC,3194,3375986.429999993,1056.9775923606742,False,0.00024805090809711924
2021-08-01,ETC,4560,5176176.310000015,1135.1263837719332,False,0.00032098980401524586
2021-09-01,ETC,2035,1493613.049999999,733.9621867321863,False,0.00011715996836244357
2021-10-01,ETC,1952,1560735.12,799.5569262295081,False,0.00011173007972609492
2021-11-01,ETC,1783,1350596.9300000006,757.485659001683,False,7.426080744403742e-05
2021-12-01,ETC,844,383831.3299999998,454.7764573459713,False,2.5776415881481036e-05
2022-01-01,ETC,730,329471.67000000057,451.3310547945213,False,2.1931332989256713e-05
2022-02-01,ETC,933,355605.44999999984,381.1419614147909,False,2.7679715044743692e-05
2022-03-01,ETC,2564,1610311.27,628.0465171606864,False,0.00012185058019625273
2022-04-01,ETC,763,246589.69,323.1843905635648,False,1.8674111930882295e-05
2022-05-01,ETC,742,245235.1500000001,330.50559299191394,False,1.4212378198644965e-05
2022-06-01,ETC,511,116172.43000000004,227.34330724070455,False,7.802662058407753e-06
2022-07-01,ETC,5564,3070231.8000000007,551.8029834651331,False,0.0002128452020316442
2022-08-01,ETC,5999,3656486.220000007,609.5159559926666,False,0.00024748723800457325
2022-09-01,ETC,4638,2660806.6400000053,573.696990081933,False,0.00021695720088019867
2022-10-01,ETC,1108,451019.2900000004,407.0571209386285,False,3.26460865916573e-05
2022-11-01,ETC,1458,577354.03,395.99041838134434,False,3.68199908907112e-05
2022-12-01,ETC,286,46508.98,162.61881118881118,False,3.3863241209549394e-06
2023-01-01,ETC,683,224324.68999999997,328.44024890190326,False,1.3115013290142818e-05
2023-02-01,ETC,416,107230.48000000004,257.765576923077,False,6.919603604097016e-06
2023-03-01,ETC,439,107576.44000000008,245.0488382687929,False,5.291251898820765e-06
2023-04-01,ETC,331,74790.76,225.95395770392747,False,3.3581628700578664e-06
2023-05-01,ETC,271,68076.54999999999,251.20498154981544,False,3.794843100361161e-06
2023-06-01,ETC,304,80539.01,264.9309539473684,False,3.7894825569384457e-06
2023-07-01,ETC,345,55456.06999999999,160.74223188405793,False,2.5361480770205617e-06
2023-08-01,ETC,157,25744.29,163.9763694267516,False,1.076182494705939e-06
2023-09-01,ETC,202,30305.95,150.02945544554456,False,1.7995215792361123e-06
2023-10-01,ETC,219,51935.90999999999,237.1502739726027,False,2.372187487506612e-06
2023-11-01,ETC,442,65566.73,148.3410180995475,False,2.8795514188194536e-06
2023-12-01,ETC,653,132836.47,203.42491577335372,False,5.375424850482568e-06
2024-01-01,ETC,748,185293.41,247.7184625668449,False,6.964807877561299e-06
2024-02-01,ETC,3749,1758617.6699999925,469.0898026140284,False,8.177301855289112e-05
2024-03-01,ETC,8278,2323266.049999992,280.65547837641844,False,7.102472283851329e-05
2024-04-01,ETC,4581,894592.9699999995,195.2833376991922,False,2.854834322062387e-05
2024-05-01,ETC,3871,727217.7599999994,187.86302247481257,False,2.6125765337413437e-05
2024-06-01,ETC,2949,455131.1700000003,154.33406917599194,False,1.7021681583794228e-05
2024-07-01,ETC,2815,685934.3899999975,243.6711865008872,False,2.3251925843258828e-05
2024-08-01,ETC,2076,368374.18000000005,177.44421001926784,False,1.1007992526109152e-05
2024-09-01,ETC,1696,248446.56000000008,146.48971698113212,False,7.305311367808805e-06
2024-10-01,ETC,2001,384210.9900000002,192.00949025487267,False,1.2189082593973984e-05
2024-11-01,ETC,7058,1946382.829999997,275.76974071975025,False,5.178423018832175e-05
2024-12-01,ETC,10767,5100886.889999987,473.7519169685137,False,0.00010697436813206968
2025-01-01,ETC,4684,1134110.5100000012,242.1243616567039,False,2.6405030908871988e-05
2025-02-01,ETC,2278,312227.0199999999,137.0619051799824,False,9.472347168936194e-06
2025-03-01,ETC,2128,263273.2799999999,123.7186466165413,False,7.535179591505351e-06
2025-04-01,ETC,1907,286345.0800000001,150.1547351861563,False,8.433752147332322e-06
2025-05-01,ETC,45497,14068356.880000072,309.2150445084308,False,0.0004318051532252962
2025-06-01,ETC,16002,2933192.529999955,183.3016204224444,False,7.999510430228744e-05
2025-07-01,ETC,37409,21040182.0400006,562.4363666497527,False,0.0005258150815097763
2025-08-01,ETC,25885,13435827.140000207,519.0584176163882,False,0.0003578359316271841
2025-09-01,ETC,15686,9275284.54000006,591.3097373454073,False,0.00027391102360361125
2025-10-01,ETC,18833,11525526.970000168,611.9857149684154,False,0.00024984965579191097
2025-11-01,ETC,16608,10175093.920000035,612.6622061657054,False,0.0002108170699298587
2025-12-01,ETC,994,359180.57000000024,361.3486619718312,False,9.294958545284467e-06
2026-01-01,ETC,8776,2359851.069999988,268.8982531905182,False,6.241359905917507e-05
2026-02-01,ETC,7404,1525809.4899999737,206.07907752565825,False,4.1283678738776464e-05
2026-03-01,ETC,7755,1526182.4799999772,196.79980399741808,False,3.938701233831415e-05
2026-04-01,ETC,7688,2442403.579999996,317.6903720083241,False,6.003810335241656e-05
2026-05-01,ETC,7899,1344316.4599999895,170.18818331434227,False,2.4534498022416003e-05
2026-06-01,ETC,7542,1374520.619999979,182.24882259347373,False,2.6545611887399833e-05
2019-08-01,ETH,67935,30053333.100000065,442.38364760432864,False,0.007552002093095215
2019-09-01,ETH,65717,29727721.47000006,452.3596857738494,False,0.005139005831315087
2019-10-01,ETH,49856,24631908.089999866,494.0610576460178,False,0.003806552723061557
2019-11-01,ETH,38283,19589878.659999847,511.7122132539207,False,0.003555036621496643
2019-12-01,ETH,29514,12806084.51000026,433.8986416615931,False,0.0021536857645510204
2020-01-01,ETH,51229,26052891.82999976,508.55749341193,False,0.0038827309218312594
2020-02-01,ETH,95610,84364489.20000127,882.3814370881839,False,0.013293596641103233
2020-03-01,ETH,93773,74764107.71000016,797.2882141981185,False,0.009960782054129903
2020-04-01,ETH,134671,163608125.68000078,1214.872731917048,False,0.028505169323203863
2020-05-01,ETH,164542,106422530.50000028,646.7803387584948,False,0.016677373719491205
2020-06-01,ETH,69299,49180424.14999996,709.6844709158856,False,0.0075331230977390765
2020-07-01,ETH,95612,82571201.32000022,863.6070924151803,False,0.007960884871705523
2020-08-01,ETH,148239,219748779.58000255,1482.395183318847,False,0.023402801455159643
2020-09-01,ETH,182140,176276255.53000036,967.8063881080508,False,0.026443902710730934
2020-10-01,ETH,82154,102464773.10000011,1247.228048542982,False,0.016298990911699757
2020-11-01,ETH,187275,268411338.7700025,1433.2470365505408,False,0.027672320045732744
2020-12-01,ETH,196485,256059322.27000043,1303.200357635445,False,0.02312673765797293
2021-01-01,ETH,765633,1600727829.7800438,2090.7247072423,False,0.10283978708277251
2021-02-01,ETH,712483,1669961402.6001878,2343.8614010442184,False,0.09971480153671912
2021-03-01,ETH,463158,994364848.980056,2146.923617815208,False,0.054812306528788234
2021-04-01,ETH,691422,1596674274.4201484,2309.2616006146004,False,0.07007573037272179
2021-05-01,ETH,1077773,3488066867.3807344,3236.3650484663603,False,0.13425140983335598
2021-06-01,ETH,360074,1061928154.3199878,2949.194205413298,False,0.06417943320834256
2021-07-01,ETH,290156,744441143.9899769,2565.6582803387723,False,0.054697880344137646
2021-08-01,ETH,506922,1419152024.4100013,2799.5471185113315,False,0.08800576002466275
2021-09-01,ETH,441258,1533351940.3100204,3474.955559581969,False,0.12027711247917496
2021-10-01,ETH,535486,1625216319.7100654,3035.0304577711936,False,0.11634616703784828
2021-11-01,ETH,426228,1336195514.750006,3134.9313389782133,False,0.07346896444406742
2021-12-01,ETH,1074002,1285141305.0700808,1196.5911656310516,False,0.08630441070549326
2022-01-01,ETH,1024140,1022908288.2500496,998.7973209229692,False,0.06809004940267668
2022-02-01,ETH,768981,913046479.8200374,1187.3459549976362,False,0.07106996359033578
2022-03-01,ETH,739118,607428963.8900429,821.8294831001855,False,0.045963518393565224
2022-04-01,ETH,625811,434352399.5500262,694.063222842082,False,0.032893286522419074
2022-05-01,ETH,669301,689536320.3998474,1030.2335128736509,False,0.03996144503438702
2022-06-01,ETH,897378,615268905.2900345,685.629584511805,False,0.041324222477093955
2022-07-01,ETH,1781869,670562903.9899586,376.3255907083847,False,0.046487075267303515
2022-08-01,ETH,1488412,642233907.7199559,431.4893374414853,False,0.04346924517453687
2022-09-01,ETH,1221190,527360241.5599885,431.8412708587431,False,0.042999968560045496
2022-10-01,ETH,774262,288544637.00999945,372.6705391844097,False,0.02088569915798226
2022-11-01,ETH,834972,498960845.80000734,597.577937703309,False,0.0318205690833713
2022-12-01,ETH,319379,178050626.72000116,557.4900877014493,False,0.012963886372332482
2023-01-01,ETH,771368,271973314.3400007,352.585684575975,False,0.0159007625604355
2023-02-01,ETH,607454,240753945.81000292,396.3328018417904,False,0.015535898665449164
2023-03-01,ETH,820275,364155182.7900068,443.9428030721488,False,0.01791132707499007
2023-04-01,ETH,645273,277166782.8000018,429.5341395037477,False,0.012445002548608402
2023-05-01,ETH,473126,199161611.2400026,420.9483546454911,False,0.01110201774724095
2023-06-01,ETH,440762,232533325.45000103,527.5711732182018,False,0.010941045596409363
2023-07-01,ETH,447886,164948433.8900011,368.2821831671477,False,0.007543514234197981
2023-08-01,ETH,535246,272272120.86000407,508.6859516185157,False,0.01138172737589563
2023-09-01,ETH,483644,138733050.4100024,286.8495223966438,False,0.00823775918478222
2023-10-01,ETH,600541,243458129.55000716,405.3980153728174,False,0.01112001943646103
2023-11-01,ETH,691414,360463102.500009,521.3419203256067,False,0.015830773293650045
2023-12-01,ETH,767078,402423828.0200031,524.6191756509809,False,0.016284677284521695
2024-01-01,ETH,978430,566395835.0500016,578.8823268399391,False,0.021289684148908274
2024-02-01,ETH,1108732,723043323.9900787,652.1353437891922,False,0.033620403204060276
2024-03-01,ETH,2081532,1783609076.1500683,856.8732434332348,False,0.054526833156200855
2024-04-01,ETH,1623240,1192886512.979963,734.8799394913649,False,0.038067517561428184
2024-05-01,ETH,1105158,845784492.6900213,765.3064020619869,False,0.03038535140016765
2024-06-01,ETH,1088338,718001218.4500321,659.7226398876379,False,0.026852891919559634
2024-07-01,ETH,1051364,869282779.660027,826.8142904455802,False,0.02946710213709642
2024-08-01,ETH,1031151,1276871643.5900018,1238.2974400354574,False,0.038156293987378395
2024-09-01,ETH,845581,909809653.9600234,1075.9580146195617,False,0.026752001748852356
2024-10-01,ETH,949417,1026375893.1400316,1081.0591058934394,False,0.03256174565425017
2024-11-01,ETH,2175664,1992853710.1100397,915.9749437918904,False,0.053020605024546724
2024-12-01,ETH,2552856,2270612053.1300464,889.43992654895,False,0.04761863865925652
2025-01-01,ETH,1804671,1427396029.3400505,790.9452910475375,False,0.033233477638722475
2025-02-01,ETH,1191346,1216391555.5700047,1021.0229065023972,False,0.03690290195807343
2025-03-01,ETH,1214615,1086468462.259983,894.496167312262,False,0.031095958479476646
2025-04-01,ETH,882226,864680253.9300078,980.1119598946392,False,0.025467519638675332
2025-05-01,ETH,1251504,1586940952.700006,1268.02707198699,False,0.04870855118939236
2025-06-01,ETH,894939,1254341719.560089,1401.5946556805427,False,0.034208868207816365
2025-07-01,ETH,1281276,2136917221.8999388,1667.8039875092788,False,0.05340368733867328
2025-08-01,ETH,1431179,2740626885.60994,1914.943473604588,False,0.07299102352508577
2025-09-01,ETH,955000,1238815490.3200088,1297.1889950994855,False,0.036583806949124706
2025-10-01,ETH,1077096,1597323430.6299543,1482.9907739235448,False,0.03462667784041831
2025-11-01,ETH,928414,1144412315.1399176,1232.65301378471,False,0.023710999914725372
2025-12-01,ETH,557324,616520161.5800058,1106.2149872964485,False,0.015954452503425313
2026-01-01,ETH,792699,728472793.1900127,918.977812751136,False,0.019266728065038034
2026-02-01,ETH,709242,747024309.3299875,1053.2713930223922,False,0.02021216396841005
2026-03-01,ETH,659747,656953717.1499786,995.7661302741484,False,0.01695435801562074
2026-04-01,ETH,606905,543256521.9400065,895.1261267249512,False,0.013354095726926718
2026-05-01,ETH,518159,386160312.100003,745.2544722758902,False,0.007047633273457907
2026-06-01,ETH,499516,417892314.439996,836.594452309828,False,0.008070600781421203
2021-02-01,FIL,7,14230.94,2032.9914285714287,False,8.497414105328844e-07
2021-03-01,FIL,64,32895.09,513.98578125,False,1.8132738282346908e-06
2021-04-01,FIL,36,92512.01,2569.778055555556,False,4.060218651266781e-06
2021-05-01,FIL,4,43219.880000000005,10804.97,False,1.6634801004218024e-06
2021-06-01,FIL,14,17600.06,1257.1471428571429,False,1.0636895449449153e-06
2021-07-01,FIL,925,423866.68,458.2342486486487,False,3.114364262598984e-05
2021-08-01,FIL,1886,1179801.3599999992,625.5574549310707,False,7.316292657800119e-05
2021-09-01,FIL,3933,5025161.480000009,1277.6917060767885,False,0.0003941768987710515
2021-10-01,FIL,2078,2311016.130000001,1112.134807507219,False,0.0001654412802943727
2021-11-01,FIL,1097,1014167.4999999998,924.4917958067456,False,5.5762674829640524e-05
2021-12-01,FIL,11799,4665465.079999991,395.411906093736,False,0.00031331201698049774
2022-01-01,FIL,6946,2591183.6099999915,373.0468773394748,False,0.0001724825402657959
2022-02-01,FIL,3711,43318875.330000006,11673.10033144705,False,0.0033718665593937837
2022-03-01,FIL,6949,4478815.250000011,644.5265865592188,False,0.0003389072951121593
2022-04-01,FIL,5823,1690918.6399999978,290.3861652069376,False,0.00012805240944735048
2022-05-01,FIL,3735,1423361.1899999997,381.0873333333332,False,8.248959231803982e-05
2022-06-01,FIL,2453,589248.2699999983,240.2153567060735,False,3.9576559768194506e-05
2022-07-01,FIL,4862,1271204.7399999974,261.45716577540054,False,8.81268410120966e-05
2022-08-01,FIL,8637,3138483.380000015,363.3765636216296,False,0.00021242650361730602
2022-09-01,FIL,2820,865211.3699999984,306.8125425531909,False,7.054771819305185e-05
2022-10-01,FIL,1195,202731.50000000023,169.64979079497928,False,1.4674294981610594e-05
2022-11-01,FIL,1418,300651.7399999999,212.02520451339907,False,1.917366772009276e-05
2022-12-01,FIL,1848,219849.8500000001,118.96636904761908,False,1.6007292571097572e-05
2023-01-01,FIL,1996,667447.3999999994,334.3924849699396,False,3.902192630455106e-05
2023-02-01,FIL,5090,1692530.0999999987,332.5206483300587,False,0.00010921929455135023
2023-03-01,FIL,3469,1136862.139999999,327.7204208705676,False,5.591767079271659e-05
2023-04-01,FIL,1256,335326.84000000014,266.9799681528664,False,1.5056434022355642e-05
2023-05-01,FIL,972,243945.86000000004,250.9731069958848,False,1.3598460316844349e-05
2023-06-01,FIL,1978,518623.5999999996,262.19595551061656,False,2.4402026866441744e-05
2023-07-01,FIL,1806,561327.0299999994,310.81230897009937,False,2.5670922366373275e-05
2023-08-01,FIL,1170,312435.0100000001,267.0384700854702,False,1.3060647176336e-05
2023-09-01,FIL,907,164832.61999999997,181.7338699007717,False,9.78751224271227e-06
2023-10-01,FIL,1201,319557.1,266.0758534554538,False,1.4595861594875285e-05
2023-11-01,FIL,1815,473778.0999999999,261.0347658402204,False,2.0807327131619725e-05
2023-12-01,FIL,3460,1156187.6699999983,334.1582861271671,False,4.678684952362502e-05
2024-01-01,FIL,4760,1217394.6899999992,255.75518697478972,False,4.575942623654717e-05
2024-02-01,FIL,7956,2597029.0799999973,326.4239668174959,False,0.00012075786042866181
2024-03-01,FIL,14902,6965433.209999994,467.4159985236877,False,0.00021294072764091194
2024-04-01,FIL,9402,2846592.64,302.76458625824296,False,9.084075822328657e-05
2024-05-01,FIL,5494,1529974.35,278.4809519475792,False,5.496531168375438e-05
2024-06-01,FIL,4480,1938675.4200000004,432.74004910714297,False,7.250550581619916e-05
2024-07-01,FIL,3868,1028413.1199999984,265.87722854188166,False,3.486133069151773e-05
2024-08-01,FIL,3815,629710.1200000007,165.06163040629113,False,1.8817399999574627e-05
2024-09-01,FIL,2003,644169.0400000002,321.60211682476296,False,1.894111719921775e-05
2024-10-01,FIL,2320,374133.8100000001,161.26457327586212,False,1.1869384348657411e-05
2024-11-01,FIL,5783,1799450.0199999982,311.1620300881892,False,4.787502880307479e-05
2024-12-01,FIL,7798,3571209.829999999,457.9648409848678,False,7.489441018192954e-05
2025-01-01,FIL,4773,1159908.4599999993,243.0145526922269,False,2.700567402180415e-05
2025-02-01,FIL,2981,702959.5899999995,235.81334786984215,False,2.1326396678330546e-05
2025-03-01,FIL,2055,980928.3099999992,477.3373771289534,False,2.8075279733066082e-05
2025-04-01,FIL,1675,1323633.6,790.2290149253732,False,3.898512143558119e-05
2025-05-01,FIL,2002,187041.2800000003,93.42721278721294,False,5.740925486804629e-06
2025-06-01,FIL,1498,171390.00000000006,114.41255006675571,False,4.67421104688592e-06
2025-07-01,FIL,2106,429190.9300000001,203.7943637226971,False,1.0725908331599222e-05
2025-08-01,FIL,1580,232642.67,147.24219620253166,False,6.195964393427309e-06
2025-09-01,FIL,1400,212990.5000000002,152.13607142857157,False,6.289882064668674e-06
2025-10-01,FIL,1716,233405.4499999998,136.01716200466188,False,5.059748807516364e-06
2025-11-01,FIL,3659,990677.7299999992,270.7509510795297,False,2.0525783636536965e-05
2025-12-01,FIL,1667,203098.13000000012,121.83451109778052,False,5.255820767183468e-06
2026-01-01,FIL,2106,214402.6399999998,101.8056220322886,False,5.670544459480956e-06
2026-02-01,FIL,1337,62366.57000000001,46.64664921465969,False,1.687446209237733e-06
2026-03-01,FIL,1107,46323.50000000003,41.84598012646796,False,1.1954954862631655e-06
2026-04-01,FIL,777,50778.69999999999,65.35225225225224,False,1.248219935339826e-06
2026-05-01,FIL,1153,70621.57999999999,61.25028620988724,False,1.2888817971104116e-06
2026-06-01,FIL,1227,135994.45999999985,110.83493072534624,False,2.6264110566755793e-06
2021-05-01,ICP,36,206895.45,5747.095833333334,False,7.963151770500381e-06
2021-06-01,ICP,34,14624.25,430.125,False,8.838414089304625e-07
2021-07-01,ICP,31,78574.98999999999,2534.677096774193,False,5.773304492584142e-06
2021-08-01,ICP,125,334944.1,2679.5528,False,2.0770861457588677e-05
2021-09-01,ICP,73,67901.94,930.1635616438356,False,5.32627184942482e-06
2021-10-01,ICP,3027,2023494.079999998,668.481691443673,False,0.000144858119732502
2021-11-01,ICP,2177,1542806.1299999978,708.6844878272842,False,8.482917915666397e-05
2021-12-01,ICP,16026,7340101.510000103,458.012074753532,False,0.0004929287797690973
2022-01-01,ICP,38506,23938292.440000203,621.6769448917105,False,0.0015934561617872945
2022-02-01,ICP,7444,3075309.710000006,413.1259685652883,False,0.00023937680495935473
2022-03-01,ICP,6705,2703935.9100000025,403.271574944072,False,0.00020460402009543342
2022-04-01,ICP,4805,1351869.0399999984,281.34631425598303,False,0.00010237635551127204
2022-05-01,ICP,9352,1922022.8200000003,205.5199764756202,False,0.0001113890697327284
2022-06-01,ICP,5682,1891476.38,332.8891904259064,False,0.0001270400471488841
2022-07-01,ICP,4911,1186694.7399999988,241.64014253716124,False,8.226814720803464e-05
2022-08-01,ICP,3361,870696.8299999995,259.0588604581968,False,5.893263111929269e-05
2022-09-01,ICP,1819,380289.7200000002,209.0652666300166,False,3.100811307909033e-05
2022-10-01,ICP,1758,281845.51999999984,160.321683731513,False,2.040079760533228e-05
2022-11-01,ICP,2131,320869.6599999999,150.57234162365083,False,2.0463038871150856e-05
2022-12-01,ICP,1668,177130.4899999999,106.1933393285371,False,1.289689111314777e-05
2023-01-01,ICP,3007,439138.1799999991,146.0386365147985,False,2.567395977192309e-05
2023-02-01,ICP,5122,1071773.4399999997,209.24901210464657,False,6.916174727744809e-05
2023-03-01,ICP,2767,485035.2500000004,175.29282616552234,False,2.3856930825722666e-05
2023-04-01,ICP,3374,882772.7,261.63980438648485,False,3.9637175820124464e-05
2023-05-01,ICP,2644,507050.22999999975,191.77391452344924,False,2.826488808337143e-05
2023-06-01,ICP,2166,272817.5800000005,125.954561403509,False,1.2836480863573575e-05
2023-07-01,ICP,2288,266459.5900000005,116.45961101398623,False,1.2185879323619375e-05
2023-08-01,ICP,1934,206302.6100000003,106.67146328852137,False,8.624019442530625e-06
2023-09-01,ICP,1708,112050.6400000001,65.60341920374714,False,6.653397918468725e-06
2023-10-01,ICP,1822,237708.10000000024,130.4654774972559,False,1.0857385198391077e-05
2023-11-01,ICP,2680,503802.43000000005,187.9859813432836,False,2.2125931888187635e-05
2023-12-01,ICP,10895,3635538.329999997,333.6886948141347,False,0.00014711745263905218
2024-01-01,ICP,10874,3928138.349999999,361.241341732573,False,0.00014765084696876504
2024-02-01,ICP,8756,2709732.829999991,309.4715429419816,False,0.00012599841157115655
2024-03-01,ICP,20557,8460392.299999999,411.5577321593617,False,0.0002586432226359069
2024-04-01,ICP,15484,5316647.140000004,343.3639330922245,False,0.0001696653924473255
2024-05-01,ICP,7954,2515441.679999988,316.2486396781478,False,9.036885877433571e-05
2024-06-01,ICP,5346,1960837.529999999,366.7859203142535,False,7.333435781428357e-05
2024-07-01,ICP,6713,1955210.8399999912,291.25738715924194,False,6.627808449670495e-05
2024-08-01,ICP,4141,1078381.389999998,260.41569427674426,False,3.2224881454544875e-05
2024-09-01,ICP,3532,1048774.8499999992,296.93512174405413,False,3.083812806253774e-05
2024-10-01,ICP,4292,996576.3300000004,232.1939259086674,False,3.161635537174372e-05
2024-11-01,ICP,9318,4211609.169999994,451.986388710023,False,0.00011205140908611835
2024-12-01,ICP,7972,4350710.299999995,545.7489086803807,False,9.124187524734311e-05
2025-01-01,ICP,5343,2010169.1700000043,376.22481190342586,False,4.680194619297868e-05
2025-02-01,ICP,2806,942300.9600000004,335.81645046329305,False,2.8587538102057486e-05
2025-03-01,ICP,2904,842857.4099999985,290.2401549586772,False,2.4123534125381236e-05
2025-04-01,ICP,1651,359228.0200000001,217.58208358570567,False,1.0580381143817586e-05
2025-05-01,ICP,2084,697798.6199999994,334.8361900191936,False,2.141778479175874e-05
2025-06-01,ICP,1675,412820.9600000004,246.4602746268659,False,1.1258604887204923e-05
2025-07-01,ICP,2183,532343.8099999996,243.85882272102592,False,1.330380142691801e-05
2025-08-01,ICP,1725,486887.3599999997,282.2535420289853,False,1.2967254657839947e-05
2025-09-01,ICP,1392,355253.77999999985,255.2110488505746,False,1.0491098801250515e-05
2025-10-01,ICP,2283,344637.8599999992,150.95832676303073,False,7.47103806342135e-06
2025-11-01,ICP,9527,2849143.81999999,299.0599160281295,False,5.903121451886908e-05
2025-12-01,ICP,2790,916811.29,328.60619713261644,False,2.3725456347482186e-05
2026-01-01,ICP,3686,1408534.479999995,382.1308952794344,False,3.725307389662678e-05
2026-02-01,ICP,2328,407146.2699999993,174.89100945017154,False,1.1016116966457854e-05
2026-03-01,ICP,1485,259244.43,174.57537373737372,False,6.6904604769472724e-06
2026-04-01,ICP,1019,190080.2199999998,186.53603532875348,False,4.672469360534627e-06
2026-05-01,ICP,1717,245431.09000000003,142.94181129877697,False,4.479249322175563e-06
2026-06-01,ICP,1577,294534.47,186.7688459099556,False,5.688236039762814e-06
2020-10-01,IMOB01,49,500800.0,10220.408163265303,False,7.966186233207235e-05
2021-08-01,IMOB01,58,1112690.83,19184.32465517241,False,6.900120669407032e-05
2019-08-01,IOTA,763,197646.4000000002,259.038532110092,False,4.966590632480404e-05
2019-09-01,IOTA,537,400919.7200000001,746.5916573556799,False,6.930664972249582e-05
2019-10-01,IOTA,876,441680.0600000002,504.20098173516,False,6.825611840430514e-05
2019-11-01,IOTA,579,224197.1400000002,387.2144041450781,False,4.068575701605784e-05
2019-12-01,IOTA,623,236401.75000000015,379.4570626003213,False,3.975727969719131e-05
2020-01-01,IOTA,1466,735743.2300000003,501.8712346521148,False,0.00010964974668798738
2020-02-01,IOTA,2932,1442372.0400000005,491.9413506139155,False,0.00022727941919625748
2020-03-01,IOTA,1201,418552.1600000012,348.5030474604506,False,5.576348025467943e-05
2020-04-01,IOTA,1757,647546.0199999977,368.552088787705,False,0.0001128208569589586
2020-05-01,IOTA,3323,1215976.8499999978,365.9274300331019,False,0.0001905545777423476
2020-06-01,IOTA,2609,649604.54,248.98602529704868,False,9.950200815155377e-05
2020-07-01,IOTA,3637,1075176.9600000023,295.6219301622222,False,0.00010366035443881962
2020-08-01,IOTA,6866,3413244.469999987,497.1227017186116,False,0.00036350364630921686
2020-09-01,IOTA,2246,1106136.8800000004,492.491932324132,False,0.00016593599603942873
2020-10-01,IOTA,1412,732461.5,518.7404390934844,False,0.00011651207503303356
2020-11-01,IOTA,3154,1529768.4499999995,485.0248731769181,False,0.00015771406058422269
2020-12-01,IOTA,2521,833841.0700000012,330.7580602935348,False,7.531076589353593e-05
2021-01-01,IOTA,9688,5140939.889999999,530.6502776630882,False,0.000330282983688476
2021-02-01,IOTA,30664,21501743.239999942,701.2047756326618,False,0.0012838871943577487
2021-03-01,IOTA,17330,15307265.0799999,883.2813087132083,False,0.0008437813409665278
2021-04-01,IOTA,22525,18857223.840000022,837.1686499445071,False,0.0008276163489073547
2021-05-01,IOTA,15570,12043842.57999998,773.5287463069994,False,0.0004635527091801908
2021-06-01,IOTA,5631,3582161.7899999977,636.1502024507188,False,0.00021649403719783684
2021-07-01,IOTA,3607,2067150.9000000015,573.094233434988,False,0.00015188409922571244
2021-08-01,IOTA,6882,4665399.649999983,677.9133464109245,False,0.00028931505219656755
2021-09-01,IOTA,14346,12941700.439999998,902.11211766346,False,0.0010151553068625254
2021-10-01,IOTA,8688,8937780.70000001,1028.7500805709035,False,0.0006398388409337221
2021-11-01,IOTA,5197,4852836.059999998,933.776421012122,False,0.0002668268498205019
2021-12-01,IOTA,2768,2102351.5599999987,759.5200722543348,False,0.00014118463998142211
2022-01-01,IOTA,1244,978792.9600000004,786.8110610932479,False,6.515350571203952e-05
2022-02-01,IOTA,667,300914.4,451.1460269865067,False,2.3422658018486572e-05
2022-03-01,IOTA,802,594360.2900000005,741.097618453866,False,4.497462542264459e-05
2022-04-01,IOTA,557,298287.4700000001,535.5250807899463,False,2.2589158542515288e-05
2022-05-01,IOTA,981,416492.11,424.5587257900102,False,2.4137418245596677e-05
2022-06-01,IOTA,454,113170.97000000004,249.27526431718067,False,7.601070527079464e-06
2022-07-01,IOTA,725,209157.63,288.4932827586207,False,1.449994688147321e-05
2022-08-01,IOTA,306,72118.10000000005,235.68006535947728,False,4.881273524705801e-06
2022-09-01,IOTA,440,148439.43000000008,337.3623409090911,False,1.2103473716922227e-05
2022-10-01,IOTA,432,154336.63999999998,357.2607407407407,False,1.1171334409456044e-05
2022-11-01,IOTA,272,70766.03999999998,260.16926470588226,False,4.513010757319393e-06
2022-12-01,IOTA,167,32952.960000000014,197.3231137724552,False,2.399308763702479e-06
2023-01-01,IOTA,549,122740.62,223.5712568306011,False,7.175959376296784e-06
2023-02-01,IOTA,277,58409.269999999975,210.86379061371832,False,3.769161484725942e-06
2023-03-01,IOTA,401,70560.93999999997,175.96244389027424,False,3.4706085064497178e-06
2023-04-01,IOTA,221,34829.53000000001,157.5996832579186,False,1.5638727889323041e-06
2023-05-01,IOTA,258,51572.62,199.89387596899223,False,2.8748519302836007e-06
2023-06-01,IOTA,366,56223.74000000003,153.6167759562842,False,2.6454122296244076e-06
2023-07-01,IOTA,196,51679.84000000001,263.67265306122454,False,2.36345141003916e-06
2023-08-01,IOTA,118,10925.97,92.59296610169493,False,4.5673575195440416e-07
2023-09-01,IOTA,115,10710.519999999997,93.1349565217391,False,6.359745153951603e-07
2023-10-01,IOTA,236,37888.33000000001,160.54377118644072,False,1.7305602683869684e-06
2023-11-01,IOTA,850,159612.12000000005,187.77896470588243,False,7.009825053144805e-06
2023-12-01,IOTA,899,208533.8100000001,231.9619688542827,False,8.438630027128927e-06
2024-01-01,IOTA,305,97984.89000000004,321.26193442622963,False,3.683055613008459e-06
2024-02-01,IOTA,283,70876.05999999998,250.44544169611305,False,3.295627849193536e-06
2024-03-01,IOTA,606,206017.74,339.9632673267327,False,6.2981822005779085e-06
2024-04-01,IOTA,236,63571.44000000004,269.3705084745764,False,2.028698356694329e-06
2024-05-01,IOTA,150,19910.23,132.73486666666668,False,7.152878070441095e-07
2024-06-01,IOTA,171,29670.060000000016,173.50912280701763,False,1.1096456300544516e-06
2024-07-01,IOTA,112,17256.809999999998,154.0786607142857,False,5.84974411927661e-07
2024-08-01,IOTA,113,45531.47,402.9333628318584,False,1.360600467336671e-06
2024-09-01,IOTA,126,20095.370000000003,159.48706349206353,False,5.908833469109977e-07
2024-10-01,IOTA,244,72838.08,298.5167213114754,False,2.3107859905477565e-06
2024-11-01,IOTA,693,387732.5199999999,559.4985858585857,False,1.0315766126635062e-05
2024-12-01,IOTA,1757,906528.4799999992,515.9524644280019,False,1.9011460836710638e-05
2025-01-01,IOTA,537,174494.21,324.94266294227185,False,4.0626772857163575e-06
2025-02-01,IOTA,202,47307.30000000002,234.19455445544563,False,1.4352094486409778e-06
2025-03-01,IOTA,250,89743.49999999997,358.9739999999999,False,2.568560659366042e-06
2025-04-01,IOTA,207,86437.42000000011,417.57207729468655,False,2.545850539966905e-06
2025-05-01,IOTA,222,93712.58,422.1287387387387,False,2.8763540270694087e-06
2025-06-01,IOTA,89,27918.340000000007,313.68921348314615,False,7.613992253848943e-07
2025-07-01,IOTA,203,59379.4,292.5093596059113,False,1.4839502810214622e-06
2025-08-01,IOTA,154,64491.04000000001,418.7729870129871,False,1.717587695907618e-06
2025-09-01,IOTA,108,13882.740000000009,128.54388888888894,False,4.099750802709903e-07
2025-10-01,IOTA,162,34927.590000000004,215.60240740740744,False,7.571581205662534e-07
2025-11-01,IOTA,100,23628.18999999999,236.28189999999992,False,4.895508407794597e-07
2025-12-01,IOTA,94,20321.97,216.19117021276597,False,5.25896678399153e-07
2026-01-01,IOTA,141,20291.989999999994,143.9148226950354,False,5.366847696760779e-07
2026-02-01,IOTA,70,11746.27,167.8038571428571,False,3.1781768316235613e-07
2026-03-01,IOTA,252,33055.18,131.17134920634922,False,8.530728137471573e-07
2026-04-01,IOTA,63,7380.729999999999,117.15444444444442,False,1.8142989724748198e-07
2026-05-01,IOTA,82,20779.10000000001,253.40365853658545,False,3.7922974465222915e-07
2026-06-01,IOTA,325,52300.07999999998,160.92332307692303,False,1.01005223578238e-06
2019-08-01,LINK,6,31561.270000000004,5260.211666666667,False,7.930926540082929e-06
2019-09-01,LINK,46,473826.77,10300.58195652174,False,8.1910029213658e-05
2019-10-01,LINK,82,596748.98,7277.426585365853,False,9.222007675992506e-05
2019-11-01,LINK,316,56719.02,179.49056962025315,False,1.0292978161581023e-05
2019-12-01,LINK,734,110528.91999999995,150.5843596730245,False,1.858839533577259e-05
2020-01-01,LINK,1806,608530.1300000005,336.9491306755263,False,9.069084415021807e-05
2020-02-01,LINK,2972,1803088.519999996,606.6919650067281,False,0.0002841187295789777
2020-03-01,LINK,6100,3467746.090000008,568.4829655737717,False,0.0004620059555252485
2020-04-01,LINK,3850,2116627.599999993,549.7734025974008,False,0.0003687764766046804
2020-05-01,LINK,4484,2331501.6,519.9602140945583,False,0.00036536740226066696
2020-06-01,LINK,2699,1607548.1799999997,595.6088106706186,False,0.0002462333038965143
2020-07-01,LINK,8818,7363439.939999999,835.0464889997731,False,0.0007099266655317455
2020-08-01,LINK,21132,23421914.619999938,1108.3624181336334,False,0.002494386629128023
2020-09-01,LINK,11260,9750155.399999963,865.9107815275278,False,0.0014626596193395233
2020-10-01,LINK,6191,4917760.790000005,794.3402988208697,False,0.0007822643431210937
2020-11-01,LINK,8295,6936175.709999999,836.1875479204339,False,0.0007150967430069263
2020-12-01,LINK,40706,25070024.150000364,615.8803161696154,False,0.002264271679141406
2021-01-01,LINK,176809,190819940.74999487,1079.2433685502144,False,0.012259349598846706
2021-02-01,LINK,141399,186627174.42999208,1319.86205298476,False,0.01114366573423176
2021-03-01,LINK,122758,148036286.0799976,1205.9196637286173,False,0.008160194216763752
2021-04-01,LINK,183893,233224154.9099965,1268.260101852689,False,0.010235871685108788
2021-05-01,LINK,158199,212562535.9299984,1343.6401995587737,False,0.008181270947877382
2021-06-01,LINK,61045,75396431.02999932,1235.0959297239629,False,0.0045567114778455675
2021-07-01,LINK,44464,51632965.14000045,1161.230774109402,False,0.0037937367807263484
2021-08-01,LINK,70200,79266369.03999953,1129.150556125349,False,0.00491553894986037
2021-09-01,LINK,58721,64937435.57000013,1105.86392551217,False,0.005093734215109755
2021-10-01,LINK,54488,58218495.590000056,1068.4645351270017,False,0.004167752151181176
2021-11-01,LINK,50267,56917444.310000256,1132.30239142977,False,0.003129531304437106
2021-12-01,LINK,98651,45134128.07000092,457.51313286232187,False,0.0030310085828073787
2022-01-01,LINK,35542,35979890.98999985,1012.3203812390932,False,0.0023950070433031248
2022-02-01,LINK,17066,9845511.950000037,576.9080012891148,False,0.0007663576732179441
2022-03-01,LINK,14373,10452475.620000036,727.2299185973726,False,0.0007909279668546262
2022-04-01,LINK,11785,10812474.679999989,917.4776987696214,False,0.0008188232136718713
2022-05-01,LINK,17908,45584509.99000018,2545.483023788261,False,0.0026418084682305614
2022-06-01,LINK,17604,9034131.650000105,513.1863014087767,False,0.0006067728483954103
2022-07-01,LINK,11438,4866302.849999995,425.4505027102636,False,0.0003373586363268776
2022-08-01,LINK,11603,6251298.010000012,538.7656649142474,False,0.00042311563215419006
2022-09-01,LINK,13736,6649720.680000001,484.10896039603966,False,0.0005422057971743368
2022-10-01,LINK,18105,8162533.180000013,450.8441413974047,False,0.0005908278668115414
2022-11-01,LINK,44168,15441390.760000104,349.60584042746115,False,0.0009847543059898897
2022-12-01,LINK,27583,7084607.850000037,256.84689301381417,False,0.0005158311029388698
2023-01-01,LINK,38745,8857579.250000011,228.61218866950605,False,0.0005178532491552464
2023-02-01,LINK,43483,13256638.839999976,304.8694625485817,False,0.0008554534671063328
2023-03-01,LINK,33789,10210257.420000002,302.17696350883426,False,0.0005022014482076538
2023-04-01,LINK,33081,8461663.259999994,255.7861993289197,False,0.0003799352136368822
2023-05-01,LINK,26142,5356105.009999963,204.8850512585098,False,0.0002985694507434383
2023-06-01,LINK,31245,9802770.309999991,313.7388481357015,False,0.0004612352088685849
2023-07-01,LINK,48823,14261564.759999989,292.1075058886178,False,0.0006522178733793828
2023-08-01,LINK,30784,8846334.769999973,287.3679434121613,False,0.0003698012499774692
2023-09-01,LINK,186607,26637356.360001054,142.74575101684854,False,0.0015816860248111077
2023-10-01,LINK,241218,61362256.86000202,254.38506603985613,False,0.002802738566214852
2023-11-01,LINK,332346,129841128.43000136,390.68058117143386,False,0.005702346381949036
2023-12-01,LINK,205765,80099897.83000728,389.2785353680523,False,0.0032413612113942492
2024-01-01,LINK,164902,65610744.16000113,397.8771886332557,False,0.002466176362010041
2024-02-01,LINK,315103,121077747.33999915,384.24815803086346,False,0.0056299291474627665
2024-03-01,LINK,334994,136845873.98000145,408.5024626709776,False,0.004183524427184633
2024-04-01,LINK,204071,70410427.56000078,345.02907105860595,False,0.0022469448337983
2024-05-01,LINK,204795,70759767.27000123,345.51511155058097,False,0.00254209010933127
2024-06-01,LINK,168873,62669026.27000144,371.1015157544512,False,0.0023437907149589416
2024-07-01,LINK,165863,57552050.830001205,346.9854689110965,False,0.0019509096460765814
2024-08-01,LINK,145990,52687761.91000084,360.8998007397825,False,0.0015744493528908774
2024-09-01,LINK,141404,37690108.3600009,266.5420239880124,False,0.0011082382346379043
2024-10-01,LINK,165428,52326129.82000084,316.30757683101314,False,0.0016600449617513414
2024-11-01,LINK,392825,169648191.25000194,431.867094125888,False,0.0045135524478103544
2024-12-01,LINK,854691,558822372.2300293,653.8297141657387,False,0.011719465939259788
2025-01-01,LINK,422716,262085609.1700056,620.0039959925946,False,0.006102031988844309
2025-02-01,LINK,230795,143228104.0500044,620.585818800253,False,0.004345255980440637
2025-03-01,LINK,236027,107355837.00000244,454.8455769890836,False,0.0030726457010426343
2025-04-01,LINK,159933,62836330.74000156,392.8915904785226,False,0.0018507251436238124
2025-05-01,LINK,169914,80837388.10000116,475.7547235660461,False,0.0024811711170390468
2025-06-01,LINK,131670,68553534.3300011,520.6465734791608,False,0.001869617174096296
2025-07-01,LINK,207817,119574447.37000144,575.3833775388994,False,0.0029882844012856253
2025-08-01,LINK,300294,275538071.57000595,917.5610287585032,False,0.007338396178488591
2025-09-01,LINK,161223,112318938.64000146,696.6682088783949,False,0.003316922011424762
2025-10-01,LINK,160699,131107659.97000097,815.8585925861453,False,0.0028421436868311077
2025-11-01,LINK,136631,87367193.70000151,639.4390270143782,False,0.0018101548672317968
2025-12-01,LINK,79646,31348782.230000697,393.6014643547786,False,0.0008112510965529306
2026-01-01,LINK,97361,40011822.14000076,410.96354947053504,False,0.0010582370457272307
2026-02-01,LINK,56316,27901317.530000247,495.44210402017626,False,0.0007549232304860957
2026-03-01,LINK,74441,25828381.07000031,346.964456012148,False,0.0006665669257864872
2026-04-01,LINK,54068,22127463.27999997,409.2524835392463,False,0.0005439276859115327
2026-05-01,LINK,54679,19608693.31,358.6147023537373,False,0.0003578691934162293
2026-06-01,LINK,48919,17544317.70000001,358.6401541323414,False,0.00033882696390065555
2019-08-01,LTC,92620,66823611.50999998,721.481445800043,False,0.01679188302716747
2019-09-01,LTC,76099,43869418.5799996,576.4782530650809,False,0.007583668937645626
2019-10-01,LTC,51387,31743261.030000065,617.7294068538748,False,0.004905523204743381
2019-11-01,LTC,46990,23250359.94000016,494.79378463503207,False,0.004219315621308688
2019-12-01,LTC,31659,19117218.38000005,603.8478277898877,False,0.00321507179268321
2020-01-01,LTC,68890,39168644.379999705,568.5679253882959,False,0.005837405985208761
2020-02-01,LTC,94365,76661946.71999966,812.3981001430578,False,0.01207988108600327
2020-03-01,LTC,68584,46853960.52000064,683.1616779423865,False,0.006242328082384231
2020-04-01,LTC,49613,35360542.76999994,712.7273652066988,False,0.006160808057850955
2020-05-01,LTC,60521,45209661.45999995,747.0078395928678,False,0.007084763126357868
2020-06-01,LTC,37491,21819692.05999993,581.998134485608,False,0.0033421921238704798
2020-07-01,LTC,51748,34213077.39000027,661.1478200123728,False,0.0032985637347457543
2020-08-01,LTC,88863,79972995.25999941,899.9583095326448,False,0.008516962567079062
2020-09-01,LTC,56600,28027934.5299998,495.1931895759682,False,0.0042045820162540945
2020-10-01,LTC,52377,29877387.149999905,570.4295234549498,False,0.004752572487989856
2020-11-01,LTC,135515,101897118.9900012,751.9250192967656,False,0.010505255483433982
2020-12-01,LTC,159840,165845109.11,1037.5695014389391,False,0.014978780292953325
2021-01-01,LTC,259004,250555971.85999575,967.3826344766712,False,0.01609712926771553
2021-02-01,LTC,312265,356158543.7400016,1140.5650448817562,False,0.021266526549262872
2021-03-01,LTC,205267,223360195.28999656,1088.1446861404734,False,0.012312268985697873
2021-04-01,LTC,345655,398959129.3899958,1154.2119436721466,False,0.0175097406081915
2021-05-01,LTC,407454,507647288.2499808,1245.9008581336316,False,0.01953872065440565
2021-06-01,LTC,134297,96288315.74999966,716.9803923393647,False,0.005819348045610608
2021-07-01,LTC,84620,50471025.72999944,596.4432253604282,False,0.0037083631775496964
2021-08-01,LTC,148148,101678624.84999906,686.3314040688977,False,0.006305388361692186
2021-09-01,LTC,156845,124810205.21999992,795.7550780707062,False,0.009790192777764823
2021-10-01,LTC,153940,110495102.49999882,717.780320254637,False,0.007910135713270743
2021-11-01,LTC,177971,154387275.76999837,867.4855778188489,False,0.008488782628704294
2021-12-01,LTC,98772,64450279.609999895,652.5156887579466,False,0.004328195957597041
2022-01-01,LTC,69108,40196840.88999991,581.6524988423903,False,0.0026757089696809342
2022-02-01,LTC,60106,31187005.490000084,518.8667602236063,False,0.0024275427304673194
2022-03-01,LTC,49833,25123884.12000001,504.1615820841613,False,0.0019010981999805674
2022-04-01,LTC,37404,18488438.65000004,494.29041412683233,False,0.0014001200649441227
2022-05-01,LTC,53848,55531463.80000009,1031.2632558312305,False,0.0032182750533517033
2022-06-01,LTC,52739,21064875.88000005,399.4174307438528,False,0.0014148116536250898
2022-07-01,LTC,43238,17389034.260000035,402.170180396874,False,0.0012055026301938797
2022-08-01,LTC,32101,13685351.840000082,426.3216672377833,False,0.0009262854347643125
2022-09-01,LTC,36447,14064168.260000024,385.8799972562906,False,0.0011467659966444361
2022-10-01,LTC,79400,12256419.69999998,154.36296851385367,False,0.0008871552674163745
2022-11-01,LTC,108767,22886847.849999964,210.4208799543976,False,0.0014595785004810514
2022-12-01,LTC,73800,14720007.930000003,199.4581020325204,False,0.001071765450758262
2023-01-01,LTC,89497,16893980.189999968,188.7658825435486,False,0.00098769678324423
2023-02-01,LTC,76376,17047462.85999996,223.20444720854664,False,0.001100076073955518
2023-03-01,LTC,89280,27439028.52000002,307.33678897849484,False,0.0013496153224465052
2023-04-01,LTC,56752,16527125.85999997,291.2166242599374,False,0.0007420807117326403
2023-05-01,LTC,56827,19190247.119999927,337.69593890228106,False,0.0010697365961929238
2023-06-01,LTC,58441,26293404.27000008,449.9136611283188,False,0.0012371445445343338
2023-07-01,LTC,88598,30193676.710000414,340.7941117181022,False,0.0013808341472132462
2023-08-01,LTC,134569,21073797.659999862,156.60217182263273,False,0.0008809430028432259
2023-09-01,LTC,117411,18549173.459999867,157.98497125482166,False,0.0011014219292998088
2023-10-01,LTC,167556,24552118.979999684,146.53082539568672,False,0.0011214250301213335
2023-11-01,LTC,159958,31108928.9799999,194.4818576126227,False,0.0013662380384428558
2023-12-01,LTC,247007,30076907.850000437,121.76540685081974,False,0.0012171067018158987
2024-01-01,LTC,193382,28333717.13999989,146.51682752272646,False,0.0010650076348493174
2024-02-01,LTC,202538,35744992.02000082,176.48536087055675,False,0.001662087186707549
2024-03-01,LTC,435561,97947467.58000122,224.87657889480744,False,0.002994358626126301
2024-04-01,LTC,282942,91594598.35000087,323.72217044482926,False,0.0029229762792021665
2024-05-01,LTC,148940,33924321.060000025,227.77172727272745,False,0.0012187530338156674
2024-06-01,LTC,131301,31087995.110000085,236.7689134888545,False,0.0011626757047665472
2024-07-01,LTC,149417,45808151.80000042,306.57925001840766,False,0.001552812869858234
2024-08-01,LTC,130623,89743211.36999987,687.0398886107337,False,0.0026817639608454433
2024-09-01,LTC,121850,26546074.87000048,217.85863660238397,False,0.000780559579969705
2024-10-01,LTC,163603,48623491.54000091,297.20415603626407,False,0.0015425788689398658
2024-11-01,LTC,365568,140507512.4800012,384.35397102591367,False,0.003738253984419337
2024-12-01,LTC,602511,335038597.6100188,556.0705076090209,False,0.00702633542991317
2025-01-01,LTC,409540,187695936.9500056,458.30916870148366,False,0.004370047691943689
2025-02-01,LTC,327643,216057108.6700064,659.4284287166408,False,0.006554743217415569
2025-03-01,LTC,260483,200004324.19001007,767.8210255180187,False,0.00572435038546025
2025-04-01,LTC,157365,60114052.690001495,382.0039569790074,False,0.0017705455981962335
2025-05-01,LTC,186018,88808204.79000323,477.4172649421197,False,0.0027258222693744057
2025-06-01,LTC,117614,43294411.000000365,368.105931266689,False,0.001180741082703897
2025-07-01,LTC,200805,90326674.80000123,449.8228370807562,False,0.0022573534669127013
2025-08-01,LTC,205243,92060663.04000153,448.5447154836049,False,0.002451848537635675
2025-09-01,LTC,124017,44240965.880000845,356.73307594927184,False,0.0013064923450211902
2025-10-01,LTC,155131,99066550.63000128,638.5993168999187,False,0.0021475585142288187
2025-11-01,LTC,138091,83351982.51000191,603.6018459566657,False,0.0017269639832084589
2025-12-01,LTC,86595,182045199.7900019,2102.259943299289,False,0.0047110081300224425
2026-01-01,LTC,101828,56716682.290000536,556.985134638808,False,0.0015000490130145062
2026-02-01,LTC,50824,26416693.40000001,519.7680898787976,False,0.0007147539000208838
2026-03-01,LTC,71429,19071953.99000004,267.00575382547754,False,0.000492200177215966
2026-04-01,LTC,59100,15468149.129999915,261.72841167512547,False,0.0003802313195665758
2026-05-01,LTC,51049,14446783.4199999,282.9983627495132,False,0.0002636615631770682
2026-06-01,LTC,53958,14126905.77999988,261.8129986285608,False,0.00027282774266838426
2019-08-01,MATIC,50,189713.78,3794.2756,False,4.767254463529046e-05
2019-09-01,MATIC,4,1011.89,252.97250000000005,False,1.7492456042744986e-07
2019-10-01,MATIC,13,123191.36,9476.258461538462,False,1.9037680928016938e-05
2019-11-01,MATIC,29,239935.85000000003,8273.650000000001,False,4.3541910001801515e-05
2019-12-01,MATIC,48,236755.86,4932.413750000001,False,3.981683276866208e-05
2020-06-01,MATIC,1,25314.53,25314.53,False,3.877507645517305e-06
2020-07-01,MATIC,1,12515.0,12515.0,False,1.206600758820041e-06
2020-08-01,MATIC,1,89.37,89.37,False,9.517724603727209e-09
2020-11-01,MATIC,2,997.92,498.96,False,1.028822468774327e-07
2021-02-01,MATIC,33,229992.86,6969.480606060606,False,1.3733067335600612e-05
2021-03-01,MATIC,41,72694.26999999999,1773.0309756097558,False,4.007121344055487e-06
2021-04-01,MATIC,28,297980.58,10642.163571428571,False,1.3077937757825103e-05
2021-05-01,MATIC,377,2961724.56,7856.033315649866,False,0.0001139931408530176
2021-06-01,MATIC,193,1400715.3199999996,7257.592331606215,False,8.465461148019784e-05
2021-07-01,MATIC,7604,7625599.510000006,1002.8405457653874,False,0.0005602916132694445
2021-08-01,MATIC,21495,18403388.740000043,856.170678762505,False,0.0011412478615646262
2021-09-01,MATIC,30791,25416399.650000118,825.4489834691992,False,0.001993678736859749
2021-10-01,MATIC,40622,44589913.83000014,1097.6789382600596,False,0.003192107721139522
2021-11-01,MATIC,31638,31768351.480000388,1004.120092294089,False,0.001746741296139929
2021-12-01,MATIC,46853,52228707.28999986,1114.7356047638327,False,0.0035074491706009966
2022-01-01,MATIC,25039,19916953.800000187,795.4372698590274,False,0.0013257751293743866
2022-02-01,MATIC,17192,29270131.520000003,1702.543713355049,False,0.0022783365659771837
2022-03-01,MATIC,12413,6881020.139999999,554.3398163215983,False,0.0005206796425147668
2022-04-01,MATIC,12689,4392293.699999996,346.14971234927856,False,0.00033262617016595087
2022-05-01,MATIC,23224,44162240.75999983,1901.577710988625,False,0.0025593821594528
2022-06-01,MATIC,20255,5097004.270000007,251.6417807948658,False,0.0003423376943141445
2022-07-01,MATIC,35132,17422922.620000023,495.9274342479797,False,0.0012078519560104902
2022-08-01,MATIC,24730,11190006.16000003,452.4871071573,False,0.0007573893489998063
2022-09-01,MATIC,30290,7549257.86,249.23267943215583,False,0.0006155523777663285
2022-10-01,MATIC,139116,13105614.409999998,94.2063774835389,False,0.0009486224477576806
2022-11-01,MATIC,166363,65612811.29000005,394.3954562613084,False,0.004184370400968284
2022-12-01,MATIC,94027,13989612.549999991,148.78292990311286,False,0.0010185852801088931
2023-01-01,MATIC,362678,44402145.3900036,122.42856029316252,False,0.0025959457556845433
2023-02-01,MATIC,421991,89422955.2300045,211.907256860939,False,0.005770480588155019
2023-03-01,MATIC,321159,61997080.7500036,193.041704420563,False,0.0030493867545700586
2023-04-01,MATIC,262058,33802083.08000308,128.98702989415733,False,0.0015177396289311354
2023-05-01,MATIC,219659,22942157.480003007,104.4444228554396,False,0.001278882199823414
2023-06-01,MATIC,274400,45938902.6400015,167.41582594752734,False,0.0021614950350045178
2023-07-01,MATIC,320186,50553310.97000342,157.88732477373594,False,0.002311932353006563
2023-08-01,MATIC,370114,48453223.94000197,130.9143235327547,False,0.002025478714553668
2023-09-01,MATIC,227728,29204496.360000785,128.2428878311002,False,0.001734118924189603
2023-10-01,MATIC,319818,63630188.79000068,198.95749704519656,False,0.002906327003326275
2023-11-01,MATIC,416843,133903627.80000082,321.2327610155402,False,0.005880762719393882
2023-12-01,MATIC,289142,81184203.47000025,280.77623959853725,False,0.0032852392479209395
2024-01-01,MATIC,366864,80276055.9900022,218.81693485870025,False,0.0030174160383724348
2024-02-01,MATIC,312052,108452554.70999472,347.54641761627784,False,0.0050428770958549935
2024-03-01,MATIC,505865,171784695.7000038,339.5860470679011,False,0.005251641498394538
2024-04-01,MATIC,400167,93322850.62000328,233.20976147459257,False,0.0029781284440753724
2024-05-01,MATIC,248083,61992373.27000199,249.8856159833684,False,0.002227115845962583
2024-06-01,MATIC,209738,55453584.14000192,264.39455005770014,False,0.002073936733252644
2024-07-01,MATIC,225206,54821513.980004005,243.42830111100065,False,0.0018583494227169964
2024-08-01,MATIC,206949,114217137.23000231,551.9095875312388,False,0.0034131094448081258
2024-09-01,MATIC,171126,37519550.40000065,219.25102205392892,False,0.0011032231561274185
2024-10-01,MATIC,149708,30023397.34000139,200.54637921822072,False,0.0009524914160549535
2024-11-01,MATIC,467612,200631147.26000145,429.05474466010594,False,0.005337865373924928
2024-12-01,MATIC,437714,213707704.80000323,488.23593670753786,False,0.004481818001248658
2025-01-01,MATIC,227734,68952324.79000239,302.7757154838645,False,0.0016053887617341553
2025-02-01,MATIC,9862,1455827.2500000014,147.61987933482067,False,4.416690499751649e-05
2025-03-01,MATIC,5778,941710.3000000012,162.98205261336125,False,2.69528158484993e-05
2025-04-01,MATIC,5102,823870.8700000006,161.47998235985898,False,2.426555650611162e-05
2025-05-01,MATIC,5639,951038.170000001,168.65369214399735,False,2.9190557662335452e-05
2025-06-01,MATIC,3943,652106.7499999998,165.38340096373315,False,1.778449486317097e-05
2025-07-01,MATIC,6709,1430130.5999999936,213.16598598896908,False,3.5740386493756805e-05
2025-08-01,MATIC,4670,908951.2099999982,194.6362334047105,False,2.4208066957461662e-05
2025-09-01,MATIC,3641,636858.3299999984,174.91302664103225,False,1.880724157932786e-05
2025-10-01,MATIC,2663,390277.86999999976,146.55571535861802,False,8.46041935752797e-06
2025-11-01,MATIC,12,3939.09,328.2575,False,8.161373433199761e-08
2025-12-01,MATIC,100,27160.040000000005,271.60040000000004,False,7.028538483812412e-07
2026-01-01,MATIC,84,682.48,8.124761904761906,False,1.8050305643188752e-08
2026-02-01,MATIC,62,484.88,7.820645161290322,False,1.3119350926869827e-08
2026-03-01,MATIC,54,618.41,11.452037037037035,False,1.5959639570844252e-08
2026-04-01,MATIC,59,513.38,8.70135593220339,False,1.2619684048720427e-08
2026-05-01,MATIC,38,377.69,9.93921052631579,False,6.893045524478941e-09
2020-09-01,MBCONS02,105,48668.47000000001,463.5092380952382,False,7.300950896027493e-06
2020-10-01,MBCONS02,113,31179.47000000001,275.9245132743364,False,4.95969378340052e-06
2020-11-01,MBCONS02,154,33036.97000000002,214.52577922077936,False,3.4060021881737413e-06
2020-12-01,MBCONS02,525,626015.4099999998,1192.4103047619044,False,5.6540390830420264e-05
2021-02-01,MBCONS02,311,53018.82999999999,170.47855305466234,False,3.165798983693501e-06
2020-09-01,MBPRK02,328,182166.25999999983,555.3849390243898,False,2.732748572480244e-05
2020-10-01,MBPRK02,237,95869.85000000003,404.5141350210973,False,1.5249941678307565e-05
2020-11-01,MBPRK02,465,344795.78,741.4963010752689,False,3.554730295039379e-05
2020-12-01,MBPRK02,432,436472.2100000001,1010.3523379629632,False,3.9421248975352346e-05
2021-01-01,MBPRK02,2812,761631.839999996,270.8505832147923,False,4.893152652429529e-05
2021-02-01,MBPRK02,890,276002.80999999965,310.1155168539322,False,1.6480360192681536e-05
2021-03-01,MBPRK02,1769,564058.9300000002,318.85750706613914,False,3.109258236870803e-05
2021-04-01,MBPRK02,1384,595220.8700000001,430.07288294797695,False,2.6123385255571043e-05
2021-05-01,MBPRK02,491,437866.0600000002,891.7842362525463,False,1.6852926881335607e-05
2021-06-01,MBPRK02,346,269535.12999999995,779.0032658959536,False,1.6289813772019442e-05
2021-07-01,MBPRK02,384,257792.63,671.3349739583333,False,1.894133679093159e-05
2021-08-01,MBPRK02,267,111329.61999999992,416.9648689138573,False,6.903874745505271e-06
2021-09-01,MBPRK02,303,165033.4700000001,544.6649174917495,False,1.2945331539480257e-05
2021-10-01,MBPRK02,371,149242.70999999996,402.2714555256064,False,1.0684003757689812e-05
2021-11-01,MBPRK02,514,123860.71,240.9741439688716,False,6.810319297254553e-06
2021-12-01,MBPRK02,306,161110.68,526.5054901960784,False,1.0819481282646238e-05
2022-01-01,MBPRK02,243,93898.95000000004,386.4154320987656,False,6.250398220252333e-06
2022-02-01,MBPRK02,26,15912.4,612.0153846153846,False,1.2385937776768599e-06
2022-03-01,MBPRK02,20,5661.74,283.087,False,4.2841798152498303e-07
2022-04-01,MBPRK02,25,10968.62,438.74480000000005,False,8.306480194176576e-07
2022-05-01,MBPRK02,18,9983.65,554.6472222222222,False,5.785932791563597e-07
2022-06-01,MBPRK02,10,5265.8,526.58,False,3.5367477349973257e-07
2022-07-01,MBPRK02,5,15473.66,3094.732,False,1.0727184471442745e-06
2022-08-01,MBPRK02,9,2796.95,310.7722222222222,False,1.8931000657152475e-07
2022-09-01,MBPRK02,10,1784.9199999999998,178.492,False,1.4553904112141098e-07
2022-10-01,MBPRK02,15,9706.21,647.0806666666666,False,7.025636800075883e-07
2022-11-01,MBPRK02,25,45106.240000000005,1804.2496,False,2.8765908950427407e-06
2022-12-01,MBPRK02,25,11068.27,442.73079999999993,False,8.058819969442875e-07
2023-01-01,MBPRK02,26,9600.740000000002,369.2592307692309,False,5.61301712688005e-07
2023-02-01,MBPRK02,40,27368.55,684.21375,False,1.7660978223627212e-06
2023-03-01,MBPRK02,136,59967.100000000006,440.9345588235295,False,2.9495401757278313e-06
2023-04-01,MBPRK02,38,9437.18,248.3468421052632,False,4.237366684608192e-07
2023-05-01,MBPRK02,63,17616.710000000006,279.63031746031754,False,9.82021715180389e-07
2023-06-01,MBPRK02,39,15301.890000000005,392.3561538461539,False,7.199771296318499e-07
2023-07-01,MBPRK02,27,19528.050000000003,723.2611111111112,False,8.930677283020849e-07
2023-08-01,MBPRK02,1025,4857635.919999994,4739.156995121945,False,0.0002030626108841523
2020-09-01,MBPRK03,426,238286.11999999985,559.3570892018776,False,3.574624929291825e-05
2020-10-01,MBPRK03,412,191526.24,464.8695145631067,False,3.0465928442211354e-05
2020-11-01,MBPRK03,582,212897.68,365.8035738831616,False,2.1949045688424587e-05
2020-12-01,MBPRK03,1594,1971814.18,1237.0226976160604,False,0.00017809009586866988
2021-01-01,MBPRK03,1121,430850.6200000003,384.34488849241774,False,2.768027468565284e-05
2021-02-01,MBPRK03,643,307770.1699999999,478.6472317262829,False,1.8377216007919753e-05
2021-03-01,MBPRK03,971,277275.2100000001,285.5563439752833,False,1.5284222706527873e-05
2021-04-01,MBPRK03,872,263227.53,301.8664334862385,False,1.155267653175935e-05
2021-05-01,MBPRK03,501,592396.79,1182.4287225548903,False,2.2800624891109217e-05
2021-06-01,MBPRK03,158,41116.470000000016,260.23082278481024,False,2.4849437595122556e-06
2021-07-01,MBPRK03,165,30486.23,184.7650303030303,False,2.2399785048773594e-06
2021-08-01,MBPRK03,203,61048.720000000016,300.73261083743853,False,3.7858093493306e-06
2021-09-01,MBPRK03,223,54226.75000000002,243.16928251121087,False,4.2535811496814e-06
2021-10-01,MBPRK03,92,26834.90000000001,291.683695652174,False,1.921059812149153e-06
2021-12-01,MBPRK03,1,495.59,495.59,False,3.32816342707178e-08
2022-01-01,MBPRK03,80,72636.79,907.959875,False,4.8350792308203894e-06
2022-02-01,MBPRK03,39,87910.47,2254.1146153846157,False,6.842799397617473e-06
2022-03-01,MBPRK03,27,16560.920000000002,613.3674074074074,False,1.253147604552085e-06
2022-04-01,MBPRK03,17,7949.03,467.59,False,6.019760029786374e-07
2022-05-01,MBPRK03,9,1504.32,167.14666666666665,False,8.718148589949518e-08
2022-06-01,MBPRK03,13,19152.160000000003,1473.2430769230773,False,1.2863450662825476e-06
2022-07-01,MBPRK03,13,5297.35,407.4884615384616,False,3.6724117409712527e-07
2022-08-01,MBPRK03,12,4569.259999999999,380.7716666666666,False,3.092678241037577e-07
2022-09-01,MBPRK03,8,2830.5500000000006,353.8187500000001,False,2.307977572362963e-07
2022-10-01,MBPRK03,7,1808.4300000000003,258.3471428571429,False,1.3089941757247404e-07
2022-11-01,MBPRK03,7,1154.65,164.95,False,7.363627908158828e-08
2022-12-01,MBPRK03,9,4702.9000000000015,522.5444444444446,False,3.4241868362709714e-07
2023-01-01,MBPRK03,10,74010.4,7401.039999999999,False,4.326975241150611e-06
2023-02-01,MBPRK03,6,1170.1799999999998,195.03,False,7.551194161811307e-08
2023-03-01,MBPRK03,11,14338.84,1303.530909090909,False,7.052698004961596e-07
2023-04-01,MBPRK03,8,7735.25,966.90625,False,3.473186973981159e-07
2023-05-01,MBPRK03,7,74436.21,10633.744285714289,False,4.149354483086093e-06
2023-06-01,MBPRK03,3,490.11,163.37,False,2.3060418745910852e-08
2023-07-01,MBPRK03,6,618.88,103.14666666666666,False,2.8302967049531017e-08
2023-08-01,MBPRK03,2,8083.47,4041.735,False,3.379113935742884e-07
2023-09-01,MBPRK03,2,194.82,97.41,False,1.156811761607141e-08
2023-10-01,MBPRK03,1,210.69,210.69,False,9.623325782541755e-09
2023-11-01,MBPRK03,3,292.31,97.43666666666668,False,1.2837633891992395e-08
2023-12-01,MBPRK03,8,1254.34,156.79250000000002,False,5.075872918750629e-08
2024-01-01,MBPRK03,7,3112.12,444.5885714285714,False,1.1697835282925642e-07
2024-02-01,MBPRK03,7,12157.66,1736.8085714285714,False,5.653125029385986e-07
2024-03-01,MBPRK03,13,9784.88,752.683076923077,False,2.9913422528948604e-07
2024-04-01,MBPRK03,3,1091.93,363.9766666666667,False,3.4845782895986584e-08
2024-05-01,MBPRK03,3,1140.89,380.2966666666667,False,4.098720638478582e-08
2024-06-01,MBPRK03,3,8559.79,2853.263333333334,False,3.2013192988769794e-07
2024-07-01,MBPRK03,2,466.12,233.06,False,1.5800618589862284e-08
2024-12-01,MBPRK03,2,322.96000000000004,161.48000000000002,False,6.773026471075762e-09
2020-09-01,MBPRK04,161,124976.30999999998,776.2503726708073,False,1.8748193696590614e-05
2020-10-01,MBPRK04,134,35932.70000000001,268.1544776119404,False,5.715786343090369e-06
2020-11-01,MBPRK04,233,118261.51000000004,507.560128755365,False,1.2192369997512806e-05
2020-12-01,MBPRK04,331,235349.1499999999,711.0246223564952,False,2.125623860059164e-05
2021-01-01,MBPRK04,3429,1031026.3199999966,300.6784251968494,False,6.623894784168512e-05
2021-02-01,MBPRK04,970,190889.3899999996,196.7931855670099,False,1.1398166214906501e-05
2021-03-01,MBPRK04,1129,194041.83000000013,171.87053144375565,False,1.0696154712504673e-05
2021-04-01,MBPRK04,920,295513.8700000002,321.2107282608698,False,1.2969677414662463e-05
2021-05-01,MBPRK04,699,350684.7499999998,501.6949213161657,False,1.349742533173147e-05
2021-06-01,MBPRK04,175,86169.59,492.3976571428571,False,5.207805653798334e-06
2021-07-01,MBPRK04,272,164010.01,602.9779779411765,False,1.2050650309491229e-05
2021-08-01,MBPRK04,243,151356.24,622.8651851851852,False,9.386042303123242e-06
2021-09-01,MBPRK04,273,143563.58000000002,525.8739194139195,False,1.1261219558036902e-05
2021-10-01,MBPRK04,376,153198.77,407.44353723404254,False,1.0967210621902118e-05
2021-11-01,MBPRK04,630,177136.61999999994,281.169238095238,False,9.73962559585236e-06
2021-12-01,MBPRK04,338,95618.51999999996,282.89502958579874,False,6.421317242372353e-06
2022-01-01,MBPRK04,108,30290.42,280.46685185185186,False,2.0162865214008844e-06
2022-02-01,MBPRK04,70,23794.719999999998,339.92457142857137,False,1.8521399747092287e-06
2022-03-01,MBPRK04,164,39755.91999999999,242.41414634146332,False,3.0082891478712727e-06
2022-04-01,MBPRK04,242,80111.44000000006,331.03900826446306,False,6.066798646383644e-06
2022-05-01,MBPRK04,18,7831.54,435.0855555555556,False,4.538697179332406e-07
2022-06-01,MBPRK04,12,7143.96,595.33,False,4.798204327720668e-07
2022-07-01,MBPRK04,45,60397.56000000001,1342.1680000000003,False,4.187088043455987e-06
2022-08-01,MBPRK04,28,21957.2,784.1857142857143,False,1.4861608810641176e-06
2022-09-01,MBPRK04,67,21073.32,314.5271641791045,False,1.7182791307423598e-06
2022-10-01,MBPRK04,15,3000.26,200.0173333333333,False,2.1716753568896274e-07
2022-11-01,MBPRK04,121,40771.21000000001,336.95214876033066,False,2.600130081023724e-06
2022-12-01,MBPRK04,201,62187.40000000001,309.39004975124385,False,4.5278716634824764e-06
2023-01-01,MBPRK04,187,65291.16999999999,349.1506417112299,False,3.817210500899272e-06
2023-02-01,MBPRK04,91,27784.66,305.32593406593406,False,1.7929494811047206e-06
2023-03-01,MBPRK04,96,26033.31,271.1803125,False,1.2804736889423884e-06
2023-04-01,MBPRK04,98,23986.310000000005,244.7582653061225,False,1.0770038388658936e-06
2023-05-01,MBPRK04,146,46139.38999999999,316.0232191780821,False,2.5719832423407585e-06
2023-06-01,MBPRK04,36,9284.34,257.8983333333333,False,4.368422765897655e-07
2023-07-01,MBPRK04,62,28510.82,459.851935483871,False,1.3038728008904956e-06
2023-08-01,MBPRK04,57,12722.97,223.21,False,5.318553199435222e-07
2023-09-01,MBPRK04,39,11902.239999999998,305.18564102564096,False,7.067370506863246e-07
2023-10-01,MBPRK04,35,12193.38,348.38228571428573,False,5.569361057968056e-07
2023-11-01,MBPRK04,39,7327.0,187.8717948717949,False,3.217862663837306e-07
2023-12-01,MBPRK04,66,21279.43,322.4156060606061,False,8.611037076346899e-07
2024-01-01,MBPRK04,83,26468.829999999994,318.9015662650602,False,9.949102652589253e-07
2024-02-01,MBPRK04,70,19105.93,272.94185714285715,False,8.883963780258422e-07
2024-03-01,MBPRK04,21,2108.03,100.38238095238096,False,6.444472706226294e-08
2024-04-01,MBPRK04,7,1518.85,216.97857142857143,False,4.846969801321442e-08
2024-05-01,MBPRK04,9,2725.62,302.84666666666664,False,9.791964998071673e-08
2024-06-01,MBPRK04,5,1132.21,226.442,False,4.2344096331586455e-08
2024-07-01,MBPRK04,10,6834.860000000001,683.4860000000001,False,2.3168929883958237e-07
2024-08-01,MBPRK04,6,897.1100000000001,149.51833333333337,False,2.680801400113814e-08
2024-09-01,MBPRK04,4,315.0,78.75,False,9.262245695250411e-09
2024-10-01,MBPRK04,9,1190.02,132.22444444444443,False,3.775335023207148e-08
2024-11-01,MBPRK04,19,1347.52,70.92210526315789,False,3.585126460623752e-08
2024-12-01,MBPRK04,508,12240760.870000005,24095.98596456693,False,0.0002567098012094947
2025-01-01,MBPRK04,14,2531.86,180.84714285714284,False,5.894826030395976e-08
2025-03-01,MBPRK04,1,21.0,21.0,False,6.010437953354493e-10
2025-10-01,MBPRK04,1,100.81,100.81,False,2.185352901081466e-09
2025-12-01,MBPRK04,1,1250.8,1250.8,False,3.236849406537164e-08
2021-02-01,MCO2,57925,64094235.18999855,1106.5038444540105,False,0.003827120753609797
2021-03-01,MCO2,44417,64891762.24000037,1460.9667973974013,False,0.0035770242348575677
2021-04-01,MCO2,40020,68797359.8400003,1719.0744587706222,False,0.003019416869012807
2021-05-01,MCO2,22398,23463753.70999992,1047.5825390659843,False,0.0009030910631353696
2021-06-01,MCO2,8858,11765344.030000152,1328.2167566042167,False,0.0007110585666975701
2021-07-01,MCO2,8084,7121408.449999997,880.9263297872337,False,0.0005232461295624939
2021-08-01,MCO2,9677,5483507.540000007,566.6536674589239,False,0.00034004831079270556
2021-09-01,MCO2,18760,19837329.999999933,1057.4269722814463,False,0.0015560529249495686
2021-10-01,MCO2,16798,11450957.759999951,681.6857816406688,False,0.0008197524404172695
2021-11-01,MCO2,12226,8200268.240000004,670.7237232128255,False,0.0004508810343290915
2021-12-01,MCO2,24500,25720847.84999999,1049.8305244897956,False,0.0017272984751033676
2022-01-01,MCO2,38347,36557689.08000003,953.3389595013958,False,0.002433468263086757
2022-02-01,MCO2,24359,22685262.34,931.288736811856,False,0.001765781703532541
2022-03-01,MCO2,30630,15633685.129999492,510.40434639240914,False,0.0011829847056190367
2022-04-01,MCO2,27258,12048096.38999956,442.002215496352,False,0.0009123962179477604
2022-05-01,MCO2,4938,3234203.170000001,654.9621648440666,False,0.00018743527843906728
2022-06-01,MCO2,3819,2097103.7899999963,549.123799423932,False,0.00014085090735190843
2022-07-01,MCO2,2878,918072.5800000002,318.9967268936762,False,6.364579500799022e-05
2022-08-01,MCO2,9845,1913603.75,194.3731589639411,False,0.0001295212064884229
2022-09-01,MCO2,3937,1049359.3299999998,266.5378028956057,False,8.556279871367135e-05
2022-10-01,MCO2,3595,1009588.3299999984,280.83124617524294,False,7.307693656097637e-05
2022-11-01,MCO2,5296,1351988.4299999953,255.2848243957695,False,8.622127687745899e-05
2022-12-01,MCO2,2199,342629.3099999998,155.81141882673936,False,2.494687901130377e-05
2023-01-01,MCO2,2793,420208.91999999946,150.4507411385605,False,2.456727153144201e-05
2023-02-01,MCO2,3414,701069.3099999992,205.35129173989432,False,4.5240138104369216e-05
2023-03-01,MCO2,3590,575749.9300000002,160.37602506963793,False,2.8318820648447013e-05
2023-04-01,MCO2,2662,386911.2299999993,145.34606686701702,False,1.737261296174042e-05
2023-05-01,MCO2,2160,235089.4499999996,108.83770833333315,False,1.3104770692701067e-05
2023-06-01,MCO2,3316,432630.6,130.46761158021712,False,2.035592580909318e-05
2023-07-01,MCO2,2098,250622.39999999976,119.45776930409905,False,1.1461604073607768e-05
2023-08-01,MCO2,2059,301074.51000000007,146.22365711510446,False,1.258574686907925e-05
2023-09-01,MCO2,18898,4165944.5000000326,220.4436712879687,False,0.00024736749798802063
2023-10-01,MCO2,4639,741862.7299999981,159.91867428325028,False,3.388479157395128e-05
2023-11-01,MCO2,7884,1245201.3499999985,157.94030314561118,False,5.468659660331383e-05
2023-12-01,MCO2,9159,1263302.8399999964,137.93021508898312,False,5.112142380643797e-05
2024-01-01,MCO2,4297,434568.7199999996,101.13305096579,False,1.6334567130033e-05
2024-02-01,MCO2,5600,707611.5499999996,126.35920535714278,False,3.2902849433094946e-05
2024-03-01,MCO2,8671,1136762.25,131.09932533733132,False,3.475203528219897e-05
2024-04-01,MCO2,5867,630057.2899999993,107.39002727117766,False,2.0106453288556626e-05
2024-05-01,MCO2,4201,645672.6200000001,153.69498214710785,False,2.3196203782087135e-05
2024-06-01,MCO2,3250,359843.5399999998,110.72108923076917,False,1.3457971155579862e-05
2024-07-01,MCO2,2381,224020.1800000001,94.08659386812268,False,7.593875870188571e-06
2024-08-01,MCO2,2980,211413.3100000004,70.94406375838939,False,6.317587558389682e-06
2024-09-01,MCO2,1630,129525.25000000012,79.46334355828229,False,3.8085545690118548e-06
2024-10-01,MCO2,2520,161605.98,64.12935714285715,False,5.126945061878909e-06
2024-11-01,MCO2,3612,410889.14000000025,113.7566832779624,False,1.0931856508229476e-05
2024-12-01,MCO2,4038,498581.86000000057,123.47247647350189,False,1.0456118825173994e-05
2025-01-01,MCO2,2612,240256.0700000001,91.98165007656972,False,5.5937837613321364e-06
2025-02-01,MCO2,1489,130585.9,87.70040295500337,False,3.9617166386432064e-06
2025-03-01,MCO2,1708,55090.93000000032,32.25464285714305,False,1.5767648407504644e-06
2025-04-01,MCO2,1765,100078.9700000001,56.70196600566578,False,2.9476365654346418e-06
2025-05-01,MCO2,4408,238786.1200000004,54.17107985480952,False,7.329148529154573e-06
2025-06-01,MCO2,2036,96379.75999999978,47.33779960707258,False,2.6285042236315563e-06
2025-07-01,MCO2,1836,109922.37000000029,59.87057189542499,False,2.747069385208432e-06
2025-08-01,MCO2,1526,83473.35000000011,54.70075360419404,False,2.223142918709178e-06
2025-09-01,MCO2,1246,55593.61999999989,44.61767255216685,False,1.6417507510804693e-06
2025-10-01,MCO2,1347,54404.85999999983,40.389651076466095,False,1.1793851664907314e-06
2025-11-01,MCO2,931,52477.39999999989,56.36670247046175,False,1.0872756352441714e-06
2025-12-01,MCO2,748,29097.15000000002,38.89993315508024,False,7.529828326624793e-07
2026-01-01,MCO2,1300,47720.05000000011,36.70773076923086,False,1.2621050987695631e-06
2026-02-01,MCO2,748,50519.47999999994,67.5394117647058,False,1.3669006491564528e-06
2026-03-01,MCO2,402,12330.289999999988,30.67236318407957,False,3.1821442765153373e-07
2026-04-01,MCO2,597,14588.31999999997,24.43604690117248,False,3.586037422603701e-07
2026-05-01,MCO2,639,32636.910000000014,51.074976525821626,False,5.956411512306974e-07
2026-06-01,MCO2,467,18528.37000000001,39.675310492505375,False,3.578316045387156e-07
2019-08-01,MKR,28,27211.07,971.8239285714286,False,6.8377792543536535e-06
2019-09-01,MKR,30,16207.799999999996,540.2599999999999,False,2.8018285490478427e-06
2020-07-01,MKR,1,5992.58,5992.58,False,5.777588154446505e-07
2020-10-01,MKR,1,40000.0,40000.0,False,6.362768556874788e-06
2021-01-01,MKR,3,123479.61,41159.87,False,7.933026817687492e-06
2021-02-01,MKR,8,8228.71,1028.58875,False,4.913432030678261e-07
2021-03-01,MKR,1,11545.26,11545.26,False,6.364085885816044e-07
2021-04-01,MKR,40,80169.42,2004.2355,False,3.518520182895606e-06
2021-05-01,MKR,5251,6153190.320000047,1171.813048943067,False,0.00023682873833588014
2021-06-01,MKR,4004,4200710.910000003,1049.1285989010996,False,0.0002538771047543613
2021-07-01,MKR,3483,3317119.6599999955,952.3742922767716,False,0.00024372566685044642
2021-08-01,MKR,5345,4425011.3,827.8786342376052,False,0.0002744078688371115
2021-09-01,MKR,3830,3570648.66,932.2842454308092,False,0.000280083977599822
2021-10-01,MKR,3901,3794260.260000015,972.6378518328672,False,0.0002716239263914016
2021-11-01,MKR,7811,8704639.590000026,1114.4078338240977,False,0.0004786132339740595
2021-12-01,MKR,3278,1735055.9699999986,529.3032245271503,False,0.00011651869132299981
2022-01-01,MKR,3016,1217999.2399999977,403.84590185676313,False,8.107630896793496e-05
2022-02-01,MKR,2215,954586.39,430.9645101580135,False,7.430335856998418e-05
2022-03-01,MKR,2121,772231.6899999987,364.08849127769855,False,5.843396939799882e-05
2022-04-01,MKR,1795,570217.8800000001,317.6701281337048,False,4.318231032331648e-05
2022-05-01,MKR,3969,1743638.8400000008,439.3143965734444,False,0.00010105098977828666
2022-06-01,MKR,2601,1410052.1300000008,542.1192349096505,False,9.470543273587408e-05
2022-07-01,MKR,1463,646200.2000000002,441.69528366370486,False,4.4798119842902055e-05
2022-08-01,MKR,1901,827482.14,435.28781693845343,False,5.600766883970731e-05
2022-09-01,MKR,1508,574970.74,381.28033156498674,False,4.688203962780859e-05
2022-10-01,MKR,2521,861512.5199999998,341.73443871479566,False,6.235877921699726e-05
2022-11-01,MKR,1866,699809.81,375.0320525187568,False,4.4629446562329076e-05
2022-12-01,MKR,1266,767750.48,606.4379778830963,False,5.58999997269072e-05
2023-01-01,MKR,1642,735751.729999999,448.08266138855,False,4.301529946255831e-05
2023-02-01,MKR,2462,594782.8200000001,241.58522339561333,False,3.838145035746353e-05
2023-03-01,MKR,5615,1451985.519999999,258.5904755120212,False,7.141732092789319e-05
2023-04-01,MKR,2424,690498.71,284.8592037953795,False,3.1003925214088666e-05
2023-05-01,MKR,1060,117498.75999999998,110.8478867924528,False,6.549823084263113e-06
2023-06-01,MKR,1620,403504.9900000001,249.0771543209877,False,1.8985521689956488e-05
2023-07-01,MKR,4451,1584554.6999999993,355.9997079308019,False,7.246574370197693e-05
2023-08-01,MKR,2401,576498.8399999997,240.10780508121604,False,2.4099245301629203e-05
2023-09-01,MKR,3008,883686.1599999998,293.7786436170212,False,5.247195069589619e-05
2023-10-01,MKR,4078,1233981.9000000006,302.5948749386956,False,5.636247488471151e-05
2023-11-01,MKR,15655,14322690.040000008,914.895563078889,False,0.000629022103527098
2023-12-01,MKR,15103,7555886.389999989,500.2904317023101,False,0.00030576015358002936
2024-01-01,MKR,15499,7927146.629999991,511.4618123749914,False,0.00029796555255369006
2024-02-01,MKR,12810,7984858.220000005,623.330071818892,False,0.0003712836340182277
2024-03-01,MKR,23792,21265569.619999897,893.8117695023494,False,0.0006501111606497269
2024-04-01,MKR,21541,35243071.91999996,1636.0926567940187,False,0.0011246805497714684
2024-05-01,MKR,13474,15899451.950000009,1180.009792934541,False,0.000571198028275851
2024-06-01,MKR,10741,10718158.329999998,997.8734130900287,False,0.00040085384232846886
2024-07-01,MKR,13056,16117364.300000008,1234.4794960171575,False,0.0005463492791087334
2024-08-01,MKR,12166,11631277.629999949,956.047807825082,False,0.00034757326699754034
2024-09-01,MKR,9320,6336757.819999999,679.9096373390557,False,0.00018632573917504562
2024-10-01,MKR,14574,14188808.009999976,973.569919720048,False,0.00045013952553499124
2024-11-01,MKR,23557,15669156.499999993,665.159252026998,False,0.0004168836646862728
2024-12-01,MKR,19729,15340407.980000034,777.5562866845777,False,0.00032171473038655583
2025-01-01,MKR,20292,10648907.459999977,524.783533412181,False,0.00024793415469451615
2025-02-01,MKR,7384,8178903.259999992,1107.6521208017325,False,0.00024813166759194626
2025-03-01,MKR,5271,5428503.779999999,1029.8811952191234,False,0.00015536992928209679
2025-04-01,MKR,10403,5021377.419999985,482.68551571661874,False,0.00014789516410930093
2025-05-01,MKR,57945,22160531.08000022,382.4407814306708,False,0.0006801811753977474
2025-06-01,MKR,140598,61010883.08000185,433.9384847579756,False,0.0016639112181154666
2025-07-01,MKR,140641,118689436.42000128,843.9177510114495,False,0.0029661670971707337
2025-08-01,MKR,73324,80732705.12000091,1101.0406568108792,False,0.0021501514159401294
2025-09-01,MKR,56640,55558288.14999981,980.9019800494316,False,0.001640707356329872
2025-10-01,MKR,9179,2961880.7299999925,322.68011003377194,False,6.420746598514804e-05
2025-11-01,MKR,13094,1574603.2700000056,120.2538009775474,False,3.262409667107763e-05
2025-12-01,MKR,31,25284.41,815.6261290322581,False,6.54315857876098e-07
2026-01-01,MKR,9,1625.25,180.58333333333331,False,4.298478965917319e-08
2026-03-01,MKR,2,181.16,90.58,False,4.675293582985632e-09
2019-08-01,NANO,108,35160.82999999999,325.56324074074064,False,8.835447997445726e-06
2019-09-01,NANO,73,24242.510000000013,332.08917808219195,False,4.1907820073407785e-06
2019-10-01,NANO,11,47766.38999999999,4342.39909090909,False,7.3816969948478434e-06
2019-11-01,NANO,1,1000.0,1000.0,False,1.8147313126321686e-07
2020-02-01,NANO,11,1950.0,177.27272727272728,False,3.072680661729285e-07
2020-03-01,NANO,18,636.05,35.33611111111111,False,8.47406010662775e-08
2020-04-01,NANO,35,38014.39000000001,1086.1254285714288,False,6.623183409531391e-06
2020-05-01,NANO,81,21092.149999999998,260.39691358024686,False,3.3053308020857994e-06
2020-06-01,NANO,169,121799.5,720.707100591716,False,1.8656419553125618e-05
2020-07-01,NANO,162,95301.27,588.2794444444444,False,9.188220910788144e-06
2020-08-01,NANO,114,66619.69999999998,584.3833333333332,False,7.094863575953064e-06
2020-09-01,NANO,149,55676.80999999999,373.669865771812,False,8.35229987417834e-06
2020-10-01,NANO,114,42137.36000000001,369.6259649122808,False,6.702756731942837e-06
2020-11-01,NANO,132,76327.83999999998,578.241212121212,False,7.86914750531223e-06
2020-12-01,NANO,138,48670.74999999999,352.68659420289845,False,4.395839436300262e-06
2021-01-01,NANO,497,1185695.4700000002,2385.705171026157,False,7.617576668018774e-05
2021-02-01,NANO,461,920053.5,1995.7776572668115,False,5.49371692141009e-05
2021-03-01,NANO,255,158955.53999999995,623.3550588235292,False,8.762095514403897e-06
2021-04-01,NANO,245,420801.41,1717.556775510204,False,1.846836679217498e-05
2021-05-01,NANO,319,632275.98,1982.056363636364,False,2.433552593632128e-05
2021-06-01,NANO,123,68066.37999999999,553.3852032520324,False,4.113707383284356e-06
2021-07-01,NANO,72,62731.06,871.2647222222222,False,4.609170303713248e-06
2021-08-01,NANO,170,225335.07,1325.500411764706,False,1.3973685520975133e-05
2021-09-01,NANO,110,126375.33,1148.8666363636362,False,9.912962172226183e-06
2021-10-01,NANO,125,76533.95,612.2715999999999,False,5.478920942877842e-06
2021-11-01,NANO,101,45555.26,451.0421782178218,False,2.504796446503887e-06
2021-12-01,NANO,74,27431.19,370.6917567567567,False,1.8421574954913767e-06
2022-01-01,NANO,61,20130.54,330.0088524590164,False,1.3399925280178145e-06
2022-02-01,NANO,64,19280.79,301.26234375,False,1.5007834470409382e-06
2022-03-01,NANO,90,34843.62999999999,387.15144444444434,False,2.636581268939114e-06
2022-04-01,NANO,59,12075.95,204.6771186440678,False,9.145055576806073e-07
2022-05-01,NANO,51,8382.99,164.37235294117647,False,4.858284969159547e-07
2022-06-01,NANO,22,2959.76,134.53454545454545,False,1.9879077207899436e-07
2022-07-01,NANO,7,2043.54,291.9342857142857,False,1.4166933068693578e-07
2022-08-01,NANO,7,1422.35,203.19285714285712,False,9.627096939416444e-08
2022-09-01,NANO,9,4343.459999999999,482.60666666666657,False,3.541576112930572e-07
2022-10-01,NANO,9,543.63,60.403333333333336,False,3.934951885056322e-08
2022-11-01,NANO,16,4445.16,277.8225,False,2.8348420934682623e-07
2022-12-01,NANO,6,698.1700000000001,116.36166666666668,False,5.083383706817716e-08
2023-01-01,NANO,12,1811.88,150.98999999999998,False,1.0593051652113716e-07
2023-02-01,NANO,13,8528.11,656.0084615384616,False,5.503205869463215e-07
2023-03-01,NANO,7,1504.85,214.97857142857143,False,7.401751182638524e-08
2023-04-01,NANO,8,1771.84,221.48,False,7.955698404031902e-08
2023-05-01,NANO,6,258.31,43.05166666666667,False,1.43991715393082e-08
2023-06-01,NANO,5,1011.05,202.21,False,4.7571435745145305e-08
2023-07-01,NANO,1,100.0,100.0,False,4.573256051178098e-09
2023-08-01,NANO,6,254.94,42.49,False,1.0657196807537985e-08
2023-09-01,NANO,10,2178.98,217.898,False,1.2938454431304427e-07
2023-10-01,NANO,5,2108.0,421.6,False,9.62835006388439e-08
2023-11-01,NANO,8,1394.07,174.25875,False,6.122459128941822e-08
2023-12-01,NANO,5,883.71,176.74200000000002,False,3.576063632690593e-08
2024-01-01,NANO,1,100.0,100.0,False,3.758799558797746e-09
2024-02-01,NANO,13,5124.469999999999,394.19,False,2.3827997837854984e-07
2024-03-01,NANO,9,7489.820000000001,832.2022222222223,False,2.289717915046172e-07
2024-04-01,NANO,5,5247.98,1049.596,False,1.67474079586127e-07
2024-05-01,NANO,12,7808.19,650.6825,False,2.8051424328517275e-07
2024-06-01,NANO,2,7255.75,3627.875,False,2.713614761907318e-07
2024-07-01,NANO,1,1630.73,1630.73,False,5.5278775321904495e-08
2024-08-01,NANO,1,42.0,42.0,False,1.2550708252586657e-09
2024-09-01,NANO,1,100.0,100.0,False,2.940395458809654e-09
2024-10-01,NANO,2,1705.66,852.83,False,5.4112014383653256e-08
2024-12-01,NANO,15,10239.11,682.6073333333333,False,2.1473174099039058e-07
2025-01-01,NANO,1,500.0,500.0,False,1.1641295392312324e-08
2025-03-01,NANO,6,4340.73,723.4549999999999,False,1.242366111298307e-07
2025-05-01,NANO,2,211.55,105.775,False,6.493180471891111e-09
2019-08-01,NEO,1,99.5,99.5,False,2.5003023982819806e-08
2019-09-01,NEO,16,3648.749999999999,228.04687499999997,False,6.307562974825895e-07
2019-10-01,NEO,18,8148.820000000001,452.71222222222224,False,1.2592980148919777e-06
2019-11-01,NEO,24,127586.15,5316.089583333333,False,2.3153458146318473e-05
2019-12-01,NEO,11,40829.600000000006,3711.781818181819,False,6.866589723318214e-06
2020-01-01,NEO,21,134713.08000000002,6414.908571428572,False,2.007664426291571e-05
2020-02-01,NEO,14,204322.84000000003,14594.488571428574,False,3.219583790859523e-05
2020-03-01,NEO,18,67070.81,3726.156111111111,False,8.935808117918552e-06
2020-04-01,NEO,31,32959.740000000005,1063.217419354839,False,5.742520218013972e-06
2020-05-01,NEO,6,3152.76,525.46,False,4.940660264403595e-07
2020-06-01,NEO,1,25314.53,25314.53,False,3.877507645517305e-06
2020-07-01,NEO,3,20669.71,6889.903333333333,False,1.9928156428757643e-06
2020-08-01,NEO,2,299.76,149.88,False,3.192383492461976e-08
2020-09-01,NEO,2,20012.03,10006.015,False,3.0020842726272064e-06
2020-12-01,NEO,4,6796.66,1699.165,False,6.138599890719692e-07
2021-01-01,NEO,9,10786.71,1198.5233333333335,False,6.929991089591055e-07
2021-02-01,NEO,4,256451.89,64112.9725,False,1.531295829667078e-05
2021-03-01,NEO,19,33179.38,1746.2831578947366,False,1.828944726737441e-06
2021-04-01,NEO,45,86257.53,1916.834,False,3.785718547442694e-06
2021-05-01,NEO,15,22724.86,1514.9906666666668,False,8.746519517146137e-07
2021-06-01,NEO,5,36265.69,7253.138000000001,False,2.191778624232722e-06
2021-07-01,NEO,6,4540.27,756.7116666666667,False,3.335967486415844e-07
2021-08-01,NEO,6,4196.43,699.4050000000001,False,2.602328751169788e-07
2021-10-01,NEO,3,7554.44,2518.1466666666665,False,5.408080927185136e-07
2021-11-01,NEO,5,27545.26,5509.052000000001,False,1.5145401291974987e-06
2021-12-01,NEO,10,7352.53,735.2529999999999,False,4.937634222330571e-07
2022-01-01,NEO,21,8585.69,408.84238095238095,False,5.715077910417341e-07
2022-02-01,NEO,45,6776.650000000001,150.59222222222223,False,5.274827507788827e-07
2022-03-01,NEO,38,6626.18,174.37315789473686,False,5.013961539776132e-07
2022-04-01,NEO,28,8126.480000000001,290.23142857142864,False,6.154142013158636e-07
2022-05-01,NEO,11,1816.76,165.16,False,1.0528865954236257e-07
2022-06-01,NEO,13,2954.64,227.28,False,1.9844688988819358e-07
2022-07-01,NEO,9,2547.39,283.0433333333333,False,1.7659895881587506e-07
2022-08-01,NEO,8,344.53000000000003,43.06625,False,2.331932160535134e-08
2022-09-01,NEO,7,665.52,95.07428571428572,False,5.426525706873218e-08
2022-10-01,NEO,5,1056.91,211.382,False,7.650221652290856e-08
2022-11-01,NEO,12,1242.5700000000002,103.5475,False,7.924326098680046e-08
2022-12-01,NEO,5,621.26,124.252,False,4.523401122502505e-08
2023-02-01,NEO,18,4256.160000000001,236.45333333333335,False,2.746508275969067e-07
2023-03-01,NEO,7,461.73,65.96142857142857,False,2.271063942293043e-08
2023-04-01,NEO,10,61141.48,6114.147999999999,False,2.745299659428326e-06
2023-05-01,NEO,8,5640.1,705.0125,False,3.1440040028977657e-07
2023-06-01,NEO,7,1370.31,195.75857142857143,False,6.447516355860745e-08
2023-07-01,NEO,7,8056.860000000001,1150.98,False,3.684608374849478e-07
2023-08-01,NEO,7,6461.84,923.12,False,2.701227764133571e-07
2023-09-01,NEO,4,269.27,67.3175,False,1.5988846270811768e-08
2023-10-01,NEO,2,1698.8300000000002,849.4150000000001,False,7.759454430279279e-08
2023-11-01,NEO,14,8911.25,636.5178571428571,False,3.913631590435402e-07
2023-12-01,NEO,15,14105.89,940.3926666666666,False,5.708157680204355e-07
2024-01-01,NEO,5,360.55,72.11,False,1.3552351809245276e-08
2024-02-01,NEO,17,15796.38,929.1988235294118,False,7.345073900050849e-07
2024-03-01,NEO,40,6073.7300000000005,151.84325,False,1.8568040877021593e-07
2024-04-01,NEO,97,12061.33,124.34360824742268,False,3.84902408228412e-07
2024-05-01,NEO,21,18938.72,901.8438095238096,False,6.803856860027442e-07
2024-06-01,NEO,4,323.12,80.78,False,1.2084528847706888e-08
2024-07-01,NEO,3,4090.43,1363.4766666666667,False,1.386581230123796e-07
2024-08-01,NEO,5,2027.95,405.59,False,6.060049714484074e-08
2024-09-01,NEO,26,8280.67,318.4873076923077,False,2.434844446390134e-07
2024-10-01,NEO,146,31600.65000000001,216.44280821917812,False,1.0025297112746928e-06
2024-11-01,NEO,353,55708.78,157.81524079320113,False,1.4821525563039307e-06
2024-12-01,NEO,565,149365.38999999996,264.36352212389374,False,3.132449034965799e-06
2025-01-01,NEO,249,35476.790000000015,142.47706827309244,False,8.259915839220643e-07
2025-02-01,NEO,89,11460.89,128.77404494382023,False,3.4770062163418516e-07
2025-03-01,NEO,59,23043.69,390.5710169491525,False,6.595365188635018e-07
2025-04-01,NEO,92,42809.12,465.3165217391305,False,1.2608615720773237e-06
2025-05-01,NEO,52,18302.660000000003,351.9742307692308,False,5.617701465169585e-07
2025-06-01,NEO,32,13945.11,435.7846875,False,3.8031616320695075e-07
2025-07-01,NEO,55,17618.03,320.32781818181815,False,4.4029209742005726e-07
2025-08-01,NEO,47,8690.150000000001,184.89680851063832,False,2.3144447221802576e-07
2025-09-01,NEO,31,4003.45,129.14354838709676,False,1.1822700238648099e-07
2025-10-01,NEO,39,11634.96,298.3323076923077,False,2.522219382002461e-07
2025-11-01,NEO,23,7895.0,343.2608695652174,False,1.6357596108520527e-07
2025-12-01,NEO,18,2478.8,137.7111111111111,False,6.414696441416952e-08
2026-01-01,NEO,8,898.74,112.3425,False,2.376997376298127e-08
2026-02-01,NEO,26,4574.679999999999,175.94923076923075,False,1.2377667113127548e-07
2026-03-01,NEO,9,476.41,52.93444444444444,False,1.229496917570206e-08
2026-04-01,NEO,3,156.98000000000002,52.32666666666668,False,3.8588141376137226e-09
2026-05-01,NEO,14,465.36,33.24,False,8.493070150842014e-09
2026-06-01,NEO,201,22671.989999999994,112.7959701492537,False,4.378558156915967e-07
2019-08-01,NULS,1,4975.11,4975.11,False,1.2501788406750417e-06
2019-12-01,NULS,1995,406350.7299999997,203.6845764411026,False,6.833874803282059e-05
2020-01-01,NULS,1791,435356.7499999998,243.08026242322717,False,6.488236032617712e-05
2020-02-01,NULS,1981,813343.8799999981,410.5723775870763,False,0.00012816133391855685
2020-03-01,NULS,2671,955260.3699999996,357.6414713590414,False,0.00012726882781006934
2020-04-01,NULS,4368,1663305.2399999946,380.7933241758229,False,0.0002897948821631648
2020-05-01,NULS,6029,2307107.7700000075,382.66839774423744,False,0.00036154466832032323
2020-06-01,NULS,9589,5217800.750000002,544.1444102617585,False,0.0007992272541070657
2020-07-01,NULS,10527,7084614.150000021,672.994599601028,False,0.0006830444114532342
2020-08-01,NULS,5683,3092648.029999989,544.1928611648758,False,0.00032936077258363406
2020-09-01,NULS,3889,1708145.4199999955,439.2248444330151,False,0.0002562456932526176
2020-10-01,NULS,3589,1361886.730000002,379.46133463360326,False,0.00021663425159172591
2020-11-01,NULS,8232,3356760.3100000066,407.7697169582127,False,0.0003460708703320789
2020-12-01,NULS,9276,3448895.839999992,371.8085209141863,False,0.0003114969945021165
2021-01-01,NULS,16343,7051033.399999988,431.44058006485886,False,0.0004529981675080617
2021-02-01,NULS,23645,11936199.180000003,504.8085929371962,False,0.0007127205038890376
2021-03-01,NULS,30974,23451749.829999883,757.143082262539,False,0.0012927292247276463
2021-04-01,NULS,34485,27203739.639999885,788.8571738436968,False,0.001193932885800806
2021-05-01,NULS,21650,15839586.200000076,731.6206096997727,False,0.0006096462193466506
2021-06-01,NULS,6468,3192167.519999993,493.5323933209637,False,0.00019292407052798292
2021-07-01,NULS,5562,2526222.4700000025,454.19318051060816,False,0.00018561442432659582
2021-08-01,NULS,15502,8937778.510000035,576.556477228747,False,0.000554257737842894
2021-09-01,NULS,9412,5399289.320000007,573.6601487462821,False,0.00042352372718682435
2021-10-01,NULS,14128,9240454.629999995,654.0525644110983,False,0.0006615066959698212
2021-11-01,NULS,5438,4062750.880000002,747.1038764251568,False,0.00022338504855980504
2021-12-01,NULS,40949,62952186.97999998,1537.3314850179488,False,0.00422759067699147
2022-01-01,NULS,5842,5256259.399999983,899.7362889421402,False,0.00034988372499313865
2022-02-01,NULS,7742,7605953.880000006,982.4275226039792,False,0.0005920343347996015
2022-03-01,NULS,4970,4630886.270000008,931.7678611670036,False,0.00035041435114737887
2022-04-01,NULS,6743,6547359.839999996,970.9861841910124,False,0.0004958282339538345
2022-05-01,NULS,6199,3428507.989999987,553.0743652201947,False,0.00019869603607376783
2022-06-01,NULS,5006,2252685.259999999,449.9970555333597,False,0.00015130045749870593
2022-07-01,NULS,6544,3374700.689999991,515.6938707212701,False,0.00023395264493038508
2022-08-01,NULS,3981,2164459.51,543.6974403416227,False,0.0001465002392112477
2022-09-01,NULS,2630,997556.399999998,379.29901140684336,False,8.133888461136994e-05
2022-10-01,NULS,5605,2941805.2099999883,524.8537395182851,False,0.00021293640815550952
2022-11-01,NULS,3446,1500654.3899999976,435.4771880441084,False,9.570225216909923e-05
2022-12-01,NULS,3667,1733305.39,472.676681210799,False,0.00012620216248858195
2023-01-01,NULS,1838,787291.9500000009,428.3416485310124,False,4.602856862288528e-05
2023-02-01,NULS,1992,840020.2999999997,421.6969377510039,False,5.4206672350945856e-05
2023-03-01,NULS,1471,530626.9299999992,360.7253093133917,False,2.6099401978053253e-05
2023-04-01,NULS,904,290910.5,321.8036504424779,False,1.3062106062432965e-05
2023-05-01,NULS,726,160813.20999999996,221.5057988980716,False,8.964333539455664e-06
2023-06-01,NULS,1314,332111.67,252.74860730593605,False,1.5626357716846747e-05
2023-07-01,NULS,769,194316.14,252.6867880364109,False,8.886574630965706e-06
2023-08-01,NULS,603,135952.62,225.46039800995024,False,5.683195370834019e-06
2023-09-01,NULS,399,85696.74999999999,214.7788220551378,False,5.088543698362937e-06
2023-10-01,NULS,630,167201.05000000005,265.39849206349214,False,7.63695559985312e-06
2023-11-01,NULS,555,114269.82,205.8915675675676,False,5.01848761268472e-06
2023-12-01,NULS,1285,214803.7,167.1624124513619,False,8.692350428730924e-06
2024-01-01,NULS,183,60547.76999999998,330.8621311475409,False,2.2758693116218736e-06
2024-02-01,NULS,535,204195.5,381.6738317757009,False,9.494776889121642e-06
2024-03-01,NULS,3624,1542642.2899999954,425.6739210816765,False,4.7160221312672956e-05
2024-04-01,NULS,1099,480497.3500000004,437.21323930846256,False,1.5333681042005343e-05
2024-05-01,NULS,399,156897.9299999999,393.227894736842,False,5.636658957704664e-06
2024-06-01,NULS,433,154206.89999999988,356.1360277136256,False,5.767262105612311e-06
2024-07-01,NULS,396,159249.34999999986,402.1448232323229,False,5.3982627650250645e-06
2024-08-01,NULS,1279,786604.0599999998,615.0149022673962,False,2.3505804922286114e-05
2024-09-01,NULS,1426,978263.8699999988,686.0195441795222,False,2.8764826408655542e-05
2024-10-01,NULS,658,314091.51999999944,477.3427355623092,False,9.964544427390853e-06
2024-11-01,NULS,980,328152.19000000064,334.8491734693884,False,8.730609560382299e-06
2024-12-01,NULS,1122,456047.6199999997,406.4595543672011,False,9.564102682471816e-06
2025-01-01,NULS,435,109296.0700000001,251.25533333333357,False,2.5446956721776926e-06
2025-02-01,NULS,278,93695.6,337.0345323741008,False,2.842538263990664e-06
2025-03-01,NULS,759,304036.53999999986,400.5751515151513,False,8.701870282012288e-06
2025-04-01,NULS,2314,556516.3899999988,240.4997363872078,False,1.639113652376399e-05
2025-05-01,NULS,1887,330674.10999999946,175.23800211976655,False,1.0149499757088015e-05
2025-06-01,NULS,8805,818948.9899999895,93.00953889835202,False,2.233467772853735e-05
2025-07-01,NULS,2675,231193.70000000024,86.42755140186925,False,5.777760571602137e-06
2025-08-01,NULS,1452,123060.42999999982,84.75236225895304,False,3.277464286838922e-06
2025-09-01,NULS,2846,201318.2800000024,70.73727336612873,False,5.945186469170973e-06
2025-10-01,NULS,404,57664.39,142.7336386138614,False,1.2500450548119538e-06
2025-11-01,NULS,338,36787.340000000026,108.83828402366872,False,7.621943630485394e-07
2025-12-01,NULS,151,13622.560000000009,90.21562913907287,False,3.5252778423022816e-07
2026-01-01,NULS,196,21673.78,110.58051020408163,False,5.732305026421748e-07
2026-02-01,NULS,326,22311.830000000024,68.44119631901847,False,6.036890108700344e-07
2020-07-01,OKB,1,208.52,208.52,False,2.01039065304958e-08
2022-03-01,OKB,396,78248.70999999996,197.5977525252524,False,5.920998561419941e-06
2022-04-01,OKB,735,192965.10999999996,262.5375646258502,False,1.4613149734261045e-05
2022-05-01,OKB,172,9149.800000000008,53.19651162790701,False,5.302682671793247e-07
2022-06-01,OKB,224,16568.319999999996,73.96571428571427,False,1.1128027694312522e-06
2022-07-01,OKB,227,23014.13,101.38383259911892,False,1.5954649252973418e-06
2022-08-01,OKB,352,29479.129999999983,83.74752840909088,False,1.9952785334106184e-06
2022-09-01,OKB,289,17039.310000000005,58.9595501730104,False,1.3893534941456594e-06
2022-10-01,OKB,175,26492.94999999999,151.38828571428564,False,1.9176366930302383e-06
2022-11-01,OKB,172,19780.02,115.00011627906976,False,1.2614446567872495e-06
2022-12-01,OKB,118,14954.129999999996,126.72991525423728,False,1.0888119052900293e-06
2023-01-01,OKB,190,27989.22999999999,147.3117368421052,False,1.6363741478071983e-06
2023-02-01,OKB,264,54913.41,208.00534090909093,False,3.5435729631095283e-06
2023-03-01,OKB,127,17582.77000000001,138.44700787401584,False,8.6482565466034e-07
2023-04-01,OKB,173,27524.659999999996,159.10208092485544,False,1.2358784858312302e-06
2023-05-01,OKB,95,8019.080000000001,84.41136842105264,False,4.470136986854385e-07
2023-06-01,OKB,63,6698.360000000001,106.3231746031746,False,3.1516799598224774e-07
2023-07-01,OKB,46,3182.9,69.19347826086955,False,1.455621668529477e-07
2023-08-01,OKB,101,8957.77,88.69079207920792,False,3.7445955066548815e-07
2023-09-01,OKB,19,3824.99,201.31526315789472,False,2.2712213427931928e-07
2023-10-01,OKB,44,9226.579999999998,209.695,False,4.2142667045746876e-07
2023-11-01,OKB,124,29058.85000000001,234.3455645161291,False,1.2762029271058921e-06
2023-12-01,OKB,123,28672.4,233.1089430894309,False,1.1602712077713025e-06
2024-01-01,OKB,152,27343.830000000013,179.8936184210527,False,1.0277997613984064e-06
2024-02-01,OKB,273,66398.67000000006,243.21857142857164,False,3.0874360962137512e-06
2024-03-01,OKB,401,106626.5099999999,265.90152119700724,False,3.2596862163022547e-06
2024-04-01,OKB,225,45836.10000000004,203.71600000000015,False,1.4627263555344502e-06
2024-05-01,OKB,164,27245.089999999997,166.12859756097558,False,9.787973659178923e-07
2024-06-01,OKB,105,24294.400000000005,231.37523809523813,False,9.085985938280833e-07
2024-07-01,OKB,167,44737.73999999999,267.8906586826347,False,1.516527860448866e-06
2024-08-01,OKB,102,11309.6,110.878431372549,False,3.3796069060346206e-07
2024-09-01,OKB,213,26057.669999999995,122.3364788732394,False,7.661985453516055e-07
2024-10-01,OKB,84,6937.689999999997,82.59154761904759,False,2.2009801547162222e-07
2024-11-01,OKB,339,41854.40000000001,123.4643067846608,False,1.1135516870512557e-06
2024-12-01,OKB,237,27454.88000000001,115.8433755274262,False,5.757760372808043e-07
2019-08-01,OMG,447,42499.59999999996,95.07740492170014,False,1.0679583096082891e-05
2019-09-01,OMG,367,32391.360000000008,88.2598365122616,False,5.5994667499899044e-06
2019-10-01,OMG,340,30100.96999999997,88.53226470588227,False,4.651727706259672e-06
2019-11-01,OMG,141,45947.810000000005,325.87099290780145,False,8.33829295538735e-06
2019-12-01,OMG,52,43101.48,828.8746153846153,False,7.24866713432915e-06
2020-01-01,OMG,185,103193.09,557.8004864864864,False,1.5379137336337675e-05
2020-02-01,OMG,269,151346.27000000002,562.6255390334574,False,2.384814138737739e-05
2020-03-01,OMG,166,124295.91000000002,748.7705421686748,False,1.6559877562267014e-05
2020-04-01,OMG,1847,924422.07,500.49922577152137,False,0.00016106050675622217
2020-05-01,OMG,14132,20938854.71999973,1481.6625191055573,False,0.003281308044292059
2020-06-01,OMG,3820,4171241.8700000006,1091.9481335078535,False,0.0006389224782062674
2020-07-01,OMG,2131,2032502.6800000048,953.7788268418606,False,0.0001959583920089311
2020-08-01,OMG,17197,28382995.110000025,1650.4620055823705,False,0.0030227316872095365
2020-09-01,OMG,7770,10747653.56999997,1383.2243976833938,False,0.0016122982900856418
2020-10-01,OMG,4674,6214198.489999988,1329.5247090286666,False,0.0009884876689587679
2020-11-01,OMG,5594,8374963.1500000255,1497.133205219883,False,0.0008634309627903079
2020-12-01,OMG,3502,3568449.099999999,1018.9746145059964,False,0.0003222947926672627
2021-01-01,OMG,7230,7715932.62999997,1067.2105988934952,False,0.000495715045401097
2021-02-01,OMG,11504,10587913.410000008,920.3679946105708,False,0.000632213225241161
2021-03-01,OMG,8576,6546777.50000001,763.3835704291057,False,0.0003608775747391406
2021-04-01,OMG,14851,13886665.87999995,935.0660480775672,False,0.0006094657310968147
2021-05-01,OMG,14947,16147067.51999994,1080.288186258108,False,0.0006214807977182519
2021-06-01,OMG,8484,3467050.959999993,408.657586044318,False,0.00020953711850659734
2021-07-01,OMG,6219,1769063.1100000024,284.46102428043133,False,0.00012998207191153177
2021-08-01,OMG,18424,4997771.159999717,271.26417498912923,False,0.0003099263798379681
2021-09-01,OMG,100166,28086966.89000272,280.404197931461,False,0.002203159748925413
2021-10-01,OMG,36111,41626913.65999991,1152.7488482733768,False,0.002979992134721143
2021-11-01,OMG,50087,55450402.27000001,1107.0817232016293,False,0.0030488679147722365
2021-12-01,OMG,10563,7006060.900000015,663.2643093818059,False,0.0004704960886058567
2022-01-01,OMG,6446,3662352.240000004,568.1588954390326,False,0.00024378504682782035
2022-02-01,OMG,3099,1172768.9599999995,378.4346434333655,False,9.12863135987382e-05
2022-03-01,OMG,5461,3085628.4000000027,565.029921259843,False,0.00023348629411879812
2022-04-01,OMG,2857,1586235.6099999996,555.2102240112005,False,0.00012012481677515126
2022-05-01,OMG,3989,704405.8100000003,176.58706693406876,False,4.082319266647888e-05
2022-06-01,OMG,3854,2009095.4799999988,521.3013700051891,False,0.00013493987406060543
2022-07-01,OMG,2804,1482618.5700000003,528.7512731811698,False,0.00010278319997451574
2022-08-01,OMG,1917,283424.48000000004,147.8479290558164,False,1.918342843859597e-05
2022-09-01,OMG,1990,363999.8999999999,182.9145226130653,False,2.9679871598889293e-05
2022-10-01,OMG,1099,173824.2200000001,158.1658052775251,False,1.2581902068639428e-05
2022-11-01,OMG,1890,350087.5700000004,185.2315185185187,False,2.2326372500337853e-05
2022-12-01,OMG,903,114404.39,126.69367663344408,False,8.329796641425722e-06
2023-01-01,OMG,905,165224.38,182.56837569060772,False,9.659747839417977e-06
2023-02-01,OMG,1895,538145.8400000003,283.9819736147759,False,3.472665508905506e-05
2023-03-01,OMG,4547,1319075.2000000004,290.0979107103586,False,6.487999748539158e-05
2023-04-01,OMG,3766,851714.1300000002,226.15882368560813,False,3.8242622046756035e-05
2023-05-01,OMG,3173,356653.1399999998,112.4025023636936,False,1.988118827336495e-05
2023-06-01,OMG,3536,305922.52000000014,86.5165497737557,False,1.4394118493816267e-05
2023-07-01,OMG,2462,224736.7299999997,91.2821811535336,False,1.0277786103944771e-05
2023-08-01,OMG,2930,187546.57999999996,64.00907167235492,False,7.839965535579614e-06
2023-09-01,OMG,3337,127685.22000000006,38.26347617620619,False,7.5817556862434775e-06
2023-10-01,OMG,2377,176205.0300000001,74.12916701724868,False,8.048214951884495e-06
2023-11-01,OMG,2183,286267.8099999999,131.13504809894636,False,1.2572273749931368e-05
2023-12-01,OMG,3788,512203.2600000005,135.21733368532222,False,2.07270648813702e-05
2024-01-01,OMG,10082,309160.4700000008,30.664597302122672,False,1.162072238233707e-05
2024-02-01,OMG,5395,323584.6499999998,59.97861909175158,False,1.5046188855751048e-05
2024-03-01,OMG,7928,1260065.7399999986,158.93866548940446,False,3.85215545769312e-05
2024-04-01,OMG,5452,560216.0999999999,102.75423697725604,False,1.787767402254385e-05
2024-05-01,OMG,3070,369269.5900000002,120.2832540716613,False,1.3266247313023384e-05
2024-06-01,OMG,5670,994517.9400000012,175.39998941798964,False,3.71944811076134e-05
2024-07-01,OMG,1429,100407.67999999996,70.26429671098668,False,3.403637379157605e-06
2024-08-01,OMG,1395,87327.87000000001,62.60062365591399,False,2.6095871873567023e-06
2024-09-01,OMG,1879,148450.80000000013,79.00521554018101,False,4.365040581766606e-06
2024-10-01,OMG,3105,389044.73000000033,125.29620933977466,False,1.2342432856281154e-05
2024-11-01,OMG,2595,471831.8000000002,181.8234296724471,False,1.2553258364578894e-05
2024-12-01,OMG,2757,563973.1899999996,204.56046064562915,False,1.1827487443791916e-05
2025-01-01,OMG,2013,305083.7300000002,151.55674615002494,False,7.103139640636919e-06
2025-02-01,OMG,855,84968.01,99.3777894736842,False,2.57776053133916e-06
2025-03-01,OMG,1038,88747.01999999995,85.49809248554908,False,2.5400402726433806e-06
2025-04-01,OMG,3805,165776.14000000138,43.56797371879143,False,4.882622312565926e-06
2025-05-01,OMG,1271,121731.27999999996,95.77598741148698,False,3.7363420946079347e-06
2025-06-01,OMG,800,162074.22999999995,202.59278749999996,False,4.420147944929861e-06
2025-07-01,OMG,693,79376.68999999999,114.5406782106782,False,1.9837024529054432e-06
2025-08-01,OMG,638,47471.38,74.40655172413793,False,1.2643036644432308e-06
2025-09-01,OMG,463,38699.72999999999,83.58473002159825,False,1.1428525574357538e-06
2025-10-01,OMG,542,358793.24,661.980147601476,False,7.777897509398061e-06
2025-11-01,OMG,25,1638.49,65.53960000000001,False,3.3947761428562124e-08
2025-12-01,OMG,66,7336.56,111.16,False,1.8985721044151182e-07
2026-01-01,OMG,22,1055.7500000000002,47.98863636363637,False,2.792259140604344e-08
2026-02-01,OMG,112,11409.21,101.8679464285714,False,3.0869788357604456e-07
2026-03-01,OMG,35,2937.9000000000005,83.94000000000001,False,7.581996587245248e-08
2026-04-01,OMG,19,1156.54,60.87052631578947,False,2.8429563655980216e-08
2026-05-01,OMG,83,11638.129999999996,140.21843373493974,False,2.1240212849110135e-07
2026-06-01,OMG,6,139.48,23.246666666666663,False,2.6937260104941786e-09
2020-04-01,PAX,1,38667.16,38667.16,False,6.736914431763755e-06
2020-05-01,PAX,2,26725.98,13362.99,False,4.188202952753941e-06
2020-06-01,PAX,11,5352681.380000001,486607.3981818183,False,0.0008198873522426893
2020-07-01,PAX,2,40207.35,20103.675,False,3.876485738724968e-06
2020-08-01,PAX,4,50900.04,12725.01,False,5.420751516601757e-06
2020-09-01,PAX,3,84122.85,28040.95,False,1.2619603556139865e-05
2020-10-01,PAX,1,33480.0,33480.0,False,5.3256372821041976e-06
2020-11-01,PAX,611,65632207.95000002,107417.68895253686,False,0.006766463265014132
2020-12-01,PAX,359,45130417.61,125711.46966573816,False,0.00407608408554908
2021-02-01,PAX,1,26935.0,26935.0,False,1.6083115305596989e-06
2021-03-01,PAX,95,16875854.39,177640.5725263158,False,0.000930246583745067
2021-04-01,PAX,51,4094113.5,80276.73529411765,False,0.00017968473491283048
2021-05-01,PAX,82,14004947.41,170792.04158536586,False,0.0005390332255431727
2021-06-01,PAX,57,3708819.38,65067.00666666667,False,0.00022414880395834344
2021-07-01,PAX,79,5913834.98,74858.67063291138,False,0.000434519559702588
2021-08-01,PAX,37,3084261.05,83358.40675675675,False,0.000191264031725255
2021-09-01,PAX,10,401848.13,40184.813,False,3.1521225793593016e-05
2021-10-01,PAX,12,1022994.86,85249.57166666667,False,7.323427005806425e-05
2021-11-01,PAX,10,176629.11,17662.911,False,9.71172082163825e-06
2021-12-01,PAX,10,193986.66,19398.666,False,1.3027286812724394e-05
2022-01-01,PAX,10,170702.45,17070.245000000003,False,1.1362835150688186e-05
2022-02-01,PAX,18,156298.34,8683.24111111111,False,1.216599327475568e-05
2022-03-01,PAX,9,103331.65,11481.294444444444,False,7.818998562393541e-06
2022-04-01,PAX,23,24324.37,1057.581304347826,False,1.8420721808287904e-06
2022-05-01,PAX,30,4816.809999999999,160.5603333333333,False,2.7915380576974796e-07
2022-06-01,PAX,23,835.9899999999999,36.34739130434782,False,5.614884232178233e-08
2022-07-01,PAX,13,870.1699999999998,66.93615384615383,False,6.032492707940676e-08
2022-08-01,PAX,13,1279.7699999999998,98.44384615384614,False,8.66205213214538e-08
2022-09-01,PAX,12,1347.09,112.2575,False,1.0983920114304368e-07
2022-10-01,PAX,12,5714.48,476.20666666666665,False,4.1363066512364384e-07
2022-11-01,PAX,14,989.23,70.6592857142857,False,6.308683701197728e-08
2022-12-01,PAX,6,1286.1899999999998,214.365,False,9.364764011446892e-08
2023-01-01,PAX,11,610.23,55.47545454545455,False,3.567674409822589e-08
2023-02-01,PAX,8,159.86,19.9825,False,1.0315796703987045e-08
2023-03-01,PAX,9,271.88,30.20888888888889,False,1.3372682403799462e-08
2023-04-01,PAX,20,3516.88,175.844,False,1.5791062738831787e-07
2023-05-01,PAX,15,466.64,31.10933333333333,False,2.601226978089419e-08
2023-06-01,PAX,11,2361.4299999999994,214.6754545454545,False,1.1110886258014783e-07
2023-07-01,PAX,3,165.6,55.2,False,7.57331202075093e-09
2023-08-01,PAX,6,506.05,84.34166666666667,False,2.115428902665175e-08
2023-09-01,PAX,5,40.81,8.162,False,2.423236217595084e-09
2023-10-01,PAX,3,20.45,6.816666666666666,False,9.34059576880625e-10
2023-11-01,PAX,6,1064.55,177.42499999999998,False,4.675277328767577e-08
2023-12-01,PAX,20,2411.3900000000003,120.56950000000002,False,9.75804741740364e-08
2024-01-01,PAX,8,244.16,30.52,False,9.177485002760577e-09
2024-02-01,PAX,6,211.54,35.25666666666667,False,9.836284850179323e-09
2024-03-01,PAX,9,189.18,21.02,False,5.783434517364033e-09
2024-04-01,PAX,114,10420.7,91.409649122807,False,3.3254645428205784e-07
2024-05-01,PAX,25,1642.46,65.6984,False,5.900643094317183e-08
2024-06-01,PAX,25,1473.98,58.9592,False,5.512612599326256e-08
2024-07-01,PAX,25,1960.93,78.43719999999999,False,6.647195359868413e-08
2024-08-01,PAX,31,783.8599999999999,25.2858064516129,False,2.342380516874423e-08
2024-09-01,PAX,26,454.44000000000005,17.47846153846154,False,1.3362333123014593e-08
2024-10-01,PAX,21,758.86,36.13619047619048,False,2.407481164779564e-08
2024-11-01,PAX,33,1693.7,51.32424242424243,False,4.506151067411578e-08
2024-12-01,PAX,142,3630.81,25.56908450704225,False,7.614432821849945e-08
2025-01-01,PAX,37,2047.95,55.35,False,4.7681581797372046e-08
2025-02-01,PAX,15,1963.17,130.878,False,5.955867558048139e-08
2025-03-01,PAX,23,538.85,23.428260869565214,False,1.5422497576976517e-08
2025-04-01,PAX,16,463.58,28.973750000000003,False,1.3653871128012107e-08
2025-05-01,PAX,12,113.43,9.4525,False,3.4815479126760044e-09
2025-06-01,PAX,8,245.82,30.727500000000003,False,6.704093351686191e-09
2025-07-01,PAX,18,134.79000000000002,7.488333333333334,False,3.3685361990670656e-09
2025-08-01,PAX,18,2563.769999999999,142.43166666666662,False,6.828080004814734e-08
2025-09-01,PAX,1,10.0,10.0,False,2.9531279867734327e-10
2025-10-01,PAX,10,4969.27,496.927,False,1.0772352555061102e-07
2025-11-01,PAX,5,6628.670000000001,1325.7340000000002,False,1.3733895705720933e-07
2025-12-01,PAX,3,110.68,36.89333333333334,False,2.8642028487010983e-09
2026-01-01,PAX,10,4153.65,415.365,False,1.0985618924339314e-07
2026-02-01,PAX,3,119.34,39.78,False,3.2289707548520153e-09
2026-03-01,PAX,2,180.1,90.05,False,4.6479375927120355e-09
2026-04-01,PAX,11,3752.03,341.09363636363634,False,9.223077085457265e-08
2026-05-01,PAX,6,2358.51,393.085,False,4.304407529968712e-08
2019-11-01,PAXG,12,66000.0,5500.0,False,1.1977226663372313e-05
2019-12-01,PAXG,2,51000.0,25500.0,False,8.57701461413359e-06
2020-01-01,PAXG,7,105500.0,15071.42857142857,False,1.5722942194904958e-05
2020-02-01,PAXG,9,44900.5,4988.944444444444,False,7.075122977024399e-06
2020-03-01,PAXG,22,26484.6,1203.845454545455,False,3.5285290826191853e-06
2020-04-01,PAXG,17,66747.28,3926.310588235294,False,1.1629266641588786e-05
2020-05-01,PAXG,68,36771.65000000001,540.7595588235296,False,5.762450361320128e-06
2020-06-01,PAXG,198,90917.36,459.17858585858585,False,1.3926103250198571e-05
2020-07-01,PAXG,106,4922.389999999999,46.437641509433945,False,4.7457926561791296e-07
2020-08-01,PAXG,13104,7736415.330000081,590.3857852564164,False,0.0008239126164372173
2020-09-01,PAXG,4608,1980805.3299999929,429.8622677951373,False,0.0002971484915987595
2020-10-01,PAXG,3800,1615695.1099999964,425.1829236842096,False,0.0002570073510851082
2020-11-01,PAXG,10022,6063129.500000018,604.9819896228315,False,0.0006250885702950606
2020-12-01,PAXG,12437,4796373.69000004,385.6535892900249,False,0.0004331983505028213
2021-01-01,PAXG,26883,12967371.550000448,482.363261168785,False,0.0008330971102117296
2021-02-01,PAXG,25720,13598187.900000488,528.7009292379661,False,0.0008119592498343479
2021-03-01,PAXG,20130,10898395.620000193,541.4006766020959,False,0.0006007515269754221
2021-04-01,PAXG,28803,18342491.410000287,636.8257268340203,False,0.0008050254851622388
2021-05-01,PAXG,20964,13738443.330000278,655.3350186033332,False,0.0005287758108127117
2021-06-01,PAXG,8529,8732399.030000053,1023.84793410717,False,0.0005277573798326923
2021-07-01,PAXG,6389,2851644.409999993,446.33658005947615,False,0.0002095248307827391
2021-08-01,PAXG,11922,4894209.590000067,410.5191737963485,False,0.00030350422455058403
2021-09-01,PAXG,9249,3378778.69000002,365.3128651746157,False,0.0002650335737385939
2021-10-01,PAXG,13300,4380105.180000096,329.33121654136056,False,0.0003135634578211401
2021-11-01,PAXG,12540,4118313.579999991,328.4141610845288,False,0.00022644009101852736
2021-12-01,PAXG,8940,3246038.649999985,363.0915715883653,False,0.00021798961072239966
2022-01-01,PAXG,6501,3277233.86999999,504.11227041993385,False,0.00021814958259276163
2022-02-01,PAXG,10092,3234009.009999986,320.4527358303593,False,0.0002517296848204472
2022-03-01,PAXG,9299,3064746.5600000024,329.57807936337264,False,0.00023190618698860002
2022-04-01,PAXG,9586,1894781.9299999988,197.6613738785728,False,0.00014349087281562
2022-05-01,PAXG,9329,25096676.52999999,2690.178639725586,False,0.0014544548706554362
2022-06-01,PAXG,7304,1451960.3899999987,198.7897576670316,False,9.752017966193796e-05
2022-07-01,PAXG,5164,965115.4299999984,186.89299573973636,False,6.690706176719516e-05
2022-08-01,PAXG,3580,828469.4899999993,231.41605865921767,False,5.607449707581746e-05
2022-09-01,PAXG,2862,539208.149999999,188.4025681341716,False,4.3966024872739284e-05
2022-10-01,PAXG,1979,576261.3299999989,291.1881404749868,False,4.17114693223067e-05
2022-11-01,PAXG,3562,1577742.1200000003,442.9371476698485,False,0.00010061842035863401
2022-12-01,PAXG,2512,868336.6899999988,345.675433917197,False,6.322369311167794e-05
2023-01-01,PAXG,3224,909578.6999999996,282.1273883374688,False,5.317799275207211e-05
2023-02-01,PAXG,3436,3599832.64000001,1047.681210710131,False,0.00023229789617551034
2023-03-01,PAXG,4116,1402073.2799999989,340.6397667638481,False,6.896233882703171e-05
2023-04-01,PAXG,2314,507943.71000000014,219.50894987035443,False,2.2807064763099628e-05
2023-05-01,PAXG,2351,593366.899999999,252.3891535516797,False,3.307650411849143e-05
2023-06-01,PAXG,1900,452261.1700000003,238.03219473684223,False,2.127957389711612e-05
2023-07-01,PAXG,1948,431011.87999999954,221.25866529774103,False,1.9711276883396465e-05
2023-08-01,PAXG,2490,521836.7900000001,209.5730080321285,False,2.1814220492837027e-05
2023-09-01,PAXG,1765,286368.63000000035,162.24851558073675,False,1.700413711833097e-05
2023-10-01,PAXG,3161,497839.11,157.4941822208162,False,2.2738943200059998e-05
2023-11-01,PAXG,3617,693270.74,191.67009676527508,False,3.044697734648369e-05
2023-12-01,PAXG,3918,558166.3399999997,142.46205717202648,False,2.2587029109843858e-05
2024-01-01,PAXG,3447,540713.8799999999,156.8650652741514,False,2.0324350935798173e-05
2024-02-01,PAXG,4304,631102.7599999988,146.63168215613356,False,2.9345308296749296e-05
2024-03-01,PAXG,7163,1066241.8799999987,148.85409465307814,False,3.2596152302839154e-05
2024-04-01,PAXG,6259,1530802.6199999978,244.57622942962095,False,4.8851131256699036e-05
2024-05-01,PAXG,4264,513661.3099999997,120.46465994371476,False,1.8453612639999855e-05
2024-06-01,PAXG,4259,610518.6400000001,143.3478844799249,False,2.2833096425918475e-05
2024-07-01,PAXG,5288,904179.469999998,170.98704046898604,False,3.065003634740795e-05
2024-08-01,PAXG,4461,846193.4699999986,189.68694687289812,False,2.5286493731461722e-05
2024-09-01,PAXG,4309,821531.4999999997,190.654792295196,False,2.4156274918690823e-05
2024-10-01,PAXG,7206,1584013.4199999997,219.818681654177,False,5.025278013609967e-05
2024-11-01,PAXG,10035,2072232.2099999988,206.5004693572495,False,5.513249917350267e-05
2024-12-01,PAXG,7819,2462823.810000001,314.97938483182,False,5.164964967403291e-05
2025-01-01,PAXG,8190,3140976.1599999974,383.5135726495723,False,7.313006259754165e-05
2025-02-01,PAXG,8159,2427848.589999997,297.56693099644536,False,7.365610035317319e-05
2025-03-01,PAXG,9027,1462451.0699999954,162.0085377201723,False,4.18570067431041e-05
2025-04-01,PAXG,12219,5281011.659999984,432.1967149521225,False,0.00015554219904044412
2025-05-01,PAXG,10788,2894804.4099999964,268.33559603262853,False,8.885127612836797e-05
2025-06-01,PAXG,11584,2822301.6299999924,243.63791695441924,False,7.697084693733647e-05
2025-07-01,PAXG,13015,2586615.639999992,198.74111717249264,False,6.464209820025965e-05
2025-08-01,PAXG,10176,2273021.069999997,223.37078124999977,False,6.0537293589477904e-05
2025-09-01,PAXG,16139,6230465.030000066,386.0502528037714,False,0.0001839936065070637
2025-10-01,PAXG,26114,57179943.52000016,2189.627920655593,False,0.001239543254192111
2025-11-01,PAXG,19516,7155064.210000147,366.62554878049536,False,0.00014824528242902204
2025-12-01,PAXG,14349,5173892.000000291,360.57509234094994,False,0.000133891183639977
2026-01-01,PAXG,23096,13560139.450000277,587.1206897298352,False,0.00035864005045827923
2026-02-01,PAXG,18942,13283999.100000223,701.2986537852511,False,0.0003594238696277963
2026-03-01,PAXG,14974,10185312.96000014,680.1998771203513,False,0.0002628578511955677
2026-04-01,PAXG,13296,3690294.639999985,277.54923586040803,False,9.07132190647986e-05
2026-05-01,PAXG,33133,11291512.300000038,340.793538164369,False,0.0002060761691443093
2026-06-01,PAXG,20771,4890970.689999988,235.4711227191752,False,9.44575205349701e-05
2021-04-01,PUNDIX,33184,29467736.18000012,888.0103718659631,False,0.0012932964276599916
2021-05-01,PUNDIX,24025,18184315.509999987,756.8913843912585,False,0.0006998919707939151
2021-06-01,PUNDIX,8133,4725601.730000007,581.0404192794796,False,0.0002855997737379652
2021-07-01,PUNDIX,10876,7417785.320000009,682.0324862081656,False,0.0005450224468750267
2021-08-01,PUNDIX,12207,9549969.940000013,782.3355402637841,False,0.00059222151561373
2021-09-01,PUNDIX,5669,3909947.1500000064,689.7066766625519,False,0.00030669876939869227
2021-10-01,PUNDIX,7493,5473225.009999994,730.445083411183,False,0.00039181784204750646
2021-11-01,PUNDIX,2814,1714553.6600000013,609.2941222459137,False,9.427249268049916e-05
2021-12-01,PUNDIX,1759,967328.350000001,549.9308413871523,False,6.496149713351144e-05
2022-01-01,PUNDIX,975,528413.1100000002,541.9621641025643,False,3.517390090413152e-05
2022-02-01,PUNDIX,1242,716632.0999999994,576.9984702093393,False,5.578140694951739e-05
2022-03-01,PUNDIX,933,529001.94,566.9902893890675,False,4.002902700540826e-05
2022-04-01,PUNDIX,1840,1141986.4500000002,620.6448097826088,False,8.648205361242363e-05
2022-05-01,PUNDIX,790,331249.0100000006,419.30254430379824,False,1.919723256656615e-05
2022-06-01,PUNDIX,576,161846.78,280.9839930555556,False,1.0870356500087554e-05
2022-07-01,PUNDIX,1673,853863.3999999997,510.3786013150028,False,5.919446469169739e-05
2022-08-01,PUNDIX,3303,1500826.2399999937,454.3827550711456,False,0.00010158259009174838
2022-09-01,PUNDIX,3666,2225221.539999995,606.9889634478982,False,0.00018144040585253612
2022-10-01,PUNDIX,1034,476418.9799999995,460.7533655705992,False,3.4484589949554076e-05
2022-11-01,PUNDIX,677,224941.63999999996,332.2623929098965,False,1.4345356064703725e-05
2022-12-01,PUNDIX,518,153750.50000000006,296.8156370656372,False,1.1194591383403433e-05
2023-01-01,PUNDIX,463,135040.69999999998,291.66457883369327,False,7.895076441252138e-06
2023-02-01,PUNDIX,711,241679.9900000003,339.91559774964884,False,1.55956564760517e-05
2023-03-01,PUNDIX,272,55069.98999999996,202.4631985294116,False,2.7086710543269524e-06
2023-04-01,PUNDIX,164,27805.93,169.5483536585366,False,1.2485077260002188e-06
2023-05-01,PUNDIX,138,18195.640000000003,131.85246376811597,False,1.014293452160187e-06
2023-06-01,PUNDIX,161,26197.93,162.7200621118012,False,1.2326523353452496e-06
2023-07-01,PUNDIX,207,41910.850000000006,202.4678743961353,False,1.9166904837251763e-06
2023-08-01,PUNDIX,145,31337.539999999997,216.12096551724133,False,1.3099958078139714e-06
2023-09-01,PUNDIX,74,16482.2,222.73243243243243,False,9.786881643137881e-07
2023-10-01,PUNDIX,150,44200.73,294.6715333333333,False,2.0188809369982763e-06
2023-11-01,PUNDIX,163,48736.62,298.9976687116564,False,2.1404087601968952e-06
2023-12-01,PUNDIX,208,43633.22999999997,209.77514423076911,False,1.7656833913820602e-06
2024-01-01,PUNDIX,172,24686.250000000007,143.52470930232562,False,9.27906656083709e-07
2024-02-01,PUNDIX,197,30950.77,157.1105076142132,False,1.4391632317877693e-06
2024-03-01,PUNDIX,710,246981.9,347.86183098591545,False,7.550500294027655e-06
2024-04-01,PUNDIX,1849,512656.4399999999,277.26146024878307,False,1.6359945242340963e-05
2024-05-01,PUNDIX,380,105712.45,278.19065789473683,False,3.7977876969658345e-06
2024-06-01,PUNDIX,237,42594.55,179.72383966244723,False,1.5930151901154168e-06
2024-07-01,PUNDIX,246,37101.60999999999,150.8195528455284,False,1.257676968763023e-06
2024-08-01,PUNDIX,114,27599.789999999997,242.10342105263152,False,8.247545526729969e-07
2024-09-01,PUNDIX,205,27153.189999999995,132.45458536585363,False,7.984111656819569e-07
2024-10-01,PUNDIX,122,22823.68,187.07934426229508,False,7.240805907671512e-07
2024-11-01,PUNDIX,526,149658.19000000012,284.5212737642588,False,3.981711121304748e-06
2024-12-01,PUNDIX,276,129739.92000000004,470.0721739130436,False,2.7208691866337995e-06
2025-01-01,PUNDIX,429,98988.47,230.74235431235428,False,2.3047080394060936e-06
2025-02-01,PUNDIX,51,4399.53,86.26529411764706,False,1.3347299519481006e-07
2025-03-01,PUNDIX,48,6435.009999999999,134.06270833333332,False,1.841772777819795e-07
2025-04-01,PUNDIX,275,206522.66999999995,750.991527272727,False,6.082734201632882e-06
2025-05-01,PUNDIX,388,78236.71,201.6410051546392,False,2.4013475658568092e-06
2025-06-01,PUNDIX,72,26622.140000000003,369.75194444444446,False,7.26048782774628e-07
2025-07-01,PUNDIX,145,62105.34,428.3126896551724,False,1.5520742335883058e-06
2025-08-01,PUNDIX,57,23729.09,416.2998245614035,False,6.319760546439397e-07
2025-09-01,PUNDIX,28,3168.1800000000003,113.14928571428572,False,9.356041025135855e-08
2025-10-01,PUNDIX,138,33151.23999999999,240.2263768115941,False,7.186505159056435e-07
2025-11-01,PUNDIX,35,8004.540000000002,228.7011428571429,False,1.658455127986028e-07
2025-12-01,PUNDIX,23,3649.59,158.67782608695651,False,9.444494104256451e-08
2026-01-01,PUNDIX,40,5684.239999999999,142.10599999999997,False,1.503374008751014e-07
2026-02-01,PUNDIX,60,26189.54,436.49233333333336,False,7.086078326045504e-07
2026-03-01,PUNDIX,14,840.8799999999999,60.06285714285713,False,2.1701042548360333e-08
2026-04-01,PUNDIX,11,1044.62,94.96545454545452,False,2.5678394855612474e-08
2026-05-01,PUNDIX,34,3082.3699999999994,90.65794117647056,False,5.625490940530104e-08
2026-06-01,PUNDIX,209,30997.909999999974,148.31535885167455,False,5.986512506306105e-07
2020-07-01,SNX,1,5295.5,5295.5,False,5.105516834463865e-07
2020-08-01,SNX,1,613.18,613.18,False,6.5302432276082e-08
2020-12-01,SNX,8,160941.39,20117.67375,False,1.4535886730633508e-05
2021-01-01,SNX,37,329400.59,8902.718648648648,False,2.116255237793578e-05
2021-02-01,SNX,46,173657.1,3775.154347826087,False,1.0369211668593232e-05
2021-03-01,SNX,28,86189.64,3078.201428571429,False,4.75102571468781e-06
2021-04-01,SNX,23,48069.04,2089.958260869565,False,2.1096808161068924e-06
2021-05-01,SNX,21938,17191422.520000275,783.6367271401347,False,0.0006616767390368435
2021-06-01,SNX,13506,4691318.7199999895,347.3507122760247,False,0.00028352782174994576
2021-07-01,SNX,26616,19058711.200000223,716.0621881575076,False,0.0014003405281225617
2021-08-01,SNX,27731,19080666.230000217,688.06268183622,False,0.0011832478159245837
2021-09-01,SNX,18396,15681440.31000016,852.4375032615873,False,0.001230062264518355
2021-10-01,SNX,14848,10671212.760000072,718.69698006466,False,0.0007639319684488996
2021-11-01,SNX,13440,9409433.390000008,700.1066510416673,False,0.0005173654001510922
2021-12-01,SNX,7212,3998234.989999991,554.3864378813076,False,0.00026850379278348384
2022-01-01,SNX,7799,4444015.230000005,569.8185959738435,False,0.0002958165654074543
2022-02-01,SNX,3907,1359869.7499999984,348.0598285129251,False,0.00010584991646772235
2022-03-01,SNX,4646,1979912.2099999988,426.1541562634522,False,0.0001498178991979264
2022-04-01,SNX,7332,3130083.6699999985,426.9072108565192,False,0.0002370396459260191
2022-05-01,SNX,4079,935127.1899999988,229.25403039960744,False,5.419443863620735e-05
2022-06-01,SNX,6617,2201742.12,332.74023273386734,False,0.0001478788874617002
2022-07-01,SNX,6785,2621170.0899999933,386.3183625644795,False,0.0001817137967776086
2022-08-01,SNX,4760,2410745.4600000028,506.45913025210143,False,0.00016316996688352456
2022-09-01,SNX,4355,1479528.7599999993,339.7310585533868,False,0.00012063801013039807
2022-10-01,SNX,3012,1015386.36,337.11366533864543,False,7.349661481784444e-05
2022-11-01,SNX,3381,889740.0099999997,263.1588317065956,False,5.674199427221679e-05
2022-12-01,SNX,2175,458840.4099999998,210.9611080459769,False,3.340822241321683e-05
2023-01-01,SNX,3149,693103.4399999987,220.1027119720542,False,4.0521891848122866e-05
2023-02-01,SNX,5509,2024564.4299999976,367.5012579415498,False,0.00013064553405481912
2023-03-01,SNX,10009,3524497.779999995,352.1328584274148,False,0.00017335585348255187
2023-04-01,SNX,3287,966162.9499999998,293.9345756008518,False,4.3381462430861436e-05
2023-05-01,SNX,2207,957399.6400000002,433.8013774354328,False,5.3369059068684606e-05
2023-06-01,SNX,2774,663556.6000000002,239.20569574621493,False,3.122134430559032e-05
2023-07-01,SNX,5454,1585506.2099999967,290.70520902090146,False,7.250925869062938e-05
2023-08-01,SNX,3232,738393.8800000001,228.46345297029703,False,3.0866905548919696e-05
2023-09-01,SNX,3184,736719.8099999995,231.38184987437168,False,4.374531060553217e-05
2023-10-01,SNX,2797,663597.27,237.25322488380408,False,3.0309994388036083e-05
2023-11-01,SNX,6227,3398862.31,545.826611530432,False,0.00014927080833728427
2023-12-01,SNX,10141,5110239.529999986,503.9186993393143,False,0.00020679342473855472
2024-01-01,SNX,25016,3366338.7600000068,134.56742724656246,False,0.00012653392645851778
2024-02-01,SNX,13705,9661288.310000002,704.9462466253194,False,0.0004492350564284184
2024-03-01,SNX,16270,10347186.069999931,635.9671831591846,False,0.00031632452201514903
2024-04-01,SNX,13011,6582817.829999978,505.9424971178217,False,0.00021007156223201923
2024-05-01,SNX,7467,2516491.1900000027,337.01502477568005,False,9.040656309550032e-05
2024-06-01,SNX,6418,3141966.2,489.5553443440324,False,0.00011750798830904925
2024-07-01,SNX,6895,2004793.3599999987,290.760458303118,False,6.795884157051499e-05
2024-08-01,SNX,5728,2096156.5800000008,365.9491236033522,False,6.263868973171389e-05
2024-09-01,SNX,3111,1105947.2500000002,355.4957409193186,False,3.251922271583026e-05
2024-10-01,SNX,4138,1227123.4000000013,296.54987916868083,False,3.8930454528638504e-05
2024-11-01,SNX,8992,5121874.999999992,569.6035364768674,False,0.00013626936587588496
2024-12-01,SNX,11325,4245745.390000005,374.9002551876384,False,8.904058061654048e-05
2025-01-01,SNX,6137,2819919.579999998,459.4947987616096,False,6.565503362669056e-05
2025-02-01,SNX,4724,1558873.040000002,329.990059271804,False,4.729310944060825e-05
2025-03-01,SNX,2923,651027.9100000003,222.72593568251804,False,1.863315647122407e-05
2025-04-01,SNX,2585,752194.3899999999,290.98429013539646,False,2.2154461504537895e-05
2025-05-01,SNX,3317,723336.5599999999,218.06950859210127,False,2.2201629997621802e-05
2025-06-01,SNX,2422,779463.3299999997,321.82631296449205,False,2.1257810302400854e-05
2025-07-01,SNX,4822,1106559.8800000015,229.4815180423064,False,2.765403228885906e-05
2025-08-01,SNX,3905,1579478.7999999998,404.4760051216389,False,4.2066205674880244e-05
2025-09-01,SNX,5214,4527034.920000003,868.2460529344079,False,0.00013368913519352636
2025-10-01,SNX,17175,29427348.57999989,1713.382741193589,False,0.0006379242296442647
2025-11-01,SNX,3786,1421147.4400000004,375.3691072371898,False,2.9444655901428644e-05
2025-12-01,SNX,2838,505186.0800000001,178.00778012684995,False,1.3073323179076084e-05
2026-01-01,SNX,2718,756073.5400000002,278.1727520235468,False,1.9996715633758788e-05
2026-02-01,SNX,4207,922535.9699999992,219.28594485381487,False,2.4960965874216804e-05
2026-03-01,SNX,2833,239057.77,84.3832580303565,False,6.169492482026137e-06
2026-04-01,SNX,2122,231815.28000000003,109.24377002827522,False,5.69838246769578e-06
2026-05-01,SNX,1736,122358.16000000006,70.48281105990787,False,2.2331021927281067e-06
2026-06-01,SNX,2401,154124.13999999996,64.19164514785504,False,2.9765429076788513e-06
2020-08-01,SOL,1,14322.0,14322.0,False,1.5252640905738064e-06
2020-09-01,SOL,2,54774.26,27387.13,False,8.216904756328744e-06
2020-11-01,SOL,2,1829.21,914.605,False,1.8858549263535018e-07
2020-12-01,SOL,8,357.67,44.70875,False,3.230399965444369e-08
2021-01-01,SOL,12,3706.55,308.87916666666666,False,2.3812968433492442e-07
2021-02-01,SOL,65,77384.27000000002,1190.527230769231,False,4.620679922960647e-06
2021-03-01,SOL,25,49357.0,1974.28,False,2.720702583278527e-06
2021-04-01,SOL,125,1024317.77,8194.54216,False,4.495582913589271e-05
2021-05-01,SOL,149,1289233.63,8652.574697986576,False,4.962101903798818e-05
2021-06-01,SOL,125,177359.26999999996,1418.8741599999996,False,1.0719008980541107e-05
2021-07-01,SOL,4538,5875836.759999997,1294.807571617452,False,0.00043172763705345726
2021-08-01,SOL,33457,61203288.109999865,1829.311896165223,False,0.003795394569068963
2021-09-01,SOL,62791,165328064.07,2632.9898244971414,False,0.012968439687819583
2021-10-01,SOL,36563,75482852.68000013,2064.460046495094,False,0.005403674870781079
2021-11-01,SOL,44174,72842958.2699998,1649.000730520211,False,0.0040051748805193165
2021-12-01,SOL,96126,119780683.83999608,1246.079976697211,False,0.008043941387556706
2022-01-01,SOL,55726,48101173.70000046,863.172912105668,False,0.0032018621133306714
2022-02-01,SOL,56924,84553858.64000031,1485.381537488587,False,0.006581526557280687
2022-03-01,SOL,46613,25823858.350000262,554.0054995387609,False,0.001954064522477929
2022-04-01,SOL,43561,28998946.3000002,665.7089208236772,False,0.002196075468864285
2022-05-01,SOL,43923,239733030.30999985,5458.029513239074,False,0.013893507898329147
2022-06-01,SOL,38302,18806395.42000033,491.0029612030789,False,0.0012631219644716899
2022-07-01,SOL,39831,18903375.08000007,474.5895177123364,False,0.0013104849894338799
2022-08-01,SOL,34328,14129378.69000004,411.59923939641226,False,0.0009563391453745936
2022-09-01,SOL,25693,8368010.220000023,325.69222044915045,False,0.0006823119151071033
2022-10-01,SOL,20212,6572850.909999986,325.19547348109967,False,0.00047576204548127604
2022-11-01,SOL,62740,30134894.77000004,480.31391090213646,False,0.0019218131220525853
2022-12-01,SOL,36300,23209321.399999995,639.3752451790632,False,0.001689873329576689
2023-01-01,SOL,142920,35239289.00000001,246.56653372516095,False,0.0020602446550586286
2023-02-01,SOL,87127,27306408.789999943,313.4092622264045,False,0.0017620878380683364
2023-03-01,SOL,73792,23730754.980000038,321.589806212056,False,0.001167220279350901
2023-04-01,SOL,69598,17930728.619999986,257.63281444869085,False,0.0008051035593804352
2023-05-01,SOL,51584,10932790.460000057,211.94150240384727,False,0.0006094348853581086
2023-06-01,SOL,61023,16542526.180000609,271.0867407371091,False,0.0007783509433106999
2023-07-01,SOL,103986,26216526.90000048,252.11592810571116,False,0.001198948902863006
2023-08-01,SOL,48817,13730311.300000316,281.2608578978699,False,0.0005739649711809292
2023-09-01,SOL,60465,13114115.31000008,216.8877087571336,False,0.0007786963778708743
2023-10-01,SOL,222771,56709838.66000199,254.56562416114303,False,0.0025902380393021994
2023-11-01,SOL,385332,201756743.7699977,523.591977230019,False,0.008860727350277951
2023-12-01,SOL,199911,145992622.1900004,730.2880891496736,False,0.005907808068877778
2024-01-01,SOL,139072,119936038.96000056,862.4024890704136,False,0.004508155303267995
2024-02-01,SOL,365545,232175650.4800048,635.1492989372165,False,0.010795810879252155
2024-03-01,SOL,866468,665848012.2100017,768.4623231440765,False,0.020355684412377374
2024-04-01,SOL,522555,481587733.249996,921.6020002679066,False,0.015368477464855495
2024-05-01,SOL,446003,360840898.5499994,809.0548685771159,False,0.012963441156413315
2024-06-01,SOL,384200,276495494.94999725,719.6655256376815,False,0.010340795323669955
2024-07-01,SOL,513893,475361763.4499965,925.0208962760664,False,0.016113897529558337
2024-08-01,SOL,509467,641186595.8400029,1258.543921078309,False,0.019160347380612074
2024-09-01,SOL,355320,376710877.0500003,1060.2017253461677,False,0.011076789521620228
2024-10-01,SOL,443657,510726680.78999984,1151.1746254200878,False,0.01620278924112892
2024-11-01,SOL,1011995,1296593147.1199927,1281.2248549844542,False,0.03449633697758335
2024-12-01,SOL,1029695,999816477.3199978,970.9831331802114,False,0.020967870532282832
2025-01-01,SOL,1153411,1386110177.910009,1201.7487070177142,False,0.032272236054682005
2025-02-01,SOL,684092,728259366.9899943,1064.563489983795,False,0.02209394162349863
2025-03-01,SOL,767281,749346595.5899923,976.6260282608226,False,0.02144714865881462
2025-04-01,SOL,501304,475527611.9399816,948.5813237875252,False,0.014005765415332543
2025-05-01,SOL,551602,514463494.51999897,932.6715539827612,False,0.01579061364272331
2025-06-01,SOL,431137,369083780.4299953,856.070762727382,False,0.010065788457391334
2025-07-01,SOL,591119,738873781.9099811,1249.9577613136798,False,0.018465190896248648
2025-08-01,SOL,611700,790871828.3799725,1292.908007814243,False,0.021063262764337527
2025-09-01,SOL,603157,726086409.5899701,1203.809969195367,False,0.021442260969759784
2025-10-01,SOL,624616,838606445.509951,1342.5952033088345,False,0.018179258293431085
2025-11-01,SOL,537835,551414870.7899745,1025.2491392155111,False,0.01142472671895432
2025-12-01,SOL,273238,285618389.71000093,1045.309911908303,False,0.007391299290285553
2026-01-01,SOL,409740,364846749.70999664,890.434787206513,False,0.009649506718423143
2026-02-01,SOL,422926,282041248.7200031,666.8808461054726,False,0.007631162592415229
2026-03-01,SOL,356173,288786112.4399971,810.8029312721545,False,0.007452858568922972
2026-04-01,SOL,328514,180518306.16000423,549.4995834576433,False,0.004437422550059285
2026-05-01,SOL,327675,173246815.8000007,528.7153911650284,False,0.0031618475159004003
2026-06-01,SOL,323532,163491302.73999408,505.332711261928,False,0.0031574474812180978
2020-11-01,SUSHI,2,49396.18,24698.09,False,5.092582557281248e-06
2020-12-01,SUSHI,6,5238.48,873.0799999999999,False,4.731284595012446e-07
2021-01-01,SUSHI,35,58168.45,1661.9557142857143,False,3.737069414078276e-06
2021-02-01,SUSHI,68,64111.32,942.8135294117646,False,3.8281409020012114e-06
2021-03-01,SUSHI,33,18414.13,558.0039393939394,False,1.0150408464822948e-06
2021-04-01,SUSHI,73,21800.42,298.6358904109589,False,9.567889822029524e-07
2021-05-01,SUSHI,10352,6534474.720000011,631.2282380216394,False,0.00025150390661495003
2021-06-01,SUSHI,11388,6934348.470000031,608.9171469968414,False,0.00041908913768156486
2021-07-01,SUSHI,10523,7881659.510000018,748.9935864297271,False,0.0005791056449145159
2021-08-01,SUSHI,13505,10477375.16000002,775.8145249907457,False,0.0006497326207195213
2021-09-01,SUSHI,30888,25370317.24000005,821.3648420098438,False,0.0019900640029782576
2021-10-01,SUSHI,18906,13502655.66000012,714.1994953982926,False,0.0009666296183594691
2021-11-01,SUSHI,30496,24352408.170000155,798.5443392576126,False,0.0013389853432518792
2021-12-01,SUSHI,43648,31431789.84000022,720.1198185483921,False,0.002110820101150045
2022-01-01,SUSHI,22756,13424974.840000115,589.9531921251589,False,0.0008936355395546919
2022-02-01,SUSHI,10202,4608265.899999995,451.7022054499113,False,0.0003586994714575079
2022-03-01,SUSHI,9237,3813884.419999993,412.892109992421,False,0.00028859267027203254
2022-04-01,SUSHI,6792,3583657.839999996,527.6292461719664,False,0.0002713885873579865
2022-05-01,SUSHI,7237,1426135.5799999973,197.0617078900093,False,8.265037954593314e-05
2022-06-01,SUSHI,6593,1451536.0699999975,220.16321401486388,False,9.749168042537526e-05
2022-07-01,SUSHI,7284,1847957.78,253.7009582646897,False,0.00012811050521659265
2022-08-01,SUSHI,5627,1542328.419999997,274.0942633730224,False,0.00010439164208357275
2022-09-01,SUSHI,3642,926168.3299999996,254.30212246018655,False,7.55180347943989e-05
2022-10-01,SUSHI,6972,2149811.26,308.3492914515203,False,0.00015560958501282686
2022-11-01,SUSHI,6780,2175532.370000001,320.87498082595886,False,0.00013874170419464707
2022-12-01,SUSHI,3954,836783.1199999996,211.62951947395035,False,6.0926274092958615e-05
2023-01-01,SUSHI,3032,989191.13,326.2503726912929,False,5.783248743792488e-05
2023-02-01,SUSHI,3049,1074827.8499999987,352.5181534929481,False,6.935884894522374e-05
2023-03-01,SUSHI,2691,1069208.37,397.3275250836121,False,5.259005427208366e-05
2023-04-01,SUSHI,2125,493229.69,232.10808941176467,False,2.2146393904382732e-05
2023-05-01,SUSHI,1634,263574.35999999987,161.30621787025694,False,1.4692626777915574e-05
2023-06-01,SUSHI,2113,280571.7100000001,132.78358258400382,False,1.3201324439118291e-05
2023-07-01,SUSHI,2146,276423.2200000001,128.80858341099724,False,1.2641541635511352e-05
2023-08-01,SUSHI,1884,249178.40999999992,132.26030254777066,False,1.0416346417036912e-05
2023-09-01,SUSHI,1552,147018.80999999997,94.72861469072164,False,8.729755086001721e-06
2023-10-01,SUSHI,3136,399511.5800000001,127.39527423469391,False,1.824780525054817e-05
2023-11-01,SUSHI,8944,1756371.9999999998,196.3743291592129,False,7.71361250526717e-05
2023-12-01,SUSHI,4142,786794.0000000008,189.95509415741208,False,3.183878659084049e-05
2024-01-01,SUSHI,9406,458096.5400000003,48.70258770997239,False,1.7218930724387754e-05
2024-02-01,SUSHI,8904,1533878.559999999,172.26848158131165,False,7.132299537554537e-05
2024-03-01,SUSHI,10887,2424969.1899999967,222.7398906953244,False,7.413389637905847e-05
2024-04-01,SUSHI,6441,1291078.4299999992,200.44689178698948,False,4.120102815516671e-05
2024-05-01,SUSHI,3685,783740.4099999996,212.6839647218452,False,2.815637786006244e-05
2024-06-01,SUSHI,2796,790177.8599999995,282.6101072961372,False,2.9552262763027016e-05
2024-07-01,SUSHI,2731,657165.15,240.6316916880264,False,2.227670103342409e-05
2024-08-01,SUSHI,2660,291441.7900000001,109.56458270676696,False,8.709049711670545e-06
2024-09-01,SUSHI,1650,260151.94,157.66784242424242,False,7.649495829765217e-06
2024-10-01,SUSHI,2238,386995.3699999998,172.920183199285,False,1.2277416969294702e-05
2024-11-01,SUSHI,5536,1157597.8400000017,209.1036560693645,False,3.079831577226985e-05
2024-12-01,SUSHI,10137,4247798.199999992,419.0389858932615,False,8.908363157167425e-05
2025-01-01,SUSHI,4509,1144447.9599999995,253.8141406076735,False,2.6645713526978465e-05
2025-02-01,SUSHI,1978,327958.6599999997,165.8031648129422,False,9.949613856542928e-06
2025-03-01,SUSHI,1452,252935.02000000008,174.1976721763086,False,7.239286875907039e-06
2025-04-01,SUSHI,1314,160543.4,122.17914764079148,False,4.728501863870095e-06
2025-05-01,SUSHI,1563,341337.42,218.38606525911703,False,1.0476792577970664e-05
2025-06-01,SUSHI,1557,248239.87,159.4347270391779,False,6.770088935361014e-06
2025-07-01,SUSHI,3145,598012.3699999995,190.14701748807616,False,1.4944924073261264e-05
2025-08-01,SUSHI,1675,335477.93,200.2853313432836,False,8.934772408951029e-06
2025-09-01,SUSHI,1152,214274.88000000003,186.00250000000003,False,6.3278114499051895e-06
2025-10-01,SUSHI,1820,195227.92000000016,107.268087912088,False,4.232138690051589e-06
2025-11-01,SUSHI,1646,289142.8500000001,175.6639428918591,False,5.990730789064643e-06
2025-12-01,SUSHI,1313,90976.68000000008,69.28916984006098,False,2.3543157392606474e-06
2026-01-01,SUSHI,1413,212288.87999999992,150.2398301486199,False,5.614639503941827e-06
2026-02-01,SUSHI,2020,171467.96999999986,84.88513366336626,False,4.6393921612522395e-06
2026-03-01,SUSHI,1001,78744.62000000001,78.66595404595405,False,2.0322047724698726e-06
2026-04-01,SUSHI,1730,234658.52,135.64076300578037,False,5.768273757723993e-06
2026-05-01,SUSHI,1436,92162.05999999998,64.17970752089136,False,1.6820071360368542e-06
2026-06-01,SUSHI,1930,92183.85000000002,47.76365284974094,False,1.780312836912058e-06
2019-08-01,THETA,3,874.49,291.49666666666667,False,2.1974768284156877e-07
2020-05-01,THETA,5,55768.94,11153.788,False,8.739497641619031e-06
2020-06-01,THETA,3,70946.87,23648.956666666665,False,1.0867159329069997e-05
2020-11-01,THETA,16,11178.48,698.655,False,1.1524642647451136e-06
2020-12-01,THETA,17,127387.50000000004,7493.382352941178,False,1.1505370190344302e-05
2021-01-01,THETA,12,196650.26,16387.521666666667,False,1.263392220209651e-05
2021-02-01,THETA,27,33075.39,1225.0144444444445,False,1.974959387962092e-06
2021-03-01,THETA,159,2150143.350000001,13522.9141509434,False,0.00011852220691622564
2021-04-01,THETA,77,565215.55,7340.461688311689,False,2.4806495049626664e-05
2021-05-01,THETA,55,38941.10999999999,708.0201818181816,False,1.4987954981211525e-06
2021-06-01,THETA,6190,5341398.019999996,862.907596122778,False,0.0003228164693338242
2021-07-01,THETA,6212,5102378.369999994,821.3744961365089,False,0.00037489771193588596
2021-08-01,THETA,7873,6599182.290000004,838.204279182015,False,0.00040923455907706054
2021-09-01,THETA,5662,3974410.480000003,701.9446273401629,False,0.00031175531446793714
2021-10-01,THETA,5717,4413553.870000004,772.0052247682357,False,0.00031595798636895874
2021-11-01,THETA,3615,2389482.890000002,660.991117565699,False,0.0001313825944985023
2021-12-01,THETA,2237,1327528.770000001,593.441560125168,False,8.915096552996606e-05
2022-01-01,THETA,2080,948704.869999999,456.10811057692257,False,6.315068731857718e-05
2022-02-01,THETA,1962,1128138.1700000009,574.9939704383287,False,8.781232986361333e-05
2022-03-01,THETA,1160,534567.21,460.8338017241379,False,4.0450145202295e-05
2022-04-01,THETA,917,443039.36,483.1399781897492,False,3.3551145623429986e-05
2022-05-01,THETA,958,362746.5300000001,378.6498225469729,False,2.102264244993473e-05
2022-06-01,THETA,1613,555090.4800000001,344.13544947303166,False,3.728236920996959e-05
2022-07-01,THETA,1458,455519.81999999954,312.4278600823042,False,3.157911663781154e-05
2022-08-01,THETA,1455,500716.9499999992,344.13536082474167,False,3.38907485278513e-05
2022-09-01,THETA,387,164152.49000000008,424.1666408268736,False,1.3384687264578815e-05
2022-10-01,THETA,382,87546.20999999998,229.17856020942403,False,6.336849034619807e-06
2022-11-01,THETA,317,131348.66,414.3490851735016,False,8.376587350931149e-06
2022-12-01,THETA,415,45357.91,109.2961686746988,False,3.302514583400953e-06
2023-01-01,THETA,456,186158.42000000004,408.2421491228071,False,1.0883644383380131e-05
2023-02-01,THETA,485,156172.19999999995,322.00453608247415,False,1.0077822257064962e-05
2023-03-01,THETA,130,18635.0,143.3461538461538,False,9.165806112799874e-07
2023-04-01,THETA,188,36233.27,192.73015957446808,False,1.6269017987620607e-06
2023-05-01,THETA,62,6540.98,105.49967741935482,False,3.646188419154665e-07
2023-06-01,THETA,80,6769.41,84.617625,False,3.185110062287168e-07
2023-07-01,THETA,82,6530.2,79.63658536585366,False,2.986427666540322e-07
2023-08-01,THETA,134,24337.68,181.6244776119403,False,1.0173823079896488e-06
2023-09-01,THETA,65,8104.389999999999,124.68292307692307,False,4.81226448652669e-07
2023-10-01,THETA,105,14892.77,141.83590476190474,False,6.802315131921989e-07
2023-11-01,THETA,277,70037.84,252.84418772563177,False,3.075913066627692e-06
2023-12-01,THETA,342,101532.08000000002,296.87742690058485,False,4.108646262228921e-06
2024-01-01,THETA,212,57761.650000000016,272.4606132075472,False,2.1711446453542994e-06
2024-02-01,THETA,576,334708.9600000001,581.0919444444446,False,1.5563452172011337e-05
2024-03-01,THETA,1399,693590.3299999993,495.77578984989225,False,2.1203796677407262e-05
2024-04-01,THETA,734,363664.4400000004,495.455640326976,False,1.1605297155706459e-05
2024-05-01,THETA,659,384783.0700000001,583.8893323216997,False,1.3823579050970289e-05
2024-06-01,THETA,559,222683.4,398.3602862254024,False,8.328249477610337e-06
2024-07-01,THETA,217,51746.12,238.46138248847927,False,1.7540991710830786e-06
2024-08-01,THETA,85,6941.25,81.66176470588235,False,2.07422865853017e-07
2024-09-01,THETA,146,37862.95999999999,259.33534246575334,False,1.1133207564109155e-06
2024-10-01,THETA,236,93613.62000000002,396.6678813559323,False,2.9698893987933417e-06
2024-11-01,THETA,815,738655.96,906.3263312883436,False,1.9652213158197576e-05
2024-12-01,THETA,818,405135.34,495.2754767726161,False,8.496384636451197e-06
2025-01-01,THETA,351,147152.66000000003,419.23834757834766,False,3.426095165649005e-06
2025-02-01,THETA,140,16687.67,119.19764285714284,False,5.062707374929995e-07
2025-03-01,THETA,68,10119.71,148.81926470588235,False,2.8963756695686184e-07
2025-04-01,THETA,119,42393.89000000001,356.2511764705883,False,1.2486317586503328e-06
2025-05-01,THETA,143,20380.579999999994,142.52153846153843,False,6.255484947379556e-07
2025-06-01,THETA,89,26739.930000000004,300.4486516853933,False,7.292611949294369e-07
2025-07-01,THETA,130,40092.42000000001,308.40323076923084,False,1.0019494627064354e-06
2025-08-01,THETA,75,7185.6,95.808,False,1.9137384274953203e-07
2025-09-01,THETA,73,10343.81,141.69602739726028,False,3.0546594800866897e-07
2025-10-01,THETA,90,16037.54,178.1948888888889,False,3.4766079322696216e-07
2025-11-01,THETA,73,5889.93,80.68397260273973,False,1.220330538916508e-07
2025-12-01,THETA,47,2825.6900000000005,60.121063829787246,False,7.312386472304126e-08
2026-01-01,THETA,84,11273.499999999996,134.2083333333333,False,2.9816276032775805e-07
2026-02-01,THETA,47,1745.5,37.13829787234042,False,4.7227823467355396e-08
2026-03-01,THETA,30,34476.98,1149.2326666666663,False,8.897659712669684e-07
2026-04-01,THETA,82,20634.74,251.6431707317073,False,5.072342109694444e-07
2026-05-01,THETA,175,21633.33,123.6190285714286,False,3.9481990133727666e-07
2026-06-01,THETA,242,17497.710000000006,72.30458677685954,False,3.3792684650906305e-07
2019-08-01,TRX,606,82507.43000000002,136.1508745874588,False,2.0733017598500774e-05
2019-09-01,TRX,688,368796.9599999992,536.0420930232546,False,6.37536156251961e-05
2019-10-01,TRX,1418,1312221.519999996,925.403046544426,False,0.0002027873919456472
2019-11-01,TRX,1208,1306904.670000002,1081.8747268211937,False,0.0002371680827274215
2019-12-01,TRX,622,322509.73999999964,518.5044051446939,False,5.423864221922395e-05
2020-01-01,TRX,1958,545713.6499999996,278.70972931562795,False,8.132913908929468e-05
2020-02-01,TRX,2052,738733.1499999987,360.0064083820657,False,0.00011640466995812079
2020-03-01,TRX,1808,409256.35000000027,226.35860066371697,False,5.452500446378565e-05
2020-04-01,TRX,1823,765297.3099999987,419.8010477235319,False,0.00013333646671565667
2020-05-01,TRX,2886,972892.619999997,337.1076299376289,False,0.00015246107883776407
2020-06-01,TRX,2113,664506.0699999986,314.4846521533358,False,0.00010178452323300697
2020-07-01,TRX,2779,908337.9900000008,326.8578589420657,False,8.757501462237888e-05
2020-08-01,TRX,6780,3003244.7300000098,442.9564498525088,False,0.0003198395015971262
2020-09-01,TRX,8941,7335156.979999999,820.3955910971926,False,0.0011003760941248675
2020-10-01,TRX,3399,1984715.4300000016,583.9115710503095,False,0.00031570712330870583
2020-11-01,TRX,4729,2422484.409999992,512.2614527384208,False,0.0002497501193746504
2020-12-01,TRX,5347,2732181.9000000097,510.9747334954198,False,0.0002467649038316817
2021-01-01,TRX,14905,8396147.939999973,563.3108312646744,False,0.0005394159146865737
2021-02-01,TRX,30905,16755570.540000048,542.1637450250784,False,0.0010004892259360858
2021-03-01,TRX,28263,17210429.739999834,608.9385323567857,False,0.000948689358205546
2021-04-01,TRX,81645,67963665.2900004,832.4289949170236,False,0.0029828272179894524
2021-05-01,TRX,42009,27639926.859999917,657.9525068437695,False,0.0010638268386845113
2021-06-01,TRX,14653,6861135.420000021,468.24100320753575,False,0.0004146643825478585
2021-07-01,TRX,7320,2840917.340000008,388.103461748635,False,0.0002087366583448784
2021-08-01,TRX,13476,6365944.309999995,472.39123701395033,False,0.00039477079103568283
2021-09-01,TRX,13867,8731266.320000023,629.6434931852616,False,0.0006848861462580769
2021-10-01,TRX,11562,5749097.320000003,497.2407299775128,False,0.00041156701972380744
2021-11-01,TRX,11931,6069572.489999981,508.7228639678133,False,0.0003337275125803189
2021-12-01,TRX,7623,2980685.040000016,391.0120739866216,False,0.00020016963493508827
2022-01-01,TRX,7882,2474094.690000018,313.8917394062444,False,0.00016468849808343815
2022-02-01,TRX,7879,3011402.8600000134,382.2062266785142,False,0.0002344024059522333
2022-03-01,TRX,7112,2244571.580000005,315.60342800899963,False,0.0001698443986640051
2022-04-01,TRX,7438,2977190.4200000046,400.2676015057817,False,0.00022546111778894956
2022-05-01,TRX,12487,6644917.999999991,532.1468727476569,False,0.00038510012824419064
2022-06-01,TRX,10038,6997014.220000003,697.0526220362625,False,0.00046995089434329236
2022-07-01,TRX,7990,3857001.620000006,482.728613266584,False,0.00026738837407823087
2022-08-01,TRX,5303,1394182.3600000015,262.9044616254953,False,9.436445833264956e-05
2022-09-01,TRX,4487,1100371.6199999992,245.23548473367487,False,8.972224550792949e-05
2022-10-01,TRX,4572,1135468.0899999982,248.35260061242303,False,8.218847931804342e-05
2022-11-01,TRX,4713,1322595.959999997,280.62719287078227,False,8.434681091477151e-05
2022-12-01,TRX,4497,1100182.2299999986,244.6480386924613,False,8.010439323534917e-05
2023-01-01,TRX,3951,958716.3400000002,242.6515666919768,False,5.605079646193686e-05
2023-02-01,TRX,4201,1057728.7199999986,251.78022375624815,False,6.825543878073577e-05
2023-03-01,TRX,15677,2069822.4599999648,132.02924411558106,False,0.00010180623212384304
2023-04-01,TRX,21476,1984790.5300000235,92.4190040044712,False,8.911862725674338e-05
2023-05-01,TRX,13430,1847404.309999964,137.55802755025795,False,0.00010298126887130496
2023-06-01,TRX,11538,1174423.8100000126,101.78746836540238,False,5.5258421260060674e-05
2023-07-01,TRX,10267,1356790.2699999998,132.1506058244862,False,6.204949312457065e-05
2023-08-01,TRX,7680,983830.0999999956,128.10287760416608,False,4.112681807829187e-05
2023-09-01,TRX,4539,1218162.9400000002,268.376942057722,False,7.233267716589336e-05
2023-10-01,TRX,3687,825135.7199999996,223.7959641985353,False,3.7688309119427364e-05
2023-11-01,TRX,4681,1158487.3400000003,247.48714804528956,False,5.087830159566256e-05
2023-12-01,TRX,7628,1716547.4300000027,225.03243707393847,False,6.946263862818697e-05
2024-01-01,TRX,19705,2952127.9099999955,149.81618421720353,False,0.00011096457085622497
2024-02-01,TRX,27444,3766992.639999988,137.2610639848414,False,0.00017515936766365178
2024-03-01,TRX,25280,5274096.309999982,208.6272274525309,False,0.0001612347533944189
2024-04-01,TRX,17342,3438017.749999995,198.24805385768624,False,0.00010971437739511517
2024-05-01,TRX,17076,3057623.669999988,179.05971363316866,False,0.00010984709517069634
2024-06-01,TRX,17277,4280121.7399999965,247.7352399143368,False,0.00016007444490816834
2024-07-01,TRX,17156,3925273.7899999903,228.7988919328509,False,0.00013305962845742088
2024-08-01,TRX,21058,5131324.569999987,243.67577975116285,False,0.00015333751816047506
2024-09-01,TRX,17405,3473420.509999991,199.5645222637168,False,0.00010213229894140286
2024-10-01,TRX,20121,3546605.1099999947,176.26385915212936,False,0.00011251594498637351
2024-11-01,TRX,31180,7058061.279999979,226.36501860166703,False,0.00018778231310579343
2024-12-01,TRX,54089,28664903.94000011,529.9581049751356,False,0.0006011523197190507
2025-01-01,TRX,26199,7244034.370000006,276.5004149013323,False,0.00016865988786646634
2025-02-01,TRX,17809,5249366.189999983,294.7591773822215,False,0.00015925533596853895
2025-03-01,TRX,16718,5387713.25999994,322.2702033736057,False,0.00015420245837949954
2025-04-01,TRX,18349,4368399.040000011,238.0728671862233,False,0.00012866292231738204
2025-05-01,TRX,17139,3826214.369999989,223.24606861543785,False,0.00011743937805981128
2025-06-01,TRX,17334,5858033.659999997,337.9504822891426,False,0.0001597624461555606
2025-07-01,TRX,27039,12622805.3500002,466.8369891638078,False,0.00031545646379741143
2025-08-01,TRX,22714,6810442.089999968,299.83455534031737,False,0.0001813822747698798
2025-09-01,TRX,17800,4288612.629999986,240.93329382022392,False,0.00012664821982082974
2025-10-01,TRX,21707,4712328.049999958,217.08794628460672,False,0.00010215355396205709
2025-11-01,TRX,18817,3728478.299999988,198.1441409363867,False,7.725008502949086e-05
2025-12-01,TRX,14533,3632690.159999988,249.96147801555,False,9.40076030422878e-05
2026-01-01,TRX,13658,3063401.5399999847,224.29356714013653,False,8.102117879617693e-05
2026-02-01,TRX,11973,2970385.249999992,248.090307358222,False,8.036942435808418e-05
2026-03-01,TRX,12734,3041623.7499999907,238.85846945186043,False,7.849682049145314e-05
2026-04-01,TRX,14341,3767096.979999992,262.68021616344686,False,9.260114080893061e-05
2026-05-01,TRX,15269,3307419.5199999856,216.61009365380744,False,6.036218411901344e-05
2026-06-01,TRX,13593,3780728.1000000015,278.1378724343413,False,7.301581317447836e-05
2019-08-01,TUSD,3302,1003540.8599999988,303.9190975166562,False,0.00025217644412381493
2019-09-01,TUSD,1886,956419.1200000003,507.1151219512197,False,0.00016533535675854934
2019-10-01,TUSD,1794,766533.3999999992,427.27614269788137,False,0.00011845813123475513
2019-11-01,TUSD,1012,517848.3500000003,511.7078557312256,False,9.397556159399033e-05
2019-12-01,TUSD,956,372852.80000000016,390.0133891213391,False,6.270517479452216e-05
2020-01-01,TUSD,1316,580027.0599999991,440.7500455927045,False,8.64429567380157e-05
2020-02-01,TUSD,1873,1300052.9099999983,694.1019273892142,False,0.0002048537146554809
2020-03-01,TUSD,2583,2859037.090000001,1106.866856368564,False,0.0003809079812552173
2020-04-01,TUSD,2405,1362755.3800000015,566.6342536382542,False,0.0002374305841568326
2020-05-01,TUSD,4028,3241146.6100000083,804.6540739821272,False,0.0005079170081811953
2020-06-01,TUSD,4224,2122778.7699999874,502.55179214014856,False,0.0003251528237109981
2020-07-01,TUSD,3507,1351984.6699999794,385.5103136583916,False,0.000130348040650023
2020-08-01,TUSD,4291,1820152.1099999945,424.1790048939628,False,0.00019384252567833656
2020-09-01,TUSD,3078,1507104.2500000135,489.6375081221617,False,0.00022608670715238097
2020-10-01,TUSD,4208,1102052.3799999938,261.89457699619624,False,0.00017530260578732466
2020-11-01,TUSD,12352,2693626.9699999867,218.0721316386,False,0.000277704019283359
2020-12-01,TUSD,5851,4139778.309999992,707.533466074174,False,0.0003738960413110219
2021-01-01,TUSD,8347,4702427.779999988,563.3674110458834,False,0.00030211049165913763
2021-02-01,TUSD,11785,4596384.099999991,390.01986423419527,False,0.00027445396498649525
2021-03-01,TUSD,13351,4386096.149999982,328.5219197063877,False,0.00024177448235940092
2021-04-01,TUSD,21813,6793545.940000028,311.4448237289703,False,0.0002981589302170155
2021-05-01,TUSD,11409,6195267.43000002,543.0158147076887,False,0.00023844823462250138
2021-06-01,TUSD,4129,2150820.9999999963,520.9060305158625,False,0.00012998852337707732
2021-07-01,TUSD,2982,1275440.919999997,427.71325285043486,False,9.371313688314353e-05
2021-08-01,TUSD,4194,1465850.0099999923,349.5112088698122,False,9.090163843851801e-05
2021-09-01,TUSD,2918,1139397.500000001,390.4720699108982,False,8.937507278223598e-05
2021-10-01,TUSD,2767,1140884.7899999982,412.3183194795801,False,8.167378750661346e-05
2021-11-01,TUSD,2157,954289.3200000016,442.4150764951328,False,5.2470351341922194e-05
2021-12-01,TUSD,1248,633877.1799999994,507.9144070512816,False,4.2568390155802044e-05
2022-01-01,TUSD,829,594716.7799999994,717.3905669481296,False,3.95874150165278e-05
2022-02-01,TUSD,637,389006.5,610.6852433281003,False,3.0279595182112907e-05
2022-03-01,TUSD,774,334753.49000000005,432.4980490956073,False,2.533044867730479e-05
2022-04-01,TUSD,619,253384.19999999987,409.3444264943455,False,1.9188656720875326e-05
2022-05-01,TUSD,591,202817.97,343.1776142131979,False,1.1754129435039909e-05
2022-06-01,TUSD,496,287541.73,579.7212298387096,False,1.931259376153125e-05
2022-07-01,TUSD,405,174571.38000000006,431.0404444444446,False,1.2102239526358543e-05
2022-08-01,TUSD,464,172944.70000000007,372.7256465517243,False,1.1705665919487439e-05
2022-09-01,TUSD,408,318707.76000000007,781.1464705882355,False,2.5986835145750395e-05
2022-10-01,TUSD,375,201023.21,536.0618933333334,False,1.455064398818264e-05
2022-11-01,TUSD,563,208808.69,370.8857726465364,False,1.3316498481358724e-05
2022-12-01,TUSD,169,34135.19999999999,201.98343195266267,False,2.4853877924998788e-06
2023-01-01,TUSD,190,206263.28999999995,1085.5962631578946,False,1.2059063982741185e-05
2023-02-01,TUSD,184,94005.14999999998,510.897554347826,False,6.066170502488474e-06
2023-03-01,TUSD,248,289212.6200000001,1166.179919354839,False,1.4225204187254458e-05
2023-04-01,TUSD,382,168995.58,442.3968062827225,False,7.58803202374055e-06
2023-05-01,TUSD,277,222061.12000000017,801.6646931407948,False,1.2378522546904516e-05
2023-06-01,TUSD,154,122500.17999999996,795.4557142857141,False,5.763819239047261e-06
2023-07-01,TUSD,211,239765.2100000002,1136.328009478674,False,1.0965076974944886e-05
2023-08-01,TUSD,170,60887.480000000025,358.1616470588237,False,2.5452649936260814e-06
2023-09-01,TUSD,131,60989.14000000001,465.5659541984733,False,3.6214431004160023e-06
2023-10-01,TUSD,165,139279.83000000002,844.1201818181819,False,6.361645920675081e-06
2023-11-01,TUSD,192,92459.87,481.5618229166667,False,4.060640965964937e-06
2023-12-01,TUSD,277,39530.98000000001,142.71111913357404,False,1.5996797585477048e-06
2024-01-01,TUSD,309,117923.53999999994,381.6295792880257,False,4.432509501238682e-06
2024-02-01,TUSD,486,177681.24999999994,365.5992798353908,False,8.261905018133329e-06
2024-03-01,TUSD,891,227441.27000000028,255.26517396184093,False,6.953122378639995e-06
2024-04-01,TUSD,537,100872.63,187.84474860335197,False,3.219057783124544e-06
2024-05-01,TUSD,432,82064.20999999998,189.963449074074,False,2.948209478630195e-06
2024-06-01,TUSD,353,30929.01999999999,87.61762039660054,False,1.1567301139555063e-06
2024-07-01,TUSD,297,41656.789999999964,140.25855218855207,False,1.412089269861814e-06
2024-08-01,TUSD,367,74237.69999999995,202.28256130790177,False,2.2184183667691713e-06
2024-09-01,TUSD,271,70361.30999999998,259.6358302583025,False,2.0689007639989823e-06
2024-10-01,TUSD,324,69275.56000000001,213.8134567901235,False,2.19776514613442e-06
2024-11-01,TUSD,640,129610.62999999992,202.51660937499983,False,3.4483384231114524e-06
2024-12-01,TUSD,607,132003.65000000008,217.46894563426704,False,2.7683434968064788e-06
2025-01-01,TUSD,674,155111.7300000002,230.136097922849,False,3.6114029354851915e-06
2025-02-01,TUSD,279,38490.78,137.95978494623657,False,1.1677337565568347e-06
2025-04-01,TUSD,77,12766.32,165.79636363636362,False,3.760077830341333e-07
2025-06-01,TUSD,11,598.7099999999999,54.42818181818181,False,1.6328239079765843e-08
2025-07-01,TUSD,1,446.55,446.55,False,1.1159728760986705e-08
2025-08-01,TUSD,5,1325.72,265.144,False,3.530785610247016e-08
2020-09-01,UNI,7,25.49,3.641428571428571,False,3.8238563558653216e-09
2020-10-01,UNI,5,8380.0,1676.0,False,1.333000012665268e-06
2020-11-01,UNI,14,36436.58,2602.612857142857,False,3.756490719626149e-06
2020-12-01,UNI,7,4363.11,623.3014285714286,False,3.940668882833332e-07
2021-01-01,UNI,30,21941.37,731.379,False,1.409637401890108e-06
2021-02-01,UNI,60,122594.54,2043.2423333333331,False,7.320223213872738e-06
2021-03-01,UNI,46,38930.58,846.3169565217391,False,2.1459677365830858e-06
2021-04-01,UNI,62,78470.87,1265.659193548387,False,3.4439732739039065e-06
2021-05-01,UNI,45403,28907408.960000224,636.6849979076322,False,0.001112610668047095
2021-06-01,UNI,18200,10117428.230000012,555.9026500000007,False,0.0006114639739854041
2021-07-01,UNI,17393,11618171.569999984,667.9797372506172,False,0.0008536462062635231
2021-08-01,UNI,40442,43377059.69000017,1072.5745435438448,False,0.002689938103876283
2021-09-01,UNI,24526,21541851.94000016,878.3271605643057,False,0.0016897567223042567
2021-10-01,UNI,23334,16103056.040000124,690.1112556784145,False,0.0011527873705968687
2021-11-01,UNI,23915,12886668.149999993,538.8529437591466,False,0.0007085566099149647
2021-12-01,UNI,26115,9671757.129999992,370.3525609802793,False,0.0006495124670713028
2022-01-01,UNI,17694,6935433.230000002,391.9652554538263,False,0.00046165819231706943
2022-02-01,UNI,9236,3473421.359999999,376.0742052836725,False,0.00027036512931712976
2022-03-01,UNI,7459,4393439.85,589.0119117844215,False,0.0003324470273252435
2022-04-01,UNI,5982,5230345.440000001,874.3472818455368,False,0.0003960914026200359
2022-05-01,UNI,9444,26241347.830000013,2778.6264114781884,False,0.0015207932460014454
2022-06-01,UNI,10031,2017071.5999999968,201.08380021931976,False,0.00013547558609570094
2022-07-01,UNI,7637,2636809.6999999955,345.2677360219976,False,0.00018279801978322876
2022-08-01,UNI,6041,2423495.189999996,401.1745058765099,False,0.0001640329252739441
2022-09-01,UNI,5896,1311191.8099999998,222.38667062415195,False,0.00010691212981738526
2022-10-01,UNI,28973,2002454.85,69.11451523832534,False,0.0001449434999309765
2022-11-01,UNI,41751,2773286.710000001,66.4244379775335,False,0.00017686269791782777
2022-12-01,UNI,22264,1538995.369999999,69.12483695652169,False,0.00011205442784315992
2023-01-01,UNI,139490,11468422.40000051,82.21680693956922,False,0.0006704946842586891
2023-02-01,UNI,114527,11057814.729999902,96.55203340696868,False,0.000713562922213389
2023-03-01,UNI,114996,10764121.770000152,93.604314671816,False,0.000529443805303942
2023-04-01,UNI,104749,9187655.83000004,87.71115552415814,False,0.0004125328405698354
2023-05-01,UNI,84823,5774687.170000326,68.0792611673759,False,0.0003219027956590024
2023-06-01,UNI,94045,8366662.930000173,88.96446307618876,False,0.00039366417880005186
2023-07-01,UNI,125459,11696542.540000957,93.22999976088566,False,0.0005349128394892143
2023-08-01,UNI,141639,14131862.749999829,99.77381053240865,False,0.0005907509319206996
2023-09-01,UNI,72609,6425358.139999901,88.49258549215526,False,0.0003815280704696678
2023-10-01,UNI,134296,11506831.989999844,85.6826114701841,False,0.0005255778298198383
2023-11-01,UNI,181796,28653450.77000138,157.61320804638925,False,0.0012583986546047187
2023-12-01,UNI,134320,13322029.66000067,99.18128097082096,False,0.0005390956963342479
2024-01-01,UNI,191694,22671060.95000092,118.26693036819574,False,0.0008521597389634027
2024-02-01,UNI,221720,47384359.91000311,213.71261009382604,False,0.0022032999031776877
2024-03-01,UNI,357618,97095329.17000397,271.5057104787901,False,0.0029683078454203603
2024-04-01,UNI,200886,46024508.250000775,229.10759460589972,False,0.001468738859060627
2024-05-01,UNI,182911,45176383.30000129,246.9856011940304,False,0.0016229906003517817
2024-06-01,UNI,230428,97516495.64000174,423.1972487718582,False,0.003647068905325836
2024-07-01,UNI,146681,51316724.86000154,349.85257027155217,False,0.0017395434583235827
2024-08-01,UNI,130314,37437257.240001634,287.28499808156937,False,0.0011187240318959479
2024-09-01,UNI,141384,28242819.360001184,199.7596571040654,False,0.0008304505779012886
2024-10-01,UNI,176058,50519209.1500021,286.9463991980035,False,0.00160272045552789
2024-11-01,UNI,413545,219434251.78000748,530.6175912657812,False,0.005838128876927092
2024-12-01,UNI,659947,444612016.6800183,673.7086715751694,False,0.009324278419408416
2025-01-01,UNI,315633,181429005.86000887,574.8100035801353,False,0.004224137299899853
2025-02-01,UNI,178471,79589230.52000155,445.9504934695359,False,0.0024145790533886113
2025-03-01,UNI,192363,81190842.25000238,422.07099208268943,False,0.002323773903448723
2025-04-01,UNI,131768,54336145.13000143,412.36222094895146,False,0.0016003682712757285
2025-05-01,UNI,204080,124986538.44001362,612.4389378675696,False,0.0038362569163222122
2025-06-01,UNI,189386,113685042.7900071,600.2821897606323,False,0.0031004602536597787
2025-07-01,UNI,274353,202967271.3000116,739.8033602694762,False,0.005072354036649268
2025-08-01,UNI,200287,191471199.0800085,955.9841581331216,False,0.005099445995296411
2025-09-01,UNI,131654,76972425.96000262,584.6569489723261,False,0.0022730942531232964
2025-10-01,UNI,156220,143883491.5200013,921.0311837152816,False,0.003119097367433442
2025-11-01,UNI,173314,209942454.9000036,1211.3415817533703,False,0.004349783259386377
2025-12-01,UNI,109203,43299829.10000246,396.5076884334905,False,0.0011205230742365173
2026-01-01,UNI,142885,93660974.60000432,655.4989998950507,False,0.002477155694480448
2026-02-01,UNI,72348,54482722.62000056,753.0646682700359,False,0.0014741337186584228
2026-03-01,UNI,93712,44412632.94000113,473.9268497097611,False,0.001146180712010839
2026-04-01,UNI,81778,40057904.82000061,489.83717894789066,False,0.0009846860074060595
2026-05-01,UNI,69991,43503354.46000126,621.556406680877,False,0.0007939596038029407
2026-06-01,UNI,80810,51874424.14000288,641.9307528771548,False,0.001001831700497081
2019-11-01,USDC,3,760520.0,253506.66666666663,True,0.0001380139457883017
2019-12-01,USDC,2,86348.0,43174.0,True,1.4521726625513868e-05
2020-01-01,USDC,3,1542.11,514.0366666666666,True,2.298247051012785e-07
2020-02-01,USDC,9,3217.77,357.53,True,5.070348539944945e-07
2020-03-01,USDC,34,31473.33,925.6861764705884,True,4.193174910395887e-06
2020-04-01,USDC,765,244558.91,319.6848496732026,True,4.260908869943935e-05
2020-05-01,USDC,6632,3560540.449999985,536.8728060916744,True,0.0005579689136222426
2020-06-01,USDC,19766,9901481.250000045,500.9350020236792,True,0.001516641598671649
2020-07-01,USDC,22097,8748662.710000038,395.9208358600732,True,0.0008434792700396838
2020-08-01,USDC,19657,176598792.38,8984.015484560206,True,0.018807414918022142
2020-09-01,USDC,14780,205071345.2,13874.921867388364,True,0.030763568722984365
2020-10-01,USDC,9207,413058494.6099999,44863.52716520038,True,0.06570489004136354
2020-11-01,USDC,24362,623845992.2800001,25607.338982021185,True,0.06431645561893533
2020-12-01,USDC,26935,635908211.2400001,23608.992435121592,True,0.05743388776289559
2021-01-01,USDC,52714,622086551.5999997,11801.16385779868,True,0.03996634988372195
2021-02-01,USDC,51339,736954446.2399998,14354.670839712497,True,0.04400417053592089
2021-03-01,USDC,57097,660665155.3400005,11570.925886473904,True,0.036417800814791186
2021-04-01,USDC,71823,799235702.4000005,11127.851835762924,True,0.03507730191618136
2021-05-01,USDC,54051,927463315.2999986,17159.04081885624,True,0.03569692393576242
2021-06-01,USDC,26173,1199764364.3799994,45839.772451763245,True,0.0725097988750315
2021-07-01,USDC,22028,1348269697.6900003,61207.08633057927,True,0.09906423790685487
2021-08-01,USDC,32682,1142212908.7799995,34949.296517348994,True,0.07083195698428109
2021-09-01,USDC,36569,838093506.1699998,22918.141217151133,True,0.0657405937017266
2021-10-01,USDC,43311,362655611.1499999,8373.291107339934,True,0.025961830311670802
2021-11-01,USDC,42531,673401016.0900003,15833.180881944942,True,0.0370260749729963
2021-12-01,USDC,38327,401789186.6999996,10483.189049495122,True,0.026982386177442117
2022-01-01,USDC,30362,1109445068.1199996,36540.57928067978,True,0.07385038362244702
2022-02-01,USDC,25238,1035713302.4100016,41037.85174776137,True,0.08061813754192831
2022-03-01,USDC,26407,795497954.5400004,30124.510718370148,True,0.060194503454994344
2022-04-01,USDC,24051,627729799.37,26099.94592199909,True,0.04753765875526129
2022-05-01,USDC,29035,1057938564.7,36436.66487687274,True,0.06131185921939828
2022-06-01,USDC,24566,849111836.9899999,34564.51343279329,True,0.05703016381620647
2022-07-01,USDC,30112,1029213459.8000002,34179.51181588736,True,0.07135068654582319
2022-08-01,USDC,26244,530620670.2,20218.742196311538,True,0.03591476521301735
2022-09-01,USDC,131669,354537893.86999977,2692.6451470733414,True,0.028908357301752653
2022-10-01,USDC,110503,453168392.5600009,4100.96008759944,True,0.03280164487890512
2022-11-01,USDC,91188,782589436.3900001,8582.153752577095,True,0.049908607928218
2022-12-01,USDC,79621,988296202.8000004,12412.5067858982,True,0.07195795887567984
2023-01-01,USDC,86459,793525529.7600002,9178.055838721246,True,0.04639301125912633
2023-02-01,USDC,77038,634520025.9500002,8236.455073470237,True,0.04094569993937686
2023-03-01,USDC,49111,435662731.99000025,8870.980676223255,True,0.021428495476217
2023-04-01,USDC,28718,419442338.51000106,14605.555348910128,True,0.018833284851157126
2023-05-01,USDC,53735,1037895380.219998,19315.07174504509,True,0.05785619457103194
2023-06-01,USDC,47372,1139734648.399994,24059.246989782867,True,0.05362624360108411
2023-07-01,USDC,39949,1056969614.5900006,26457.97428195952,True,0.04833792685835103
2023-08-01,USDC,46323,1275470338.4599998,27534.27753945124,True,0.05331818631499688
2023-09-01,USDC,26088,1100229906.1600008,42173.79278442199,True,0.06532999157775433
2023-10-01,USDC,34348,1136834280.5200002,33097.53931873763,True,0.05192522968439615
2023-11-01,USDC,56443,1207841015.0400002,21399.30576050175,True,0.05304581010165921
2023-12-01,USDC,79703,858199358.4400002,10767.46619876291,True,0.03472831036556883
2024-01-01,USDC,59154,1310389333.14,22152.16778476519,True,0.04925490847259906
2024-02-01,USDC,187294,1077364353.719999,5752.263039499392,True,0.05009578647357126
2024-03-01,USDC,515573,1663872954.3799903,3227.230584960792,True,0.050866372115814074
2024-04-01,USDC,487595,1361889221.8100004,2793.0746250679363,True,0.04346074945424651
2024-05-01,USDC,418530,827204959.7800047,1976.4532047404125,True,0.029717869741185832
2024-06-01,USDC,561236,1328426176.070005,2366.965369416796,True,0.04968248467060821
2024-07-01,USDC,567651,1242612898.1700296,2189.0437930524736,True,0.04212231283538149
2024-08-01,USDC,547864,1118572204.9800005,2041.6968535621984,True,0.03342588905751559
2024-09-01,USDC,1096418,1480025308.3500257,1349.8732311490924,True,0.043518596955957736
2024-10-01,USDC,1251142,1437023711.5599976,1148.5696360285224,True,0.045589535868570154
2024-11-01,USDC,1853495,888319406.8199497,479.26722587325554,True,0.02363406413912816
2024-12-01,USDC,2863659,1066396075.399962,372.38933664935735,True,0.022364159175548817
2025-01-01,USDC,2422921,968152225.6799198,399.5805994829876,True,0.022541092087729146
2025-02-01,USDC,1872794,978251922.7299604,522.3489197049757,True,0.02967821885107039
2025-03-01,USDC,2349234,1943341168.6700573,827.2233283998348,True,0.05562062626900375
2025-04-01,USDC,2308282,1427900861.42981,618.5989672968078,True,0.042056116194702314
2025-05-01,USDC,2395066,2183209250.5696416,911.5445046481564,True,0.06701002917443075
2025-06-01,USDC,2344829,1741643434.5598972,742.75925219276,True,0.04749873960882317
2025-07-01,USDC,2552573,2513241920.859801,984.591594778994,True,0.06280841596134047
2025-08-01,USDC,2559708,2220768273.2998505,867.5865658504214,True,0.059145646615124045
2025-09-01,USDC,2532227,3352990220.139945,1324.12703132063,True,0.09901809258472885
2025-10-01,USDC,2774854,5636704672.539832,2031.3518017668075,True,0.12219213281097487
2025-11-01,USDC,2807959,5712168837.579946,2034.277864306404,True,0.1183500326140721
2025-12-01,USDC,2133844,4448336325.979857,2084.6586376416726,True,0.11511508472038384
2026-01-01,USDC,2452725,4192153586.039956,1709.1820673087916,True,0.11087453629587823
2026-02-01,USDC,2650367,4183796622.819911,1578.5725610151012,True,0.11320057767164504
2026-03-01,USDC,2444337,3837838789.230408,1570.0939719974815,True,0.09904517036775379
2026-04-01,USDC,2607194,4792114486.339873,1838.0352541237332,True,0.11779767568449372
2026-05-01,USDC,2898957,7241823933.850041,2498.079113919262,True,0.1321671795819045
2026-06-01,USDC,2646529,14061395168.83982,5313.146075043886,True,0.27156256029639386
2021-09-01,USDP,3,131462.79,43820.93,False,1.0312025806977632e-05
2021-10-01,USDP,4,141289.88,35322.47,False,1.0114675677247773e-05
2021-11-01,USDP,289,42434.69000000005,146.8328373702424,False,2.333215982534051e-06
2021-12-01,USDP,614967,11275767.099987622,18.33556450994545,False,0.0007572306881567029
2022-01-01,USDP,437231,9922529.519993331,22.69402105521642,False,0.000660494721742549
2022-02-01,USDP,275267,7801997.7399956435,28.343382025435822,False,0.0006072940508161891
2022-03-01,USDP,313499,9809257.429996667,31.28959719168695,False,0.0007422563149169892
2022-04-01,USDP,342811,8907180.599995974,25.98277359826836,False,0.0006745362610776961
2022-05-01,USDP,311128,8568396.370001247,27.539779029856675,False,0.0004965735530422712
2022-06-01,USDP,214770,5193771.259997794,24.182945755914677,False,0.00034883699988399493
2022-07-01,USDP,168623,5213430.429998428,30.917670958282248,False,0.0003614234121185693
2022-08-01,USDP,217999,5096282.719999901,23.37755090619636,False,0.0003449390640567509
2022-09-01,USDP,318448,5409690.429999253,16.98767280686094,False,0.00044109604797176613
2022-10-01,USDP,183941,6701439.030001065,36.43254646871043,False,0.00048506962720403033
2022-11-01,USDP,170435,8327240.120001489,48.85874450671217,False,0.0005310587428708511
2022-12-01,USDP,134206,5085125.06000079,37.89044498756233,False,0.0003702485336972152
2023-01-01,USDP,167980,10916518.560000926,64.98701369211172,False,0.0006382279453790972
2023-02-01,USDP,139349,4577524.090000344,32.84935012092189,False,0.0002953885144504369
2023-03-01,USDP,155808,4776471.690000158,30.65613890172621,False,0.00023493540871381269
2023-04-01,USDP,114395,6922765.720000216,60.516331308188434,False,0.00031083752590579553
2023-05-01,USDP,102916,3300700.749999544,32.07179398732504,False,0.00018399348185965184
2023-06-01,USDP,96930,4187901.2800002736,43.20541916847492,False,0.00019704710612585412
2023-07-01,USDP,120239,3522440.859999401,29.29532730644301,False,0.00016109023977909246
2023-08-01,USDP,145790,4320789.780000632,29.637079223545044,False,0.00018062095806646854
2023-09-01,USDP,89000,2803731.319999667,31.50259910111985,False,0.00016648133494312337
2023-10-01,USDP,97647,3217011.5199995413,32.94531854536792,False,0.0001469379178088444
2023-11-01,USDP,88272,5329624.109999752,60.37728962751214,False,0.0002340657627385742
2023-12-01,USDP,210892,4433065.140000609,21.02054672534097,False,0.00017939055831103654
2024-01-01,USDP,86925,3624848.5299998056,41.70087466206276,False,0.0001362507905527193
2024-02-01,USDP,74118,2360505.479999618,31.847938152670316,False,0.00010975987657977459
2024-03-01,USDP,95054,3271247.0199994603,34.41461716497423,False,0.00010000551289929754
2024-04-01,USDP,95956,4235877.660000464,44.14395827254641,False,0.00013517576521785815
2024-05-01,USDP,72674,3304891.3800000525,45.47556732806853,False,0.00011873034654643458
2024-06-01,USDP,81705,3900329.58999952,47.73673079982277,False,0.00014587040556422994
2024-07-01,USDP,76519,3855220.489999858,50.38252577790952,False,0.00013068494924549416
2024-08-01,USDP,1420,356886.22999999934,251.32833098591504,False,1.0664702266894124e-05
2024-09-01,USDP,429,51386.06000000003,119.7810256410257,False,1.5109533747012049e-06
2024-10-01,USDP,768,74744.25,97.3232421875,False,2.3712591789075047e-06
2024-11-01,USDP,1505,140038.30000000002,93.04870431893688,False,3.7257704140255232e-06
2024-12-01,USDP,1069,88487.76999999997,82.77621141253506,False,1.8557406755525869e-06
2025-01-01,USDP,1159,84096.48999999999,72.5595254529767,False,1.9579841630932786e-06
2025-02-01,USDP,435,55986.30999999999,128.7041609195402,False,1.6985133606556032e-06
2025-03-01,USDP,265,12753.750000000004,48.12735849056606,False,3.650267764171185e-07
2025-04-01,USDP,336,18493.54,55.04029761904762,False,5.446922038499008e-07
2025-05-01,USDP,284,8569.559999999998,30.174507042253516,False,2.630285967605728e-07
2025-06-01,USDP,240,231750.72,965.628,False,6.320390778620487e-06
2025-07-01,USDP,492,2112492.960000002,4293.684878048784,False,5.279330073473062e-05
2025-08-01,USDP,445,2156682.799999997,4846.478202247185,False,5.7438860363479714e-05
2025-09-01,USDP,250,7553.389999999997,30.213559999999987,False,2.2306127404014569e-07
2025-10-01,USDP,353,8641.179999999986,24.47926345609061,False,1.8732296182687344e-07
2025-11-01,USDP,121,7882.83,65.14735537190083,False,1.633238116936401e-07
2025-12-01,USDP,207,34265.82000000001,165.5353623188406,False,8.867388801687665e-07
2026-01-01,USDP,356,19164.490000000013,53.83283707865172,False,5.068645264269057e-07
2026-02-01,USDP,260,9012.949999999995,34.665192307692294,False,2.438625101805217e-07
2026-03-01,USDP,236,8964.529999999992,37.985296610169456,False,2.3135244857298603e-07
2026-04-01,USDP,251,262424.46,1045.5157768924305,False,6.450804027924875e-06
2026-05-01,USDP,208,186845.44,898.2953846153846,False,3.410029717390713e-06
2026-06-01,USDP,153,16666.530000000006,108.931568627451,False,3.2187457245254924e-07
2019-08-01,USDT,2277,25358737.20000001,11136.906982872204,True,0.006372312707393217
2019-09-01,USDT,4321,50664460.93,11725.170314741958,True,0.008758322107614423
2019-10-01,USDT,13570,110900835.8200002,8172.500797347104,True,0.017138334433450166
2019-11-01,USDT,4877,132570207.59,27182.736844371542,True,0.02405793068357198
2019-12-01,USDT,1761,415472650.3300001,235929.9547586599,True,0.06987284301280836
2020-01-01,USDT,3757,557167085.5899999,148301.06084375829,True,0.0830360746884856
2020-02-01,USDT,6344,669078377.12,105466.32678436318,True,0.10542893284911989
2020-03-01,USDT,7650,667717268.4400002,87283.3030640523,True,0.08895961429123272
2020-04-01,USDT,8925,91243796.91,10223.394611764706,True,0.015897253695691643
2020-05-01,USDT,16830,268506594.3799998,15954.04601188353,True,0.04207741349115056
2020-06-01,USDT,22812,1455582756.4299989,63807.76593152722,True,0.22295627320517009
2020-07-01,USDT,39312,3171267023.250006,80669.1855731076,True,0.30574935650614704
2020-08-01,USDT,33797,2107079523.699997,62345.164473178,True,0.22439971606500242
2020-09-01,USDT,40425,2752379339.149992,68086.0689956708,True,0.4128953797473947
2020-10-01,USDT,38961,2924537280.9599957,75063.19860783848,True,0.4652038463675087
2020-11-01,USDT,49700,4455303752.799986,89643.93868812849,True,0.4593270608961846
2020-12-01,USDT,57083,5094251421.08,89242.88178757248,True,0.46010203860043497
2021-01-01,USDT,71133,3362769699.139963,47274.39724375414,True,0.21604329820108947
2021-02-01,USDT,259865,3390822466.848215,13048.40000326406,True,0.202468864730383
2021-03-01,USDT,106622,3591184533.229697,33681.45911003074,True,0.19795662290228191
2021-04-01,USDT,106193,5522750149.320007,52006.72501313653,True,0.24238553634879945
2021-05-01,USDT,118096,6589232828.019987,55795.56316911654,True,0.2536114789411105
2021-06-01,USDT,80351,7296691333.340019,90810.2118622048,True,0.44098794458450435
2021-07-01,USDT,69338,6408057599.629989,92417.68726571272,True,0.4708326113523116
2021-08-01,USDT,72960,5288454862.179997,72484.30458031794,True,0.32795252481549
2021-09-01,USDT,77237,4422488639.200003,57258.67963799737,True,0.346902853488016
2021-10-01,USDT,68044,4205881109.939996,61811.19731262118,True,0.3010910856751095
2021-11-01,USDT,74890,8918991071.560009,119094.552965149,True,0.4903990701061393
2021-12-01,USDT,75129,7821654047.850013,104109.6520364974,True,0.5252677201166763
2022-01-01,USDT,79581,8972423667.510008,112745.80198175454,True,0.5972507778069344
2022-02-01,USDT,95655,7611783734.429999,79575.38795076055,True,0.5924881206158046
2022-03-01,USDT,107631,8019192008.690001,74506.34119064211,True,0.6068039249107596
2022-04-01,USDT,116565,8983890592.980013,77071.93920113253,True,0.6803454698698445
2022-05-01,USDT,112569,11233126084.27004,99788.80583704251,True,0.6510055196520953
2022-06-01,USDT,99371,9797238778.98003,98592.53483390556,True,0.658026549826913
2022-07-01,USDT,125130,9259421767.430004,73998.41578702153,True,0.6419135834580447
2022-08-01,USDT,135835,10976090361.439983,80804.58174579442,True,0.7429105770406524
2022-09-01,USDT,129357,8876656459.260008,68621.38468934814,True,0.7237859788925447
2022-10-01,USDT,153000,11087683683.039976,72468.52080418284,True,0.8025587588890676
2022-11-01,USDT,163850,12071767327.37,73675.72369465975,True,0.7698610210247403
2022-12-01,USDT,180417,11040418228.10016,61193.89097535243,True,0.8038541062660622
2023-01-01,USDT,195309,14459899666.749985,74036.01301911322,True,0.8453896729047425
2023-02-01,USDT,174785,13027295214.660069,74533.25637016946,True,0.8406538786266515
2023-03-01,USDT,219970,17348715385.289917,78868.55200840985,True,0.8533134506451062
2023-04-01,USDT,227507,19657216019.21008,86402.68659518204,True,0.8826241766284764
2023-05-01,USDT,258054,15076464143.050058,58423.679319251234,True,0.8404188510007626
2023-06-01,USDT,294402,18024562193.630077,61224.31978597317,True,0.8480829852417275
2023-07-01,USDT,256729,19071297858.25002,74285.71707228252,True,0.8721792833406181
2023-08-01,USDT,300812,20507125478.76,68172.56452122921,True,0.8572545390445672
2023-09-01,USDT,244447,14207761246.18006,58122.0520038293,True,0.8436354232464441
2023-10-01,USDT,325160,18437534899.939503,56702.96131116836,True,0.8421396600175672
2023-11-01,USDT,362593,18646660510.84002,51425.8700825444,True,0.8189216959612605
2023-12-01,USDT,407703,20738552825.69997,50866.814386207545,True,0.8392163102671509
2024-01-01,USDT,433449,21634460624.369976,49912.35560439631,True,0.8131960104970909
2024-02-01,USDT,433392,14774193047.319818,34089.676429929066,True,0.6869772678688505
2024-03-01,USDT,821158,18741766412.029705,22823.58134735301,True,0.5729558028528727
2024-04-01,USDT,703613,20052802670.340176,28499.761474475567,True,0.6399271091615156
2024-05-01,USDT,684359,20975128063.41004,30649.305501074785,True,0.7535449542745578
2024-06-01,USDT,608234,19668025764.48001,32336.281372761165,True,0.7355744761336377
2024-07-01,USDT,711502,21015380758.05984,29536.643267425585,True,0.712383111385125
2024-08-01,USDT,764141,23132842458.11981,30273.00257167173,True,0.6912703732021698
2024-09-01,USDT,878329,26533341908.710262,30208.887454143336,True,0.7801851805541553
2024-10-01,USDT,703871,22658008141.81007,32190.569211986385,True,0.7188246558367781
2024-11-01,USDT,806786,20148967199.710026,24974.363957369147,True,0.5360706739931169
2024-12-01,USDT,2584178,29339510063.990185,11353.51746822014,True,0.6152999700018554
2025-01-01,USDT,7907642,29089650305.971733,3678.675679295008,True,0.6772824241417711
2025-02-01,USDT,5042198,23642387048.10088,4688.90492759326,True,0.7172630287473909
2025-03-01,USDT,2531009,25066474012.59016,9903.747482758916,True,0.7174308893430761
2025-04-01,USDT,2042075,26676175218.370106,13063.269085792688,True,0.7856962306827207
2025-05-01,USDT,1195935,22690472705.23987,18972.99828606059,True,0.696446864890767
2025-06-01,USDT,1058027,28640908377.42032,27070.111043877256,True,0.7811053756379338
2025-07-01,USDT,1281642,27918777678.01009,21783.60078556265,True,0.6977180298396211
2025-08-01,USDT,1385951,26087968647.46005,18823.153666659247,True,0.6947999902017564
2025-09-01,USDT,1622058,24770052955.040127,15270.756628332729,True,0.7314913661538897
2025-10-01,USDT,1699856,31759425522.801037,18683.597624034643,True,0.6884788483576431
2025-11-01,USDT,1721172,34857586775.25841,20252.239041338347,True,0.7222119389327213
2025-12-01,USDT,1567126,29587266179.21078,18879.953608842417,True,0.7656661734348859
2026-01-01,USDT,1471079,28886341815.83029,19636.159455631067,True,0.7639891259661246
2026-02-01,USDT,1570483,27670496809.208687,17619.09986240455,True,0.7486779367283464
2026-03-01,USDT,2563762,31034681830.29433,12105.133717675171,True,0.8009287304657533
2026-04-01,USDT,1818583,32944283824.249416,18115.358949385,True,0.8098220676173571
2026-05-01,USDT,1779696,44986268333.15151,25277.501513264917,True,0.821023579117368
2026-06-01,USDT,1663138,33959112651.709988,20418.698058555565,True,0.6558398698251587
2020-05-01,VET,1,10.37,10.37,False,1.6250728549545562e-09
2020-08-01,VET,2,106507.75,53253.875,False,1.1342860385617394e-05
2020-09-01,VET,1,100.0,100.0,False,1.5001398022225666e-08
2020-11-01,VET,5,1776.38,355.276,False,1.8313889460892047e-07
2020-12-01,VET,3,189.61,63.20333333333334,False,1.712517509010839e-08
2021-01-01,VET,17,26451.56,1555.9741176470586,False,1.6993974539575383e-06
2021-02-01,VET,40,57769.75,1444.24375,False,3.449480417395625e-06
2021-03-01,VET,121,90071.68999999999,744.3941322314049,False,4.965015695104294e-06
2021-04-01,VET,173,466461.51,2696.309306358381,False,2.0472322707074103e-05
2021-05-01,VET,105,189501.35,1804.7747619047616,False,7.29367422417802e-06
2021-06-01,VET,7922,3460044.3299999936,436.7639901540007,False,0.00020911366091177683
2021-07-01,VET,5123,2607801.960000001,509.0380558266642,False,0.00019160848472825435
2021-08-01,VET,12931,8461862.470000025,654.3857760420714,False,0.0005247447948405112
2021-09-01,VET,10744,7502820.62999999,698.3265664556952,False,0.0005885260761747417
2021-10-01,VET,16526,14061459.069999993,850.8688775263217,False,0.0010066332991573355
2021-11-01,VET,14892,12252643.049999995,822.7667908944396,False,0.0006736955682377959
2021-12-01,VET,5505,2453891.599999996,445.756875567665,False,0.0001647925155293416
2022-01-01,VET,3472,1184445.7300000016,341.1422033410143,False,7.884281435284934e-05
2022-02-01,VET,1935,634642.79,327.98077002583983,False,4.9399500436231e-05
2022-03-01,VET,4584,2115008.149999999,461.3892124781848,False,0.0001600404685718327
2022-04-01,VET,2032,788280.3799999999,387.9332578740157,False,5.9696072650232976e-05
2022-05-01,VET,2533,576074.3599999999,227.42769838136596,False,3.338586118206279e-05
2022-06-01,VET,1816,371924.62000000005,204.8043061674009,False,2.498012756608191e-05
2022-07-01,VET,1340,324972.1800000002,242.51655223880613,False,2.252884271043114e-05
2022-08-01,VET,1562,441363.65999999945,282.5631626120355,False,2.987345407498601e-05
2022-09-01,VET,1201,262963.85000000003,218.95407993338887,False,2.1441580899196916e-05
2022-10-01,VET,670,103527.80000000002,154.51910447761196,False,7.49364295137748e-06
2022-11-01,VET,1272,244083.46,191.88951257861632,False,1.5566100359208147e-05
2022-12-01,VET,708,76663.86,108.28228813559322,False,5.581904361770835e-06
2023-01-01,VET,1654,249009.6199999997,150.5499516324061,False,1.4558203449087166e-05
2023-02-01,VET,1735,347354.8699999998,200.20453602305463,False,2.241487691142153e-05
2023-03-01,VET,1215,189822.4900000001,156.23250205761326,False,9.336603913007211e-06
2023-04-01,VET,806,130061.60999999996,161.36676178660045,False,5.83986670976397e-06
2023-05-01,VET,696,90191.55000000002,129.5855603448276,False,5.027616429275261e-06
2023-06-01,VET,1096,131155.1,119.66706204379562,False,6.171046350129181e-06
2023-07-01,VET,794,85650.42000000001,107.87206549118387,False,3.917013015509457e-06
2023-08-01,VET,822,88404.57999999999,107.5481508515815,False,3.6955558474454236e-06
2023-09-01,VET,1026,87925.68999999999,85.6975536062378,False,5.220894792086201e-06
2023-10-01,VET,1135,107678.74000000003,94.87113656387668,False,4.918257130730507e-06
2023-11-01,VET,8488,589561.5900000002,69.45824575871822,False,2.5892291913382805e-05
2023-12-01,VET,24531,1654986.1300000034,67.46509029391396,False,6.69714692840452e-05
2024-01-01,VET,6472,485427.93000000034,75.00431551297903,False,1.8246262891121047e-05
2024-02-01,VET,30915,2624862.390000001,84.90578651140227,False,0.000122052066562175
2024-03-01,VET,289687,12836844.310000056,44.31280765101663,False,0.00039243603169723226
2024-04-01,VET,132671,4014860.0200000224,30.26177551989525,False,0.00012812262747126385
2024-05-01,VET,29215,1183846.6499999964,40.52187746020867,False,4.25304516399365e-05
2024-06-01,VET,33383,1348817.8400000029,40.40433274421121,False,5.0445122857705274e-05
2024-07-01,VET,10234,744581.7799999996,72.75569474301344,False,2.5239965491162666e-05
2024-08-01,VET,28578,1025827.6399999828,35.895711386380526,False,3.065443673114114e-05
2024-09-01,VET,9786,1115300.5199999982,113.9689883507049,False,3.27942458421604e-05
2024-10-01,VET,3305,343969.35,104.0754462934947,False,1.091241772377605e-05
2024-11-01,VET,8548,1099515.5499999998,128.62839845577912,False,2.925301511051619e-05
2024-12-01,VET,16022,2653376.01,165.60828922731247,False,5.5645856927939625e-05
2025-01-01,VET,7163,959229.3099999998,133.91446460980035,False,2.2333343493347855e-05
2025-02-01,VET,2167,392994.6799999999,181.35425934471613,False,1.1922677430367768e-05
2025-03-01,VET,1623,210538.24,129.72165126309304,False,6.025842992040271e-06
2025-04-01,VET,1551,296439.8300000001,191.1281947130884,False,8.731073894537768e-06
2025-05-01,VET,1360,201307.26,148.02004411764705,False,6.178796357749499e-06
2025-06-01,VET,944,187707.63,198.8428283898305,False,5.119231447171799e-06
2025-07-01,VET,1685,347881.03999999986,206.45759050445096,False,8.693893287403347e-06
2025-08-01,VET,1331,390427.7400000001,293.334139744553,False,1.0398248847669672e-05
2025-09-01,VET,992,197009.19,198.59797379032256,False,5.817933526405647e-06
2025-10-01,VET,750,238227.6,317.6368,False,5.164283074870301e-06
2025-11-01,VET,517,95148.30000000005,184.0392649903289,False,1.971371072593216e-06
2025-12-01,VET,385,50094.72,130.11615584415586,False,1.2963628454001072e-06
2026-01-01,VET,427,59740.48999999999,139.9074707259953,False,1.5800230098667521e-06
2026-02-01,VET,293,29906.38,102.06955631399316,False,8.091740104197353e-07
2026-03-01,VET,341,33819.63,99.17780058651026,False,8.728013861666392e-07
2026-04-01,VET,475,50568.78,106.4605894736842,False,1.2430597731295582e-06
2026-05-01,VET,788,62598.38999999998,79.43958121827409,False,1.1424542668036939e-06
2026-06-01,VET,642,51965.04000000001,80.94242990654207,False,1.0035817313189737e-06
2019-08-01,WAVES,1,1500.0,1500.0,False,3.7693000979125335e-07
2019-09-01,WAVES,3,372.79,124.26333333333332,False,6.444388904105095e-08
2019-10-01,WAVES,16,3410.17,213.135625,False,5.269990393019083e-07
2019-11-01,WAVES,1,26.96,26.96,False,4.892515618856326e-09
2019-12-01,WAVES,2,99.23,49.615,False,1.668817961098973e-08
2020-01-01,WAVES,8,1500.0,187.5,False,2.2354894115978613e-07
2020-02-01,WAVES,14,7468.17,533.4407142857143,False,1.1767846942311177e-06
2020-03-01,WAVES,4,2837.6800000000003,709.4200000000001,False,3.7806258758549543e-07
2020-04-01,WAVES,5,3337.33,667.466,False,5.814574083164663e-07
2020-05-01,WAVES,13,6050.789999999999,465.44538461538457,False,9.482135564156681e-07
2020-06-01,WAVES,20,16003.2,800.1600000000001,False,2.451261404132036e-06
2020-07-01,WAVES,3208,1976828.54,616.218372817955,False,0.00019059071645394438
2020-08-01,WAVES,14809,13987342.860000076,944.5163657235516,False,0.001489623780680215
2020-09-01,WAVES,3725,2790397.14,749.0999033557046,False,0.0004185985813722015
2020-10-01,WAVES,3134,2301930.38,734.5023548181238,False,0.00036616625604947076
2020-11-01,WAVES,6569,6660087.329999994,1013.8662399147502,False,0.0006866329454368295
2020-12-01,WAVES,5893,5258232.049999996,892.2844137111821,False,0.0004749124229770028
2021-01-01,WAVES,8625,6791511.289999994,787.4215988405791,False,0.0004363250029393301
2021-02-01,WAVES,12872,8561411.440000005,665.1189745183348,False,0.0005112090862007694
2021-03-01,WAVES,8997,6230769.729999989,692.5385939757685,False,0.00034345829973913774
2021-04-01,WAVES,25748,25156421.93000005,977.0243098493108,False,0.0011040790651864866
2021-05-01,WAVES,33343,48522755.72000019,1455.2606460126622,False,0.0018675812741231234
2021-06-01,WAVES,7494,10195528.450000033,1360.4921870830042,False,0.000616184093545901
2021-07-01,WAVES,4185,5258634.879999991,1256.543579450416,False,0.0003863786731320439
2021-08-01,WAVES,6801,5913198.340000004,869.4601293927369,False,0.0003666946917153741
2021-09-01,WAVES,4549,4147720.470000004,911.7873092987478,False,0.00032534986155983325
2021-10-01,WAVES,4351,4044983.459999999,929.6675384968968,False,0.0002895727267779655
2021-11-01,WAVES,2214,1570954.9800000002,709.5550948509486,False,8.637690689333318e-05
2021-12-01,WAVES,2106,1363476.6699999978,647.4248195631519,False,9.156506763170386e-05
2022-01-01,WAVES,1378,698086.9199999993,506.5942815674886,False,4.646826447313231e-05
2022-02-01,WAVES,1574,1024606.4300000002,650.9570711562898,False,7.975359774551302e-05
2022-03-01,WAVES,11264,13239907.379999958,1175.4179137073827,False,0.0010018500311418943
2022-04-01,WAVES,5310,5630296.069999993,1060.319410546138,False,0.0004263794606140531
2022-05-01,WAVES,5933,3264821.4899999998,550.2817276251474,False,0.00018920973509280195
2022-06-01,WAVES,8579,3928641.140000004,457.9369553561026,False,0.00026386518009632583
2022-07-01,WAVES,2970,1109582.1499999994,373.5966835016833,False,7.692228218320713e-05
2022-08-01,WAVES,2361,922108.880000002,390.5586107581541,False,6.241242715545924e-05
2022-09-01,WAVES,1530,496578.9400000002,324.5613986928106,False,4.049011875528691e-05
2022-10-01,WAVES,1339,313667.87000000005,234.2553174010456,False,2.2704191754283274e-05
2022-11-01,WAVES,1756,351627.25000000006,200.24330865603648,False,2.2424563559252945e-05
2022-12-01,WAVES,1973,353563.1999999999,179.2008109477952,False,2.5742976785171704e-05
2023-01-01,WAVES,1840,545448.8899999997,296.4396141304346,False,3.1889353960295874e-05
2023-02-01,WAVES,1505,540041.6,358.83162790697673,False,3.4848988848341605e-05
2023-03-01,WAVES,598,156028.08000000002,260.9165217391305,False,7.674392967171601e-06
2023-04-01,WAVES,786,245063.55000000008,311.78568702290085,False,1.1003542608934175e-05
2023-05-01,WAVES,890,232522.5,261.2612359550562,False,1.2961679239087883e-05
2023-06-01,WAVES,1383,270821.93,195.8220751988431,False,1.2742582504694368e-05
2023-07-01,WAVES,723,164386.24999999997,227.36687413554628,False,7.517804125429756e-06
2023-08-01,WAVES,319,64287.77999999997,201.52909090909083,False,2.6874069341009806e-06
2023-09-01,WAVES,181,36617.55,202.30690607734803,False,2.1742948630139394e-06
2023-10-01,WAVES,295,103195.96000000004,349.8168135593222,False,4.713504876938383e-06
2023-11-01,WAVES,401,131595.69999999998,328.16882793017453,False,5.779403435942881e-06
2023-12-01,WAVES,619,180399.86,291.43757673667204,False,7.3001479975158635e-06
2024-01-01,WAVES,413,75878.16999999998,183.72438256658592,False,2.8521083191838036e-06
2024-02-01,WAVES,454,133097.57,293.1664537444934,False,6.188832425955763e-06
2024-03-01,WAVES,1256,363398.0799999996,289.3296815286621,False,1.1109467171031896e-05
2024-04-01,WAVES,740,157146.64000000013,212.3603243243245,False,5.0148798002378964e-06
2024-05-01,WAVES,567,88966.00000000003,156.90652557319228,False,3.196160719463626e-06
2024-06-01,WAVES,1360,200785.80000000005,147.63661764705887,False,7.509290023241849e-06
2024-07-01,WAVES,516,47691.61000000005,92.42560077519389,False,1.6166586706137106e-06
2024-08-01,WAVES,235,18670.220000000005,79.44774468085109,False,5.57915438646687e-07
2024-09-01,WAVES,192,15167.100000000002,78.99531250000001,False,4.459727196331191e-07
2024-10-01,WAVES,299,27677.040000000005,92.56535117056858,False,8.780532970093375e-07
2024-11-01,WAVES,1459,158872.58000000016,108.8914187799864,False,4.226863352125123e-06
2024-12-01,WAVES,1208,140288.78000000046,116.13309602649043,False,2.942096917683078e-06
2025-01-01,WAVES,480,46865.56000000005,97.63658333333343,False,1.0911516553722747e-06
2025-02-01,WAVES,305,30427.519999999957,99.76236065573757,False,9.231104756076175e-07
2025-03-01,WAVES,137,11640.819999999994,84.96948905109485,False,3.331734587436572e-07
2025-04-01,WAVES,115,7784.410000000001,67.69052173913045,False,2.2927505705079759e-07
2025-05-01,WAVES,125,10952.559999999992,87.62047999999994,False,3.361708754867202e-07
2025-06-01,WAVES,73,5260.599999999999,72.06301369863012,False,1.4346901588918875e-07
2025-07-01,WAVES,79,6906.800000000001,87.42784810126584,False,1.7260780339577422e-07
2025-08-01,WAVES,109,8602.490000000002,78.9219266055046,False,2.2910982639089596e-07
2025-09-01,WAVES,50,2869.4400000000005,57.38880000000001,False,8.47382357036716e-08
2025-10-01,WAVES,249,26133.22,104.95269076305222,False,5.665143154607697e-07
2025-11-01,WAVES,605,54333.04999999995,89.80669421487595,False,1.1257227197518053e-06
2025-12-01,WAVES,272,28725.689999999995,105.60915441176468,False,7.433701041642991e-07
2026-01-01,WAVES,328,19946.890000000003,60.81368902439025,False,5.275575271525398e-07
2026-02-01,WAVES,168,10547.00000000001,62.77976190476196,False,2.8536915159564464e-07
2026-03-01,WAVES,128,8190.23,63.986171875,False,2.113696719042637e-07
2026-04-01,WAVES,85,5932.830000000004,69.79800000000004,False,1.4583824869447595e-07
2026-05-01,WAVES,113,7459.929999999997,66.01707964601766,False,1.3614773253045133e-07
2026-06-01,WAVES,197,14923.629999999988,75.75446700507608,False,2.8821458490099807e-07
2021-06-01,WBTC,720,202428.54999999996,281.1507638888888,False,1.2234113533326532e-05
2021-07-01,WBTC,620,174074.21999999986,280.76487096774173,False,1.2790119048937576e-05
2021-08-01,WBTC,1289,506124.32000000007,392.64881303335926,False,3.138624663350177e-05
2021-09-01,WBTC,4096,2175911.239999982,531.2283300781206,False,0.00017067987725327078
2021-10-01,WBTC,10288,8477405.79000003,824.0091164463482,False,0.0006068814705644365
2021-11-01,WBTC,3940,1963845.2999999984,498.4378934010149,False,0.0001079794677699865
2021-12-01,WBTC,1542,444686.4799999995,288.38293125810605,False,2.9863178822197483e-05
2022-01-01,WBTC,1219,508009.19999999966,416.7425758818701,False,3.381571145951907e-05
2022-02-01,WBTC,1632,524219.5100000002,321.21293504901973,False,4.080434272786083e-05
2022-03-01,WBTC,1824,559548.6700000003,306.77010416666684,False,4.23404663171373e-05
2022-04-01,WBTC,1705,380108.1699999995,222.9373431085041,False,2.8785398580219742e-05
2022-05-01,WBTC,1459,199677.9100000001,136.85943111720366,False,1.157215013767395e-05
2022-06-01,WBTC,1271,135494.13,106.60435090479938,False,9.10039419239115e-06
2022-07-01,WBTC,1199,291261.94999999995,242.9207256046705,False,2.019186583628006e-05
2022-08-01,WBTC,765,145762.04999999996,190.53862745098036,False,9.865823358794013e-06
2022-09-01,WBTC,719,144781.32000000012,201.36484005563295,False,1.1805198263839379e-05
2022-10-01,WBTC,1267,285029.3800000002,224.96399368587228,False,2.063125464244864e-05
2022-11-01,WBTC,1509,639449.6699999986,423.757236580516,False,4.078005833694143e-05
2022-12-01,WBTC,873,223696.6299999996,256.23898052691817,False,1.628737706020065e-05
2023-01-01,WBTC,1484,200323.20000000004,134.98867924528304,False,1.1711780055614647e-05
2023-02-01,WBTC,1238,132737.03,107.21892568659128,False,8.565546206499621e-06
2023-03-01,WBTC,3341,980327.0999999994,293.4232565100268,False,4.821834250455255e-05
2023-04-01,WBTC,1883,560738.4599999994,297.78994158258064,False,2.5177589801005178e-05
2023-05-01,WBTC,1393,254247.64000000013,182.518047379756,False,1.4172720304379542e-05
2023-06-01,WBTC,1328,204931.65000000017,154.31600150602424,False,9.642344908878509e-06
2023-07-01,WBTC,1590,262675.6100000002,165.20478616352216,False,1.2012828229293993e-05
2023-08-01,WBTC,2737,229297.1499999998,83.7768176835951,False,9.585254785273226e-06
2023-09-01,WBTC,3305,235848.6600000006,71.36116792738294,False,1.4004337534507973e-05
2023-10-01,WBTC,3709,447028.6099999999,120.52537341601506,False,2.0418159134969874e-05
2023-11-01,WBTC,4188,1099492.6799999983,262.5340687679079,False,4.828738152223847e-05
2023-12-01,WBTC,5976,1143280.7999999935,191.31204819277,False,4.6264553878912586e-05
2024-01-01,WBTC,5852,1002753.0999999944,171.35220437457187,False,3.7691479098630514e-05
2024-02-01,WBTC,8366,1406404.1399999943,168.10950753047987,False,6.539563078146651e-05
2024-03-01,WBTC,13417,3530365.44999999,263.1262912722658,False,0.00010792703986911591
2024-04-01,WBTC,6183,1126586.9599999976,182.20717451075487,False,3.595175938165399e-05
2024-05-01,WBTC,5848,2469911.649999997,422.3515133378928,False,8.873316318903378e-05
2024-06-01,WBTC,4732,807383.1500000001,170.62196745562133,False,3.0195732134586095e-05
2024-07-01,WBTC,5938,1399241.4599999955,235.6418760525422,False,4.743173565730278e-05
2024-08-01,WBTC,6807,1443006.9,211.988673424416,False,4.3120853829451166e-05
2024-09-01,WBTC,4170,780278.8499999974,187.1172302158267,False,2.2943283871452116e-05
2024-10-01,WBTC,6461,1499796.3099999942,232.1306779136348,False,4.7580994746473366e-05
2024-11-01,WBTC,13406,2986904.8399999677,222.8035834700856,False,7.94677004960894e-05
2024-12-01,WBTC,7691,2004271.0799999996,260.5995423221947,False,4.20330105277793e-05
2025-01-01,WBTC,6329,1181228.9499999974,186.63753357560395,False,2.750207026580179e-05
2025-02-01,WBTC,3436,818509.1199999977,238.2156926658899,False,2.4831939739169392e-05
2025-03-01,WBTC,3183,838173.9299999956,263.3282846371334,False,2.3989487620877457e-05
2025-04-01,WBTC,3241,534359.8700000005,164.87499845726643,False,1.573855817973448e-05
2025-05-01,WBTC,3891,505924.3999999994,130.02426111539435,False,1.5528520133931566e-05
2025-06-01,WBTC,2307,236529.6699999999,102.52694841785863,False,6.450724058756521e-06
2025-07-01,WBTC,3938,707476.9399999945,179.65386998476242,False,1.7680552581016243e-05
2025-08-01,WBTC,2592,457493.21999999887,176.50201388888846,False,1.218440151737598e-05
2025-09-01,WBTC,2911,515516.71999999793,177.0926554448636,False,1.5223868534816373e-05
2025-10-01,WBTC,2628,579812.0899999986,220.6286491628609,False,1.2569130373609809e-05
2025-11-01,WBTC,1660,303886.6099999999,183.06422289156623,False,6.296205736754266e-06
2025-12-01,WBTC,1943,963794.2999999984,496.03412249099256,False,2.4941293635904194e-05
2026-01-01,WBTC,2004,973038.6199999992,485.548213572854,False,2.5735031786464923e-05
2026-02-01,WBTC,1783,2980102.55,1671.39795288839,False,8.063234439760277e-05
2026-03-01,WBTC,1485,499553.49999999895,336.3996632996626,False,1.2892245931265224e-05
2026-04-01,WBTC,1361,271781.35,199.6923952975753,False,6.680811031467341e-06
2026-05-01,WBTC,896,165110.8999999998,184.27555803571408,False,3.0133626791487424e-06
2026-06-01,WBTC,1061,132778.78999999998,125.1449481621112,False,2.5643080030466326e-06
2020-07-01,WBX,58076,38723717.24000011,666.7765899855381,False,0.0037334451942562393
2020-08-01,WBX,40324,21456253.530000526,532.0963577522202,False,0.0022850476907943914
2020-09-01,WBX,29430,13037857.340000205,443.0124818212777,False,0.0019558608731433946
2020-10-01,WBX,17831,6513639.740000048,365.2986226235235,False,0.0010361195532120593
2020-11-01,WBX,42672,18429652.03000045,431.89098308025046,False,0.001900036085072636
2020-12-01,WBX,70360,31509692.82000103,447.83531580444895,False,0.0028458889646012803
2021-01-01,WBX,47279,13493540.380000992,285.40240656530364,False,0.0008669011644926393
2021-02-01,WBX,60363,25852696.39000009,428.28713599390505,False,0.0015436862706551418
2021-03-01,WBX,653913,829359836.3901945,1268.303025616855,False,0.04571674634467773
2021-04-01,WBX,216331,219781658.1499883,1015.9508260489172,False,0.009645899895882949
2021-05-01,WBX,115562,77770743.5099939,672.9785181114371,False,0.0029933004030525505
2021-06-01,WBX,75864,55286003.15999831,728.7514916165547,False,0.0033413035832310653
2021-07-01,WBX,64365,29585310.320000928,459.6490378311338,False,0.0021737833499559764
2021-08-01,WBX,172086,146736548.21999705,852.693119835414,False,0.009099561729382125
2021-09-01,WBX,101766,55737385.58999915,547.701448322614,False,0.0043720763770305985
2021-10-01,WBX,93562,42354388.51999985,452.6879344178176,False,0.0030320706860813016
2021-11-01,WBX,83301,34902330.62000083,418.99053576788793,False,0.0019190590441516935
2021-12-01,WBX,53825,20207243.98000053,375.42487654436655,False,0.0013570292051121725
2022-01-01,WBX,42727,10665515.880000196,249.62005008543065,False,0.0007099517244274424
2022-02-01,WBX,45185,13594664.410000157,300.86675688835135,False,0.001058185235906039
2022-03-01,WBX,33745,7219710.560000067,213.9490460809029,False,0.0005463079945935054
2022-04-01,WBX,20416,4328814.809999988,212.03050597570476,False,0.00032781894608002775
2022-05-01,WBX,24216,4669835.700000117,192.8409192269622,False,0.00027063604501204486
2022-06-01,WBX,19648,4618838.979999989,235.0793454804555,False,0.00031022196628873713
2022-07-01,WBX,26992,6318071.400000108,234.0719991108517,False,0.0004380031447734259
2022-08-01,WBX,16654,3748701.629999988,225.09316860814147,False,0.0002537287867891751
2022-09-01,WBX,13951,3189568.949999991,228.62654648412237,False,0.0002600714914806402
2022-10-01,WBX,37329,13413346.280000243,359.3277687588804,False,0.0009708969745856587
2022-11-01,WBX,35658,13349604.070000572,374.3789351618311,False,0.0008513533719545046
2022-12-01,WBX,15794,3838416.65000002,243.03005255160312,False,0.0002794755526388693
2023-01-01,WBX,25203,8129714.599999988,322.5693211125655,False,0.00047529906326436005
2023-02-01,WBX,46865,19914492.050000194,424.9331494718915,False,0.0012850860218376592
2023-03-01,WBX,22017,6266166.899999994,284.6058454830356,False,0.0003082075174448306
2023-04-01,WBX,16901,3394507.299999997,200.8465357079461,False,0.00015241599867417272
2023-05-01,WBX,20025,4014339.30000006,200.4663820224749,False,0.00022377438038669533
2023-06-01,WBX,13958,2889764.040000001,207.03281558962613,False,0.00013596778037435495
2023-07-01,WBX,19062,5189028.779999991,272.21848599307475,False,0.00023730757267872266
2023-08-01,WBX,19323,5430927.859999981,281.0602835998541,False,0.00022702779889998
2023-09-01,WBX,19280,4519237.379999985,234.4002790456424,False,0.00026834549608246706
2023-10-01,WBX,16605,3785624.5099999495,227.98100030111107,False,0.00017290947814373967
2023-11-01,WBX,17513,4138945.359999997,236.3355998401186,False,0.00018177368283890606
2023-12-01,WBX,17504,3719181.090000002,212.47606775594164,False,0.00015050218102476568
2024-01-01,WBX,18124,3959936.889999993,218.4913313838001,False,0.00014884609034998894
2024-02-01,WBX,33049,9846740.64000002,297.943678779994,False,0.0004578583047219308
2024-03-01,WBX,39672,12027611.430000018,303.17633166969193,False,0.0003676969188376376
2024-04-01,WBX,19520,5435422.549999989,278.45402407786827,False,0.00017345576559417672
2024-05-01,WBX,20164,5770682.360000022,286.18738147193125,False,0.0002073154720177789
2024-06-01,WBX,23546,11958926.769999988,507.8963208188222,False,0.00044725797084575086
2024-07-01,WBX,22160,11504460.18999998,519.1543407039702,False,0.0003899802358715444
2024-08-01,WBX,25927,11452853.019999985,441.7346017664976,False,0.00034224146884232344
2024-09-01,WBX,24990,12844975.850000003,514.0046358543419,False,0.00037769308657859685
2024-10-01,WBX,19763,7870327.249999975,398.23545261346834,False,0.000249685905371561
2024-11-01,WBX,30551,8845697.099999988,289.53870904389345,False,0.00023534302077796805
2024-12-01,WBX,53125,12039978.050000029,226.63488094117704,False,0.000252499040264495
2025-01-01,WBX,57364,11986873.539999912,208.9616055365719,False,0.000279085471418863
2025-02-01,WBX,24305,5321010.739999983,218.92658876774252,False,0.00016142888920669948
2025-03-01,WBX,16837,3169567.019999993,188.2501051256158,False,9.071659958432693e-05
2025-04-01,WBX,13986,2290101.759999996,163.74243958243926,False,6.745061111582393e-05
2025-05-01,WBX,9685,1550416.41999999,160.08429736706142,False,4.758749053010286e-05
2025-06-01,WBX,7589,1602685.9199999997,211.1853893793648,False,4.3709039220214246e-05
2025-07-01,WBX,29544,11703295.900000332,396.1310553750451,False,0.000292477007845866
2025-08-01,WBX,56613,57858200.44000264,1021.9949559288968,False,0.0015409355033366692
2025-09-01,WBX,45639,42347104.1000007,927.8709897237164,False,0.0012505641827652006
2025-10-01,WBX,20070,11696684.120000232,582.7944255107241,False,0.00025355998982914415
2025-11-01,WBX,12091,6464968.940000138,534.6926590025753,False,0.00013394724607302384
2025-12-01,WBX,16286,6921227.890000151,424.9802216627871,False,0.0001791091492505233
2026-01-01,WBX,21175,6071864.790000499,286.7468613931759,False,0.00016058934369303875
2026-02-01,WBX,12461,3807216.8900000704,305.53060669288743,False,0.00010301149652412326
2026-03-01,WBX,14184,3543755.8500001044,249.8417829949312,False,9.145561374019255e-05
2026-04-01,WBX,13159,3189391.120000001,242.3733657572765,False,7.84002264252495e-05
2026-05-01,WBX,9461,2788088.319999984,294.69277243420186,False,5.0884110556350176e-05
2026-06-01,WBX,8742,3361308.500000003,384.5010867078475,False,6.49157164879924e-05
2019-08-01,XLM,650,111618.43000000012,171.7206615384617,False,2.804822394185625e-05
2019-09-01,XLM,1212,681412.6900000003,562.2216914191422,False,0.0001177952299834332
2019-10-01,XLM,991,273572.3700000001,276.056881937437,False,4.227718153920369e-05
2019-11-01,XLM,1909,1109975.9099999983,581.4436406495538,False,0.00020143080401443828
2019-12-01,XLM,926,360297.2100000001,389.0898596112312,False,6.059361638434431e-05
2020-01-01,XLM,3445,1236144.0999999985,358.8226705370097,False,0.00018422580311727762
2020-02-01,XLM,2350,883344.5799999966,375.8913106382964,False,0.0001391915799286855
2020-03-01,XLM,1559,369484.4500000004,237.00093008338703,False,4.922621551394228e-05
2020-04-01,XLM,3850,1243738.5699999952,323.048979220778,False,0.00021669448497314473
2020-05-01,XLM,3601,1071445.349999998,297.5410580394329,False,0.0001679051835923125
2020-06-01,XLM,4960,1825831.5700000045,368.1112036290331,False,0.0002796684699301896
2020-07-01,XLM,4808,2512497.920000009,522.5661231281217,False,0.0002422358687020204
2020-08-01,XLM,4627,2242041.2800000114,484.55614437000463,False,0.00023877287068622749
2020-09-01,XLM,1597,650638.4900000016,407.4129555416416,False,9.760486957069917e-05
2020-10-01,XLM,1256,735194.71,585.3461066878981,False,0.00011694684459921694
2020-11-01,XLM,7862,6765617.060000013,860.5465606715865,False,0.0006975127110841467
2020-12-01,XLM,6706,3702666.5800000057,552.1423471518052,False,0.0003344170322387686
2021-01-01,XLM,32434,31185976.650000013,961.5211398532408,False,0.002003563091106508
2021-02-01,XLM,30303,34250382.94000009,1130.2637672837702,False,0.002045119205809814
2021-03-01,XLM,14165,10375865.180000065,732.5001891987337,False,0.0005719481167610652
2021-04-01,XLM,30589,26392158.34000017,862.7989911406117,False,0.001158313753417041
2021-05-01,XLM,61348,34708902.040000044,565.770718523832,False,0.001335903011554631
2021-06-01,XLM,16033,5152745.280000013,321.3837260649918,False,0.00031141492029574183
2021-07-01,XLM,9564,3096188.3099999987,323.73361668757826,False,0.00022749271593937838
2021-08-01,XLM,17688,7287966.150000008,412.0288415875174,False,0.00045194805703174383
2021-09-01,XLM,10880,3993796.300000002,367.07686580882375,False,0.0003132759506580668
2021-10-01,XLM,13326,6612863.930000012,496.2377254990254,False,0.0004734024400736998
2021-11-01,XLM,12160,4625048.05,380.3493462171052,False,0.00025430222372893336
2021-12-01,XLM,11036,2474154.580000003,224.189432765495,False,0.00016615328771924678
2022-01-01,XLM,7799,1264763.9800000004,162.17001923323508,False,8.418921116403598e-05
2022-02-01,XLM,28847,4426717.930000057,153.45505355843093,False,0.00034456809052240144
2022-03-01,XLM,24315,5178170.309999983,212.96197038864827,False,0.0003918267656591063
2022-04-01,XLM,19531,4699770.7899999935,240.63134452920968,False,0.0003559112539617978
2022-05-01,XLM,18153,1512412.0999999894,83.31471933013768,False,8.765045613325288e-05
2022-06-01,XLM,12683,2222708.0099999914,175.25096664826867,False,0.00014928705077913863
2022-07-01,XLM,10137,1383455.5999999994,136.47584097859323,False,9.590868242710838e-05
2022-08-01,XLM,8371,1115382.1999999995,133.24360291482492,False,7.549402442366207e-05
2022-09-01,XLM,8003,1033007.7200000004,129.07756091465706,False,8.422951899234424e-05
2022-10-01,XLM,7908,994866.7899999996,125.80510748609,False,7.201134872414014e-05
2022-11-01,XLM,6417,921941.1299999984,143.67167367928914,False,5.8795578179946075e-05
2022-12-01,XLM,4968,1635287.4,329.1641304347826,False,0.00011906546149396715
2023-01-01,XLM,6502,1043251.2099999986,160.45081667179306,False,6.099307875609929e-05
2023-02-01,XLM,7232,963964.59,133.29156388274333,False,6.220482134544114e-05
2023-03-01,XLM,10899,1304194.7300000004,119.66187081383616,False,6.414808708621081e-05
2023-04-01,XLM,9182,3175544.83,345.8445687214114,False,0.00014258441470992167
2023-05-01,XLM,6133,627837.6800000002,102.37040273927934,False,3.4998035125087266e-05
2023-06-01,XLM,8496,1278158.7999999998,150.4424199623352,False,6.013930985242275e-05
2023-07-01,XLM,39317,5053805.780000006,128.53996439199344,False,0.00023112347864863878
2023-08-01,XLM,34537,2372703.6499999957,68.70034021484192,False,9.918557215036354e-05
2023-09-01,XLM,9272,1171319.2099999972,126.32864646246732,False,6.955116716581365e-05
2023-10-01,XLM,10189,2058065.7699999968,201.98898518009585,False,9.40027404556819e-05
2023-11-01,XLM,13223,2683394.719999997,202.93388187249465,False,0.00011784899251844071
2023-12-01,XLM,16542,2375961.169999996,143.6320378430659,False,9.61467940016745e-05
2024-01-01,XLM,35523,2160406.029999999,60.817105255749766,False,8.120533232387987e-05
2024-02-01,XLM,120037,9771527.570001386,81.40429675851101,False,0.0004543610125740485
2024-03-01,XLM,256206,34661144.51000143,135.28623260189624,False,0.001059628182527144
2024-04-01,XLM,157585,15079726.170000035,95.69264949075126,False,0.00048122577843886377
2024-05-01,XLM,126349,12120845.699999915,95.93147314185244,False,0.0004354491706159579
2024-06-01,XLM,112967,9620563.489999965,85.16260049394923,False,0.0003598043359312337
2024-07-01,XLM,145285,15537126.610000309,106.94240017896072,False,0.000526680278784465
2024-08-01,XLM,111834,10027169.989999982,89.66119418066046,False,0.00029963829796090965
2024-09-01,XLM,97074,8302659.84999986,85.52918237633001,False,0.00024413103318980832
2024-10-01,XLM,103768,10387770.019999793,100.10571679130166,False,0.00032955170475728506
2024-11-01,XLM,1103950,1575910773.1399908,1427.5200626296398,False,0.041927685024090305
2024-12-01,XLM,746281,863887553.0499908,1157.5901745455008,False,0.018117207285237965
2025-01-01,XLM,489068,413247357.3000005,844.9691194271563,False,0.00962146911284348
2025-02-01,XLM,232090,119144378.3000022,513.354208712147,False,0.0036146036127324573
2025-03-01,XLM,315346,160270052.13000387,508.2355638885665,False,0.0045871104957537065
2025-04-01,XLM,113248,43588500.84000125,384.8942218847242,False,0.001283816758990087
2025-05-01,XLM,104261,41533057.69000093,398.3566020851606,False,0.0012747891237562797
2025-06-01,XLM,78249,17500429.970000334,223.6505255019276,False,0.0004772781556160158
2025-07-01,XLM,230324,252276994.6699983,1095.313535150476,False,0.006304653080627185
2025-08-01,XLM,120728,114357136.0399996,947.22960738188,False,0.003045669751976971
2025-09-01,XLM,76826,41965821.51000082,546.2450408715906,False,0.0012393044198912193
2025-10-01,XLM,81240,59337505.60000112,730.3976563269463,False,0.0012863147505793094
2025-11-01,XLM,59633,31443556.820000496,527.284503882087,False,0.0006514768874944701
2025-12-01,XLM,16491,5704712.14999998,345.9288187496198,False,0.00014762787125993592
2026-01-01,XLM,50634,22320002.46000046,440.8105711577292,False,0.000590321864904075
2026-02-01,XLM,42679,14646064.410000332,343.1679376274124,False,0.0003962771380389644
2026-03-01,XLM,41674,15544757.240000546,373.0085242597434,False,0.000401171913078185
2026-04-01,XLM,46983,11448042.430000065,243.663504459061,False,0.0002814108037768251
2026-05-01,XLM,95741,53257551.34000063,556.2669215905477,False,0.0009719789401596515
2026-06-01,XLM,116088,69917433.6100009,602.2795948763085,False,0.0013502897153875777
2019-08-01,XMR,4,3293.6,823.4,False,8.276377868323147e-07
2019-09-01,XMR,7,7991.01,1141.5728571428572,False,1.3813990766005754e-06
2019-12-01,XMR,1,120.0,120.0,False,2.0181210856784918e-08
2020-01-01,XMR,8,3377.86,422.2325,False,5.034113509239968e-07
2020-02-01,XMR,20,5255.06,262.75300000000004,False,8.280574993962614e-07
2020-03-01,XMR,9,2527.51,280.83444444444444,False,3.367388044981166e-07
2020-04-01,XMR,33,37533.64,1137.3830303030302,False,6.539423143376068e-06
2020-05-01,XMR,17,26397.4,1552.7882352941178,False,4.136711492900425e-06
2020-06-01,XMR,2640,1638474.6499999976,620.6343371212112,False,0.00025097041036753525
2020-07-01,XMR,1583,876885.5999999994,553.9391029690457,False,8.454261529032091e-05
2020-08-01,XMR,1808,1092792.369999999,604.420558628318,False,0.00011638018156780079
2020-09-01,XMR,961,755532.4100000007,786.1939750260153,False,0.00011334042401101401
2020-10-01,XMR,1769,1484593.8599999945,839.2277331825859,False,0.0002361531783034334
2020-11-01,XMR,1972,1981044.559999998,1004.58649087221,False,0.00020423913289353336
2020-12-01,XMR,2530,2002156.4400000009,791.3661818181821,False,0.0001808305447644539
2021-01-01,XMR,6234,4968524.450000007,797.0042428617271,False,0.00031920604305590253
2021-02-01,XMR,9368,7315955.98999999,780.9517495730134,False,0.0004368418925481448
2021-03-01,XMR,5519,3664566.1799999904,663.9909730023537,False,0.00020200163446970233
2021-04-01,XMR,12744,10521954.640000047,825.6398807281895,False,0.0004617934090623612
2021-05-01,XMR,9212,8232394.890000021,893.6598881893206,False,0.00031685476864649247
2021-06-01,XMR,2544,1744880.4399999983,685.8806761006283,False,0.00010545481556351976
2021-07-01,XMR,1513,1566861.5399999977,1035.5991672174473,False,0.00011512529327893386
2021-08-01,XMR,2596,2772629.4700000035,1068.039087057012,False,0.00017193884769009992
2021-09-01,XMR,1540,1233752.970000001,801.1382922077927,False,9.67763765402766e-05
2021-10-01,XMR,1938,1631778.6399999985,841.9910423116606,False,0.00011681595115418341
2021-11-01,XMR,1310,930576.480000001,710.3637251908405,False,5.116653181880858e-05
2021-12-01,XMR,1037,593747.5300000004,572.5627097396339,False,3.987346020420521e-05
2022-01-01,XMR,830,471053.69999999925,567.5345783132522,False,3.1355762850631135e-05
2022-02-01,XMR,667,423605.71000000014,635.0910194902551,False,3.297273802785177e-05
2022-03-01,XMR,1266,781434.2999999989,617.2466824644541,False,5.913032133237972e-05
2022-04-01,XMR,1354,980525.27,724.1693279172822,False,7.425468048983955e-05
2022-05-01,XMR,1439,884659.6500000021,614.773905489925,False,5.126963864226197e-05
2022-06-01,XMR,1269,859153.6500000008,677.0320330969274,False,5.770461706962262e-05
2022-07-01,XMR,1083,706200.7299999994,652.0782363804242,False,4.8957683602829094e-05
2022-08-01,XMR,700,348597.5400000001,497.99648571428594,False,2.3594630790045365e-05
2022-09-01,XMR,773,699534.1,904.9600258732212,False,5.70387032167992e-05
2022-10-01,XMR,722,585736.9999999999,811.2700831024929,False,4.239734584730855e-05
2022-11-01,XMR,786,470794.37999999983,598.9750381679387,False,3.0024289919649512e-05
2022-12-01,XMR,629,390878.72,621.4288076311606,False,2.845992403841133e-05
2023-01-01,XMR,830,463061.1699999996,557.9050240963851,False,2.707260354934215e-05
2023-02-01,XMR,746,384344.22999999975,515.2067426273455,False,2.4801807462970322e-05
2023-03-01,XMR,768,338396.8500000001,440.6208984375001,False,1.6644378407739322e-05
2023-04-01,XMR,893,586322.07,656.575666293393,False,2.632631364314882e-05
2023-05-01,XMR,1244,878605.2199999999,706.2742926045015,False,4.897676155825024e-05
2023-06-01,XMR,652,594364.9100000003,911.6026226993868,False,2.7965770362725966e-05
2023-07-01,XMR,726,405399.9900000001,558.4021900826447,False,1.8539979574150412e-05
2023-08-01,XMR,1193,596184.5399999997,499.7355741827324,False,2.492216198474739e-05
2023-09-01,XMR,805,643931.6300000001,799.9150683229815,False,3.8235688494757106e-05
2023-10-01,XMR,1307,784976.3000000002,600.5939556235655,False,3.5854016168181844e-05
2023-11-01,XMR,1041,691501.23,664.2663112391931,False,3.036926422839598e-05
2023-12-01,XMR,1239,680004.7499999983,548.8335351089574,False,2.7517401144400904e-05
2024-01-01,XMR,1171,625665.4899999988,534.3001622544823,False,2.3517511677669716e-05
2024-02-01,XMR,2921,819640.3700000022,280.60266004792953,False,3.8112017367998475e-05
2024-03-01,XMR,2288,407798.1299999999,178.23344842657335,False,1.2466824089007846e-05
2024-04-01,XMR,1438,253902.67999999967,176.56653685674524,False,8.102568538266321e-06
2024-05-01,XMR,1363,192734.1699999992,141.40438004401994,False,6.924098908037026e-06
2024-06-01,XMR,1174,156077.49000000005,132.9450511073254,False,5.8372212502558925e-06
2024-07-01,XMR,1621,214279.66,132.18979642196174,False,7.263689992331094e-06
2024-08-01,XMR,1044,130822.79000000004,125.30918582375485,False,3.9093301668557425e-06
2024-09-01,XMR,1982,196738.1900000004,99.26245711402645,False,5.7848808045043206e-06
2024-10-01,XMR,1746,224292.61999999988,128.4608361970217,False,7.115676910748488e-06
2024-11-01,XMR,1783,209053.8799999997,117.24839035333692,False,5.561955272530735e-06
2024-12-01,XMR,3661,378815.23000000126,103.47315760721148,False,7.944406677101378e-06
2025-01-01,XMR,556,83092.62,149.4471582733813,False,1.9346114686823174e-06
2025-02-01,XMR,547,126583.83000000002,231.41468007312616,False,3.840301789811789e-06
2025-03-01,XMR,516,236373.56,458.0882945736434,False,6.765279124731025e-06
2025-04-01,XMR,407,233433.6300000001,573.5470024570028,False,6.875345573502011e-06
2025-05-01,XMR,1078,580193.3300000003,538.2127365491654,False,1.7808083196773702e-05
2025-06-01,XMR,386,177339.08000000005,459.4276683937825,False,4.836456542275429e-06
2025-07-01,XMR,839,275549.5099999999,328.4261144219307,False,6.8862563919444455e-06
2025-08-01,XMR,911,196830.7,216.06004390779364,False,5.2421854027611215e-06
2025-09-01,XMR,320,98980.14,309.3129375,False,2.923010215687525e-06
2025-10-01,XMR,838,159413.63999999993,190.2310739856801,False,3.455758958892533e-06
2025-11-01,XMR,2743,454619.35999999626,165.7380094786716,False,9.41922719948579e-06
2025-12-01,XMR,2013,289483.6099999986,143.80705911574694,False,7.491324362254008e-06
2026-01-01,XMR,3519,665795.1700000041,189.20010514350784,False,1.7609023435498314e-05
2026-02-01,XMR,1047,175736.6200000003,167.8477745940786,False,4.754888608484521e-06
2026-03-01,XMR,1238,335492.03,270.99517770597737,False,8.65822331089547e-06
2026-04-01,XMR,346,428152.49,1237.4349421965317,False,1.0524658437167268e-05
2026-05-01,XMR,438,488917.28,1116.2494977168951,False,8.923003173884448e-06
2026-06-01,XMR,1422,152152.7600000002,106.9991279887484,False,2.9384703698055553e-06
2019-08-01,XRP,79818,22457571.710000124,281.3597397830079,False,0.005643288483025414
2019-09-01,XRP,92469,1549125776.3600037,16752.920182547703,False,0.2677960504369108
2019-10-01,XRP,70879,748097588.6799998,10554.573127160367,False,0.11560910762174144
2019-11-01,XRP,69932,1017527745.7700022,14550.245177744126,False,0.18465394617208478
2019-12-01,XRP,37066,587244369.2800006,15843.208581449322,False,0.09876085367416133
2020-01-01,XRP,66675,1222420644.85,18334.017920509938,False,0.18218056053872028
2020-02-01,XRP,105442,2555948262.41,24240.324182109594,False,0.40274937427116797
2020-03-01,XRP,92525,3244708889.709996,35068.45598173462,False,0.4322908287070497
2020-04-01,XRP,73821,3476559503.9000006,47094.45149618673,False,0.6057151312563259
2020-05-01,XRP,90978,2897678811.2799983,31850.324378201305,False,0.45409249552440806
2020-06-01,XRP,57109,2216755756.169999,38816.22434589993,False,0.3395475797019999
2020-07-01,XRP,70205,3405352974.57,48505.84679965815,False,0.32831813688903283
2020-08-01,XRP,102450,2975606482.16,29044.47517969741,False,0.3168960839908738
2020-09-01,XRP,50774,40793101.350000106,803.4250078780499,False,0.006119535499123427
2020-10-01,XRP,42901,45412272.92999999,1058.536466049742,False,0.007223694557380501
2020-11-01,XRP,324662,383426368.6099895,1181.0016836278637,False,0.039529988691128
2020-12-01,XRP,388703,393474515.5499997,1012.2754790932916,False,0.03553778794519973
2021-01-01,XRP,484953,423301469.4899935,872.8711225417587,False,0.02719527466462392
2021-02-01,XRP,802041,924781760.9700196,1153.0355193437986,False,0.055219497658042904
2021-03-01,XRP,417322,387685579.8699975,928.9842852042248,False,0.021370366080842352
2021-04-01,XRP,1510861,2335450780.0906715,1545.774747042032,False,0.10249956536929312
2021-05-01,XRP,778726,1205792705.8301084,1548.4171657683298,False,0.04640948034520562
2021-06-01,XRP,254128,243354646.06999272,957.6065843590344,False,0.014707551720756716
2021-07-01,XRP,182974,181054058.39999825,989.5070250417996,False,0.013302963306279792
2021-08-01,XRP,461316,551167973.5400245,1194.773156664899,False,0.03417953508737653
2021-09-01,XRP,294981,326292074.1200001,1106.146070831681,False,0.02559456017126747
2021-10-01,XRP,266429,271257775.54999584,1018.1240613821911,False,0.01941883186976929
2021-11-01,XRP,232798,248084415.82999828,1065.663862361353,False,0.013640597445914528
2021-12-01,XRP,154408,124352754.7999996,805.3517615667557,False,0.008350981468168919
2022-01-01,XRP,105795,76847400.93999916,726.3802726026671,False,0.005115359203339207
2022-02-01,XRP,122884,70230753.99999897,571.5207350021075,False,0.005466640789947021
2022-03-01,XRP,100585,55674010.41,553.5021167172044,False,0.004212794505444102
2022-04-01,XRP,82669,38742908.26000011,468.65098477059246,False,0.002933980757164447
2022-05-01,XRP,89755,38741897.95999991,431.6405543980827,False,0.002245251163794547
2022-06-01,XRP,71639,29376529.54000013,410.0633668811698,False,0.0019730596360035984
2022-07-01,XRP,68716,24714867.080000237,359.6668473135839,False,0.0017133692891943475
2022-08-01,XRP,59203,22832215.960000116,385.6597800787141,False,0.0015453858500974614
2022-09-01,XRP,84935,42425393.08999989,499.50424548183776,False,0.0034592872675063982
2022-10-01,XRP,76973,40962416.4299997,532.1660378314435,False,0.0029649787125009546
2022-11-01,XRP,96666,56709702.96999874,586.6561455940945,False,0.003616586424053005
2022-12-01,XRP,47759,25286276.24999973,529.4557308570056,False,0.0018410966483140266
2023-01-01,XRP,61119,26311692.24999997,430.4993905332216,False,0.0015382978732519253
2023-02-01,XRP,48266,18961168.790000077,392.8473208884116,False,0.0012235678875742826
2023-03-01,XRP,103755,42928681.86000027,413.7504877837238,False,0.002111488997085224
2023-04-01,XRP,62114,22607289.51000002,363.96447676852273,False,0.0010150847541211077
2023-05-01,XRP,45525,24395589.529999845,535.8723674903865,False,0.0013599019722233708
2023-06-01,XRP,46766,29962681.090000004,640.6936896463243,False,0.0014097895833294254
2023-07-01,XRP,122537,76438951.56000091,623.803027330528,False,0.0034957489776748373
2023-08-01,XRP,102357,28472487.43,278.1684440731948,False,0.0011902286896589842
2023-09-01,XRP,75874,20464744.60999989,269.72012296702286,False,0.0012151656535845509
2023-10-01,XRP,100438,32397280.30000019,322.5599902427387,False,0.0014797550087580042
2023-11-01,XRP,116022,54516939.36999992,469.88449923290335,False,0.0023942681007971182
2023-12-01,XRP,100265,51225533.49000004,510.9014460679204,False,0.002072917216946319
2024-01-01,XRP,99897,35935950.400000066,359.73002592670514,False,0.0013507603450849796
2024-02-01,XRP,104657,41220157.36000016,393.859535052602,False,0.001916673959356043
2024-03-01,XRP,182482,91433805.45000067,501.0565724290653,False,0.0027952290225894995
2024-04-01,XRP,153843,51348324.46999906,333.77095135949673,False,0.0016386330319290271
2024-05-01,XRP,131608,35463791.01000026,269.46531373472936,False,0.0012740594810312935
2024-06-01,XRP,110569,37436587.94000008,338.58122927764634,False,0.0014001099496182433
2024-07-01,XRP,148696,74996805.6999969,504.363302980557,False,0.0025422550466052962
2024-08-01,XRP,124840,141359224.47999856,1132.3231694969445,False,0.0042241866315723044
2024-09-01,XRP,104510,56066651.96000011,536.4716482633252,False,0.0016485812881384572
2024-10-01,XRP,117694,72268554.36000006,614.0377110133062,False,0.0022927178060188724
2024-11-01,XRP,457473,579395070.0600032,1266.5120565803952,False,0.015415018677474695
2024-12-01,XRP,676116,810461410.9500269,1198.7017182702773,False,0.016996769228851693
2025-01-01,XRP,1218169,1051316216.589998,863.0298559477363,False,0.02447736525610474
2025-02-01,XRP,749070,661009456.4699897,882.4401677680186,False,0.020053713011876938
2025-03-01,XRP,949594,872957716.5799769,919.2957375256972,False,0.024985039006695086
2025-04-01,XRP,411549,382163382.68999374,928.5975246932776,False,0.011255898824570404
2025-05-01,XRP,415154,345773615.32000095,832.8803656474488,False,0.01061295432139456
2025-06-01,XRP,280875,241263181.6999982,858.9699392968338,False,0.006579818128881358
2025-07-01,XRP,591184,692076925.3899992,1170.6624763017928,False,0.017295690894838255
2025-08-01,XRP,469170,457237912.7999905,974.5676680094432,False,0.012177601929318304
2025-09-01,XRP,330578,258272303.6900045,781.2749296384045,False,0.007627111682353996
2025-10-01,XRP,409978,418405056.3199912,1020.5548988482092,False,0.009070158750679961
2025-11-01,XRP,386586,312349653.02000284,807.9693859063775,False,0.006471550942036396
2025-12-01,XRP,175177,147565906.77000013,842.3817440074903,False,0.0038187449452637785
2026-01-01,XRP,363427,281015490.59999657,773.2377908080483,False,0.00743232841372725
2026-02-01,XRP,340211,214645708.2700017,630.9193655408018,False,0.005807648019593874
2026-03-01,XRP,247109,125394719.19000132,507.4469937962653,False,0.0032361289797377926
2026-04-01,XRP,222818,92030819.53000332,413.0313508334305,False,0.002262261609749993
2026-05-01,XRP,262559,100510731.6400016,382.8119837446121,False,0.0018343748812338608
2026-06-01,XRP,260393,101535638.30000313,389.93228811835615,False,0.0019609204895386246
2019-08-01,XTZ,42,255784.14999999997,6090.098809523808,False,6.427514810929827e-05
2019-09-01,XTZ,15,21025.53000000001,1401.7020000000005,False,3.6346654211467272e-06
2019-11-01,XTZ,46,613023.4800000001,13326.59739130435,False,0.00011124729045347402
2019-12-01,XTZ,27,65189.72,2414.434074074074,False,1.0963395708456408e-05
2020-01-01,XTZ,18,198543.59,11030.199444444444,False,2.95894728790418e-05
2020-02-01,XTZ,181,1088254.2399999998,6012.454364640883,False,0.00017147988504066152
2020-03-01,XTZ,29,209201.47,7213.843793103449,False,2.7871799876973224e-05
2020-04-01,XTZ,1697,1798980.5999999964,1060.094637595755,False,0.0003134333725725653
2020-05-01,XTZ,4390,3114118.4799999883,709.3663963553504,False,0.0004880105505265501
2020-06-01,XTZ,1913,1186386.259999999,620.1705488761104,False,0.0001817225835789437
2020-07-01,XTZ,3445,2808782.820000007,815.3215732946319,False,0.00027080139688155836
2020-08-01,XTZ,5792,5131219.289999977,885.9149326657418,False,0.0005464644968507602
2020-09-01,XTZ,1980,1182234.6899999983,597.0882272727264,False,0.00017735173140372547
2020-10-01,XTZ,1677,913679.4199999992,544.8297078115678,False,0.0001453382671159897
2020-11-01,XTZ,2714,1716640.5200000063,632.5130876934438,False,0.00017697995207876892
2020-12-01,XTZ,1986,992547.420000002,499.7721148036263,False,8.964478852769043e-05
2021-01-01,XTZ,5556,3470143.549999995,624.5758729301647,False,0.00022294160018302003
2021-02-01,XTZ,8888,5574087.47,627.1475551305131,False,0.0003328334564822476
2021-03-01,XTZ,5592,3298827.5300000003,589.9190861945638,False,0.00018184104752439013
2021-04-01,XTZ,9644,6722867.379999986,697.1036271256726,False,0.0002950569501869972
2021-05-01,XTZ,7178,5631967.079999999,784.615084981889,False,0.00021676749597200832
2021-06-01,XTZ,2181,796995.909999999,365.4268271435117,False,4.816780265697148e-05
2021-07-01,XTZ,1188,424237.6800000002,357.10242424242443,False,3.1170901884524265e-05
2021-08-01,XTZ,5489,4503763.859999999,820.5071707050462,False,0.00027929154498841684
2021-09-01,XTZ,10264,11351185.870000008,1105.9222398674988,False,0.0008903943209423741
2021-10-01,XTZ,6554,6761246.410000006,1031.621362526702,False,0.00048402486159027016
2021-11-01,XTZ,2749,1945422.3599999992,707.6836522371768,False,0.00010696650648634653
2021-12-01,XTZ,3288,2675943.9900000044,813.8515784671546,False,0.00017970457273977578
2022-01-01,XTZ,14135,5297184.460000017,374.7565942695449,False,0.0003526079079812118
2022-02-01,XTZ,16781,3591118.70999999,213.9990888504851,False,0.00027952648809135894
2022-03-01,XTZ,9156,1581535.909999996,172.73218763652207,False,0.0001196731786114296
2022-04-01,XTZ,7927,1157607.7899999996,146.03352970859083,False,8.766504975338295e-05
2022-05-01,XTZ,9223,1090077.3999999969,118.19119592323506,False,6.317443594279016e-05
2022-06-01,XTZ,8243,1880015.5299999935,228.0741877957047,False,0.0001262702849991886
2022-07-01,XTZ,6206,874023.1700000007,140.83518691588796,False,6.059204982470321e-05
2022-08-01,XTZ,4274,840394.22,196.62943846513804,False,5.688161579966443e-05
2022-09-01,XTZ,3933,524468.9700000001,133.3508695652174,False,4.2764219680284874e-05
2022-10-01,XTZ,2113,277227.9199999999,131.20109796497866,False,2.0066562301459505e-05
2022-11-01,XTZ,2487,458349.4400000003,184.2981262565341,False,2.9230630304187173e-05
2022-12-01,XTZ,1152,258262.45999999996,224.1861631944444,False,1.8804119071954707e-05
2023-01-01,XTZ,3170,984841.6400000004,310.6755962145112,False,5.7578197020069675e-05
2023-02-01,XTZ,3374,699841.8299999998,207.42200059276817,False,4.516092858267396e-05
2023-03-01,XTZ,1997,295147.2500000002,147.79531797696555,False,1.4517104739608662e-05
2023-04-01,XTZ,1940,402418.3599999999,207.43214432989683,False,1.8068895071818757e-05
2023-05-01,XTZ,1158,88019.31999999998,76.0097754749568,False,4.906528153974917e-06
2023-06-01,XTZ,1504,98456.69999999998,65.4632313829787,False,4.6325370433994835e-06
2023-07-01,XTZ,1885,177276.10000000006,94.04567639257296,False,8.10728997054254e-06
2023-08-01,XTZ,2713,128477.80000000005,47.356358274972365,False,5.370727229934512e-06
2023-09-01,XTZ,1444,57023.54999999995,39.48999307479221,False,3.3859723503024756e-06
2023-10-01,XTZ,1779,176920.46999999997,99.4493929173693,False,8.080892877736983e-06
2023-11-01,XTZ,2095,254716.76000000013,121.58317899761344,False,1.1186618696023039e-05
2023-12-01,XTZ,2500,239954.17000000027,95.98166800000013,False,9.710101513499418e-06
2024-01-01,XTZ,3735,363308.82,97.271437751004,False,1.36560503232333e-05
2024-02-01,XTZ,4172,386163.91000000073,92.56086049856202,False,1.7956028257629854e-05
2024-03-01,XTZ,6036,1004700.8499999986,166.45143306825688,False,3.0714777331192386e-05
2024-04-01,XTZ,3742,599838.0800000003,160.29879208979165,False,1.914209473906335e-05
2024-05-01,XTZ,2990,557975.4000000012,186.6138461538465,False,2.004562479944032e-05
2024-06-01,XTZ,1661,331743.2500000001,199.72501505117407,False,1.2407034150337458e-05
2024-07-01,XTZ,1901,342859.6400000001,180.3575170962652,False,1.1622317003126858e-05
2024-08-01,XTZ,1511,137201.35999999996,90.80169424222366,False,4.099938669566934e-06
2024-09-01,XTZ,1152,112314.16,97.49493055555554,False,3.3024804602402092e-06
2024-10-01,XTZ,1444,108188.61000000002,74.92286011080334,False,3.43228053684055e-06
2024-11-01,XTZ,7065,2051984.27,290.4436334041047,False,5.45937952918006e-05
2024-12-01,XTZ,7707,1691730.2400000005,219.50567536006236,False,3.5478491755757224e-05
2025-01-01,XTZ,3436,382295.5199999999,111.26179278230498,False,8.900830150955286e-06
2025-02-01,XTZ,1942,211359.60000000003,108.8360453141092,False,6.412230141668993e-06
2025-03-01,XTZ,1631,332801.30000000005,204.04739423666464,False,9.525150306884356e-06
2025-04-01,XTZ,1510,154546.6700000001,102.34878807947028,False,4.5518795363117825e-06
2025-05-01,XTZ,34648,6509652.109999876,187.87959218424947,False,0.0001998031007301156
2025-06-01,XTZ,14256,1494295.399999997,104.81870089786736,False,4.075297313723553e-05
2025-07-01,XTZ,58431,55662538.26000064,952.619983570376,False,0.0013910622083297547
2025-08-01,XTZ,34796,32353820.790000923,929.814369180392,False,0.0008616782192457383
2025-09-01,XTZ,17600,12947580.19000016,735.6579653409182,False,0.0003823586142008275
2025-10-01,XTZ,18037,9910201.760000143,549.4373654155428,False,0.00021483273649954332
2025-11-01,XTZ,19217,11709918.08000008,609.3520362179362,False,0.00024261698596137233
2025-12-01,XTZ,729,52608.90999999999,72.16585733882029,False,1.361425640486625e-06
2026-01-01,XTZ,15540,7500421.359999941,482.6525971685933,False,0.0001983719640146237
2026-02-01,XTZ,7914,2238966.9999999627,282.91218094515574,False,6.057951201674738e-05
2026-03-01,XTZ,9347,2971880.1699999133,317.9501626190129,False,7.669691040076641e-05
2026-04-01,XTZ,8251,1707393.9499999962,206.93175978669208,False,4.1970416057689657e-05
2026-05-01,XTZ,9226,3408393.6599999545,369.43352048557927,False,6.220501645191846e-05
2026-06-01,XTZ,8546,1869503.7399999525,218.75775099461177,False,3.6105039081976046e-05
2020-09-01,YFI,90,1666606.16,18517.846222222222,False,0.0002500142235245311
2020-10-01,YFI,36,17643.27,490.09083333333336,False,2.806501089911306e-06
2020-11-01,YFI,410,345864.9799999999,843.5731219512194,False,3.565753392919103e-05
2020-12-01,YFI,451,1466287.560000001,3251.1919290465653,False,0.00013243199829886517
2021-01-01,YFI,6073,106600473.11999992,17553.18180800262,False,0.006848615832517887
2021-02-01,YFI,4062,69901199.06999995,17208.56697932052,False,0.004173859456626315
2021-03-01,YFI,598,1561517.4299999983,2611.233160535114,False,8.607542001409003e-05
2021-04-01,YFI,877,1386992.679999998,1581.51958950969,False,6.087310770251874e-05
2021-05-01,YFI,54853,201169449.9399996,3667.428398446751,False,0.007742765060615376
2021-06-01,YFI,14229,18761968.58000002,1318.5725335582276,False,0.0011339114651388131
2021-07-01,YFI,9978,7489376.279999999,750.5889236319903,False,0.0005502825991320789
2021-08-01,YFI,15174,11088915.170000032,730.7839178858596,False,0.0006876560020344411
2021-09-01,YFI,9952,6137987.360000032,616.7591800643119,False,0.0004814676765891157
2021-10-01,YFI,12416,7869180.840000036,633.7935599226834,False,0.0005633397950526433
2021-11-01,YFI,8679,6707335.1400000015,772.8234980988595,False,0.00036879405856058453
2021-12-01,YFI,49953,26335616.260005403,527.2079006266972,False,0.0017685836047125019
2022-01-01,YFI,11059,9078877.709999988,820.9492458630968,False,0.0006043369077127325
2022-02-01,YFI,4392,1981452.979999999,451.1504963570125,False,0.000154232883272622
2022-03-01,YFI,3293,2154981.3899999973,654.4128120255078,False,0.00016306520209824208
2022-04-01,YFI,2304,1103398.7299999995,478.9056987847221,False,8.355982518333741e-05
2022-05-01,YFI,4229,1022071.7399999994,241.6816599668951,False,5.923323028948791e-05
2022-06-01,YFI,6163,1663958.0199999996,269.99156579587856,False,0.00011175889244493967
2022-07-01,YFI,5355,2396780.0799999987,447.5779794584498,False,0.00016615785829363763
2022-08-01,YFI,4521,2289631.089999999,506.4435058615349,False,0.000154972408049578
2022-09-01,YFI,2837,1087777.35,383.42522030313705,False,8.869533226844312e-05
2022-10-01,YFI,1478,506610.67000000033,342.7677063599461,False,3.6669952190021665e-05
2022-11-01,YFI,2503,722937.8,288.82852576907715,False,4.610440358500797e-05
2022-12-01,YFI,1650,300411.36,182.0674909090909,False,2.1872985272454434e-05
2023-01-01,YFI,1873,330659.94,176.54027762947143,False,1.9331842195425868e-05
2023-02-01,YFI,2992,710865.56,237.588756684492,False,4.587229201067124e-05
2023-03-01,YFI,4348,1326700.460000001,305.1289006439744,False,6.525505331968024e-05
2023-04-01,YFI,1778,308753.63,173.6522103487064,False,1.3863276376140377e-05
2023-05-01,YFI,1860,278243.4500000001,149.5932526881721,False,1.551033706104652e-05
2023-06-01,YFI,1798,477416.9500000005,265.5266685205787,False,2.2463191494553458e-05
2023-07-01,YFI,1808,208416.31000000008,115.27450774336286,False,9.531411508717109e-06
2023-08-01,YFI,1674,337263.03,201.47134408602156,False,1.4098527051920405e-05
2023-09-01,YFI,1272,185794.2700000001,146.0646776729561,False,1.1032183388523402e-05
2023-10-01,YFI,1900,655611.9399999995,345.0589157894734,False,2.9945262165001722e-05
2023-11-01,YFI,7270,2355511.76,324.00436863823927,False,0.0001034490698339525
2023-12-01,YFI,3680,877110.380000001,238.34521195652204,False,3.549357291162746e-05
2024-01-01,YFI,4121,719091.3199999995,174.4943751516621,False,2.702920136351287e-05
2024-02-01,YFI,4614,938973.2399999992,203.50525357607265,False,4.3660812401133526e-05
2024-03-01,YFI,7730,1612336.7299999995,208.581724450194,False,4.929085473039354e-05
2024-04-01,YFI,4959,1246547.7700000005,251.37079451502325,False,3.9779961135692064e-05
2024-05-01,YFI,2586,596113.2199999997,230.51555297757145,False,2.1415750490265688e-05
2024-06-01,YFI,2244,1999597.3500000008,891.0861631016046,False,7.478395599118982e-05
2024-07-01,YFI,2492,5239452.130000007,2102.5088804173383,False,0.00017760787935718625
2024-08-01,YFI,2301,28972707.129999988,12591.354684919595,False,0.0008657809392292076
2024-09-01,YFI,1725,388619.70000000007,225.2867826086957,False,1.1426956010839703e-05
2024-10-01,YFI,1820,287159.47999999986,157.779934065934,False,9.110126233928439e-06
2024-11-01,YFI,4936,1953903.8299999973,395.8476154781194,False,5.198432915613189e-05
2024-12-01,YFI,7657,3554310.77,464.1910369596448,False,7.454000783886447e-05
2025-01-01,YFI,2762,1477092.04,534.7907458363505,False,3.439052951854642e-05
2025-02-01,YFI,1557,767595.0499999999,492.99617854849066,False,2.3287308057953915e-05
2025-03-01,YFI,1049,217136.84999999992,206.99413727359385,False,6.2147026871992426e-06
2025-04-01,YFI,1112,783421.6700000003,704.51589028777,False,2.3074201909210993e-05
2025-05-01,YFI,1061,204651.77000000005,192.88573986804903,False,6.281450609794145e-06
2025-06-01,YFI,714,105285.35000000003,147.45847338935582,False,2.8713807459317956e-06
2025-07-01,YFI,1115,208863.99000000008,187.3219641255606,False,5.219718903454126e-06
2025-08-01,YFI,1000,1087777.0099999993,1087.777009999999,False,2.897072846502672e-05
2025-09-01,YFI,2110,753537.9,357.12696682464457,False,2.2252938615844804e-05
2025-10-01,YFI,3193,750992.6600000001,235.1997056060132,False,1.6279972108142916e-05
2025-11-01,YFI,2447,518622.20000000007,211.94205149162244,False,1.0745297632061247e-05
2025-12-01,YFI,2366,870318.8600000001,367.8439814032122,False,2.2522314402695087e-05
2026-01-01,YFI,2301,599951.55,260.7351368970013,False,1.5867584176246685e-05
2026-02-01,YFI,2973,241427.50999999992,81.20669693911871,False,6.532280620133586e-06
2026-03-01,YFI,2360,241840.37000000005,102.47473305084748,False,6.2413045372481295e-06
2026-04-01,YFI,1955,105239.9899999999,53.83119693094624,False,2.5869636976323506e-06
2026-05-01,YFI,1938,128716.33000000005,66.41709494324047,False,2.349142213015581e-06
2026-06-01,YFI,2039,336044.5099999994,164.80848945561522,False,6.489904196090979e-06
2019-08-01,ZEC,9530,870615.5599999946,91.35525288562376,False,0.000218774087703477
2019-09-01,ZEC,3951,415716.5300000016,105.21805365730232,False,7.186456163483685e-05
2019-10-01,ZEC,3676,341409.9600000003,92.87539717083796,False,5.2760630973852644e-05
2019-11-01,ZEC,2432,262651.72000000044,107.99824013157912,False,4.766423006006976e-05
2019-12-01,ZEC,2576,301528.70999999973,117.0530706521738,False,5.0710120632369546e-05
2020-01-01,ZEC,10361,1506241.249999994,145.3760496091105,False,0.00022447909104579423
2020-02-01,ZEC,9191,1763433.219999993,191.8652181481877,False,0.0002778701104279478
2020-03-01,ZEC,12513,1349465.3500000003,107.8450691281068,False,0.00017978854630471594
2020-04-01,ZEC,7026,1009176.6400000016,143.63459151722196,False,0.00017582715333153164
2020-05-01,ZEC,253,41796.04000000001,165.20173913043482,False,6.549817748176938e-06
2020-06-01,ZEC,159,8979.209999999997,56.47301886792451,False,1.3753743571658425e-06
2020-07-01,ZEC,258,47668.700000000026,184.7624031007753,False,4.595852144783453e-06
2020-08-01,ZEC,577,146229.77000000005,253.43114384748708,False,1.557317533541872e-05
2020-09-01,ZEC,205,18397.67,89.74473170731706,False,2.7599077035156043e-06
2020-10-01,ZEC,185,121528.20000000004,656.9091891891893,False,1.933139524333977e-05
2020-11-01,ZEC,351,63515.22000000001,180.95504273504275,False,6.548208818857676e-06
2020-12-01,ZEC,254,56859.350000000006,223.8557086614173,False,5.135416508938107e-06
2021-01-01,ZEC,9,5121.65,569.0722222222222,False,3.2904369232142167e-07
2021-02-01,ZEC,594,802844.2799999999,1351.589696969697,False,4.793850799212546e-05
2021-03-01,ZEC,445,297480.89,668.496382022472,False,1.639801904287123e-05
2021-04-01,ZEC,593,489613.4199999999,825.655008431703,False,2.14884266355743e-05
2021-05-01,ZEC,582,7407617.249999999,12727.864690721648,False,0.00028511009023894266
2021-06-01,ZEC,78,1156473.65,14826.58525641026,False,6.989345096035383e-05
2021-07-01,ZEC,43,218114.08,5072.420465116278,False,1.602595174316735e-05
2021-08-01,ZEC,78,748740.67,9599.23935897436,False,4.6431594777254246e-05
2021-09-01,ZEC,82,1433227.8500000003,17478.38841463415,False,0.00011242331443352959
2021-10-01,ZEC,21,150251.9,7154.85238095238,False,1.0756249763891543e-05
2021-11-01,ZEC,4280,4613350.929999997,1077.8857313084104,False,0.0002536590728697277
2021-12-01,ZEC,769,561691.0400000002,730.4174772431732,False,3.772068800100714e-05
2022-01-01,ZEC,264,206159.66999999995,780.9078409090907,False,1.3723050518198632e-05
2022-02-01,ZEC,275,230722.64,838.9914181818182,False,1.7959052454260714e-05
2022-03-01,ZEC,925,1477474.1800000006,1597.2693837837844,False,0.00011179893565421226
2022-04-01,ZEC,418,586669.4699999999,1403.5154784688991,False,4.4428180874923805e-05
2022-05-01,ZEC,310,365041.02,1177.5516774193547,False,2.115561751347276e-05
2022-06-01,ZEC,126,34018.48,269.98793650793647,False,2.284833873068704e-06
2022-07-01,ZEC,115,79212.51999999999,688.8045217391303,False,5.4914436176563775e-06
2022-08-01,ZEC,163,131530.57999999996,806.9360736196317,False,8.902574219831051e-06
2022-09-01,ZEC,93,39184.94,421.3434408602151,False,3.1950667783430196e-06
2022-10-01,ZEC,49,49762.91,1015.5695918367346,False,3.6019840058567064e-06
2022-11-01,ZEC,103,49020.56,475.9277669902912,False,3.1262214843422185e-06
2022-12-01,ZEC,54,7436.299999999999,137.70925925925926,False,5.414378483608373e-07
2023-01-01,ZEC,480,144391.22,300.8150416666667,False,8.441749186324233e-06
2023-02-01,ZEC,534,97466.13000000003,182.52084269662927,False,6.289508210961923e-06
2023-03-01,ZEC,502,140343.83000000005,279.5693824701196,False,6.902947866422038e-06
2023-04-01,ZEC,94,11372.49,120.98393617021276,False,5.106335817165702e-07
2023-05-01,ZEC,134,13556.69,101.16932835820896,False,7.557009206582173e-07
2023-06-01,ZEC,129,17814.460000000003,138.09658914728683,False,8.381973584139868e-07
2023-07-01,ZEC,131,23472.98,179.1830534351145,False,1.0734794782418248e-06
2023-08-01,ZEC,125,19221.620000000003,153.77296,False,8.035168561218652e-07
2023-09-01,ZEC,64,3569.3,55.7703125,False,2.119396479162493e-07
2023-10-01,ZEC,117,14725.14,125.85589743589745,False,6.725749651788737e-07
2023-11-01,ZEC,242,34804.91,143.82194214876034,False,1.5285576689943727e-06
2023-12-01,ZEC,201,47682.48,237.22626865671643,False,1.9295423005793367e-06
2024-01-01,ZEC,330,141688.98,429.3605454545455,False,5.325804755105028e-06
2024-02-01,ZEC,240,63175.51,263.23129166666666,False,2.9375641104063176e-06
2024-03-01,ZEC,323,100706.32,311.7842724458205,False,3.0786996892097888e-06
2024-04-01,ZEC,345,1256041.4900000007,3640.699971014495,False,4.0082925708508356e-05
2024-05-01,ZEC,332,2423031.5300000017,7298.28774096386,False,8.70489647529152e-05
2024-06-01,ZEC,153,140279.17,916.857320261438,False,5.246371863695775e-06
2024-07-01,ZEC,246,41043.61,166.8439430894309,False,1.391303585259284e-06
2024-08-01,ZEC,341,223629.1100000001,655.803841642229,False,6.682627896180026e-06
2024-09-01,ZEC,196,51354.63999999999,262.01346938775504,False,1.510029502448046e-06
2024-10-01,ZEC,434,58128.76,133.93723502304147,False,1.844133237118727e-06
2024-11-01,ZEC,629,94441.25,150.14507154213035,False,2.512644148876328e-06
2024-12-01,ZEC,1232,158229.28999999998,128.43286525974025,False,3.3183402578323105e-06
2025-01-01,ZEC,328,85828.83,261.67326219512194,False,1.9983175264131156e-06
2025-02-01,ZEC,198,131257.69,662.9176262626263,False,3.9820974119171524e-06
2025-03-01,ZEC,177,52721.73999999999,297.86293785310727,False,1.508955938394703e-06
2025-04-01,ZEC,248,161618.05,651.6856854838709,False,4.760153644809131e-06
2025-05-01,ZEC,286,50342.92,176.02419580419578,False,1.5451934060126516e-06
2025-06-01,ZEC,115,14336.26,124.66313043478262,False,3.9098374971135253e-07
2025-07-01,ZEC,151,24972.790000000008,165.38271523178813,False,6.240948668795908e-07
2025-08-01,ZEC,82,43562.55,531.2506097560976,False,1.1601999267240908e-06
2025-09-01,ZEC,110,33076.51,300.6955454545455,False,9.767916738579132e-07
2025-10-01,ZEC,4035,10583996.879999992,2623.047553903344,False,0.00022943922514378698
2025-11-01,ZEC,7233,27495801.25,3801.438027098023,False,0.0005696836118146343
2025-12-01,ZEC,4974,11421184.909999998,2296.177102935263,False,0.00029556008632782786
2026-01-01,ZEC,3569,11587567.439999998,3246.7266573269817,False,0.00030646925031218816
2026-02-01,ZEC,1818,1197899.979999998,658.9108800880077,False,3.241146306902805e-05
2026-03-01,ZEC,1952,651627.5600000002,333.8255942622952,False,1.6816903012610874e-05
2026-04-01,ZEC,1628,1334983.7200000002,820.0145700245702,False,3.28159896306546e-05
2026-05-01,ZEC,4027,3906128.849999996,969.9848149987572,False,7.128895122330627e-05
2026-06-01,ZEC,4573,8323788.349999998,1820.2030067789192,False,0.00016075426716549625
2019-09-01,ZRX,5,51233.81,10246.762,False,8.85674499527961e-06
2019-10-01,ZRX,35,70741.36,2021.1817142857144,False,1.0932190699850869e-05
2019-11-01,ZRX,50,4810.49,96.2098,False,8.72974683210392e-07
2019-12-01,ZRX,121,6283.560000000003,51.93024793388432,False,1.0567487440938292e-06
2020-01-01,ZRX,135,4561.039999999999,33.78548148148148,False,6.797437750582871e-07
2020-02-01,ZRX,294,27192.95,92.49302721088436,False,4.2848846974549415e-06
2020-03-01,ZRX,137,9324.99,68.0656204379562,False,1.2423634266756183e-06
2020-04-01,ZRX,180,13329.480000000003,74.05266666666668,False,2.322372943342784e-06
2020-05-01,ZRX,770,97462.89000000012,126.57518181818196,False,1.5273316962817942e-05
2020-06-01,ZRX,429,82258.48999999998,191.74473193473187,False,1.2599796396919426e-05
2020-07-01,ZRX,860,69635.49000000008,80.97150000000009,False,6.713722339177425e-06
2020-08-01,ZRX,1662,222277.7400000007,133.7411191335744,False,2.3672130635099986e-05
2020-09-01,ZRX,428,40025.72,93.51803738317756,False,6.004417568461583e-06
2020-10-01,ZRX,346,69304.20000000001,200.3011560693642,False,1.1024164615484043e-05
2020-11-01,ZRX,379,48327.600000000006,127.51345646437996,False,4.982415498430553e-06
2020-12-01,ZRX,346,49040.72999999998,141.7362138728323,False,4.429255249178476e-06
2021-01-01,ZRX,9,10483.18,1164.7977777777778,False,6.734986292444977e-07
2021-02-01,ZRX,1356,490023.0500000002,361.3739306784663,False,2.9259688938371343e-05
2021-03-01,ZRX,1027,64638.08999999994,62.93874391431348,False,3.563041077074979e-06
2021-04-01,ZRX,817,187661.88999999996,229.6963157894736,False,8.236209611162648e-06
2021-05-01,ZRX,35067,24134484.5099994,688.2392137907264,False,0.0009289066678649323
2021-06-01,ZRX,14532,4540634.890000028,312.45767203413345,False,0.0002744209883321497
2021-07-01,ZRX,16358,5267184.959999995,321.99443452744805,False,0.00038700689103287955
2021-08-01,ZRX,49000,8743813.170001667,178.4451667347279,False,0.0005422293808583101
2021-09-01,ZRX,53061,7504862.859999984,141.43839844707006,False,0.0005886862700095426
2021-10-01,ZRX,20141,12276934.880000064,609.5494205848798,False,0.0008788825825451296
2021-11-01,ZRX,18851,11393590.79000006,604.4024608774102,False,0.0006264617021988583
2021-12-01,ZRX,6356,2136219.7799999896,336.09499370673217,False,0.00014345907996495672
2022-01-01,ZRX,5205,2123255.139999993,407.9260595581159,False,0.00014133480883649465
2022-02-01,ZRX,3547,1006462.9599999984,283.7504820975468,False,7.83413413261502e-05
2022-03-01,ZRX,5137,2070828.4499999967,403.1201966128084,False,0.0001566974365890182
2022-04-01,ZRX,7905,3509476.0500000026,443.9564895635677,False,0.00026577083809323384
2022-05-01,ZRX,5583,24600652.10999993,4406.350010746898,False,0.0014257082303275534
2022-06-01,ZRX,4057,1159698.4399999962,285.85122997288545,False,7.789055472957421e-05
2022-07-01,ZRX,3606,645163.6699999997,178.91394065446468,False,4.472626193391227e-05
2022-08-01,ZRX,2789,534029.9800000003,191.4772248117606,False,3.6145522452382525e-05
2022-09-01,ZRX,2512,279187.47000000026,111.14150875796189,False,2.2764424555113248e-05
2022-10-01,ZRX,2572,151054.6700000002,58.73043157076213,False,1.09337758854931e-05
2022-11-01,ZRX,3789,339845.5799999992,89.69268408551048,False,2.1673203112219437e-05
2022-12-01,ZRX,3317,624523.6799999978,188.2796744045818,False,4.547164013684102e-05
2023-01-01,ZRX,9146,408531.8299999997,44.667814345068855,False,2.388457721660671e-05
2023-02-01,ZRX,10239,425851.0899999997,41.591082136927405,False,2.7480253162838025e-05
2023-03-01,ZRX,11902,526080.2700000006,44.20099731137629,False,2.5875770080973512e-05
2023-04-01,ZRX,13310,777639.8999999999,58.42523666416228,False,3.491663192693204e-05
2023-05-01,ZRX,4518,177444.17000000033,39.27493802567515,False,9.891405839805547e-06
2023-06-01,ZRX,3560,167713.20000000016,47.11044943820229,False,7.891160395047438e-06
2023-07-01,ZRX,6205,293093.9199999998,47.23512006446411,False,1.3403935432035087e-05
2023-08-01,ZRX,4005,141145.74000000028,35.24238202247198,False,5.900282143742016e-06
2023-09-01,ZRX,2542,60648.34000000004,23.858512981904028,False,3.601206910684164e-06
2023-10-01,ZRX,7148,525156.0699999996,73.46895215444874,False,2.398665313156438e-05
2023-11-01,ZRX,6984,1102774.86,157.90018041237113,False,4.843152789153012e-05
2023-12-01,ZRX,3337,322369.6299999992,96.6046239136947,False,1.3045165383744888e-05
2024-01-01,ZRX,9315,464539.2399999983,49.87002039720862,False,1.7461098903562343e-05
2024-02-01,ZRX,4010,415163.9099999999,103.53214713216954,False,1.9304483682869486e-05
2024-03-01,ZRX,25087,6978370.14999996,278.1667855861586,False,0.0002133362237046865
2024-04-01,ZRX,5839,1054575.5600000017,180.60893303647916,False,3.365372415005864e-05
2024-05-01,ZRX,4272,783111.3799999991,183.31258895131063,False,2.8133779553098363e-05
2024-06-01,ZRX,2859,594592.5500000002,207.972210563134,False,2.223746850429129e-05
2024-07-01,ZRX,6325,1008623.8500000004,159.46622134387357,False,3.4190510500490164e-05
2024-08-01,ZRX,4265,606074.3,142.1041735052755,False,1.811109933021591e-05
2024-09-01,ZRX,1614,124753.39000000004,77.29454151177201,False,3.6682430142710982e-06
2024-10-01,ZRX,2172,298351.4900000001,137.36256445672197,False,9.465192428892267e-06
2024-11-01,ZRX,5648,1319922.6399999962,233.69735127478685,False,3.511702670565443e-05
2024-12-01,ZRX,6426,1642978.0700000003,255.6766370992842,False,3.4456074930353504e-05
2025-01-01,ZRX,4358,556338.4799999996,127.6591280403854,False,1.2953001167580075e-05
2025-02-01,ZRX,2165,321054.04,148.29285912240184,False,9.740141410149347e-06
2025-03-01,ZRX,1473,203928.05999999997,138.444032586558,False,5.8366521503712e-06
2025-04-01,ZRX,1201,162781.94000000018,135.53866777685278,False,4.7944338209754555e-06
2025-05-01,ZRX,1276,118668.88000000003,93.00068965517244,False,3.642346746571448e-06
2025-06-01,ZRX,770,100289.75,130.2464285714286,False,2.7351389074008224e-06
2025-07-01,ZRX,1133,112984.55000000005,99.72157987643428,False,2.823596309891705e-06
2025-08-01,ZRX,1328,404996.5500000001,304.96728162650606,False,1.0786259473642145e-05
2025-09-01,ZRX,739,93502.49,126.52569688768608,False,2.7612482005200302e-06
2025-10-01,ZRX,1050,132382.80000000005,126.0788571428572,False,2.8697860929797397e-06
2025-11-01,ZRX,906,262730.40000000014,289.9894039735101,False,5.443493057162816e-06
2025-12-01,ZRX,1183,279568.1099999998,236.3213102282332,False,7.234728741127407e-06
2026-01-01,ZRX,880,421513.4099999999,478.9925113636362,False,1.1148232744113721e-05
2026-02-01,ZRX,467,185169.96999999997,396.5095717344752,False,5.0101258405130295e-06
2026-03-01,ZRX,515,63684.47,123.6591650485437,False,1.6435393791501491e-06
2026-04-01,ZRX,281,29179.23,103.84067615658364,False,7.172711507751462e-07
2026-05-01,ZRX,352,37082.600000000006,105.34829545454546,False,6.767773834786274e-07
2026-06-01,ZRX,348,40154.37000000001,115.3861206896552,False,7.754865995412043e-07
